source,collection_id,language,package,n_deposits
dataverse_legacy,BJPolS,python,numpy,3
dataverse_legacy,BJPolS,python,pandas,3
dataverse_legacy,BJPolS,python,scikit-learn,2
dataverse_legacy,BJPolS,python,states,1
dataverse_legacy,BJPolS,python,requests,1
dataverse_legacy,BJPolS,python,beautifulsoup4,1
dataverse_legacy,BJPolS,python,Flask,1
dataverse_legacy,BJPolS,python,gensim,1
dataverse_legacy,BJPolS,python,fse,1
dataverse_legacy,BJPolS,python,networkx,1
dataverse_legacy,BJPolS,python,ftfy,1
dataverse_legacy,BJPolS,python,astropy,1
dataverse_legacy,BJPolS,python,datasets,1
dataverse_legacy,BJPolS,python,transformers,1
dataverse_legacy,BJPolS,python,torch,1
dataverse_legacy,BJPolS,r,ggplot2,111
dataverse_legacy,BJPolS,r,stargazer,85
dataverse_legacy,BJPolS,r,dplyr,83
dataverse_legacy,BJPolS,r,foreign,75
dataverse_legacy,BJPolS,r,xtable,65
dataverse_legacy,BJPolS,r,tidyverse,63
dataverse_legacy,BJPolS,r,lmtest,51
dataverse_legacy,BJPolS,r,plyr,46
dataverse_legacy,BJPolS,r,gridExtra,43
dataverse_legacy,BJPolS,r,car,42
dataverse_legacy,BJPolS,r,sandwich,40
dataverse_legacy,BJPolS,r,scales,39
dataverse_legacy,BJPolS,r,haven,37
dataverse_legacy,BJPolS,r,MASS,36
dataverse_legacy,BJPolS,r,reshape2,36
dataverse_legacy,BJPolS,r,readstata13,32
dataverse_legacy,BJPolS,r,broom,28
dataverse_legacy,BJPolS,r,texreg,26
dataverse_legacy,BJPolS,r,Hmisc,24
dataverse_legacy,BJPolS,r,psych,24
dataverse_legacy,BJPolS,r,data.table,24
dataverse_legacy,BJPolS,r,tidyr,24
dataverse_legacy,BJPolS,r,stringr,23
dataverse_legacy,BJPolS,r,readxl,23
dataverse_legacy,BJPolS,r,lme4,22
dataverse_legacy,BJPolS,r,ggpubr,21
dataverse_legacy,BJPolS,r,plm,20
dataverse_legacy,BJPolS,r,estimatr,19
dataverse_legacy,BJPolS,r,RColorBrewer,16
dataverse_legacy,BJPolS,r,lubridate,16
dataverse_legacy,BJPolS,r,lfe,15
dataverse_legacy,BJPolS,r,margins,15
dataverse_legacy,BJPolS,r,survey,15
dataverse_legacy,BJPolS,r,multiwayvcov,14
dataverse_legacy,BJPolS,r,cowplot,13
dataverse_legacy,BJPolS,r,AER,13
dataverse_legacy,BJPolS,r,ggthemes,13
dataverse_legacy,BJPolS,r,readr,12
dataverse_legacy,BJPolS,r,sp,12
dataverse_legacy,BJPolS,r,nnet,12
dataverse_legacy,BJPolS,r,magrittr,12
dataverse_legacy,BJPolS,r,Zelig,12
dataverse_legacy,BJPolS,r,knitr,11
dataverse_legacy,BJPolS,r,interplot,11
dataverse_legacy,BJPolS,r,Amelia,11
dataverse_legacy,BJPolS,r,lattice,11
dataverse_legacy,BJPolS,r,here,10
dataverse_legacy,BJPolS,r,reshape,9
dataverse_legacy,BJPolS,r,countrycode,9
dataverse_legacy,BJPolS,r,arm,9
dataverse_legacy,BJPolS,r,forcats,9
dataverse_legacy,BJPolS,r,raster,9
dataverse_legacy,BJPolS,r,Matching,8
dataverse_legacy,BJPolS,r,ggrepel,8
dataverse_legacy,BJPolS,r,igraph,8
dataverse_legacy,BJPolS,r,mgcv,8
dataverse_legacy,BJPolS,r,effects,8
dataverse_legacy,BJPolS,r,pacman,8
dataverse_legacy,BJPolS,r,interflex,8
dataverse_legacy,BJPolS,r,rgdal,8
dataverse_legacy,BJPolS,r,cjoint,8
dataverse_legacy,BJPolS,r,survival,7
dataverse_legacy,BJPolS,r,patchwork,7
dataverse_legacy,BJPolS,r,Rmisc,7
dataverse_legacy,BJPolS,r,rio,7
dataverse_legacy,BJPolS,r,sf,7
dataverse_legacy,BJPolS,r,apsrtable,7
dataverse_legacy,BJPolS,r,devtools,7
dataverse_legacy,BJPolS,r,cregg,7
dataverse_legacy,BJPolS,r,lavaan,7
dataverse_legacy,BJPolS,r,quanteda,6
dataverse_legacy,BJPolS,r,zoo,6
dataverse_legacy,BJPolS,r,rms,6
dataverse_legacy,BJPolS,r,nlme,6
dataverse_legacy,BJPolS,r,GGally,6
dataverse_legacy,BJPolS,r,MatchIt,6
dataverse_legacy,BJPolS,r,corrplot,6
dataverse_legacy,BJPolS,r,boot,6
dataverse_legacy,BJPolS,r,tibble,6
dataverse_legacy,BJPolS,r,rgeos,6
dataverse_legacy,BJPolS,r,maptools,6
dataverse_legacy,BJPolS,r,purrr,6
dataverse_legacy,BJPolS,r,ggeffects,6
dataverse_legacy,BJPolS,r,tm,6
dataverse_legacy,BJPolS,r,rdd,6
dataverse_legacy,BJPolS,r,plotrix,5
dataverse_legacy,BJPolS,r,spdep,5
dataverse_legacy,BJPolS,r,doParallel,5
dataverse_legacy,BJPolS,r,stm,5
dataverse_legacy,BJPolS,r,ordinal,5
dataverse_legacy,BJPolS,r,rstan,5
dataverse_legacy,BJPolS,r,modelsummary,5
dataverse_legacy,BJPolS,r,sjPlot,5
dataverse_legacy,BJPolS,r,mediation,5
dataverse_legacy,BJPolS,r,rdrobust,5
dataverse_legacy,BJPolS,r,pastecs,5
dataverse_legacy,BJPolS,r,stringi,5
dataverse_legacy,BJPolS,r,ebal,5
dataverse_legacy,BJPolS,r,lmerTest,4
dataverse_legacy,BJPolS,r,foreach,4
dataverse_legacy,BJPolS,r,ggstance,4
dataverse_legacy,BJPolS,r,caret,4
dataverse_legacy,BJPolS,r,ri,4
dataverse_legacy,BJPolS,r,matrixStats,4
dataverse_legacy,BJPolS,r,ggridges,4
dataverse_legacy,BJPolS,r,fixest,4
dataverse_legacy,BJPolS,r,hrbrthemes,4
dataverse_legacy,BJPolS,r,coefplot,4
dataverse_legacy,BJPolS,r,rworldmap,4
dataverse_legacy,BJPolS,r,mice,4
dataverse_legacy,BJPolS,r,dotwhisker,4
dataverse_legacy,BJPolS,r,doBy,4
dataverse_legacy,BJPolS,r,gtable,4
dataverse_legacy,BJPolS,r,splm,3
dataverse_legacy,BJPolS,r,jtools,3
dataverse_legacy,BJPolS,r,huxtable,3
dataverse_legacy,BJPolS,r,DataCombine,3
dataverse_legacy,BJPolS,r,geosphere,3
dataverse_legacy,BJPolS,r,Rcpp,3
dataverse_legacy,BJPolS,r,gplots,3
dataverse_legacy,BJPolS,r,rstudioapi,3
dataverse_legacy,BJPolS,r,memisc,3
dataverse_legacy,BJPolS,r,gdata,3
dataverse_legacy,BJPolS,r,weights,3
dataverse_legacy,BJPolS,r,SDMTools,3
dataverse_legacy,BJPolS,r,viridis,3
dataverse_legacy,BJPolS,r,miceadds,3
dataverse_legacy,BJPolS,r,DescTools,3
dataverse_legacy,BJPolS,r,extrafont,3
dataverse_legacy,BJPolS,r,tidytext,3
dataverse_legacy,BJPolS,r,rddensity,3
dataverse_legacy,BJPolS,r,naniar,3
dataverse_legacy,BJPolS,r,imputeTS,3
dataverse_legacy,BJPolS,r,RItools,3
dataverse_legacy,BJPolS,r,text2vec,3
dataverse_legacy,BJPolS,r,betareg,3
dataverse_legacy,BJPolS,r,Matrix,3
dataverse_legacy,BJPolS,r,pcse,3
dataverse_legacy,BJPolS,r,sna,3
dataverse_legacy,BJPolS,r,classInt,3
dataverse_legacy,BJPolS,r,metafor,3
dataverse_legacy,BJPolS,r,ggbeeswarm,3
dataverse_legacy,BJPolS,r,clusterSEs,2
dataverse_legacy,BJPolS,r,sensemakr,2
dataverse_legacy,BJPolS,r,sampleSelection,2
dataverse_legacy,BJPolS,r,mokken,2
dataverse_legacy,BJPolS,r,vcd,2
dataverse_legacy,BJPolS,r,oddsratio,2
dataverse_legacy,BJPolS,r,dtplyr,2
dataverse_legacy,BJPolS,r,grf,2
dataverse_legacy,BJPolS,r,multcomp,2
dataverse_legacy,BJPolS,r,RStata,2
dataverse_legacy,BJPolS,r,coxed,2
dataverse_legacy,BJPolS,r,survminer,2
dataverse_legacy,BJPolS,r,simPH,2
dataverse_legacy,BJPolS,r,mfx,2
dataverse_legacy,BJPolS,r,rmeta,2
dataverse_legacy,BJPolS,r,splitstackshape,2
dataverse_legacy,BJPolS,r,sjmisc,2
dataverse_legacy,BJPolS,r,visreg,2
dataverse_legacy,BJPolS,r,tidyselect,2
dataverse_legacy,BJPolS,r,rmarkdown,2
dataverse_legacy,BJPolS,r,maps,2
dataverse_legacy,BJPolS,r,emmeans,2
dataverse_legacy,BJPolS,r,wesanderson,2
dataverse_legacy,BJPolS,r,cshapes,2
dataverse_legacy,BJPolS,r,wordcloud,2
dataverse_legacy,BJPolS,r,widyr,2
dataverse_legacy,BJPolS,r,rgenoud,2
dataverse_legacy,BJPolS,r,coda,2
dataverse_legacy,BJPolS,r,rjags,2
dataverse_legacy,BJPolS,r,blockTools,2
dataverse_legacy,BJPolS,r,optimx,2
dataverse_legacy,BJPolS,r,merTools,2
dataverse_legacy,BJPolS,r,sjstats,2
dataverse_legacy,BJPolS,r,summarytools,2
dataverse_legacy,BJPolS,r,PRROC,2
dataverse_legacy,BJPolS,r,tmap,2
dataverse_legacy,BJPolS,r,strucchange,2
dataverse_legacy,BJPolS,r,mapdata,2
dataverse_legacy,BJPolS,r,conText,2
dataverse_legacy,BJPolS,r,randomizr,2
dataverse_legacy,BJPolS,r,prediction,2
dataverse_legacy,BJPolS,r,ZeligChoice,2
dataverse_legacy,BJPolS,r,ggmap,2
dataverse_legacy,BJPolS,r,psy,2
dataverse_legacy,BJPolS,r,janitor,2
dataverse_legacy,BJPolS,r,showtext,2
dataverse_legacy,BJPolS,r,sm,2
dataverse_legacy,BJPolS,r,mlogit,2
dataverse_legacy,BJPolS,r,ggjoy,2
dataverse_legacy,BJPolS,r,rlang,2
dataverse_legacy,BJPolS,r,quanteda.textstats,2
dataverse_legacy,BJPolS,r,reporttools,2
dataverse_legacy,BJPolS,r,numform,2
dataverse_legacy,BJPolS,r,marginaleffects,2
dataverse_legacy,BJPolS,r,MCMCpack,2
dataverse_legacy,BJPolS,r,ri2,2
dataverse_legacy,BJPolS,r,ggplotify,2
dataverse_legacy,BJPolS,r,ggcorrplot,2
dataverse_legacy,BJPolS,r,gtools,2
dataverse_legacy,BJPolS,r,kableExtra,2
dataverse_legacy,BJPolS,r,meta,2
dataverse_legacy,BJPolS,r,ltm,2
dataverse_legacy,BJPolS,r,pscl,2
dataverse_legacy,BJPolS,r,mvtnorm,2
dataverse_legacy,BJPolS,r,gpclib,2
dataverse_legacy,BJPolS,r,corrr,1
dataverse_legacy,BJPolS,r,regweight,1
dataverse_legacy,BJPolS,r,erer,1
dataverse_legacy,BJPolS,r,ggnetwork,1
dataverse_legacy,BJPolS,r,spatialreg,1
dataverse_legacy,BJPolS,r,ggtern,1
dataverse_legacy,BJPolS,r,gtrendsR,1
dataverse_legacy,BJPolS,r,RDHonest,1
dataverse_legacy,BJPolS,r,Jmisc,1
dataverse_legacy,BJPolS,r,RcppArmadillo,1
dataverse_legacy,BJPolS,r,nFactors,1
dataverse_legacy,BJPolS,r,FactoMineR,1
dataverse_legacy,BJPolS,r,srvyr,1
dataverse_legacy,BJPolS,r,ggpattern,1
dataverse_legacy,BJPolS,r,geomnet,1
dataverse_legacy,BJPolS,r,mltools,1
dataverse_legacy,BJPolS,r,compareGroups,1
dataverse_legacy,BJPolS,r,ivmodel,1
dataverse_legacy,BJPolS,r,gsynth,1
dataverse_legacy,BJPolS,r,statnet,1
dataverse_legacy,BJPolS,r,zipcode,1
dataverse_legacy,BJPolS,r,simex,1
dataverse_legacy,BJPolS,r,cobalt,1
dataverse_legacy,BJPolS,r,oglmx,1
dataverse_legacy,BJPolS,r,linkcomm,1
dataverse_legacy,BJPolS,r,STARTS,1
dataverse_legacy,BJPolS,r,ggalluvial,1
dataverse_legacy,BJPolS,r,effsize,1
dataverse_legacy,BJPolS,r,DirectEffects,1
dataverse_legacy,BJPolS,r,Exact,1
dataverse_legacy,BJPolS,r,mclust,1
dataverse_legacy,BJPolS,r,groundhog,1
dataverse_legacy,BJPolS,r,semTools,1
dataverse_legacy,BJPolS,r,mapproj,1
dataverse_legacy,BJPolS,r,glm.predict,1
dataverse_legacy,BJPolS,r,MiscPsycho,1
dataverse_legacy,BJPolS,r,zeligverse,1
dataverse_legacy,BJPolS,r,panelView,1
dataverse_legacy,BJPolS,r,PanelMatch,1
dataverse_legacy,BJPolS,r,directlabels,1
dataverse_legacy,BJPolS,r,SnowballC,1
dataverse_legacy,BJPolS,r,R2jags,1
dataverse_legacy,BJPolS,r,StanHeaders,1
dataverse_legacy,BJPolS,r,aod,1
dataverse_legacy,BJPolS,r,qualtRics,1
dataverse_legacy,BJPolS,r,tables,1
dataverse_legacy,BJPolS,r,tikzDevice,1
dataverse_legacy,BJPolS,r,pROC,1
dataverse_legacy,BJPolS,r,glmnet,1
dataverse_legacy,BJPolS,r,mapview,1
dataverse_legacy,BJPolS,r,tmaptools,1
dataverse_legacy,BJPolS,r,spData,1
dataverse_legacy,BJPolS,r,writexl,1
dataverse_legacy,BJPolS,r,optmatch,1
dataverse_legacy,BJPolS,r,RgoogleMaps,1
dataverse_legacy,BJPolS,r,ggvis,1
dataverse_legacy,BJPolS,r,egg,1
dataverse_legacy,BJPolS,r,rsample,1
dataverse_legacy,BJPolS,r,readtext,1
dataverse_legacy,BJPolS,r,lsa,1
dataverse_legacy,BJPolS,r,pglm,1
dataverse_legacy,BJPolS,r,legislatoR,1
dataverse_legacy,BJPolS,r,crayon,1
dataverse_legacy,BJPolS,r,finalfit,1
dataverse_legacy,BJPolS,r,sphet,1
dataverse_legacy,BJPolS,r,glmmML,1
dataverse_legacy,BJPolS,r,gapminder,1
dataverse_legacy,BJPolS,r,rddtools,1
dataverse_legacy,BJPolS,r,labelled,1
dataverse_legacy,BJPolS,r,gt,1
dataverse_legacy,BJPolS,r,paletteer,1
dataverse_legacy,BJPolS,r,mnormt,1
dataverse_legacy,BJPolS,r,mirt,1
dataverse_legacy,BJPolS,r,exactRankTests,1
dataverse_legacy,BJPolS,r,sensitivitymw,1
dataverse_legacy,BJPolS,r,sensitivitymv,1
dataverse_legacy,BJPolS,r,msm,1
dataverse_legacy,BJPolS,r,dbarts,1
dataverse_legacy,BJPolS,r,move,1
dataverse_legacy,BJPolS,r,ncdf4,1
dataverse_legacy,BJPolS,r,digest,1
dataverse_legacy,BJPolS,r,np,1
dataverse_legacy,BJPolS,r,Lmoments,1
dataverse_legacy,BJPolS,r,pbapply,1
dataverse_legacy,BJPolS,r,reticulate,1
dataverse_legacy,BJPolS,r,rbounds,1
dataverse_legacy,BJPolS,r,brant,1
dataverse_legacy,BJPolS,r,binom,1
dataverse_legacy,BJPolS,r,pmdplyr,1
dataverse_legacy,BJPolS,r,DeclareDesign,1
dataverse_legacy,BJPolS,r,ggtext,1
dataverse_legacy,BJPolS,r,paramtest,1
dataverse_legacy,BJPolS,r,fpp,1
dataverse_legacy,BJPolS,r,tseries,1
dataverse_legacy,BJPolS,r,urca,1
dataverse_legacy,BJPolS,r,multilevel,1
dataverse_legacy,BJPolS,r,nonnest2,1
dataverse_legacy,BJPolS,r,dynsim,1
dataverse_legacy,BJPolS,r,dynlm,1
dataverse_legacy,BJPolS,r,TSA,1
dataverse_legacy,BJPolS,r,effectsize,1
dataverse_legacy,BJPolS,r,geometry,1
dataverse_legacy,BJPolS,r,Rtsne,1
dataverse_legacy,BJPolS,r,rsvd,1
dataverse_legacy,BJPolS,r,mitools,1
dataverse_legacy,BJPolS,r,gee,1
dataverse_legacy,BJPolS,r,AICcmodavg,1
dataverse_legacy,BJPolS,r,meboot,1
dataverse_legacy,BJPolS,r,spduration,1
dataverse_legacy,BJPolS,r,vegan,1
dataverse_legacy,BJPolS,r,docopt,1
dataverse_legacy,BJPolS,r,xts,1
dataverse_legacy,BJPolS,r,MSBVAR,1
dataverse_legacy,BJPolS,r,shinystan,1
dataverse_legacy,BJPolS,r,DT,1
dataverse_legacy,BJPolS,r,cli,1
dataverse_legacy,BJPolS,r,locpol,1
dataverse_legacy,BJPolS,r,MissMech,1
dataverse_legacy,BJPolS,r,ggExtra,1
dataverse_legacy,BJPolS,r,VGAM,1
dataverse_legacy,BJPolS,r,popbio,1
dataverse_legacy,BJPolS,r,rstanarm,1
dataverse_legacy,BJPolS,r,dataverse,1
dataverse_legacy,BJPolS,r,RCurl,1
dataverse_legacy,BJPolS,r,ivpack,1
dataverse_legacy,BJPolS,r,abind,1
dataverse_legacy,BJPolS,r,Formula,1
dataverse_legacy,BJPolS,r,eba,1
dataverse_legacy,BJPolS,r,seqR,1
dataverse_legacy,BJPolS,r,modelr,1
dataverse_legacy,BJPolS,r,ukbabynames,1
dataverse_legacy,BJPolS,r,bayesplot,1
dataverse_legacy,BJPolS,r,pander,1
dataverse_legacy,BJPolS,r,cem,1
dataverse_legacy,BJPolS,r,gmodels,1
dataverse_legacy,BJPolS,r,states,1
dataverse_legacy,BJPolS,r,png,1
dataverse_legacy,BJPolS,r,conflicted,1
dataverse_legacy,BJPolS,r,stringdist,1
dataverse_legacy,BJPolS,r,sciplot,1
dataverse_legacy,BJPolS,r,umap,1
dataverse_legacy,BJPolS,r,RcppParallel,1
dataverse_legacy,BJPolS,r,parlitools,1
dataverse_legacy,BJPolS,r,tidylog,1
dataverse_legacy,BJPolS,r,tsibble,1
dataverse_legacy,BJPolS,r,pdftools,1
dataverse_legacy,BJPolS,r,magick,1
dataverse_legacy,BJPolS,r,CBPS,1
dataverse_legacy,BJPolS,r,SVMMatch,1
dataverse_legacy,BJPolS,r,Cairo,1
dataverse_legacy,BJPolS,r,openxlsx,1
dataverse_legacy,BJPolS,r,manifestoR,1
dataverse_legacy,BJPolS,r,lazyeval,1
dataverse_legacy,BJPolS,r,schoolmath,1
dataverse_legacy,BJPolS,r,MuMIn,1
dataverse_legacy,BJPolS,r,corrgram,1
dataverse_legacy,BJPolS,r,fastDummies,1
dataverse_legacy,BJPolS,r,ANOVAreplication,1
dataverse_legacy,BJPolS,r,clubSandwich,1
dataverse_legacy,BJPolS,r,DRDID,1
dataverse_legacy,BJPolS,r,questionr,1
dataverse_legacy,BJPolS,r,deflateBR,1
dataverse_legacy,BJPolS,r,genderBR,1
dataverse_legacy,BJPolS,r,tmvtnorm,1
dataverse_legacy,BJPolS,r,runjags,1
dataverse_legacy,BJPolS,r,qdap,1
dataverse_legacy,BJPolS,r,textclean,1
dataverse_legacy,BJPolS,r,bursts,1
dataverse_legacy,BJPolS,r,ggforce,1
dataverse_legacy,BJPolS,r,LaplacesDemon,1
dataverse_legacy,BJPolS,r,interactions,1
dataverse_legacy,BJPolS,r,HiveR,1
dataverse_legacy,BJPolS,r,network,1
dataverse_legacy,BJPolS,r,RSiena,1
dataverse_legacy,BJPolS,r,ROCR,1
dataverse_legacy,BJPolS,r,geepack,1
dataverse_legacy,BJPolS,r,quantreg,1
dataverse_legacy,BJPolS,r,ggsci,1
dataverse_legacy,BJPolS,r,sjlabelled,1
dataverse_legacy,BJPolS,r,rprojroot,1
dataverse_legacy,BJPolS,r,assertthat,1
dataverse_legacy,BJPolS,r,sentimentr,1
dataverse_legacy,BJPolS,r,rjson,1
dataverse_legacy,BJPolS,r,R.utils,1
dataverse_legacy,BJPolS,r,stopwords,1
dataverse_legacy,BJPolS,r,ggfittext,1
dataverse_legacy,BJPolS,r,QuantPsyc,1
dataverse_legacy,BJPolS,r,snow,1
dataverse_legacy,BJPolS,r,FindIt,1
dataverse_legacy,BJPolS,r,socviz,1
dataverse_legacy,BJPolS,r,WebPower,1
dataverse_legacy,BJPolS,r,quanteda.textmodels,1
dataverse_legacy,BJPolS,r,tidycomm,1
dataverse_legacy,BJPolS,r,mltest,1
dataverse_legacy,BJPolS,r,ExtremeBounds,1
dataverse_legacy,BJPolS,r,rstatix,1
dataverse_legacy,BJPolS,r,nlstools,1
dataverse_legacy,BJPolS,r,list,1
dataverse_legacy,BJPolS,r,shadowtext,1
dataverse_legacy,BJPolS,r,bit64,1
dataverse_legacy,BJPolS,r,missForest,1
dataverse_legacy,BJPolS,r,BART,1
dataverse_legacy,BJPolS,r,basicspace,1
dataverse_legacy,BJPolS,r,expss,1
dataverse_legacy,BJPolS,r,KMsurv,1
dataverse_legacy,BJPolS,r,BRugs,1
dataverse_legacy,BJPolS,r,PBSmodelling,1
dataverse_legacy,BJPolS,r,R2OpenBUGS,1
dataverse_legacy,BJPolS,r,coin,1
dataverse_legacy,BJPolS,r,censReg,1
dataverse_legacy,BJPolS,r,bucky,1
dataverse_legacy,BJPolS,r,collapse,1
dataverse_legacy,BJPolS,r,R2WinBUGS,1
dataverse_legacy,BJPolS,r,renv,1
dataverse_legacy,BJPolS,r,itsadug,1
dataverse_legacy,BJPolS,r,rlist,1
dataverse_legacy,BJPolS,r,ragg,1
dataverse_legacy,BJPolS,r,shiny,1
dataverse_legacy,BJPolS,r,shinyjs,1
dataverse_legacy,BJPolS,r,shinycssloaders,1
dataverse_legacy,BJPolS,r,radiant.data,1
dataverse_legacy,BJPolS,r,bbmle,1
dataverse_legacy,BJPolS,r,compute.es,1
dataverse_legacy,BJPolS,r,descr,1
dataverse_legacy,BJPolS,r,robumeta,1
dataverse_legacy,BJPolS,r,ipumsr,1
dataverse_legacy,BJPolS,r,fields,1
dataverse_legacy,BJPolS,r,animation,1
dataverse_legacy,BJPolS,r,WDI,1
dataverse_legacy,BJPolS,r,TeachingDemos,1
dataverse_legacy,BJPolS,r,frm,1
dataverse_legacy,BJPolS,r,frmhet,1
dataverse_legacy,BJPolS,r,skimr,1
dataverse_legacy,BJPolS,r,svglite,1
dataverse_legacy,BJPolS,stata,estout,123
dataverse_legacy,BJPolS,stata,coefplot,66
dataverse_legacy,BJPolS,stata,outreg2,31
dataverse_legacy,BJPolS,stata,sutex,13
dataverse_legacy,BJPolS,stata,reghdfe,11
dataverse_legacy,BJPolS,stata,combomarginsplot,10
dataverse_legacy,BJPolS,stata,clarify,9
dataverse_legacy,BJPolS,stata,ivreg2,8
dataverse_legacy,BJPolS,stata,grstyle,8
dataverse_legacy,BJPolS,stata,parmest,7
dataverse_legacy,BJPolS,stata,cem,6
dataverse_legacy,BJPolS,stata,ciplot,6
dataverse_legacy,BJPolS,stata,xtabond2,6
dataverse_legacy,BJPolS,stata,interflex,5
dataverse_legacy,BJPolS,stata,relogit,5
dataverse_legacy,BJPolS,stata,rdrobust,5
dataverse_legacy,BJPolS,stata,spmap,5
dataverse_legacy,BJPolS,stata,ebalance,5
dataverse_legacy,BJPolS,stata,mediation,5
dataverse_legacy,BJPolS,stata,regsave,4
dataverse_legacy,BJPolS,stata,unique,4
dataverse_legacy,BJPolS,stata,lincomest,4
dataverse_legacy,BJPolS,stata,firthlogit,4
dataverse_legacy,BJPolS,stata,mplotoffset,4
dataverse_legacy,BJPolS,stata,rd,3
dataverse_legacy,BJPolS,stata,outreg,3
dataverse_legacy,BJPolS,stata,xtivreg2,3
dataverse_legacy,BJPolS,stata,boottest,3
dataverse_legacy,BJPolS,stata,labutil,3
dataverse_legacy,BJPolS,stata,fre,3
dataverse_legacy,BJPolS,stata,fitstat,3
dataverse_legacy,BJPolS,stata,carryforward,3
dataverse_legacy,BJPolS,stata,cmp,3
dataverse_legacy,BJPolS,stata,binscatter,3
dataverse_legacy,BJPolS,stata,stop,3
dataverse_legacy,BJPolS,stata,cibar,3
dataverse_legacy,BJPolS,stata,balancetable,3
dataverse_legacy,BJPolS,stata,eclplot,3
dataverse_legacy,BJPolS,stata,center,2
dataverse_legacy,BJPolS,stata,corrtex,2
dataverse_legacy,BJPolS,stata,sutex2,2
dataverse_legacy,BJPolS,stata,clustse,2
dataverse_legacy,BJPolS,stata,dsconcat,2
dataverse_legacy,BJPolS,stata,geodist,2
dataverse_legacy,BJPolS,stata,psmatch2,2
dataverse_legacy,BJPolS,stata,mimrgns,2
dataverse_legacy,BJPolS,stata,cmogram,2
dataverse_legacy,BJPolS,stata,vioplot,2
dataverse_legacy,BJPolS,stata,tabplot,2
dataverse_legacy,BJPolS,stata,spineplot,2
dataverse_legacy,BJPolS,stata,outtable,2
dataverse_legacy,BJPolS,stata,ivreghdfe,2
dataverse_legacy,BJPolS,stata,kountry,2
dataverse_legacy,BJPolS,stata,vreverse,2
dataverse_legacy,BJPolS,stata,revrs,2
dataverse_legacy,BJPolS,stata,distinct,2
dataverse_legacy,BJPolS,stata,gllamm,2
dataverse_legacy,BJPolS,stata,asdoc,2
dataverse_legacy,BJPolS,stata,ivendog,1
dataverse_legacy,BJPolS,stata,gologit2,1
dataverse_legacy,BJPolS,stata,clusterbs,1
dataverse_legacy,BJPolS,stata,gtools,1
dataverse_legacy,BJPolS,stata,mixlogit,1
dataverse_legacy,BJPolS,stata,nmissing,1
dataverse_legacy,BJPolS,stata,mkcorr,1
dataverse_legacy,BJPolS,stata,ivdesc,1
dataverse_legacy,BJPolS,stata,winsor,1
dataverse_legacy,BJPolS,stata,est2tex,1
dataverse_legacy,BJPolS,stata,eret2,1
dataverse_legacy,BJPolS,stata,lmoments,1
dataverse_legacy,BJPolS,stata,egranger,1
dataverse_legacy,BJPolS,stata,armadiag,1
dataverse_legacy,BJPolS,stata,dynardl,1
dataverse_legacy,BJPolS,stata,catplot,1
dataverse_legacy,BJPolS,stata,lomackinlay,1
dataverse_legacy,BJPolS,stata,kpss,1
dataverse_legacy,BJPolS,stata,mivif,1
dataverse_legacy,BJPolS,stata,ppml,1
dataverse_legacy,BJPolS,stata,orth_out,1
dataverse_legacy,BJPolS,stata,xtpqml,1
dataverse_legacy,BJPolS,stata,newey2,1
dataverse_legacy,BJPolS,stata,bacondecomp,1
dataverse_legacy,BJPolS,stata,did_multiplegt,1
dataverse_legacy,BJPolS,stata,csdid,1
dataverse_legacy,BJPolS,stata,did_imputation,1
dataverse_legacy,BJPolS,stata,fs,1
dataverse_legacy,BJPolS,stata,mat2txt,1
dataverse_legacy,BJPolS,stata,isco,1
dataverse_legacy,BJPolS,stata,isko,1
dataverse_legacy,BJPolS,stata,logout,1
dataverse_legacy,BJPolS,stata,ice,1
dataverse_legacy,BJPolS,stata,somersd,1
dataverse_legacy,BJPolS,stata,bspline,1
dataverse_legacy,BJPolS,stata,seqlogit,1
dataverse_legacy,BJPolS,stata,firthfit,1
dataverse_legacy,BJPolS,stata,leftalign,1
dataverse_legacy,BJPolS,stata,lgraph,1
dataverse_legacy,BJPolS,stata,rwolf,1
dataverse_legacy,BJPolS,stata,shp2dta,1
dataverse_legacy,BJPolS,stata,matsort,1
dataverse_legacy,BJPolS,stata,ereplace,1
dataverse_legacy,BJPolS,stata,regife,1
dataverse_legacy,BJPolS,stata,crossfold,1
dataverse_legacy,BJPolS,stata,cvauroc,1
dataverse_legacy,BJPolS,stata,krls,1
dataverse_legacy,BJPolS,stata,listtex,1
dataverse_legacy,BJPolS,stata,rddensity,1
dataverse_legacy,BJPolS,stata,oaxaca,1
dataverse_legacy,BJPolS,stata,fairlie,1
dataverse_legacy,BJPolS,stata,grc1leg2,1
dataverse_legacy,BJPolS,stata,xsvmat,1
dataverse_legacy,BJPolS,stata,stripplot,1
dataverse_legacy,BJPolS,stata,r2_mz,1
dataverse_legacy,BJPolS,stata,covbal,1
dataverse_legacy,BJPolS,stata,diff,1
dataverse_legacy,BJPolS,stata,drdid,1
dataverse_legacy,BJPolS,stata,ritest,1
dataverse_legacy,BJPolS,stata,dataout,1
dataverse_legacy,BJPolS,stata,aaplot,1
dataverse_legacy,BJPolS,stata,sensemakr,1
dataverse_legacy,BJPolS,stata,psacalc,1
dataverse_legacy,BJPolS,stata,weakivtest,1
dataverse_legacy,BJPolS,stata,weakiv,1
dataverse_legacy,EDCC,python,pylab,1
dataverse_legacy,EDCC,python,matplotlib,1
dataverse_legacy,EDCC,python,pandas,1
dataverse_legacy,EDCC,python,seaborn,1
dataverse_legacy,EDCC,python,numpy,1
dataverse_legacy,EDCC,r,dplyr,4
dataverse_legacy,EDCC,r,foreign,3
dataverse_legacy,EDCC,r,ggplot2,3
dataverse_legacy,EDCC,r,car,3
dataverse_legacy,EDCC,r,ltm,2
dataverse_legacy,EDCC,r,irtoys,2
dataverse_legacy,EDCC,r,estimatr,2
dataverse_legacy,EDCC,r,doParallel,1
dataverse_legacy,EDCC,r,readxl,1
dataverse_legacy,EDCC,r,gridExtra,1
dataverse_legacy,EDCC,r,lfe,1
dataverse_legacy,EDCC,r,stringr,1
dataverse_legacy,EDCC,r,stargazer,1
dataverse_legacy,EDCC,r,xtable,1
dataverse_legacy,EDCC,r,devtools,1
dataverse_legacy,EDCC,r,extrafont,1
dataverse_legacy,EDCC,r,fwildclusterboot,1
dataverse_legacy,EDCC,r,dqrng,1
dataverse_legacy,EDCC,r,plm,1
dataverse_legacy,EDCC,r,lmtest,1
dataverse_legacy,EDCC,r,psych,1
dataverse_legacy,EDCC,r,plink,1
dataverse_legacy,EDCC,r,mice,1
dataverse_legacy,EDCC,r,mfx,1
dataverse_legacy,EDCC,r,texreg,1
dataverse_legacy,EDCC,r,ICC,1
dataverse_legacy,EDCC,r,twosamples,1
dataverse_legacy,EDCC,r,GGally,1
dataverse_legacy,EDCC,r,survey,1
dataverse_legacy,EDCC,r,haven,1
dataverse_legacy,EDCC,r,microsynth,1
dataverse_legacy,EDCC,r,readstata13,1
dataverse_legacy,EDCC,r,Hmisc,1
dataverse_legacy,EDCC,r,plyr,1
dataverse_legacy,EDCC,r,scales,1
dataverse_legacy,EDCC,stata,estout,43
dataverse_legacy,EDCC,stata,coefplot,14
dataverse_legacy,EDCC,stata,outreg2,13
dataverse_legacy,EDCC,stata,reghdfe,9
dataverse_legacy,EDCC,stata,parmest,6
dataverse_legacy,EDCC,stata,spmap,5
dataverse_legacy,EDCC,stata,ietoolkit,5
dataverse_legacy,EDCC,stata,leebounds,5
dataverse_legacy,EDCC,stata,outreg,4
dataverse_legacy,EDCC,stata,boottest,4
dataverse_legacy,EDCC,stata,ivreg2,4
dataverse_legacy,EDCC,stata,ivreghdfe,4
dataverse_legacy,EDCC,stata,texdoc,3
dataverse_legacy,EDCC,stata,psacalc,3
dataverse_legacy,EDCC,stata,grstyle,3
dataverse_legacy,EDCC,stata,rwolf,3
dataverse_legacy,EDCC,stata,distplot,3
dataverse_legacy,EDCC,stata,asdoc,2
dataverse_legacy,EDCC,stata,binscatter,2
dataverse_legacy,EDCC,stata,synth,2
dataverse_legacy,EDCC,stata,mat2txt,2
dataverse_legacy,EDCC,stata,unique,2
dataverse_legacy,EDCC,stata,qqvalue,2
dataverse_legacy,EDCC,stata,cibar,2
dataverse_legacy,EDCC,stata,tabout,2
dataverse_legacy,EDCC,stata,shp2dta,2
dataverse_legacy,EDCC,stata,gtools,2
dataverse_legacy,EDCC,stata,distinct,2
dataverse_legacy,EDCC,stata,weakiv,2
dataverse_legacy,EDCC,stata,orth_out,2
dataverse_legacy,EDCC,stata,wtp,1
dataverse_legacy,EDCC,stata,rforest,1
dataverse_legacy,EDCC,stata,sutex,1
dataverse_legacy,EDCC,stata,rdrobust,1
dataverse_legacy,EDCC,stata,pdslasso,1
dataverse_legacy,EDCC,stata,png2rtf,1
dataverse_legacy,EDCC,stata,lincomest,1
dataverse_legacy,EDCC,stata,prodest,1
dataverse_legacy,EDCC,stata,eclplot,1
dataverse_legacy,EDCC,stata,winsor2,1
dataverse_legacy,EDCC,stata,geoinpoly,1
dataverse_legacy,EDCC,stata,xtivreg2,1
dataverse_legacy,EDCC,stata,catplot,1
dataverse_legacy,EDCC,stata,ritest,1
dataverse_legacy,EDCC,stata,rwolf2,1
dataverse_legacy,EDCC,stata,smileplot,1
dataverse_legacy,EDCC,stata,grqreg,1
dataverse_legacy,EDCC,stata,geodist,1
dataverse_legacy,EDCC,stata,carryforward,1
dataverse_legacy,EDCC,stata,eret2,1
dataverse_legacy,EDCC,stata,balancetable,1
dataverse_legacy,EDCC,stata,lassopack,1
dataverse_legacy,EDCC,stata,mhtexp,1
dataverse_legacy,EDCC,stata,psmatch2,1
dataverse_legacy,EDCC,stata,cmp,1
dataverse_legacy,EDCC,stata,personage,1
dataverse_legacy,EDCC,stata,zscore06,1
dataverse_legacy,EDCC,stata,winsor,1
dataverse_legacy,EDCC,stata,randcmd,1
dataverse_legacy,EDCC,stata,listtab,1
dataverse_legacy,EDCC,stata,est2tex,1
dataverse_legacy,EDCC,stata,outtable,1
dataverse_legacy,EDCC,stata,wyoung,1
dataverse_legacy,EDCC,stata,rif,1
dataverse_legacy,EDCC,stata,reclink,1
dataverse_legacy,FPA,python,beautifulsoup4,1
dataverse_legacy,FPA,python,requests,1
dataverse_legacy,FPA,python,requests-testadapter,1
dataverse_legacy,FPA,python,pdfminer,1
dataverse_legacy,FPA,python,sortedcontainers,1
dataverse_legacy,FPA,r,ggplot2,14
dataverse_legacy,FPA,r,foreign,10
dataverse_legacy,FPA,r,stargazer,10
dataverse_legacy,FPA,r,dplyr,7
dataverse_legacy,FPA,r,plyr,6
dataverse_legacy,FPA,r,MASS,6
dataverse_legacy,FPA,r,lmtest,5
dataverse_legacy,FPA,r,sandwich,5
dataverse_legacy,FPA,r,ggpubr,5
dataverse_legacy,FPA,r,Hmisc,4
dataverse_legacy,FPA,r,lme4,3
dataverse_legacy,FPA,r,reshape2,3
dataverse_legacy,FPA,r,tidyr,3
dataverse_legacy,FPA,r,tidyverse,3
dataverse_legacy,FPA,r,xtable,3
dataverse_legacy,FPA,r,gmodels,3
dataverse_legacy,FPA,r,countrycode,3
dataverse_legacy,FPA,r,coda,2
dataverse_legacy,FPA,r,memisc,2
dataverse_legacy,FPA,r,car,2
dataverse_legacy,FPA,r,nnet,2
dataverse_legacy,FPA,r,arm,2
dataverse_legacy,FPA,r,psych,2
dataverse_legacy,FPA,r,gridExtra,2
dataverse_legacy,FPA,r,lattice,2
dataverse_legacy,FPA,r,lfe,2
dataverse_legacy,FPA,r,survival,2
dataverse_legacy,FPA,r,cjoint,2
dataverse_legacy,FPA,r,R2WinBUGS,1
dataverse_legacy,FPA,r,rjags,1
dataverse_legacy,FPA,r,mediation,1
dataverse_legacy,FPA,r,prob,1
dataverse_legacy,FPA,r,e1071,1
dataverse_legacy,FPA,r,Zelig,1
dataverse_legacy,FPA,r,ZeligChoice,1
dataverse_legacy,FPA,r,fields,1
dataverse_legacy,FPA,r,qcc,1
dataverse_legacy,FPA,r,pscl,1
dataverse_legacy,FPA,r,effects,1
dataverse_legacy,FPA,r,tseries,1
dataverse_legacy,FPA,r,betareg,1
dataverse_legacy,FPA,r,mvnormtest,1
dataverse_legacy,FPA,r,ltm,1
dataverse_legacy,FPA,r,usdm,1
dataverse_legacy,FPA,r,rstudioapi,1
dataverse_legacy,FPA,r,multiwayvcov,1
dataverse_legacy,FPA,r,jtools,1
dataverse_legacy,FPA,r,colorspace,1
dataverse_legacy,FPA,r,gplots,1
dataverse_legacy,FPA,r,ggthemes,1
dataverse_legacy,FPA,r,devtools,1
dataverse_legacy,FPA,r,pwr,1
dataverse_legacy,FPA,r,gtsummary,1
dataverse_legacy,FPA,r,FSA,1
dataverse_legacy,FPA,r,QCA,1
dataverse_legacy,FPA,r,survey,1
dataverse_legacy,FPA,r,pcse,1
dataverse_legacy,FPA,r,doParallel,1
dataverse_legacy,FPA,r,foreach,1
dataverse_legacy,FPA,r,Lmoments,1
dataverse_legacy,FPA,r,RcppArmadillo,1
dataverse_legacy,FPA,r,interflex,1
dataverse_legacy,FPA,r,rms,1
dataverse_legacy,FPA,r,sciplot,1
dataverse_legacy,FPA,r,doBy,1
dataverse_legacy,FPA,r,XLConnect,1
dataverse_legacy,FPA,r,xlsx,1
dataverse_legacy,FPA,r,aod,1
dataverse_legacy,FPA,r,descr,1
dataverse_legacy,FPA,r,DescTools,1
dataverse_legacy,FPA,r,scales,1
dataverse_legacy,FPA,r,rlang,1
dataverse_legacy,FPA,r,readxl,1
dataverse_legacy,FPA,r,tibble,1
dataverse_legacy,FPA,r,labelled,1
dataverse_legacy,FPA,r,rio,1
dataverse_legacy,FPA,r,openxlsx,1
dataverse_legacy,FPA,r,summarytools,1
dataverse_legacy,FPA,r,systemfit,1
dataverse_legacy,FPA,r,asbio,1
dataverse_legacy,FPA,r,clusterSEs,1
dataverse_legacy,FPA,r,quanteda,1
dataverse_legacy,FPA,r,readtext,1
dataverse_legacy,FPA,r,pacman,1
dataverse_legacy,FPA,r,tm,1
dataverse_legacy,FPA,r,plm,1
dataverse_legacy,FPA,r,data.table,1
dataverse_legacy,FPA,r,lubridate,1
dataverse_legacy,FPA,r,zoo,1
dataverse_legacy,FPA,r,texreg,1
dataverse_legacy,FPA,r,pastecs,1
dataverse_legacy,FPA,r,corrplot,1
dataverse_legacy,FPA,r,sjPlot,1
dataverse_legacy,FPA,r,AER,1
dataverse_legacy,FPA,r,ggeffects,1
dataverse_legacy,FPA,r,reshape,1
dataverse_legacy,FPA,r,states,1
dataverse_legacy,FPA,r,pltesim,1
dataverse_legacy,FPA,r,readstata13,1
dataverse_legacy,FPA,r,FindIt,1
dataverse_legacy,FPA,r,snow,1
dataverse_legacy,FPA,r,norm,1
dataverse_legacy,FPA,r,survminer,1
dataverse_legacy,FPA,r,GGally,1
dataverse_legacy,FPA,r,Amelia,1
dataverse_legacy,FPA,stata,estout,33
dataverse_legacy,FPA,stata,outreg2,13
dataverse_legacy,FPA,stata,clarify,11
dataverse_legacy,FPA,stata,coefplot,11
dataverse_legacy,FPA,stata,relogit,6
dataverse_legacy,FPA,stata,fitstat,4
dataverse_legacy,FPA,stata,xtivreg2,3
dataverse_legacy,FPA,stata,outreg,3
dataverse_legacy,FPA,stata,cmp,3
dataverse_legacy,FPA,stata,ivreg2,3
dataverse_legacy,FPA,stata,xtscc,2
dataverse_legacy,FPA,stata,pre,2
dataverse_legacy,FPA,stata,fastcd,1
dataverse_legacy,FPA,stata,ciplot,1
dataverse_legacy,FPA,stata,fre,1
dataverse_legacy,FPA,stata,firthlogit,1
dataverse_legacy,FPA,stata,sutex,1
dataverse_legacy,FPA,stata,mediation,1
dataverse_legacy,FPA,stata,xsvmat,1
dataverse_legacy,FPA,stata,eclplot,1
dataverse_legacy,FPA,stata,asdoc,1
dataverse_legacy,FPA,stata,acreg,1
dataverse_legacy,FPA,stata,ivendog,1
dataverse_legacy,FPA,stata,mplotoffset,1
dataverse_legacy,FPA,stata,tabout,1
dataverse_legacy,FPA,stata,mylabels,1
dataverse_legacy,FPA,stata,mat2txt,1
dataverse_legacy,FPA,stata,synth,1
dataverse_legacy,FPA,stata,khb,1
dataverse_legacy,FPA,stata,spmap,1
dataverse_legacy,IOJ,r,ggplot2,29
dataverse_legacy,IOJ,r,stargazer,26
dataverse_legacy,IOJ,r,foreign,25
dataverse_legacy,IOJ,r,dplyr,23
dataverse_legacy,IOJ,r,tidyverse,15
dataverse_legacy,IOJ,r,MASS,14
dataverse_legacy,IOJ,r,lmtest,13
dataverse_legacy,IOJ,r,sandwich,11
dataverse_legacy,IOJ,r,plyr,10
dataverse_legacy,IOJ,r,texreg,9
dataverse_legacy,IOJ,r,survival,9
dataverse_legacy,IOJ,r,scales,9
dataverse_legacy,IOJ,r,reshape2,8
dataverse_legacy,IOJ,r,lme4,8
dataverse_legacy,IOJ,r,tm,8
dataverse_legacy,IOJ,r,readstata13,8
dataverse_legacy,IOJ,r,broom,8
dataverse_legacy,IOJ,r,countrycode,7
dataverse_legacy,IOJ,r,stm,7
dataverse_legacy,IOJ,r,lubridate,7
dataverse_legacy,IOJ,r,mediation,7
dataverse_legacy,IOJ,r,psych,7
dataverse_legacy,IOJ,r,arm,7
dataverse_legacy,IOJ,r,tidyr,7
dataverse_legacy,IOJ,r,xtable,7
dataverse_legacy,IOJ,r,plm,6
dataverse_legacy,IOJ,r,RColorBrewer,6
dataverse_legacy,IOJ,r,Hmisc,6
dataverse_legacy,IOJ,r,AER,6
dataverse_legacy,IOJ,r,stringr,6
dataverse_legacy,IOJ,r,readxl,6
dataverse_legacy,IOJ,r,haven,6
dataverse_legacy,IOJ,r,margins,5
dataverse_legacy,IOJ,r,coefplot,5
dataverse_legacy,IOJ,r,car,5
dataverse_legacy,IOJ,r,gridExtra,5
dataverse_legacy,IOJ,r,ggpubr,5
dataverse_legacy,IOJ,r,data.table,5
dataverse_legacy,IOJ,r,tidytext,4
dataverse_legacy,IOJ,r,wordcloud,4
dataverse_legacy,IOJ,r,DataCombine,4
dataverse_legacy,IOJ,r,gplots,4
dataverse_legacy,IOJ,r,lfe,4
dataverse_legacy,IOJ,r,quanteda,4
dataverse_legacy,IOJ,r,lattice,4
dataverse_legacy,IOJ,r,here,4
dataverse_legacy,IOJ,r,coxme,4
dataverse_legacy,IOJ,r,pacman,3
dataverse_legacy,IOJ,r,igraph,3
dataverse_legacy,IOJ,r,dotwhisker,3
dataverse_legacy,IOJ,r,cowplot,3
dataverse_legacy,IOJ,r,survminer,3
dataverse_legacy,IOJ,r,rgdal,3
dataverse_legacy,IOJ,r,maptools,3
dataverse_legacy,IOJ,r,cshapes,3
dataverse_legacy,IOJ,r,survey,3
dataverse_legacy,IOJ,r,nnet,3
dataverse_legacy,IOJ,r,janitor,3
dataverse_legacy,IOJ,r,devtools,3
dataverse_legacy,IOJ,r,Matching,3
dataverse_legacy,IOJ,r,rgenoud,3
dataverse_legacy,IOJ,r,gdata,3
dataverse_legacy,IOJ,r,mgcv,3
dataverse_legacy,IOJ,r,ebal,3
dataverse_legacy,IOJ,r,ggrepel,3
dataverse_legacy,IOJ,r,sp,3
dataverse_legacy,IOJ,r,MatchIt,3
dataverse_legacy,IOJ,r,rworldmap,2
dataverse_legacy,IOJ,r,mice,2
dataverse_legacy,IOJ,r,clusterSEs,2
dataverse_legacy,IOJ,r,interplot,2
dataverse_legacy,IOJ,r,msm,2
dataverse_legacy,IOJ,r,skimr,2
dataverse_legacy,IOJ,r,pwr,2
dataverse_legacy,IOJ,r,panelView,2
dataverse_legacy,IOJ,r,gsynth,2
dataverse_legacy,IOJ,r,raster,2
dataverse_legacy,IOJ,r,rgeos,2
dataverse_legacy,IOJ,r,GGally,2
dataverse_legacy,IOJ,r,ri,2
dataverse_legacy,IOJ,r,NPC,2
dataverse_legacy,IOJ,r,PanelMatch,2
dataverse_legacy,IOJ,r,ggthemes,2
dataverse_legacy,IOJ,r,jtools,2
dataverse_legacy,IOJ,r,aod,2
dataverse_legacy,IOJ,r,locfit,2
dataverse_legacy,IOJ,r,kableExtra,2
dataverse_legacy,IOJ,r,glue,2
dataverse_legacy,IOJ,r,corrplot,2
dataverse_legacy,IOJ,r,brglm,2
dataverse_legacy,IOJ,r,fixest,2
dataverse_legacy,IOJ,r,modelsummary,2
dataverse_legacy,IOJ,r,coin,2
dataverse_legacy,IOJ,r,RItools,2
dataverse_legacy,IOJ,r,foreach,2
dataverse_legacy,IOJ,r,memisc,2
dataverse_legacy,IOJ,r,WDI,2
dataverse_legacy,IOJ,r,Matrix,2
dataverse_legacy,IOJ,r,list,2
dataverse_legacy,IOJ,r,caret,2
dataverse_legacy,IOJ,r,frailtySurv,2
dataverse_legacy,IOJ,r,frailtyEM,2
dataverse_legacy,IOJ,r,frailtypack,2
dataverse_legacy,IOJ,r,simPH,2
dataverse_legacy,IOJ,r,sf,2
dataverse_legacy,IOJ,r,spdep,2
dataverse_legacy,IOJ,r,spatialreg,2
dataverse_legacy,IOJ,r,readr,2
dataverse_legacy,IOJ,r,zoo,2
dataverse_legacy,IOJ,r,Amelia,2
dataverse_legacy,IOJ,r,states,1
dataverse_legacy,IOJ,r,VIM,1
dataverse_legacy,IOJ,r,optimx,1
dataverse_legacy,IOJ,r,topicmodels,1
dataverse_legacy,IOJ,r,class,1
dataverse_legacy,IOJ,r,sjPlot,1
dataverse_legacy,IOJ,r,reporttools,1
dataverse_legacy,IOJ,r,NetMix,1
dataverse_legacy,IOJ,r,dnr,1
dataverse_legacy,IOJ,r,statnet,1
dataverse_legacy,IOJ,r,network,1
dataverse_legacy,IOJ,r,sna,1
dataverse_legacy,IOJ,r,ivpack,1
dataverse_legacy,IOJ,r,ivmodel,1
dataverse_legacy,IOJ,r,lavaan,1
dataverse_legacy,IOJ,r,jsonlite,1
dataverse_legacy,IOJ,r,ltm,1
dataverse_legacy,IOJ,r,knitr,1
dataverse_legacy,IOJ,r,ggstance,1
dataverse_legacy,IOJ,r,alpaca,1
dataverse_legacy,IOJ,r,purrr,1
dataverse_legacy,IOJ,r,beepr,1
dataverse_legacy,IOJ,r,progress,1
dataverse_legacy,IOJ,r,viridisLite,1
dataverse_legacy,IOJ,r,reshape,1
dataverse_legacy,IOJ,r,numDeriv,1
dataverse_legacy,IOJ,r,tm.plugin.factiva,1
dataverse_legacy,IOJ,r,readtext,1
dataverse_legacy,IOJ,r,effects,1
dataverse_legacy,IOJ,r,colorRamps,1
dataverse_legacy,IOJ,r,ATE,1
dataverse_legacy,IOJ,r,expss,1
dataverse_legacy,IOJ,r,clubSandwich,1
dataverse_legacy,IOJ,r,EdSurvey,1
dataverse_legacy,IOJ,r,Rmisc,1
dataverse_legacy,IOJ,r,factoextra,1
dataverse_legacy,IOJ,r,powerMediation,1
dataverse_legacy,IOJ,r,WebPower,1
dataverse_legacy,IOJ,r,extrafont,1
dataverse_legacy,IOJ,r,plotrix,1
dataverse_legacy,IOJ,r,stringi,1
dataverse_legacy,IOJ,r,labelled,1
dataverse_legacy,IOJ,r,gtsummary,1
dataverse_legacy,IOJ,r,gt,1
dataverse_legacy,IOJ,r,tibble,1
dataverse_legacy,IOJ,r,GISTools,1
dataverse_legacy,IOJ,r,ivDiag,1
dataverse_legacy,IOJ,r,sensemakr,1
dataverse_legacy,IOJ,r,didimputation,1
dataverse_legacy,IOJ,r,rnaturalearth,1
dataverse_legacy,IOJ,r,rnaturalearthdata,1
dataverse_legacy,IOJ,r,sfsmisc,1
dataverse_legacy,IOJ,r,permute,1
dataverse_legacy,IOJ,r,matlab,1
dataverse_legacy,IOJ,r,ordinal,1
dataverse_legacy,IOJ,r,TeachingDemos,1
dataverse_legacy,IOJ,r,directlabels,1
dataverse_legacy,IOJ,r,rstan,1
dataverse_legacy,IOJ,r,shinystan,1
dataverse_legacy,IOJ,r,rstanarm,1
dataverse_legacy,IOJ,r,loo,1
dataverse_legacy,IOJ,r,sjlabelled,1
dataverse_legacy,IOJ,r,tidylog,1
dataverse_legacy,IOJ,r,tidybayes,1
dataverse_legacy,IOJ,r,apsrtable,1
dataverse_legacy,IOJ,r,pscl,1
dataverse_legacy,IOJ,r,colorspace,1
dataverse_legacy,IOJ,r,LexisNexisTools,1
dataverse_legacy,IOJ,r,fastDummies,1
dataverse_legacy,IOJ,r,lessR,1
dataverse_legacy,IOJ,r,preText,1
dataverse_legacy,IOJ,r,sciplot,1
dataverse_legacy,IOJ,r,gmodels,1
dataverse_legacy,IOJ,r,slider,1
dataverse_legacy,IOJ,r,ggplot,1
dataverse_legacy,IOJ,r,radiant.model,1
dataverse_legacy,IOJ,r,insol,1
dataverse_legacy,IOJ,r,latex2exp,1
dataverse_legacy,IOJ,r,checkpoint,1
dataverse_legacy,IOJ,r,Rcpp,1
dataverse_legacy,IOJ,r,doParallel,1
dataverse_legacy,IOJ,r,abind,1
dataverse_legacy,IOJ,r,rio,1
dataverse_legacy,IOJ,r,textdata,1
dataverse_legacy,IOJ,r,stminsights,1
dataverse_legacy,IOJ,r,prediction,1
dataverse_legacy,IOJ,r,systemfit,1
dataverse_legacy,IOJ,r,sparsereg,1
dataverse_legacy,IOJ,r,caretEnsemble,1
dataverse_legacy,IOJ,r,standardize,1
dataverse_legacy,IOJ,r,tmap,1
dataverse_legacy,IOJ,r,tmaptools,1
dataverse_legacy,IOJ,r,leaflet,1
dataverse_legacy,IOJ,r,shinyjs,1
dataverse_legacy,IOJ,r,ivtools,1
dataverse_legacy,IOJ,r,corrgram,1
dataverse_legacy,IOJ,r,openssl,1
dataverse_legacy,IOJ,r,xfun,1
dataverse_legacy,IOJ,r,miceadds,1
dataverse_legacy,IOJ,r,urca,1
dataverse_legacy,IOJ,r,dynamac,1
dataverse_legacy,IOJ,r,bayestestR,1
dataverse_legacy,IOJ,r,patchwork,1
dataverse_legacy,IOJ,r,marginaleffects,1
dataverse_legacy,IOJ,r,lsa,1
dataverse_legacy,IOJ,r,lawstat,1
dataverse_legacy,IOJ,r,rgl,1
dataverse_legacy,IOJ,r,boot,1
dataverse_legacy,IOJ,r,splm,1
dataverse_legacy,IOJ,r,openxlsx,1
dataverse_legacy,IOJ,r,estimatr,1
dataverse_legacy,IOJ,r,multiwayvcov,1
dataverse_legacy,IOJ,r,dfadjust,1
dataverse_legacy,IOJ,r,questionr,1
dataverse_legacy,IOJ,r,strucchange,1
dataverse_legacy,IOJ,r,mvtnorm,1
dataverse_legacy,IOJ,r,Zelig,1
dataverse_legacy,IOJ,r,cem,1
dataverse_legacy,IOJ,r,doBy,1
dataverse_legacy,IOJ,r,mitools,1
dataverse_legacy,IOJ,r,AICcmodavg,1
dataverse_legacy,IOJ,r,future,1
dataverse_legacy,IOJ,r,mvnfast,1
dataverse_legacy,IOJ,r,hexbin,1
dataverse_legacy,IOJ,r,XML,1
dataverse_legacy,IOJ,r,sqldf,1
dataverse_legacy,IOJ,r,ggmap,1
dataverse_legacy,IOJ,r,interflex,1
dataverse_legacy,IOJ,r,cjoint,1
dataverse_legacy,IOJ,stata,estout,34
dataverse_legacy,IOJ,stata,coefplot,18
dataverse_legacy,IOJ,stata,outreg2,14
dataverse_legacy,IOJ,stata,clarify,6
dataverse_legacy,IOJ,stata,reghdfe,5
dataverse_legacy,IOJ,stata,psacalc,4
dataverse_legacy,IOJ,stata,kountry,3
dataverse_legacy,IOJ,stata,sutex,3
dataverse_legacy,IOJ,stata,sutex2,3
dataverse_legacy,IOJ,stata,interflex,3
dataverse_legacy,IOJ,stata,ebalance,3
dataverse_legacy,IOJ,stata,relogit,3
dataverse_legacy,IOJ,stata,ivreg2,3
dataverse_legacy,IOJ,stata,combomarginsplot,2
dataverse_legacy,IOJ,stata,addplot,2
dataverse_legacy,IOJ,stata,mediation,2
dataverse_legacy,IOJ,stata,corrtex,2
dataverse_legacy,IOJ,stata,labutil,2
dataverse_legacy,IOJ,stata,psmatch2,2
dataverse_legacy,IOJ,stata,ppmlhdfe,2
dataverse_legacy,IOJ,stata,tabout,2
dataverse_legacy,IOJ,stata,plausexog,2
dataverse_legacy,IOJ,stata,nearstat,1
dataverse_legacy,IOJ,stata,ciplot,1
dataverse_legacy,IOJ,stata,mvprobit,1
dataverse_legacy,IOJ,stata,ppml_panel_sg,1
dataverse_legacy,IOJ,stata,center,1
dataverse_legacy,IOJ,stata,univar,1
dataverse_legacy,IOJ,stata,tuples,1
dataverse_legacy,IOJ,stata,eclplot,1
dataverse_legacy,IOJ,stata,cem,1
dataverse_legacy,IOJ,stata,logout,1
dataverse_legacy,IOJ,stata,latab,1
dataverse_legacy,IOJ,stata,sdecode,1
dataverse_legacy,IOJ,stata,unique,1
dataverse_legacy,IOJ,stata,outreg,1
dataverse_legacy,IOJ,stata,weakiv,1
dataverse_legacy,IOJ,stata,did_imputation,1
dataverse_legacy,IOJ,stata,maptile,1
dataverse_legacy,IOJ,stata,spspc,1
dataverse_legacy,IOJ,stata,synth,1
dataverse_legacy,IOJ,stata,listtex,1
dataverse_legacy,IOJ,stata,clustse,1
dataverse_legacy,IOJ,stata,spmap,1
dataverse_legacy,IOJ,stata,parmest,1
dataverse_legacy,IOJ,stata,lincomest,1
dataverse_legacy,IOJ,stata,xtscc,1
dataverse_legacy,IOJ,stata,cmp,1
dataverse_legacy,IOJ,stata,xtabond2,1
dataverse_legacy,IOJ,stata,krls,1
dataverse_legacy,IOJ,stata,renvarlab,1
dataverse_legacy,IOJ,stata,fitstat,1
dataverse_legacy,IOJ,stata,firthlogit,1
dataverse_legacy,IOJ,stata,rbounds,1
dataverse_legacy,IOJ,stata,ivreghdfe,1
dataverse_legacy,IOJ,stata,krippalpha,1
dataverse_legacy,JAERE,python,pandas,3
dataverse_legacy,JAERE,python,numpy,3
dataverse_legacy,JAERE,python,geopandas,2
dataverse_legacy,JAERE,python,Shapely,2
dataverse_legacy,JAERE,python,matplotlib,1
dataverse_legacy,JAERE,python,rasterio,1
dataverse_legacy,JAERE,python,seaborn,1
dataverse_legacy,JAERE,python,src,1
dataverse_legacy,JAERE,python,utils,1
dataverse_legacy,JAERE,python,scipy,1
dataverse_legacy,JAERE,python,archook,1
dataverse_legacy,JAERE,python,pytz,1
dataverse_legacy,JAERE,python,scikit-learn,1
dataverse_legacy,JAERE,r,ggplot2,17
dataverse_legacy,JAERE,r,stargazer,16
dataverse_legacy,JAERE,r,tidyverse,14
dataverse_legacy,JAERE,r,dplyr,14
dataverse_legacy,JAERE,r,data.table,12
dataverse_legacy,JAERE,r,lubridate,10
dataverse_legacy,JAERE,r,readxl,9
dataverse_legacy,JAERE,r,scales,9
dataverse_legacy,JAERE,r,sf,8
dataverse_legacy,JAERE,r,foreign,8
dataverse_legacy,JAERE,r,lfe,7
dataverse_legacy,JAERE,r,rgdal,7
dataverse_legacy,JAERE,r,xtable,6
dataverse_legacy,JAERE,r,readr,5
dataverse_legacy,JAERE,r,raster,5
dataverse_legacy,JAERE,r,tidyr,5
dataverse_legacy,JAERE,r,rgeos,5
dataverse_legacy,JAERE,r,pacman,5
dataverse_legacy,JAERE,r,readstata13,5
dataverse_legacy,JAERE,r,MASS,4
dataverse_legacy,JAERE,r,reshape2,4
dataverse_legacy,JAERE,r,stringr,4
dataverse_legacy,JAERE,r,sp,4
dataverse_legacy,JAERE,r,haven,4
dataverse_legacy,JAERE,r,zoo,4
dataverse_legacy,JAERE,r,ggthemes,4
dataverse_legacy,JAERE,r,geosphere,4
dataverse_legacy,JAERE,r,maps,4
dataverse_legacy,JAERE,r,tigris,3
dataverse_legacy,JAERE,r,tidycensus,3
dataverse_legacy,JAERE,r,foreach,3
dataverse_legacy,JAERE,r,maptools,3
dataverse_legacy,JAERE,r,gridExtra,3
dataverse_legacy,JAERE,r,AER,3
dataverse_legacy,JAERE,r,glmnet,3
dataverse_legacy,JAERE,r,Hmisc,3
dataverse_legacy,JAERE,r,knitr,3
dataverse_legacy,JAERE,r,plyr,2
dataverse_legacy,JAERE,r,plm,2
dataverse_legacy,JAERE,r,lmtest,2
dataverse_legacy,JAERE,r,magrittr,2
dataverse_legacy,JAERE,r,snow,2
dataverse_legacy,JAERE,r,doSNOW,2
dataverse_legacy,JAERE,r,iterators,2
dataverse_legacy,JAERE,r,abind,2
dataverse_legacy,JAERE,r,Rfast,2
dataverse_legacy,JAERE,r,gdata,2
dataverse_legacy,JAERE,r,httr,2
dataverse_legacy,JAERE,r,ggrepel,2
dataverse_legacy,JAERE,r,broom,2
dataverse_legacy,JAERE,r,car,2
dataverse_legacy,JAERE,r,systemfit,2
dataverse_legacy,JAERE,r,RColorBrewer,2
dataverse_legacy,JAERE,r,kableExtra,2
dataverse_legacy,JAERE,r,progress,2
dataverse_legacy,JAERE,r,colorspace,2
dataverse_legacy,JAERE,r,openxlsx,2
dataverse_legacy,JAERE,r,estimatr,2
dataverse_legacy,JAERE,r,patchwork,2
dataverse_legacy,JAERE,r,extrafont,2
dataverse_legacy,JAERE,r,viridis,2
dataverse_legacy,JAERE,r,cowplot,2
dataverse_legacy,JAERE,r,purrr,2
dataverse_legacy,JAERE,r,tibble,2
dataverse_legacy,JAERE,r,clusterSEs,1
dataverse_legacy,JAERE,r,lme4,1
dataverse_legacy,JAERE,r,Formula,1
dataverse_legacy,JAERE,r,jsonlite,1
dataverse_legacy,JAERE,r,xml2,1
dataverse_legacy,JAERE,r,gghighlight,1
dataverse_legacy,JAERE,r,ivpack,1
dataverse_legacy,JAERE,r,corpcor,1
dataverse_legacy,JAERE,r,rstan,1
dataverse_legacy,JAERE,r,matrixcalc,1
dataverse_legacy,JAERE,r,GGally,1
dataverse_legacy,JAERE,r,gstat,1
dataverse_legacy,JAERE,r,nnls,1
dataverse_legacy,JAERE,r,dummies,1
dataverse_legacy,JAERE,r,xlsx,1
dataverse_legacy,JAERE,r,tree,1
dataverse_legacy,JAERE,r,randomForest,1
dataverse_legacy,JAERE,r,treeClust,1
dataverse_legacy,JAERE,r,rpart.plot,1
dataverse_legacy,JAERE,r,pastecs,1
dataverse_legacy,JAERE,r,devtools,1
dataverse_legacy,JAERE,r,sandwich,1
dataverse_legacy,JAERE,r,urca,1
dataverse_legacy,JAERE,r,gtools,1
dataverse_legacy,JAERE,r,pbapply,1
dataverse_legacy,JAERE,r,minpack.lm,1
dataverse_legacy,JAERE,r,rnaturalearth,1
dataverse_legacy,JAERE,r,pracma,1
dataverse_legacy,JAERE,r,rootSolve,1
dataverse_legacy,JAERE,r,psych,1
dataverse_legacy,JAERE,r,Benchmarking,1
dataverse_legacy,JAERE,r,frontier,1
dataverse_legacy,JAERE,r,huxtable,1
dataverse_legacy,JAERE,r,recipes,1
dataverse_legacy,JAERE,r,Matrix,1
dataverse_legacy,JAERE,r,mapproj,1
dataverse_legacy,JAERE,r,RJSONIO,1
dataverse_legacy,JAERE,r,fiftystater,1
dataverse_legacy,JAERE,r,rstudioapi,1
dataverse_legacy,JAERE,r,miceadds,1
dataverse_legacy,JAERE,r,cdlTools,1
dataverse_legacy,JAERE,r,doParallel,1
dataverse_legacy,JAERE,r,fastverse,1
dataverse_legacy,JAERE,r,fixest,1
dataverse_legacy,JAERE,r,latex2exp,1
dataverse_legacy,JAERE,r,showtext,1
dataverse_legacy,JAERE,r,here,1
dataverse_legacy,JAERE,r,janitor,1
dataverse_legacy,JAERE,r,HiClimR,1
dataverse_legacy,JAERE,r,fst,1
dataverse_legacy,JAERE,r,qs,1
dataverse_legacy,JAERE,r,collapse,1
dataverse_legacy,JAERE,r,XLConnect,1
dataverse_legacy,JAERE,r,colorRamps,1
dataverse_legacy,JAERE,r,rmapshaper,1
dataverse_legacy,JAERE,r,Cairo,1
dataverse_legacy,JAERE,r,prism,1
dataverse_legacy,JAERE,r,ggforce,1
dataverse_legacy,JAERE,r,ggmap,1
dataverse_legacy,JAERE,r,ncdf4,1
dataverse_legacy,JAERE,r,tidylog,1
dataverse_legacy,JAERE,r,fastDummies,1
dataverse_legacy,JAERE,r,lattice,1
dataverse_legacy,JAERE,r,writexl,1
dataverse_legacy,JAERE,r,lwgeom,1
dataverse_legacy,JAERE,r,plotly,1
dataverse_legacy,JAERE,r,ggpubr,1
dataverse_legacy,JAERE,r,rgenoud,1
dataverse_legacy,JAERE,r,Matching,1
dataverse_legacy,JAERE,r,measurements,1
dataverse_legacy,JAERE,r,RSQLite,1
dataverse_legacy,JAERE,r,dbplyr,1
dataverse_legacy,JAERE,r,gdalUtils,1
dataverse_legacy,JAERE,r,lmerTest,1
dataverse_legacy,JAERE,r,stringi,1
dataverse_legacy,JAERE,r,MatchIt,1
dataverse_legacy,JAERE,r,strucchange,1
dataverse_legacy,JAERE,r,gmm,1
dataverse_legacy,JAERE,stata,estout,69
dataverse_legacy,JAERE,stata,reghdfe,38
dataverse_legacy,JAERE,stata,coefplot,23
dataverse_legacy,JAERE,stata,outreg2,23
dataverse_legacy,JAERE,stata,ivreg2,15
dataverse_legacy,JAERE,stata,spmap,10
dataverse_legacy,JAERE,stata,carryforward,9
dataverse_legacy,JAERE,stata,psmatch2,8
dataverse_legacy,JAERE,stata,geodist,7
dataverse_legacy,JAERE,stata,parmest,7
dataverse_legacy,JAERE,stata,distinct,6
dataverse_legacy,JAERE,stata,boottest,6
dataverse_legacy,JAERE,stata,unique,6
dataverse_legacy,JAERE,stata,ivreghdfe,6
dataverse_legacy,JAERE,stata,grstyle,5
dataverse_legacy,JAERE,stata,gtools,5
dataverse_legacy,JAERE,stata,mixlogit,4
dataverse_legacy,JAERE,stata,stddiff,4
dataverse_legacy,JAERE,stata,winsor,4
dataverse_legacy,JAERE,stata,shp2dta,4
dataverse_legacy,JAERE,stata,tabout,4
dataverse_legacy,JAERE,stata,stop,4
dataverse_legacy,JAERE,stata,outreg,3
dataverse_legacy,JAERE,stata,psacalc,3
dataverse_legacy,JAERE,stata,rdrobust,3
dataverse_legacy,JAERE,stata,labutil,3
dataverse_legacy,JAERE,stata,geonear,3
dataverse_legacy,JAERE,stata,regsave,3
dataverse_legacy,JAERE,stata,mmerge,3
dataverse_legacy,JAERE,stata,mat2txt,2
dataverse_legacy,JAERE,stata,cem,2
dataverse_legacy,JAERE,stata,winsor2,2
dataverse_legacy,JAERE,stata,csdid,2
dataverse_legacy,JAERE,stata,did_multiplegt,2
dataverse_legacy,JAERE,stata,xtivreg2,2
dataverse_legacy,JAERE,stata,ietoolkit,2
dataverse_legacy,JAERE,stata,texsave,2
dataverse_legacy,JAERE,stata,ineqdec0,2
dataverse_legacy,JAERE,stata,mdesc,2
dataverse_legacy,JAERE,stata,asdoc,2
dataverse_legacy,JAERE,stata,lgraph,2
dataverse_legacy,JAERE,stata,grc1leg2,2
dataverse_legacy,JAERE,stata,catplot,2
dataverse_legacy,JAERE,stata,eclplot,2
dataverse_legacy,JAERE,stata,orth_out,2
dataverse_legacy,JAERE,stata,dpplot,2
dataverse_legacy,JAERE,stata,codebookout,1
dataverse_legacy,JAERE,stata,vcemway,1
dataverse_legacy,JAERE,stata,pctrim,1
dataverse_legacy,JAERE,stata,tabstatmat,1
dataverse_legacy,JAERE,stata,xtabond2,1
dataverse_legacy,JAERE,stata,diff,1
dataverse_legacy,JAERE,stata,geo2xy,1
dataverse_legacy,JAERE,stata,cluster2,1
dataverse_legacy,JAERE,stata,vioplot,1
dataverse_legacy,JAERE,stata,rangestat,1
dataverse_legacy,JAERE,stata,astile,1
dataverse_legacy,JAERE,stata,glcurve,1
dataverse_legacy,JAERE,stata,lorenz,1
dataverse_legacy,JAERE,stata,mergepoly,1
dataverse_legacy,JAERE,stata,sutex,1
dataverse_legacy,JAERE,stata,egranger,1
dataverse_legacy,JAERE,stata,outtable,1
dataverse_legacy,JAERE,stata,fs,1
dataverse_legacy,JAERE,stata,ztree2stata,1
dataverse_legacy,JAERE,stata,sxpose,1
dataverse_legacy,JAERE,stata,nnmatch,1
dataverse_legacy,JAERE,stata,xtqreg,1
dataverse_legacy,JAERE,stata,fillmissing,1
dataverse_legacy,JAERE,stata,twowayfeweights,1
dataverse_legacy,JAERE,stata,clustse,1
dataverse_legacy,JAERE,stata,palettes,1
dataverse_legacy,JAERE,stata,eventstudyinteract,1
dataverse_legacy,JAERE,stata,balancetable,1
dataverse_legacy,JAERE,stata,ivreg2h,1
dataverse_legacy,JAERE,stata,sppack,1
dataverse_legacy,JAERE,stata,lassopack,1
dataverse_legacy,JAERE,stata,ftest,1
dataverse_legacy,JAERE,stata,binscatter,1
dataverse_legacy,JAERE,stata,tr,1
dataverse_legacy,JAERE,stata,xtpqml,1
dataverse_legacy,JAERE,stata,ebalance,1
dataverse_legacy,JAERE,stata,psweight,1
dataverse_legacy,JAERE,stata,asgen,1
dataverse_legacy,JAERE,stata,eventdd,1
dataverse_legacy,JAERE,stata,descogini,1
dataverse_legacy,JAERE,stata,xtbalance,1
dataverse_legacy,JAERE,stata,weakivtest,1
dataverse_legacy,JAERE,stata,shufflevar,1
dataverse_legacy,JAERE,stata,ivregress2,1
dataverse_legacy,JAERE,stata,statastates,1
dataverse_legacy,JAERE,stata,mipolate,1
dataverse_legacy,JAERE,stata,ihstrans,1
dataverse_legacy,JAERE,stata,reclink,1
dataverse_legacy,JAERE,stata,maptile,1
dataverse_legacy,JAERE,stata,xtpmg,1
dataverse_legacy,JAERE,stata,psestimate,1
dataverse_legacy,JAERE,stata,weakiv,1
dataverse_legacy,JAERE,stata,tabplot,1
dataverse_legacy,JAERE,stata,nrow,1
dataverse_legacy,JAERE,stata,postrcspline,1
dataverse_legacy,JAERE,stata,reg2hdfe,1
dataverse_legacy,JAERE,stata,bacondecomp,1
dataverse_legacy,JAERE,stata,heatplot,1
dataverse_legacy,JAERE,stata,ginidesc,1
dataverse_legacy,JAERE,stata,kdens,1
dataverse_legacy,JAERE,stata,modeldiag,1
dataverse_legacy,JAERE,stata,lars,1
dataverse_legacy,JAERE,stata,aaplot,1
dataverse_legacy,JAERE,stata,plausexog,1
dataverse_legacy,JAERE,stata,imperfectiv,1
dataverse_legacy,JAERE,stata,ppmlhdfe,1
dataverse_legacy,JAERE,stata,did_imputation,1
dataverse_legacy,JAERE,stata,event_plot,1
dataverse_legacy,JAERE,stata,ritest,1
dataverse_legacy,JAERE,stata,synth,1
dataverse_legacy,JAERE,stata,eqprhistogram,1
dataverse_legacy,JAERE,stata,betafit,1
dataverse_legacy,JAERE,stata,mhtexp,1
dataverse_legacy,JAERE,stata,plotbeta,1
dataverse_legacy,JAERE,stata,ttab,1
dataverse_legacy,JAERE,stata,rowsort,1
dataverse_legacy,JAERE,stata,lognfit,1
dataverse_legacy,JAERE,stata,poi2hdfe,1
dataverse_legacy,JAERE,stata,rddensity,1
dataverse_legacy,JAERE,stata,graph3d,1
dataverse_legacy,JAERE,stata,dmout,1
dataverse_legacy,JAERE,stata,ftools,1
dataverse_legacy,JAERE,stata,rcd,1
dataverse_legacy,JAERE,stata,pvvar,1
dataverse_legacy,JBPA,r,haven,2
dataverse_legacy,JBPA,r,dplyr,2
dataverse_legacy,JBPA,r,stargazer,2
dataverse_legacy,JBPA,r,xtable,2
dataverse_legacy,JBPA,r,pacman,1
dataverse_legacy,JBPA,r,here,1
dataverse_legacy,JBPA,r,tidyverse,1
dataverse_legacy,JBPA,r,openxlsx,1
dataverse_legacy,JBPA,r,stringr,1
dataverse_legacy,JBPA,r,rdrobust,1
dataverse_legacy,JBPA,r,interplot,1
dataverse_legacy,JBPA,r,patchwork,1
dataverse_legacy,JBPA,r,broom,1
dataverse_legacy,JBPA,r,labelled,1
dataverse_legacy,JBPA,r,GGally,1
dataverse_legacy,JBPA,r,ggthemes,1
dataverse_legacy,JBPA,r,estimatr,1
dataverse_legacy,JBPA,r,wesanderson,1
dataverse_legacy,JBPA,r,rddensity,1
dataverse_legacy,JBPA,r,skimr,1
dataverse_legacy,JBPA,r,gganimate,1
dataverse_legacy,JBPA,r,list,1
dataverse_legacy,JBPA,r,Rmisc,1
dataverse_legacy,JBPA,r,extrafont,1
dataverse_legacy,JBPA,r,cowplot,1
dataverse_legacy,JBPA,r,qwraps2,1
dataverse_legacy,JBPA,r,TOSTER,1
dataverse_legacy,JBPA,r,rsample,1
dataverse_legacy,JBPA,r,misreport,1
dataverse_legacy,JBPA,r,car,1
dataverse_legacy,JBPA,r,cjoint,1
dataverse_legacy,JBPA,r,cregg,1
dataverse_legacy,JBPA,r,ggplot2,1
dataverse_legacy,JBPA,r,pBrackets,1
dataverse_legacy,JBPA,r,plyr,1
dataverse_legacy,JBPA,r,texreg,1
dataverse_legacy,JBPA,r,AER,1
dataverse_legacy,JBPA,r,pwr,1
dataverse_legacy,JBPA,stata,estout,7
dataverse_legacy,JBPA,stata,cibar,3
dataverse_legacy,JBPA,stata,coefplot,2
dataverse_legacy,JBPA,stata,outreg2,2
dataverse_legacy,JBPA,stata,mplotoffset,1
dataverse_legacy,JJPS,r,ggplot2,9
dataverse_legacy,JJPS,r,stargazer,6
dataverse_legacy,JJPS,r,foreign,5
dataverse_legacy,JJPS,r,sandwich,5
dataverse_legacy,JJPS,r,lmtest,5
dataverse_legacy,JJPS,r,tidyverse,5
dataverse_legacy,JJPS,r,dplyr,4
dataverse_legacy,JJPS,r,gridExtra,4
dataverse_legacy,JJPS,r,haven,3
dataverse_legacy,JJPS,r,MASS,3
dataverse_legacy,JJPS,r,AER,3
dataverse_legacy,JJPS,r,scales,3
dataverse_legacy,JJPS,r,basicspace,2
dataverse_legacy,JJPS,r,xlsx,2
dataverse_legacy,JJPS,r,MCMCpack,2
dataverse_legacy,JJPS,r,lme4,2
dataverse_legacy,JJPS,r,plyr,2
dataverse_legacy,JJPS,r,readstata13,2
dataverse_legacy,JJPS,r,lattice,2
dataverse_legacy,JJPS,r,vars,2
dataverse_legacy,JJPS,r,clubSandwich,1
dataverse_legacy,JJPS,r,arm,1
dataverse_legacy,JJPS,r,ordinal,1
dataverse_legacy,JJPS,r,survival,1
dataverse_legacy,JJPS,r,estimatr,1
dataverse_legacy,JJPS,r,rdrobust,1
dataverse_legacy,JJPS,r,rdd,1
dataverse_legacy,JJPS,r,maps,1
dataverse_legacy,JJPS,r,rgeos,1
dataverse_legacy,JJPS,r,mapdata,1
dataverse_legacy,JJPS,r,maptools,1
dataverse_legacy,JJPS,r,CBPS,1
dataverse_legacy,JJPS,r,DataCombine,1
dataverse_legacy,JJPS,r,multiwayvcov,1
dataverse_legacy,JJPS,r,msm,1
dataverse_legacy,JJPS,r,rlang,1
dataverse_legacy,JJPS,r,broom,1
dataverse_legacy,JJPS,r,rstan,1
dataverse_legacy,JJPS,r,tidybayes,1
dataverse_legacy,JJPS,r,ggmcmc,1
dataverse_legacy,JJPS,r,knitr,1
dataverse_legacy,JJPS,r,pacman,1
dataverse_legacy,JJPS,r,cregg,1
dataverse_legacy,JJPS,r,kableExtra,1
dataverse_legacy,JJPS,r,summarytools,1
dataverse_legacy,JJPS,r,ggExtra,1
dataverse_legacy,JJPS,r,interplot,1
dataverse_legacy,JJPS,r,effects,1
dataverse_legacy,JJPS,r,Matching,1
dataverse_legacy,JJPS,r,pscl,1
dataverse_legacy,JJPS,r,rio,1
dataverse_legacy,JJPS,r,mlr,1
dataverse_legacy,JJPS,r,ggthemes,1
dataverse_legacy,JJPS,r,lmPerm,1
dataverse_legacy,JJPS,r,coefplot,1
dataverse_legacy,JJPS,r,hrbrthemes,1
dataverse_legacy,JJPS,r,officer,1
dataverse_legacy,JJPS,r,flextable,1
dataverse_legacy,JJPS,r,meta,1
dataverse_legacy,JJPS,r,xtable,1
dataverse_legacy,JJPS,r,tseries,1
dataverse_legacy,JJPS,r,TSA,1
dataverse_legacy,JJPS,r,fracdiff,1
dataverse_legacy,JJPS,r,strucchange,1
dataverse_legacy,JJPS,r,tsDyn,1
dataverse_legacy,JJPS,r,fUnitRoots,1
dataverse_legacy,JJPS,r,ggtern,1
dataverse_legacy,JJPS,r,quanteda,1
dataverse_legacy,JJPS,r,qlcMatrix,1
dataverse_legacy,JJPS,r,stringdist,1
dataverse_legacy,JJPS,r,readxl,1
dataverse_legacy,JJPS,r,quantmod,1
dataverse_legacy,JJPS,r,urca,1
dataverse_legacy,JJPS,r,forecast,1
dataverse_legacy,JJPS,r,dyn,1
dataverse_legacy,JJPS,r,rtweet,1
dataverse_legacy,JJPS,r,tidytext,1
dataverse_legacy,JJPS,r,twitteR,1
dataverse_legacy,JJPS,r,igraph,1
dataverse_legacy,JJPS,r,stringr,1
dataverse_legacy,JJPS,r,tidygraph,1
dataverse_legacy,JJPS,r,ggraph,1
dataverse_legacy,JJPS,r,stringi,1
dataverse_legacy,JJPS,r,tidyr,1
dataverse_legacy,JJPS,r,xts,1
dataverse_legacy,JJPS,r,DescTools,1
dataverse_legacy,JJPS,r,wordcloud,1
dataverse_legacy,JJPS,r,gdata,1
dataverse_legacy,JJPS,r,dynlm,1
dataverse_legacy,JJPS,r,lubridate,1
dataverse_legacy,JJPS,r,ggfortify,1
dataverse_legacy,JJPS,r,erer,1
dataverse_legacy,JJPS,r,ggrepel,1
dataverse_legacy,JJPS,r,robust,1
dataverse_legacy,JJPS,r,mediation,1
dataverse_legacy,JJPS,r,reshape2,1
dataverse_legacy,JJPS,r,magrittr,1
dataverse_legacy,JJPS,stata,estout,12
dataverse_legacy,JJPS,stata,coefplot,5
dataverse_legacy,JJPS,stata,asdoc,2
dataverse_legacy,JJPS,stata,xtabond2,1
dataverse_legacy,JJPS,stata,xtscc,1
dataverse_legacy,JJPS,stata,fmlogit,1
dataverse_legacy,JJPS,stata,synth,1
dataverse_legacy,JJPS,stata,diff,1
dataverse_legacy,JJPS,stata,center,1
dataverse_legacy,JJPS,stata,distplot,1
dataverse_legacy,JJPS,stata,tab_chi,1
dataverse_legacy,JJPS,stata,clarify,1
dataverse_legacy,JJPS,stata,outreg,1
dataverse_legacy,JJPS,stata,rdrobust,1
dataverse_legacy,JJPS,stata,labutil,1
dataverse_legacy,JPE,python,pandas,8
dataverse_legacy,JPE,python,numpy,8
dataverse_legacy,JPE,python,scipy,5
dataverse_legacy,JPE,python,matplotlib,5
dataverse_legacy,JPE,python,statsmodels,3
dataverse_legacy,JPE,python,seaborn,2
dataverse_legacy,JPE,python,fuzzywuzzy,1
dataverse_legacy,JPE,python,pymssql,1
dataverse_legacy,JPE,python,PyYAML,1
dataverse_legacy,JPE,python,tabulate,1
dataverse_legacy,JPE,python,quantecon,1
dataverse_legacy,JPE,python,tikzplotlib,1
dataverse_legacy,JPE,python,requests,1
dataverse_legacy,JPE,python,beautifulsoup4,1
dataverse_legacy,JPE,python,model,1
dataverse_legacy,JPE,python,nlopt,1
dataverse_legacy,JPE,python,numba,1
dataverse_legacy,JPE,python,gurobipy,1
dataverse_legacy,JPE,python,geog,1
dataverse_legacy,JPE,python,pyperclip,1
dataverse_legacy,JPE,python,config,1
dataverse_legacy,JPE,r,stargazer,6
dataverse_legacy,JPE,r,ggplot2,5
dataverse_legacy,JPE,r,data.table,4
dataverse_legacy,JPE,r,foreign,4
dataverse_legacy,JPE,r,plyr,4
dataverse_legacy,JPE,r,readxl,4
dataverse_legacy,JPE,r,stringr,4
dataverse_legacy,JPE,r,dplyr,4
dataverse_legacy,JPE,r,lmtest,3
dataverse_legacy,JPE,r,sandwich,3
dataverse_legacy,JPE,r,reshape2,3
dataverse_legacy,JPE,r,gridExtra,3
dataverse_legacy,JPE,r,knitr,3
dataverse_legacy,JPE,r,lubridate,3
dataverse_legacy,JPE,r,cowplot,3
dataverse_legacy,JPE,r,mfx,2
dataverse_legacy,JPE,r,multiwayvcov,2
dataverse_legacy,JPE,r,texreg,2
dataverse_legacy,JPE,r,xtable,2
dataverse_legacy,JPE,r,scales,2
dataverse_legacy,JPE,r,tidyverse,2
dataverse_legacy,JPE,r,haven,2
dataverse_legacy,JPE,r,Hmisc,2
dataverse_legacy,JPE,r,rstudioapi,2
dataverse_legacy,JPE,r,tidyr,2
dataverse_legacy,JPE,r,mefa,1
dataverse_legacy,JPE,r,doParallel,1
dataverse_legacy,JPE,r,emayili,1
dataverse_legacy,JPE,r,magrittr,1
dataverse_legacy,JPE,r,zTree,1
dataverse_legacy,JPE,r,bbmle,1
dataverse_legacy,JPE,r,msm,1
dataverse_legacy,JPE,r,nlWaldTest,1
dataverse_legacy,JPE,r,miceadds,1
dataverse_legacy,JPE,r,restriktor,1
dataverse_legacy,JPE,r,extRemes,1
dataverse_legacy,JPE,r,car,1
dataverse_legacy,JPE,r,alr3,1
dataverse_legacy,JPE,r,clusterSEs,1
dataverse_legacy,JPE,r,nnet,1
dataverse_legacy,JPE,r,gdata,1
dataverse_legacy,JPE,r,GA,1
dataverse_legacy,JPE,r,igraph,1
dataverse_legacy,JPE,r,VGAM,1
dataverse_legacy,JPE,r,tikzDevice,1
dataverse_legacy,JPE,r,fBasics,1
dataverse_legacy,JPE,r,showtext,1
dataverse_legacy,JPE,r,rlist,1
dataverse_legacy,JPE,r,kableExtra,1
dataverse_legacy,JPE,r,DescTools,1
dataverse_legacy,JPE,r,RColorBrewer,1
dataverse_legacy,JPE,r,grf,1
dataverse_legacy,JPE,r,pacman,1
dataverse_legacy,JPE,r,plotly,1
dataverse_legacy,JPE,r,fixest,1
dataverse_legacy,JPE,r,ggpubr,1
dataverse_legacy,JPE,r,countrycode,1
dataverse_legacy,JPE,r,did,1
dataverse_legacy,JPE,r,dotwhisker,1
dataverse_legacy,JPE,r,broom,1
dataverse_legacy,JPE,r,ggthemes,1
dataverse_legacy,JPE,r,maps,1
dataverse_legacy,JPE,r,latex2exp,1
dataverse_legacy,JPE,r,directlabels,1
dataverse_legacy,JPE,r,reshape,1
dataverse_legacy,JPE,r,gcookbook,1
dataverse_legacy,JPE,r,plm,1
dataverse_legacy,JPE,r,bit64,1
dataverse_legacy,JPE,r,tseries,1
dataverse_legacy,JPE,r,fUnitRoots,1
dataverse_legacy,JPE,r,forcats,1
dataverse_legacy,JPE,r,MASS,1
dataverse_legacy,JPE,r,harmonicmeanp,1
dataverse_legacy,JPE,r,FMStable,1
dataverse_legacy,JPE,r,ape,1
dataverse_legacy,JPE,r,lattice,1
dataverse_legacy,JPE,r,rmatio,1
dataverse_legacy,JPE,r,snowfall,1
dataverse_legacy,JPE,r,fastDummies,1
dataverse_legacy,JPE,r,AER,1
dataverse_legacy,JPE,r,mlogit,1
dataverse_legacy,JPE,r,stringdist,1
dataverse_legacy,JPE,r,gtools,1
dataverse_legacy,JPE,r,readr,1
dataverse_legacy,JPE,r,numDeriv,1
dataverse_legacy,JPE,r,yaml,1
dataverse_legacy,JPE,r,EnvStats,1
dataverse_legacy,JPE,r,gt,1
dataverse_legacy,JPE,r,nloptr,1
dataverse_legacy,JPE,r,vtable,1
dataverse_legacy,JPE,stata,estout,31
dataverse_legacy,JPE,stata,reghdfe,16
dataverse_legacy,JPE,stata,outreg2,14
dataverse_legacy,JPE,stata,gtools,7
dataverse_legacy,JPE,stata,coefplot,6
dataverse_legacy,JPE,stata,binscatter,5
dataverse_legacy,JPE,stata,winsor2,5
dataverse_legacy,JPE,stata,unique,5
dataverse_legacy,JPE,stata,ivreg2,4
dataverse_legacy,JPE,stata,distinct,4
dataverse_legacy,JPE,stata,ivreghdfe,3
dataverse_legacy,JPE,stata,parmest,3
dataverse_legacy,JPE,stata,maptile,2
dataverse_legacy,JPE,stata,fs,2
dataverse_legacy,JPE,stata,grstyle,2
dataverse_legacy,JPE,stata,labutil,2
dataverse_legacy,JPE,stata,tabout,2
dataverse_legacy,JPE,stata,orth_out,2
dataverse_legacy,JPE,stata,mhtreg,2
dataverse_legacy,JPE,stata,winsor,2
dataverse_legacy,JPE,stata,ftools,2
dataverse_legacy,JPE,stata,weakivtest,2
dataverse_legacy,JPE,stata,rdrobust,2
dataverse_legacy,JPE,stata,spmap,2
dataverse_legacy,JPE,stata,leebounds,2
dataverse_legacy,JPE,stata,filelist,1
dataverse_legacy,JPE,stata,ttable2,1
dataverse_legacy,JPE,stata,psmatch2,1
dataverse_legacy,JPE,stata,gsample,1
dataverse_legacy,JPE,stata,grqreg,1
dataverse_legacy,JPE,stata,vam,1
dataverse_legacy,JPE,stata,mmerge,1
dataverse_legacy,JPE,stata,nsplit,1
dataverse_legacy,JPE,stata,pwcov,1
dataverse_legacy,JPE,stata,shp2dta,1
dataverse_legacy,JPE,stata,mergepoly,1
dataverse_legacy,JPE,stata,geo2xy,1
dataverse_legacy,JPE,stata,spgrid,1
dataverse_legacy,JPE,stata,geoinpoly,1
dataverse_legacy,JPE,stata,ritest,1
dataverse_legacy,JPE,stata,cdfplot,1
dataverse_legacy,JPE,stata,wyoung,1
dataverse_legacy,JPE,stata,palettes,1
dataverse_legacy,JPE,stata,center,1
dataverse_legacy,JPE,stata,lassopack,1
dataverse_legacy,JPE,stata,tabstatmat,1
dataverse_legacy,JPE,stata,regsave,1
dataverse_legacy,JPE,stata,balancetable,1
dataverse_legacy,JPE,stata,hdfe,1
dataverse_legacy,JPE,stata,ietoolkit,1
dataverse_legacy,JPE,stata,synth,1
dataverse_legacy,JPE,stata,parallel,1
dataverse_legacy,JPE,stata,eventdd,1
dataverse_legacy,JPE,stata,latab,1
dataverse_legacy,JPE,stata,seq,1
dataverse_legacy,JPE,stata,tsegen,1
dataverse_legacy,JPE,stata,rwolf2,1
dataverse_legacy,JPE,stata,gzsave,1
dataverse_legacy,JPE,stata,astile,1
dataverse_legacy,JPE,stata,weakiv,1
dataverse_legacy,JPE,stata,ppmlhdfe,1
dataverse_legacy,JPE,stata,heatplot,1
dataverse_legacy,JPE,stata,geodist,1
dataverse_legacy,JPE,stata,sutex2,1
dataverse_legacy,JPE,stata,mylabels,1
dataverse_legacy,JPE,stata,persuasio,1
dataverse_legacy,JPE,stata,outreg,1
dataverse_legacy,JPE,stata,missings,1
dataverse_legacy,JPE,stata,rwolf,1
dataverse_legacy,JPE_Macroeconomics,python,numpy,2
dataverse_legacy,JPE_Macroeconomics,python,scipy,2
dataverse_legacy,JPE_Macroeconomics,python,sympy,1
dataverse_legacy,JPE_Macroeconomics,python,pandas,1
dataverse_legacy,JPE_Macroeconomics,python,matplotlib,1
dataverse_legacy,JPE_Macroeconomics,python,statsmodels,1
dataverse_legacy,JPE_Macroeconomics,python,fredapi,1
dataverse_legacy,JPE_Macroeconomics,python,graphics,1
dataverse_legacy,JPE_Macroeconomics,r,data.table,2
dataverse_legacy,JPE_Macroeconomics,r,lfe,1
dataverse_legacy,JPE_Macroeconomics,r,zoo,1
dataverse_legacy,JPE_Macroeconomics,r,haven,1
dataverse_legacy,JPE_Macroeconomics,stata,outreg2,5
dataverse_legacy,JPE_Macroeconomics,stata,reghdfe,2
dataverse_legacy,JPE_Macroeconomics,stata,binscatter,2
dataverse_legacy,JPE_Macroeconomics,stata,winsor2,2
dataverse_legacy,JPE_Macroeconomics,stata,estout,1
dataverse_legacy,JPE_Macroeconomics,stata,sxpose,1
dataverse_legacy,JPE_Macroeconomics,stata,stop,1
dataverse_legacy,JPE_Macroeconomics,stata,nsplit,1
dataverse_legacy,JPE_Macroeconomics,stata,qreg2,1
dataverse_legacy,JPE_Macroeconomics,stata,unique,1
dataverse_legacy,JPE_Macroeconomics,stata,distinct,1
dataverse_legacy,JPE_Macroeconomics,stata,coefplot,1
dataverse_legacy,JPE_Macroeconomics,stata,carryforward,1
dataverse_legacy,JPE_Macroeconomics,stata,geodist,1
dataverse_legacy,JPE_Macroeconomics,stata,geonear,1
dataverse_legacy,JPE_Macroeconomics,stata,descsave,1
dataverse_legacy,JPE_Macroeconomics,stata,hprescott,1
dataverse_legacy,JPE_Macroeconomics,stata,kountry,1
dataverse_legacy,JPE_Macroeconomics,stata,runby,1
dataverse_legacy,JPE_Macroeconomics,stata,tabstatmat,1
dataverse_legacy,JPE_Macroeconomics,stata,mat2txt,1
dataverse_legacy,JPE_Macroeconomics,stata,rangestat,1
dataverse_legacy,JPE_Microeconomics,python,chess,1
dataverse_legacy,JPE_Microeconomics,python,scipy,1
dataverse_legacy,JPE_Microeconomics,r,tidyverse,1
dataverse_legacy,JPE_Microeconomics,r,ggplot2,1
dataverse_legacy,JPE_Microeconomics,r,stringi,1
dataverse_legacy,JPE_Microeconomics,r,stargazer,1
dataverse_legacy,JPE_Microeconomics,r,foreign,1
dataverse_legacy,JPE_Microeconomics,r,knitr,1
dataverse_legacy,JPE_Microeconomics,r,broom,1
dataverse_legacy,JPE_Microeconomics,r,xtable,1
dataverse_legacy,JPE_Microeconomics,r,readr,1
dataverse_legacy,JPE_Microeconomics,r,plm,1
dataverse_legacy,JPE_Microeconomics,r,lme4,1
dataverse_legacy,JPE_Microeconomics,r,lmtest,1
dataverse_legacy,JPE_Microeconomics,r,multiwayvcov,1
dataverse_legacy,JPE_Microeconomics,r,fwildclusterboot,1
dataverse_legacy,JPE_Microeconomics,r,babynames,1
dataverse_legacy,JPE_Microeconomics,r,dplyr,1
dataverse_legacy,JPE_Microeconomics,r,plotly,1
dataverse_legacy,JPE_Microeconomics,stata,estout,8
dataverse_legacy,JPE_Microeconomics,stata,outreg2,4
dataverse_legacy,JPE_Microeconomics,stata,reghdfe,4
dataverse_legacy,JPE_Microeconomics,stata,gtools,3
dataverse_legacy,JPE_Microeconomics,stata,spmap,3
dataverse_legacy,JPE_Microeconomics,stata,shp2dta,2
dataverse_legacy,JPE_Microeconomics,stata,binscatter,2
dataverse_legacy,JPE_Microeconomics,stata,ivreghdfe,2
dataverse_legacy,JPE_Microeconomics,stata,randcmd,2
dataverse_legacy,JPE_Microeconomics,stata,opencagegeo,1
dataverse_legacy,JPE_Microeconomics,stata,swindex,1
dataverse_legacy,JPE_Microeconomics,stata,lassopack,1
dataverse_legacy,JPE_Microeconomics,stata,geonear,1
dataverse_legacy,JPE_Microeconomics,stata,outreg,1
dataverse_legacy,JPE_Microeconomics,stata,parmest,1
dataverse_legacy,JPE_Microeconomics,stata,elasticregress,1
dataverse_legacy,JPE_Microeconomics,stata,distinct,1
dataverse_legacy,JPE_Microeconomics,stata,marhis,1
dataverse_legacy,JPE_Microeconomics,stata,ftools,1
dataverse_legacy,JPE_Microeconomics,stata,rwolf,1
dataverse_legacy,JPE_Microeconomics,stata,shapley2,1
dataverse_legacy,JPE_Microeconomics,stata,pctrim,1
dataverse_legacy,JPE_Microeconomics,stata,mhtreg,1
dataverse_legacy,JPE_Microeconomics,stata,nnls,1
dataverse_legacy,JPE_Microeconomics,stata,mhtexp,1
dataverse_legacy,JPE_Microeconomics,stata,sxpose,1
dataverse_legacy,JPublicPolicy,python,numpy,1
dataverse_legacy,JPublicPolicy,r,ggplot2,21
dataverse_legacy,JPublicPolicy,r,dplyr,17
dataverse_legacy,JPublicPolicy,r,stargazer,10
dataverse_legacy,JPublicPolicy,r,tidyverse,10
dataverse_legacy,JPublicPolicy,r,foreign,9
dataverse_legacy,JPublicPolicy,r,plyr,8
dataverse_legacy,JPublicPolicy,r,texreg,8
dataverse_legacy,JPublicPolicy,r,tidyr,8
dataverse_legacy,JPublicPolicy,r,car,7
dataverse_legacy,JPublicPolicy,r,lme4,6
dataverse_legacy,JPublicPolicy,r,scales,5
dataverse_legacy,JPublicPolicy,r,lmtest,5
dataverse_legacy,JPublicPolicy,r,haven,5
dataverse_legacy,JPublicPolicy,r,devtools,4
dataverse_legacy,JPublicPolicy,r,stringr,4
dataverse_legacy,JPublicPolicy,r,lubridate,4
dataverse_legacy,JPublicPolicy,r,readxl,4
dataverse_legacy,JPublicPolicy,r,ggthemes,4
dataverse_legacy,JPublicPolicy,r,psych,4
dataverse_legacy,JPublicPolicy,r,data.table,4
dataverse_legacy,JPublicPolicy,r,sandwich,3
dataverse_legacy,JPublicPolicy,r,extrafont,3
dataverse_legacy,JPublicPolicy,r,readstata13,3
dataverse_legacy,JPublicPolicy,r,arm,3
dataverse_legacy,JPublicPolicy,r,openxlsx,3
dataverse_legacy,JPublicPolicy,r,readr,3
dataverse_legacy,JPublicPolicy,r,rio,3
dataverse_legacy,JPublicPolicy,r,network,3
dataverse_legacy,JPublicPolicy,r,RColorBrewer,3
dataverse_legacy,JPublicPolicy,r,statnet,3
dataverse_legacy,JPublicPolicy,r,xtable,3
dataverse_legacy,JPublicPolicy,r,broom,3
dataverse_legacy,JPublicPolicy,r,survey,3
dataverse_legacy,JPublicPolicy,r,ggrepel,3
dataverse_legacy,JPublicPolicy,r,MASS,3
dataverse_legacy,JPublicPolicy,r,igraph,2
dataverse_legacy,JPublicPolicy,r,gridExtra,2
dataverse_legacy,JPublicPolicy,r,lfe,2
dataverse_legacy,JPublicPolicy,r,forcats,2
dataverse_legacy,JPublicPolicy,r,tibble,2
dataverse_legacy,JPublicPolicy,r,coefplot,2
dataverse_legacy,JPublicPolicy,r,pacman,2
dataverse_legacy,JPublicPolicy,r,GGally,2
dataverse_legacy,JPublicPolicy,r,httr,2
dataverse_legacy,JPublicPolicy,r,sna,2
dataverse_legacy,JPublicPolicy,r,viridis,2
dataverse_legacy,JPublicPolicy,r,gdata,2
dataverse_legacy,JPublicPolicy,r,ergm,2
dataverse_legacy,JPublicPolicy,r,sjmisc,2
dataverse_legacy,JPublicPolicy,r,zoo,2
dataverse_legacy,JPublicPolicy,r,xlsx,2
dataverse_legacy,JPublicPolicy,r,MuMIn,2
dataverse_legacy,JPublicPolicy,r,margins,2
dataverse_legacy,JPublicPolicy,r,ggpubr,2
dataverse_legacy,JPublicPolicy,r,boot,2
dataverse_legacy,JPublicPolicy,r,pastecs,2
dataverse_legacy,JPublicPolicy,r,Hmisc,2
dataverse_legacy,JPublicPolicy,r,mlogit,2
dataverse_legacy,JPublicPolicy,r,survival,2
dataverse_legacy,JPublicPolicy,r,AER,2
dataverse_legacy,JPublicPolicy,r,plm,2
dataverse_legacy,JPublicPolicy,r,nnet,2
dataverse_legacy,JPublicPolicy,r,gtools,2
dataverse_legacy,JPublicPolicy,r,rstudioapi,2
dataverse_legacy,JPublicPolicy,r,sampleSelection,1
dataverse_legacy,JPublicPolicy,r,mrp,1
dataverse_legacy,JPublicPolicy,r,mrpdata,1
dataverse_legacy,JPublicPolicy,r,lattice,1
dataverse_legacy,JPublicPolicy,r,mvtnorm,1
dataverse_legacy,JPublicPolicy,r,R2WinBUGS,1
dataverse_legacy,JPublicPolicy,r,coda,1
dataverse_legacy,JPublicPolicy,r,plotrix,1
dataverse_legacy,JPublicPolicy,r,here,1
dataverse_legacy,JPublicPolicy,r,Rmisc,1
dataverse_legacy,JPublicPolicy,r,hms,1
dataverse_legacy,JPublicPolicy,r,bizdays,1
dataverse_legacy,JPublicPolicy,r,directlabels,1
dataverse_legacy,JPublicPolicy,r,reldist,1
dataverse_legacy,JPublicPolicy,r,Matrix,1
dataverse_legacy,JPublicPolicy,r,ineq,1
dataverse_legacy,JPublicPolicy,r,plotly,1
dataverse_legacy,JPublicPolicy,r,rmarkdown,1
dataverse_legacy,JPublicPolicy,r,tidygraph,1
dataverse_legacy,JPublicPolicy,r,ggraph,1
dataverse_legacy,JPublicPolicy,r,BiocManager,1
dataverse_legacy,JPublicPolicy,r,intergraph,1
dataverse_legacy,JPublicPolicy,r,reshape,1
dataverse_legacy,JPublicPolicy,r,sinaplot,1
dataverse_legacy,JPublicPolicy,r,likert,1
dataverse_legacy,JPublicPolicy,r,combinat,1
dataverse_legacy,JPublicPolicy,r,gregmisc,1
dataverse_legacy,JPublicPolicy,r,gplots,1
dataverse_legacy,JPublicPolicy,r,dgo,1
dataverse_legacy,JPublicPolicy,r,dgodata,1
dataverse_legacy,JPublicPolicy,r,shape,1
dataverse_legacy,JPublicPolicy,r,StanHeaders,1
dataverse_legacy,JPublicPolicy,r,rstan,1
dataverse_legacy,JPublicPolicy,r,eurostat,1
dataverse_legacy,JPublicPolicy,r,tseries,1
dataverse_legacy,JPublicPolicy,r,aTSA,1
dataverse_legacy,JPublicPolicy,r,urca,1
dataverse_legacy,JPublicPolicy,r,dynlm,1
dataverse_legacy,JPublicPolicy,r,gtsummary,1
dataverse_legacy,JPublicPolicy,r,writexl,1
dataverse_legacy,JPublicPolicy,r,sjlabelled,1
dataverse_legacy,JPublicPolicy,r,dLagM,1
dataverse_legacy,JPublicPolicy,r,essurvey,1
dataverse_legacy,JPublicPolicy,r,tidyselect,1
dataverse_legacy,JPublicPolicy,r,knitr,1
dataverse_legacy,JPublicPolicy,r,questionr,1
dataverse_legacy,JPublicPolicy,r,qpcR,1
dataverse_legacy,JPublicPolicy,r,poLCA,1
dataverse_legacy,JPublicPolicy,r,sjPlot,1
dataverse_legacy,JPublicPolicy,r,spdep,1
dataverse_legacy,JPublicPolicy,r,dataverse,1
dataverse_legacy,JPublicPolicy,r,convertr,1
dataverse_legacy,JPublicPolicy,r,janitor,1
dataverse_legacy,JPublicPolicy,r,lmerTest,1
dataverse_legacy,JPublicPolicy,r,emmeans,1
dataverse_legacy,JPublicPolicy,r,pbkrtest,1
dataverse_legacy,JPublicPolicy,r,dlm,1
dataverse_legacy,JPublicPolicy,r,gmodels,1
dataverse_legacy,JPublicPolicy,r,aod,1
dataverse_legacy,JPublicPolicy,r,rgl,1
dataverse_legacy,JPublicPolicy,r,descr,1
dataverse_legacy,JPublicPolicy,r,ggeffects,1
dataverse_legacy,JPublicPolicy,r,corrplot,1
dataverse_legacy,JPublicPolicy,r,hrbrthemes,1
dataverse_legacy,JPublicPolicy,r,interactions,1
dataverse_legacy,JPublicPolicy,r,cjoint,1
dataverse_legacy,JPublicPolicy,r,nFactors,1
dataverse_legacy,JPublicPolicy,r,effects,1
dataverse_legacy,JPublicPolicy,r,influence.ME,1
dataverse_legacy,JPublicPolicy,r,oaxaca,1
dataverse_legacy,JPublicPolicy,r,splm,1
dataverse_legacy,JPublicPolicy,r,coxed,1
dataverse_legacy,JPublicPolicy,r,lavaan,1
dataverse_legacy,JPublicPolicy,r,semTools,1
dataverse_legacy,JPublicPolicy,r,Zelig,1
dataverse_legacy,JPublicPolicy,r,xml2,1
dataverse_legacy,JPublicPolicy,r,labelled,1
dataverse_legacy,JPublicPolicy,r,Amelia,1
dataverse_legacy,JPublicPolicy,r,MNP,1
dataverse_legacy,JPublicPolicy,r,reshape2,1
dataverse_legacy,JPublicPolicy,r,clusterSEs,1
dataverse_legacy,JPublicPolicy,r,abind,1
dataverse_legacy,JPublicPolicy,r,zeligverse,1
dataverse_legacy,JPublicPolicy,r,cem,1
dataverse_legacy,JPublicPolicy,r,truncnorm,1
dataverse_legacy,JPublicPolicy,r,compositions,1
dataverse_legacy,JPublicPolicy,r,systemfit,1
dataverse_legacy,JPublicPolicy,r,mediation,1
dataverse_legacy,JPublicPolicy,r,multcomp,1
dataverse_legacy,JPublicPolicy,r,doParallel,1
dataverse_legacy,JPublicPolicy,r,foreach,1
dataverse_legacy,JPublicPolicy,r,multiwayvcov,1
dataverse_legacy,JPublicPolicy,r,cowplot,1
dataverse_legacy,JPublicPolicy,r,brms,1
dataverse_legacy,JPublicPolicy,r,rdrobust,1
dataverse_legacy,JPublicPolicy,r,rddensity,1
dataverse_legacy,JPublicPolicy,r,dotwhisker,1
dataverse_legacy,JPublicPolicy,r,doBy,1
dataverse_legacy,JPublicPolicy,r,QCA,1
dataverse_legacy,JPublicPolicy,r,ggExtra,1
dataverse_legacy,JPublicPolicy,r,PolicyPortfolios,1
dataverse_legacy,JPublicPolicy,r,patchwork,1
dataverse_legacy,JPublicPolicy,r,sf,1
dataverse_legacy,JPublicPolicy,r,MatchIt,1
dataverse_legacy,JPublicPolicy,r,rgenoud,1
dataverse_legacy,JPublicPolicy,r,nloptr,1
dataverse_legacy,JPublicPolicy,stata,estout,26
dataverse_legacy,JPublicPolicy,stata,coefplot,10
dataverse_legacy,JPublicPolicy,stata,outreg2,10
dataverse_legacy,JPublicPolicy,stata,fitstat,3
dataverse_legacy,JPublicPolicy,stata,asdoc,3
dataverse_legacy,JPublicPolicy,stata,clarify,2
dataverse_legacy,JPublicPolicy,stata,cmp,2
dataverse_legacy,JPublicPolicy,stata,sutex,2
dataverse_legacy,JPublicPolicy,stata,maptile,1
dataverse_legacy,JPublicPolicy,stata,shp2dta,1
dataverse_legacy,JPublicPolicy,stata,combomarginsplot,1
dataverse_legacy,JPublicPolicy,stata,seqlogit,1
dataverse_legacy,JPublicPolicy,stata,stpm2,1
dataverse_legacy,JPublicPolicy,stata,orth_out,1
dataverse_legacy,JPublicPolicy,stata,asgen,1
dataverse_legacy,JPublicPolicy,stata,gologit2,1
dataverse_legacy,JPublicPolicy,stata,cem,1
dataverse_legacy,JPublicPolicy,stata,estout1,1
dataverse_legacy,JPublicPolicy,stata,xcontract,1
dataverse_legacy,JPublicPolicy,stata,rdrobust,1
dataverse_legacy,JPublicPolicy,stata,spwmatrix,1
dataverse_legacy,JPublicPolicy,stata,spmlreg,1
dataverse_legacy,JPublicPolicy,stata,stripplot,1
dataverse_legacy,JPublicPolicy,stata,xtbreak,1
dataverse_legacy,JPublicPolicy,stata,robmv,1
dataverse_legacy,JPublicPolicy,stata,mm_regress,1
dataverse_legacy,JPublicPolicy,stata,spregdpd,1
dataverse_legacy,JPublicPolicy,stata,xtgcause,1
dataverse_legacy,JPublicPolicy,stata,outtable,1
dataverse_legacy,JPublicPolicy,stata,reghdfe,1
dataverse_legacy,JPublicPolicy,stata,sxpose,1
dataverse_legacy,JPublicPolicy,stata,nnls,1
dataverse_legacy,JPublicPolicy,stata,mylabels,1
dataverse_legacy,JPublicPolicy,stata,ppml,1
dataverse_legacy,JPublicPolicy,stata,gpscore2,1
dataverse_legacy,JPublicPolicy,stata,xtscc,1
dataverse_legacy,LAPS,r,stargazer,4
dataverse_legacy,LAPS,r,dplyr,4
dataverse_legacy,LAPS,r,ggplot2,4
dataverse_legacy,LAPS,r,foreign,4
dataverse_legacy,LAPS,r,RColorBrewer,3
dataverse_legacy,LAPS,r,car,3
dataverse_legacy,LAPS,r,tidyverse,2
dataverse_legacy,LAPS,r,here,2
dataverse_legacy,LAPS,r,sandwich,2
dataverse_legacy,LAPS,r,lmtest,2
dataverse_legacy,LAPS,r,gridExtra,2
dataverse_legacy,LAPS,r,spdep,2
dataverse_legacy,LAPS,r,maptools,2
dataverse_legacy,LAPS,r,rgdal,2
dataverse_legacy,LAPS,r,spgwr,2
dataverse_legacy,LAPS,r,plyr,2
dataverse_legacy,LAPS,r,summarytools,1
dataverse_legacy,LAPS,r,lubridate,1
dataverse_legacy,LAPS,r,scales,1
dataverse_legacy,LAPS,r,conflicted,1
dataverse_legacy,LAPS,r,rebus,1
dataverse_legacy,LAPS,r,patchwork,1
dataverse_legacy,LAPS,r,extrafont,1
dataverse_legacy,LAPS,r,broom,1
dataverse_legacy,LAPS,r,tidyr,1
dataverse_legacy,LAPS,r,DeclareDesign,1
dataverse_legacy,LAPS,r,ri2,1
dataverse_legacy,LAPS,r,gtools,1
dataverse_legacy,LAPS,r,plm,1
dataverse_legacy,LAPS,r,VennDiagram,1
dataverse_legacy,LAPS,r,ggfortify,1
dataverse_legacy,LAPS,r,reshape2,1
dataverse_legacy,LAPS,r,ggeffects,1
dataverse_legacy,LAPS,r,igraph,1
dataverse_legacy,LAPS,r,weights,1
dataverse_legacy,LAPS,r,tm,1
dataverse_legacy,LAPS,r,SnowballC,1
dataverse_legacy,LAPS,r,e1071,1
dataverse_legacy,LAPS,r,sqldf,1
dataverse_legacy,LAPS,r,rjags,1
dataverse_legacy,LAPS,r,MASS,1
dataverse_legacy,LAPS,r,readxl,1
dataverse_legacy,LAPS,r,rtf,1
dataverse_legacy,LAPS,r,ggpubr,1
dataverse_legacy,LAPS,r,pacman,1
dataverse_legacy,LAPS,r,arm,1
dataverse_legacy,LAPS,r,magrittr,1
dataverse_legacy,LAPS,r,sp,1
dataverse_legacy,LAPS,r,Matrix,1
dataverse_legacy,LAPS,r,xtable,1
dataverse_legacy,LAPS,r,classInt,1
dataverse_legacy,LAPS,r,devEMF,1
dataverse_legacy,LAPS,r,lme4,1
dataverse_legacy,LAPS,r,plotly,1
dataverse_legacy,LAPS,stata,outreg2,5
dataverse_legacy,LAPS,stata,estout,3
dataverse_legacy,LAPS,stata,parmest,2
dataverse_legacy,LAPS,stata,fitstat,1
dataverse_legacy,LAPS,stata,cem,1
dataverse_legacy,LAPS,stata,doseresponse,1
dataverse_legacy,LAPS,stata,labutil,1
dataverse_legacy,LAPS,stata,eclplot,1
dataverse_legacy,LAPS,stata,mixlogit,1
dataverse_legacy,LAPS,stata,sumdist,1
dataverse_legacy,LAPS,stata,metaan,1
dataverse_legacy,LAPS,stata,metareg,1
dataverse_legacy,PAR,stata,coefplot,2
dataverse_legacy,PAR,stata,ipfraking,1
dataverse_legacy,PAR,stata,estout,1
dataverse_legacy,PSRM,python,numpy,3
dataverse_legacy,PSRM,python,scipy,2
dataverse_legacy,PSRM,python,pandas,2
dataverse_legacy,PSRM,python,parmap,1
dataverse_legacy,PSRM,python,rpy2,1
dataverse_legacy,PSRM,python,pyipopt,1
dataverse_legacy,PSRM,python,matplotlib,1
dataverse_legacy,PSRM,python,scikit-learn,1
dataverse_legacy,PSRM,python,pysal,1
dataverse_legacy,PSRM,r,ggplot2,130
dataverse_legacy,PSRM,r,foreign,99
dataverse_legacy,PSRM,r,dplyr,87
dataverse_legacy,PSRM,r,stargazer,68
dataverse_legacy,PSRM,r,tidyverse,54
dataverse_legacy,PSRM,r,xtable,52
dataverse_legacy,PSRM,r,gridExtra,47
dataverse_legacy,PSRM,r,plyr,41
dataverse_legacy,PSRM,r,car,38
dataverse_legacy,PSRM,r,sandwich,37
dataverse_legacy,PSRM,r,MASS,35
dataverse_legacy,PSRM,r,lmtest,30
dataverse_legacy,PSRM,r,scales,29
dataverse_legacy,PSRM,r,haven,29
dataverse_legacy,PSRM,r,readstata13,28
dataverse_legacy,PSRM,r,reshape2,26
dataverse_legacy,PSRM,r,texreg,24
dataverse_legacy,PSRM,r,lubridate,23
dataverse_legacy,PSRM,r,RColorBrewer,22
dataverse_legacy,PSRM,r,stringr,21
dataverse_legacy,PSRM,r,tidyr,21
dataverse_legacy,PSRM,r,data.table,20
dataverse_legacy,PSRM,r,Hmisc,20
dataverse_legacy,PSRM,r,plm,19
dataverse_legacy,PSRM,r,lme4,19
dataverse_legacy,PSRM,r,broom,19
dataverse_legacy,PSRM,r,devtools,18
dataverse_legacy,PSRM,r,lattice,17
dataverse_legacy,PSRM,r,arm,16
dataverse_legacy,PSRM,r,lfe,15
dataverse_legacy,PSRM,r,survey,15
dataverse_legacy,PSRM,r,survival,14
dataverse_legacy,PSRM,r,ggpubr,14
dataverse_legacy,PSRM,r,estimatr,13
dataverse_legacy,PSRM,r,readxl,13
dataverse_legacy,PSRM,r,AER,11
dataverse_legacy,PSRM,r,maptools,11
dataverse_legacy,PSRM,r,coda,11
dataverse_legacy,PSRM,r,mvtnorm,11
dataverse_legacy,PSRM,r,margins,11
dataverse_legacy,PSRM,r,magrittr,11
dataverse_legacy,PSRM,r,Zelig,10
dataverse_legacy,PSRM,r,ggrepel,10
dataverse_legacy,PSRM,r,readr,10
dataverse_legacy,PSRM,r,psych,9
dataverse_legacy,PSRM,r,MatchIt,9
dataverse_legacy,PSRM,r,plotrix,9
dataverse_legacy,PSRM,r,rstudioapi,9
dataverse_legacy,PSRM,r,multiwayvcov,9
dataverse_legacy,PSRM,r,logr,9
dataverse_legacy,PSRM,r,rio,9
dataverse_legacy,PSRM,r,sjPlot,9
dataverse_legacy,PSRM,r,cowplot,9
dataverse_legacy,PSRM,r,rdrobust,9
dataverse_legacy,PSRM,r,foreach,8
dataverse_legacy,PSRM,r,ggeffects,8
dataverse_legacy,PSRM,r,rgdal,8
dataverse_legacy,PSRM,r,quanteda,8
dataverse_legacy,PSRM,r,coefplot,8
dataverse_legacy,PSRM,r,tibble,8
dataverse_legacy,PSRM,r,knitr,7
dataverse_legacy,PSRM,r,kableExtra,7
dataverse_legacy,PSRM,r,zoo,7
dataverse_legacy,PSRM,r,forcats,7
dataverse_legacy,PSRM,r,here,7
dataverse_legacy,PSRM,r,rstan,7
dataverse_legacy,PSRM,r,igraph,7
dataverse_legacy,PSRM,r,ggthemes,7
dataverse_legacy,PSRM,r,stm,7
dataverse_legacy,PSRM,r,MCMCpack,6
dataverse_legacy,PSRM,r,matrixStats,6
dataverse_legacy,PSRM,r,doParallel,6
dataverse_legacy,PSRM,r,rjags,6
dataverse_legacy,PSRM,r,reshape,6
dataverse_legacy,PSRM,r,boot,6
dataverse_legacy,PSRM,r,modelsummary,6
dataverse_legacy,PSRM,r,cjoint,6
dataverse_legacy,PSRM,r,countrycode,6
dataverse_legacy,PSRM,r,rgeos,6
dataverse_legacy,PSRM,r,ggmap,6
dataverse_legacy,PSRM,r,Amelia,6
dataverse_legacy,PSRM,r,maps,6
dataverse_legacy,PSRM,r,aod,5
dataverse_legacy,PSRM,r,nnet,5
dataverse_legacy,PSRM,r,mgcv,5
dataverse_legacy,PSRM,r,gtools,5
dataverse_legacy,PSRM,r,classInt,5
dataverse_legacy,PSRM,r,sf,5
dataverse_legacy,PSRM,r,jtools,5
dataverse_legacy,PSRM,r,ggstance,5
dataverse_legacy,PSRM,r,openxlsx,5
dataverse_legacy,PSRM,r,Matching,5
dataverse_legacy,PSRM,r,spdep,5
dataverse_legacy,PSRM,r,rdd,5
dataverse_legacy,PSRM,r,randomizr,4
dataverse_legacy,PSRM,r,pacman,4
dataverse_legacy,PSRM,r,randomForest,4
dataverse_legacy,PSRM,r,Matrix,4
dataverse_legacy,PSRM,r,descr,4
dataverse_legacy,PSRM,r,clusterSEs,4
dataverse_legacy,PSRM,r,cregg,4
dataverse_legacy,PSRM,r,janitor,4
dataverse_legacy,PSRM,r,fields,4
dataverse_legacy,PSRM,r,mfx,4
dataverse_legacy,PSRM,r,brms,4
dataverse_legacy,PSRM,r,abind,4
dataverse_legacy,PSRM,r,tm,4
dataverse_legacy,PSRM,r,topicmodels,4
dataverse_legacy,PSRM,r,fixest,4
dataverse_legacy,PSRM,r,tidytext,4
dataverse_legacy,PSRM,r,effects,4
dataverse_legacy,PSRM,r,raster,4
dataverse_legacy,PSRM,r,sp,4
dataverse_legacy,PSRM,r,viridis,4
dataverse_legacy,PSRM,r,ggridges,4
dataverse_legacy,PSRM,r,latticeExtra,4
dataverse_legacy,PSRM,r,weights,4
dataverse_legacy,PSRM,r,purrr,4
dataverse_legacy,PSRM,r,interplot,4
dataverse_legacy,PSRM,r,TeachingDemos,4
dataverse_legacy,PSRM,r,pscl,4
dataverse_legacy,PSRM,r,mice,4
dataverse_legacy,PSRM,r,ri,3
dataverse_legacy,PSRM,r,sjmisc,3
dataverse_legacy,PSRM,r,interflex,3
dataverse_legacy,PSRM,r,Formula,3
dataverse_legacy,PSRM,r,doRNG,3
dataverse_legacy,PSRM,r,DataCombine,3
dataverse_legacy,PSRM,r,modelr,3
dataverse_legacy,PSRM,r,dotwhisker,3
dataverse_legacy,PSRM,r,mlogit,3
dataverse_legacy,PSRM,r,ebal,3
dataverse_legacy,PSRM,r,glmnet,3
dataverse_legacy,PSRM,r,bayesplot,3
dataverse_legacy,PSRM,r,fastDummies,3
dataverse_legacy,PSRM,r,sna,3
dataverse_legacy,PSRM,r,geosphere,3
dataverse_legacy,PSRM,r,ivpack,3
dataverse_legacy,PSRM,r,apsrtable,3
dataverse_legacy,PSRM,r,gdata,3
dataverse_legacy,PSRM,r,ROCR,3
dataverse_legacy,PSRM,r,splitstackshape,3
dataverse_legacy,PSRM,r,dummies,3
dataverse_legacy,PSRM,r,doBy,3
dataverse_legacy,PSRM,r,rddensity,3
dataverse_legacy,PSRM,r,assertthat,3
dataverse_legacy,PSRM,r,miscTools,3
dataverse_legacy,PSRM,r,broom.mixed,3
dataverse_legacy,PSRM,r,R2jags,2
dataverse_legacy,PSRM,r,DeclareDesign,2
dataverse_legacy,PSRM,r,sjlabelled,2
dataverse_legacy,PSRM,r,pbivnorm,2
dataverse_legacy,PSRM,r,e1071,2
dataverse_legacy,PSRM,r,gridBase,2
dataverse_legacy,PSRM,r,rms,2
dataverse_legacy,PSRM,r,srvyr,2
dataverse_legacy,PSRM,r,vtable,2
dataverse_legacy,PSRM,r,gnm,2
dataverse_legacy,PSRM,r,Rcpp,2
dataverse_legacy,PSRM,r,wordcloud,2
dataverse_legacy,PSRM,r,basicspace,2
dataverse_legacy,PSRM,r,extrafont,2
dataverse_legacy,PSRM,r,did,2
dataverse_legacy,PSRM,r,RCurl,2
dataverse_legacy,PSRM,r,RTextTools,2
dataverse_legacy,PSRM,r,clubSandwich,2
dataverse_legacy,PSRM,r,gt,2
dataverse_legacy,PSRM,r,brglm,2
dataverse_legacy,PSRM,r,corrplot,2
dataverse_legacy,PSRM,r,SnowballC,2
dataverse_legacy,PSRM,r,XML,2
dataverse_legacy,PSRM,r,text2vec,2
dataverse_legacy,PSRM,r,stopwords,2
dataverse_legacy,PSRM,r,nlme,2
dataverse_legacy,PSRM,r,cshapes,2
dataverse_legacy,PSRM,r,Cairo,2
dataverse_legacy,PSRM,r,spam,2
dataverse_legacy,PSRM,r,R2WinBUGS,2
dataverse_legacy,PSRM,r,pBrackets,2
dataverse_legacy,PSRM,r,logistf,2
dataverse_legacy,PSRM,r,gsynth,2
dataverse_legacy,PSRM,r,Synth,2
dataverse_legacy,PSRM,r,stringi,2
dataverse_legacy,PSRM,r,irr,2
dataverse_legacy,PSRM,r,ergm,2
dataverse_legacy,PSRM,r,ergm.count,2
dataverse_legacy,PSRM,r,mokken,2
dataverse_legacy,PSRM,r,fst,2
dataverse_legacy,PSRM,r,rgenoud,2
dataverse_legacy,PSRM,r,latex2exp,2
dataverse_legacy,PSRM,r,mclogit,2
dataverse_legacy,PSRM,r,amen,2
dataverse_legacy,PSRM,r,mapproj,2
dataverse_legacy,PSRM,r,nlWaldTest,2
dataverse_legacy,PSRM,r,rdpower,2
dataverse_legacy,PSRM,r,ltm,2
dataverse_legacy,PSRM,r,wnominate,2
dataverse_legacy,PSRM,r,xlsx,2
dataverse_legacy,PSRM,r,lsr,2
dataverse_legacy,PSRM,r,mediation,2
dataverse_legacy,PSRM,r,systemfit,2
dataverse_legacy,PSRM,r,tidymodels,2
dataverse_legacy,PSRM,r,rdlocrand,2
dataverse_legacy,PSRM,r,caret,2
dataverse_legacy,PSRM,r,cobalt,2
dataverse_legacy,PSRM,r,memisc,2
dataverse_legacy,PSRM,r,miceadds,2
dataverse_legacy,PSRM,r,tikzDevice,2
dataverse_legacy,PSRM,r,nonnest2,2
dataverse_legacy,PSRM,r,tictoc,2
dataverse_legacy,PSRM,r,plotly,2
dataverse_legacy,PSRM,r,runjags,2
dataverse_legacy,PSRM,r,ranger,2
dataverse_legacy,PSRM,r,hrbrthemes,2
dataverse_legacy,PSRM,r,Rmisc,2
dataverse_legacy,PSRM,r,BBmisc,2
dataverse_legacy,PSRM,r,questionr,2
dataverse_legacy,PSRM,r,patchwork,2
dataverse_legacy,PSRM,r,rstanarm,2
dataverse_legacy,PSRM,r,glue,2
dataverse_legacy,PSRM,r,ecodist,1
dataverse_legacy,PSRM,r,pcse,1
dataverse_legacy,PSRM,r,effsize,1
dataverse_legacy,PSRM,r,sm,1
dataverse_legacy,PSRM,r,DesignLibrary,1
dataverse_legacy,PSRM,r,swfscMisc,1
dataverse_legacy,PSRM,r,binsreg,1
dataverse_legacy,PSRM,r,numform,1
dataverse_legacy,PSRM,r,renv,1
dataverse_legacy,PSRM,r,maxLik,1
dataverse_legacy,PSRM,r,rootSolve,1
dataverse_legacy,PSRM,r,mc2d,1
dataverse_legacy,PSRM,r,numDeriv,1
dataverse_legacy,PSRM,r,sigInt,1
dataverse_legacy,PSRM,r,riverplot,1
dataverse_legacy,PSRM,r,PermAlgo,1
dataverse_legacy,PSRM,r,rbounds,1
dataverse_legacy,PSRM,r,multicore,1
dataverse_legacy,PSRM,r,bit64,1
dataverse_legacy,PSRM,r,ZeligChoice,1
dataverse_legacy,PSRM,r,qwraps2,1
dataverse_legacy,PSRM,r,support.CEs,1
dataverse_legacy,PSRM,r,RcppArmadillo,1
dataverse_legacy,PSRM,r,RcppGSL,1
dataverse_legacy,PSRM,r,RcppZiggurat,1
dataverse_legacy,PSRM,r,gtable,1
dataverse_legacy,PSRM,r,quanteda.textmodels,1
dataverse_legacy,PSRM,r,vegan,1
dataverse_legacy,PSRM,r,Statamarkdown,1
dataverse_legacy,PSRM,r,ggraph,1
dataverse_legacy,PSRM,r,cem,1
dataverse_legacy,PSRM,r,optmatch,1
dataverse_legacy,PSRM,r,bayesm,1
dataverse_legacy,PSRM,r,doMC,1
dataverse_legacy,PSRM,r,sysfonts,1
dataverse_legacy,PSRM,r,showtext,1
dataverse_legacy,PSRM,r,ggjoy,1
dataverse_legacy,PSRM,r,betareg,1
dataverse_legacy,PSRM,r,mlmRev,1
dataverse_legacy,PSRM,r,nloptr,1
dataverse_legacy,PSRM,r,posterior,1
dataverse_legacy,PSRM,r,expss,1
dataverse_legacy,PSRM,r,rstatix,1
dataverse_legacy,PSRM,r,gtsummary,1
dataverse_legacy,PSRM,r,ggcorrplot,1
dataverse_legacy,PSRM,r,cvTools,1
dataverse_legacy,PSRM,r,slam,1
dataverse_legacy,PSRM,r,koRpus,1
dataverse_legacy,PSRM,r,RItools,1
dataverse_legacy,PSRM,r,mcmcr,1
dataverse_legacy,PSRM,r,progress,1
dataverse_legacy,PSRM,r,pbapply,1
dataverse_legacy,PSRM,r,ldatuning,1
dataverse_legacy,PSRM,r,pastecs,1
dataverse_legacy,PSRM,r,viridisLite,1
dataverse_legacy,PSRM,r,snow,1
dataverse_legacy,PSRM,r,deldir,1
dataverse_legacy,PSRM,r,ggm,1
dataverse_legacy,PSRM,r,gam,1
dataverse_legacy,PSRM,r,exactRankTests,1
dataverse_legacy,PSRM,r,sensitivitymw,1
dataverse_legacy,PSRM,r,sensitivitymv,1
dataverse_legacy,PSRM,r,GJRM,1
dataverse_legacy,PSRM,r,bife,1
dataverse_legacy,PSRM,r,GGally,1
dataverse_legacy,PSRM,r,grf,1
dataverse_legacy,PSRM,r,fBasics,1
dataverse_legacy,PSRM,r,doMPI,1
dataverse_legacy,PSRM,r,sphet,1
dataverse_legacy,PSRM,r,SDMTools,1
dataverse_legacy,PSRM,r,simex,1
dataverse_legacy,PSRM,r,FSA,1
dataverse_legacy,PSRM,r,panelView,1
dataverse_legacy,PSRM,r,metap,1
dataverse_legacy,PSRM,r,ggalt,1
dataverse_legacy,PSRM,r,rlang,1
dataverse_legacy,PSRM,r,superdiag,1
dataverse_legacy,PSRM,r,ggsn,1
dataverse_legacy,PSRM,r,Metrics,1
dataverse_legacy,PSRM,r,flux,1
dataverse_legacy,PSRM,r,PRROC,1
dataverse_legacy,PSRM,r,prediction,1
dataverse_legacy,PSRM,r,rmarkdown,1
dataverse_legacy,PSRM,r,quadprog,1
dataverse_legacy,PSRM,r,ucminf,1
dataverse_legacy,PSRM,r,Rcgmin,1
dataverse_legacy,PSRM,r,Rvmmin,1
dataverse_legacy,PSRM,r,minqa,1
dataverse_legacy,PSRM,r,digest,1
dataverse_legacy,PSRM,r,BenfordTests,1
dataverse_legacy,PSRM,r,pcal,1
dataverse_legacy,PSRM,r,gpclib,1
dataverse_legacy,PSRM,r,date,1
dataverse_legacy,PSRM,r,stringdist,1
dataverse_legacy,PSRM,r,jpeg,1
dataverse_legacy,PSRM,r,proto,1
dataverse_legacy,PSRM,r,rjson,1
dataverse_legacy,PSRM,r,mapdata,1
dataverse_legacy,PSRM,r,quantreg,1
dataverse_legacy,PSRM,r,tidylog,1
dataverse_legacy,PSRM,r,CORElearn,1
dataverse_legacy,PSRM,r,fmsb,1
dataverse_legacy,PSRM,r,BART,1
dataverse_legacy,PSRM,r,QuantPsyc,1
dataverse_legacy,PSRM,r,RWeka,1
dataverse_legacy,PSRM,r,pvsR,1
dataverse_legacy,PSRM,r,locfit,1
dataverse_legacy,PSRM,r,spatialreg,1
dataverse_legacy,PSRM,r,ggh4x,1
dataverse_legacy,PSRM,r,sensemakr,1
dataverse_legacy,PSRM,r,Sleuth2,1
dataverse_legacy,PSRM,r,USAboundaries,1
dataverse_legacy,PSRM,r,statnet,1
dataverse_legacy,PSRM,r,msm,1
dataverse_legacy,PSRM,r,compactr,1
dataverse_legacy,PSRM,r,erer,1
dataverse_legacy,PSRM,r,dynsim,1
dataverse_legacy,PSRM,r,optimParallel,1
dataverse_legacy,PSRM,r,polyCub,1
dataverse_legacy,PSRM,r,graphicsQC,1
dataverse_legacy,PSRM,r,prettyR,1
dataverse_legacy,PSRM,r,xts,1
dataverse_legacy,PSRM,r,spacetime,1
dataverse_legacy,PSRM,r,reticulate,1
dataverse_legacy,PSRM,r,tseries,1
dataverse_legacy,PSRM,r,forecast,1
dataverse_legacy,PSRM,r,vars,1
dataverse_legacy,PSRM,r,lars,1
dataverse_legacy,PSRM,r,mboost,1
dataverse_legacy,PSRM,r,gplots,1
dataverse_legacy,PSRM,r,survminer,1
dataverse_legacy,PSRM,r,VIM,1
dataverse_legacy,PSRM,r,checkpoint,1
dataverse_legacy,PSRM,r,RSpectra,1
dataverse_legacy,PSRM,r,pryr,1
dataverse_legacy,PSRM,r,ForeCA,1
dataverse_legacy,PSRM,r,fda,1
dataverse_legacy,PSRM,r,WeightIt,1
dataverse_legacy,PSRM,r,MuMIn,1
dataverse_legacy,PSRM,r,parameters,1
dataverse_legacy,PSRM,r,rmapshaper,1
dataverse_legacy,PSRM,r,ggnewscale,1
dataverse_legacy,PSRM,r,Design,1
dataverse_legacy,PSRM,r,spatstat,1
dataverse_legacy,PSRM,r,plotKML,1
dataverse_legacy,PSRM,r,shape,1
dataverse_legacy,PSRM,r,arsenal,1
dataverse_legacy,PSRM,r,sjstats,1
dataverse_legacy,PSRM,r,BayesTree,1
dataverse_legacy,PSRM,r,gmodels,1
dataverse_legacy,PSRM,r,nls2,1
dataverse_legacy,PSRM,r,nlstools,1
dataverse_legacy,PSRM,r,minpack.lm,1
dataverse_legacy,PSRM,r,MNP,1
dataverse_legacy,PSRM,r,alpaca,1
dataverse_legacy,PSRM,r,fuzzyjoin,1
dataverse_legacy,PSRM,r,mosaic,1
dataverse_legacy,PSRM,r,radiant,1
dataverse_legacy,PSRM,r,wru,1
dataverse_legacy,PSRM,r,gender,1
dataverse_legacy,PSRM,r,jsonlite,1
dataverse_legacy,PSRM,r,bear,1
dataverse_legacy,PSRM,r,random,1
dataverse_legacy,PSRM,r,ggmcmc,1
dataverse_legacy,PSRM,r,DMwR,1
dataverse_legacy,PSRM,r,quickblock,1
dataverse_legacy,PSRM,r,metR,1
dataverse_legacy,PSRM,r,list,1
dataverse_legacy,PSRM,r,RSiena,1
dataverse_legacy,PSRM,r,stminsights,1
dataverse_legacy,PSRM,r,anesrake,1
dataverse_legacy,PSRM,r,epiDisplay,1
dataverse_legacy,PSRM,r,ZeligMultilevel,1
dataverse_legacy,PSRM,r,sampleSelection,1
dataverse_legacy,PSRM,r,robustbase,1
dataverse_legacy,PSRM,r,rmeta,1
dataverse_legacy,PSRM,r,rddtools,1
dataverse_legacy,PSRM,r,agrmt,1
dataverse_legacy,PSRM,r,multilevel,1
dataverse_legacy,PSRM,r,ggsignif,1
dataverse_legacy,PSRM,r,ggpval,1
dataverse_legacy,PSRM,r,pwr,1
dataverse_legacy,PSRM,r,network,1
dataverse_legacy,PSRM,r,reldist,1
dataverse_legacy,PSRM,r,eha,1
dataverse_legacy,PSRM,r,flexsurv,1
dataverse_legacy,PSRM,r,simPH,1
dataverse_legacy,PSRM,r,tinytex,1
dataverse_legacy,PSRM,r,reporttools,1
dataverse_legacy,PSRM,r,arabicStemR,1
dataverse_legacy,PSRM,r,pracma,1
dataverse_legacy,PSRM,r,bdynsys,1
dataverse_legacy,PSRM,r,devEMF,1
dataverse_legacy,PSRM,r,coin,1
dataverse_legacy,PSRM,r,zTree,1
dataverse_legacy,PSRM,r,anominate,1
dataverse_legacy,PSRM,r,dynamac,1
dataverse_legacy,PSRM,r,directlabels,1
dataverse_legacy,PSRM,r,WDI,1
dataverse_legacy,PSRM,r,mnormt,1
dataverse_legacy,PSRM,r,systemfonts,1
dataverse_legacy,PSRM,r,plotROC,1
dataverse_legacy,PSRM,r,readODS,1
dataverse_legacy,PSRM,r,ggtext,1
dataverse_legacy,PSRM,r,labelled,1
dataverse_legacy,PSRM,r,TAM,1
dataverse_legacy,PSRM,r,GPArotation,1
dataverse_legacy,PSRM,r,rworldmap,1
dataverse_legacy,PSRM,r,acs,1
dataverse_legacy,PSRM,r,noncensus,1
dataverse_legacy,PSRM,r,diagis,1
dataverse_legacy,PSRM,r,R2OpenBUGS,1
dataverse_legacy,PSRM,r,timeDate,1
dataverse_legacy,PSRM,r,eeptools,1
dataverse_legacy,PSRM,r,PNADcIBGE,1
dataverse_legacy,PSRM,r,QCApro,1
dataverse_legacy,PSRM,r,cna,1
dataverse_legacy,PSRM,r,lmerTest,1
dataverse_legacy,PSRM,r,gbm,1
dataverse_legacy,PSRM,r,pdp,1
dataverse_legacy,PSRM,r,ALEPlot,1
dataverse_legacy,PSRM,r,lime,1
dataverse_legacy,PSRM,r,vip,1
dataverse_legacy,PSRM,r,DALEX,1
dataverse_legacy,PSRM,r,neuralnet,1
dataverse_legacy,PSRM,r,segmented,1
dataverse_legacy,PSRM,r,ggdist,1
dataverse_legacy,PSRM,r,tidybayes,1
dataverse_legacy,PSRM,r,gganimate,1
dataverse_legacy,PSRM,r,AICcmodavg,1
dataverse_legacy,PSRM,r,lpdensity,1
dataverse_legacy,PSRM,r,ivdesc,1
dataverse_legacy,PSRM,r,gtrendsR,1
dataverse_legacy,PSRM,r,quanteda.textplots,1
dataverse_legacy,PSRM,r,quanteda.textstats,1
dataverse_legacy,PSRM,r,imputeTS,1
dataverse_legacy,PSRM,r,growthcurver,1
dataverse_legacy,PSRM,stata,estout,79
dataverse_legacy,PSRM,stata,outreg2,39
dataverse_legacy,PSRM,stata,coefplot,31
dataverse_legacy,PSRM,stata,sutex,13
dataverse_legacy,PSRM,stata,reghdfe,12
dataverse_legacy,PSRM,stata,spmap,8
dataverse_legacy,PSRM,stata,clarify,7
dataverse_legacy,PSRM,stata,ivreg2,6
dataverse_legacy,PSRM,stata,parmest,5
dataverse_legacy,PSRM,stata,rdrobust,5
dataverse_legacy,PSRM,stata,synth,4
dataverse_legacy,PSRM,stata,ebalance,4
dataverse_legacy,PSRM,stata,mediation,4
dataverse_legacy,PSRM,stata,fre,4
dataverse_legacy,PSRM,stata,mat2txt,4
dataverse_legacy,PSRM,stata,eclplot,3
dataverse_legacy,PSRM,stata,fitstat,3
dataverse_legacy,PSRM,stata,shp2dta,3
dataverse_legacy,PSRM,stata,relogit,3
dataverse_legacy,PSRM,stata,grstyle,3
dataverse_legacy,PSRM,stata,tabout,3
dataverse_legacy,PSRM,stata,interflex,3
dataverse_legacy,PSRM,stata,outreg,3
dataverse_legacy,PSRM,stata,triplot,3
dataverse_legacy,PSRM,stata,gllamm,2
dataverse_legacy,PSRM,stata,asdoc,2
dataverse_legacy,PSRM,stata,cem,2
dataverse_legacy,PSRM,stata,psmatch2,2
dataverse_legacy,PSRM,stata,labutil,2
dataverse_legacy,PSRM,stata,binscatter,2
dataverse_legacy,PSRM,stata,balancetable,2
dataverse_legacy,PSRM,stata,latab,2
dataverse_legacy,PSRM,stata,firthlogit,2
dataverse_legacy,PSRM,stata,mdesc,2
dataverse_legacy,PSRM,stata,mgen,2
dataverse_legacy,PSRM,stata,lincomest,2
dataverse_legacy,PSRM,stata,boottest,2
dataverse_legacy,PSRM,stata,revrs,2
dataverse_legacy,PSRM,stata,combomarginsplot,2
dataverse_legacy,PSRM,stata,unique,2
dataverse_legacy,PSRM,stata,regsave,2
dataverse_legacy,PSRM,stata,cibar,2
dataverse_legacy,PSRM,stata,ciplot,2
dataverse_legacy,PSRM,stata,iscogen,1
dataverse_legacy,PSRM,stata,ci2,1
dataverse_legacy,PSRM,stata,delta,1
dataverse_legacy,PSRM,stata,diff,1
dataverse_legacy,PSRM,stata,eofplot,1
dataverse_legacy,PSRM,stata,scat3,1
dataverse_legacy,PSRM,stata,corrtex,1
dataverse_legacy,PSRM,stata,ritest,1
dataverse_legacy,PSRM,stata,sumscale,1
dataverse_legacy,PSRM,stata,gologit2,1
dataverse_legacy,PSRM,stata,labsumm,1
dataverse_legacy,PSRM,stata,fsum,1
dataverse_legacy,PSRM,stata,tabplot,1
dataverse_legacy,PSRM,stata,lgraph,1
dataverse_legacy,PSRM,stata,xtab,1
dataverse_legacy,PSRM,stata,sutex2,1
dataverse_legacy,PSRM,stata,xtcsd,1
dataverse_legacy,PSRM,stata,weakiv,1
dataverse_legacy,PSRM,stata,missings,1
dataverse_legacy,PSRM,stata,listtab,1
dataverse_legacy,PSRM,stata,graphlog,1
dataverse_legacy,PSRM,stata,wgttest,1
dataverse_legacy,PSRM,stata,outsum,1
dataverse_legacy,PSRM,stata,corrtable,1
dataverse_legacy,PSRM,stata,vioplot,1
dataverse_legacy,PSRM,stata,cltest,1
dataverse_legacy,PSRM,stata,norm,1
dataverse_legacy,PSRM,stata,distinct,1
dataverse_legacy,PSRM,stata,carryforward,1
dataverse_legacy,PSRM,stata,rd,1
dataverse_legacy,PSRM,stata,cortesti,1
dataverse_legacy,PSRM,stata,ivregress2,1
dataverse_legacy,PSRM,stata,mrobust,1
dataverse_legacy,PSRM,stata,wordy,1
dataverse_legacy,PSRM,stata,log2html,1
dataverse_legacy,PSRM,stata,ivreghdfe,1
dataverse_legacy,PSRM,stata,nnmatch,1
dataverse_legacy,PSRM,stata,rowranks,1
dataverse_legacy,PSRM,stata,outtex,1
dataverse_legacy,PSRM,stata,listtex,1
dataverse_legacy,PSRM,stata,table1,1
dataverse_legacy,PSRM,stata,stop,1
dataverse_legacy,PSRM,stata,center,1
dataverse_legacy,PSRM,stata,plausexog,1
dataverse_legacy,PSRM,stata,betafit,1
dataverse_legacy,PSRM,stata,kappa2,1
dataverse_legacy,PSRM,stata,krippalpha,1
dataverse_legacy,PSRM,stata,vcemway,1
dataverse_legacy,PSRM,stata,sumstats,1
dataverse_legacy,PSRM,stata,winsor2,1
dataverse_legacy,PSRM,stata,alphawgt,1
dataverse_legacy,PSRM,stata,clrbound,1
dataverse_legacy,PSRM,stata,regoprob2,1
dataverse_legacy,PSRM,stata,ietoolkit,1
dataverse_legacy,PSRM,stata,cdfplot,1
dataverse_legacy,PSRM,stata,regwls,1
dataverse_legacy,PSRM,stata,mixlogit,1
dataverse_legacy,PSRM,stata,xtivreg2,1
dataverse_legacy,PSRM,stata,winsor,1
dataverse_legacy,PSRM,stata,sppack,1
dataverse_legacy,PSRM,stata,catplot,1
dataverse_legacy,PSRM,stata,splagvar,1
dataverse_legacy,PSRM,stata,rc_spline,1
dataverse_legacy,PSRM,stata,gphudak,1
dataverse_legacy,PSRM,stata,modlpr,1
dataverse_legacy,PSRM,stata,roblpr,1
dataverse_legacy,PSRM,stata,lomodrs,1
dataverse_legacy,PSRM,stata,sensemakr,1
dataverse_legacy,PSRM,stata,group1d,1
dataverse_legacy,PSRM,stata,heatplot,1
dataverse_legacy,PSRM,stata,mplotoffset,1
dataverse_legacy,PSRM,stata,grc1leg2,1
dataverse_legacy,PSRM,stata,retrodesign,1
dataverse_legacy,PSRM,stata,majority,1
dataverse_legacy,YaleJREG,stata,distinct,1
dataverse_legacy,YaleJREG,stata,winsor2,1
dataverse_legacy,ajps,python,pandas,9
dataverse_legacy,ajps,python,numpy,7
dataverse_legacy,ajps,python,nltk,4
dataverse_legacy,ajps,python,scipy,4
dataverse_legacy,ajps,python,beautifulsoup4,2
dataverse_legacy,ajps,python,lxml,2
dataverse_legacy,ajps,python,scikit-learn,2
dataverse_legacy,ajps,python,requests,2
dataverse_legacy,ajps,python,gensim,2
dataverse_legacy,ajps,python,guardian,1
dataverse_legacy,ajps,python,simplejson,1
dataverse_legacy,ajps,python,pytz,1
dataverse_legacy,ajps,python,python-dateutil,1
dataverse_legacy,ajps,python,regex,1
dataverse_legacy,ajps,python,searchtweets,1
dataverse_legacy,ajps,python,joblib,1
dataverse_legacy,ajps,python,networkx,1
dataverse_legacy,ajps,python,bson,1
dataverse_legacy,ajps,python,smappPy,1
dataverse_legacy,ajps,python,Unidecode,1
dataverse_legacy,ajps,python,xlrd,1
dataverse_legacy,ajps,python,tweepy,1
dataverse_legacy,ajps,python,plotly,1
dataverse_legacy,ajps,python,rpy2,1
dataverse_legacy,ajps,python,pyipopt,1
dataverse_legacy,ajps,r,ggplot2,159
dataverse_legacy,ajps,r,foreign,146
dataverse_legacy,ajps,r,dplyr,129
dataverse_legacy,ajps,r,stargazer,107
dataverse_legacy,ajps,r,xtable,95
dataverse_legacy,ajps,r,tidyverse,82
dataverse_legacy,ajps,r,plyr,68
dataverse_legacy,ajps,r,MASS,57
dataverse_legacy,ajps,r,lmtest,57
dataverse_legacy,ajps,r,scales,55
dataverse_legacy,ajps,r,gridExtra,55
dataverse_legacy,ajps,r,readstata13,54
dataverse_legacy,ajps,r,sandwich,52
dataverse_legacy,ajps,r,stringr,48
dataverse_legacy,ajps,r,haven,46
dataverse_legacy,ajps,r,car,44
dataverse_legacy,ajps,r,data.table,42
dataverse_legacy,ajps,r,reshape2,41
dataverse_legacy,ajps,r,texreg,40
dataverse_legacy,ajps,r,lubridate,35
dataverse_legacy,ajps,r,readxl,34
dataverse_legacy,ajps,r,lfe,34
dataverse_legacy,ajps,r,lme4,32
dataverse_legacy,ajps,r,devtools,31
dataverse_legacy,ajps,r,arm,29
dataverse_legacy,ajps,r,Hmisc,26
dataverse_legacy,ajps,r,tidyr,24
dataverse_legacy,ajps,r,RColorBrewer,24
dataverse_legacy,ajps,r,rgdal,21
dataverse_legacy,ajps,r,readr,19
dataverse_legacy,ajps,r,plm,19
dataverse_legacy,ajps,r,multiwayvcov,18
dataverse_legacy,ajps,r,ggpubr,18
dataverse_legacy,ajps,r,Matching,18
dataverse_legacy,ajps,r,lattice,18
dataverse_legacy,ajps,r,zoo,18
dataverse_legacy,ajps,r,AER,17
dataverse_legacy,ajps,r,psych,17
dataverse_legacy,ajps,r,sp,17
dataverse_legacy,ajps,r,estimatr,17
dataverse_legacy,ajps,r,countrycode,16
dataverse_legacy,ajps,r,maptools,16
dataverse_legacy,ajps,r,broom,16
dataverse_legacy,ajps,r,rgeos,16
dataverse_legacy,ajps,r,nnet,16
dataverse_legacy,ajps,r,mediation,15
dataverse_legacy,ajps,r,quanteda,15
dataverse_legacy,ajps,r,Matrix,15
dataverse_legacy,ajps,r,survey,14
dataverse_legacy,ajps,r,Zelig,14
dataverse_legacy,ajps,r,reshape,14
dataverse_legacy,ajps,r,MatchIt,14
dataverse_legacy,ajps,r,sf,14
dataverse_legacy,ajps,r,cowplot,14
dataverse_legacy,ajps,r,foreach,13
dataverse_legacy,ajps,r,ggthemes,13
dataverse_legacy,ajps,r,raster,13
dataverse_legacy,ajps,r,rdrobust,13
dataverse_legacy,ajps,r,rstan,12
dataverse_legacy,ajps,r,rio,12
dataverse_legacy,ajps,r,purrr,11
dataverse_legacy,ajps,r,igraph,11
dataverse_legacy,ajps,r,ggrepel,11
dataverse_legacy,ajps,r,doParallel,11
dataverse_legacy,ajps,r,maps,11
dataverse_legacy,ajps,r,coda,10
dataverse_legacy,ajps,r,gtools,10
dataverse_legacy,ajps,r,ggmap,10
dataverse_legacy,ajps,r,kableExtra,10
dataverse_legacy,ajps,r,rdd,9
dataverse_legacy,ajps,r,stm,9
dataverse_legacy,ajps,r,fixest,9
dataverse_legacy,ajps,r,Amelia,9
dataverse_legacy,ajps,r,pacman,9
dataverse_legacy,ajps,r,stringi,9
dataverse_legacy,ajps,r,tm,9
dataverse_legacy,ajps,r,interflex,8
dataverse_legacy,ajps,r,plotrix,8
dataverse_legacy,ajps,r,modelsummary,8
dataverse_legacy,ajps,r,magrittr,8
dataverse_legacy,ajps,r,weights,8
dataverse_legacy,ajps,r,Rcpp,8
dataverse_legacy,ajps,r,effects,8
dataverse_legacy,ajps,r,survival,8
dataverse_legacy,ajps,r,rstudioapi,8
dataverse_legacy,ajps,r,pscl,8
dataverse_legacy,ajps,r,lavaan,7
dataverse_legacy,ajps,r,sna,7
dataverse_legacy,ajps,r,MCMCpack,7
dataverse_legacy,ajps,r,apsrtable,7
dataverse_legacy,ajps,r,mvtnorm,7
dataverse_legacy,ajps,r,wordcloud,7
dataverse_legacy,ajps,r,doMC,7
dataverse_legacy,ajps,r,tibble,7
dataverse_legacy,ajps,r,DataCombine,7
dataverse_legacy,ajps,r,randomForest,7
dataverse_legacy,ajps,r,forcats,7
dataverse_legacy,ajps,r,cem,7
dataverse_legacy,ajps,r,doBy,7
dataverse_legacy,ajps,r,RItools,7
dataverse_legacy,ajps,r,matrixStats,7
dataverse_legacy,ajps,r,marginaleffects,6
dataverse_legacy,ajps,r,margins,6
dataverse_legacy,ajps,r,rms,6
dataverse_legacy,ajps,r,spdep,6
dataverse_legacy,ajps,r,Rmisc,6
dataverse_legacy,ajps,r,janitor,6
dataverse_legacy,ajps,r,boot,6
dataverse_legacy,ajps,r,xlsx,6
dataverse_legacy,ajps,r,rgenoud,6
dataverse_legacy,ajps,r,extrafont,6
dataverse_legacy,ajps,r,snow,6
dataverse_legacy,ajps,r,mgcv,6
dataverse_legacy,ajps,r,tidytext,6
dataverse_legacy,ajps,r,ebal,6
dataverse_legacy,ajps,r,fastDummies,6
dataverse_legacy,ajps,r,knitr,6
dataverse_legacy,ajps,r,list,5
dataverse_legacy,ajps,r,patchwork,5
dataverse_legacy,ajps,r,ZeligChoice,5
dataverse_legacy,ajps,r,optmatch,5
dataverse_legacy,ajps,r,jsonlite,5
dataverse_legacy,ajps,r,cjoint,5
dataverse_legacy,ajps,r,ordinal,5
dataverse_legacy,ajps,r,reporttools,5
dataverse_legacy,ajps,r,caret,5
dataverse_legacy,ajps,r,aod,5
dataverse_legacy,ajps,r,clubSandwich,5
dataverse_legacy,ajps,r,ggridges,5
dataverse_legacy,ajps,r,msm,5
dataverse_legacy,ajps,r,Cairo,5
dataverse_legacy,ajps,r,pBrackets,5
dataverse_legacy,ajps,r,rddensity,5
dataverse_legacy,ajps,r,irr,5
dataverse_legacy,ajps,r,cregg,5
dataverse_legacy,ajps,r,ggstance,4
dataverse_legacy,ajps,r,sjPlot,4
dataverse_legacy,ajps,r,polycor,4
dataverse_legacy,ajps,r,shape,4
dataverse_legacy,ajps,r,gplots,4
dataverse_legacy,ajps,r,glmnet,4
dataverse_legacy,ajps,r,rjags,4
dataverse_legacy,ajps,r,randomizr,4
dataverse_legacy,ajps,r,network,4
dataverse_legacy,ajps,r,btergm,4
dataverse_legacy,ajps,r,latticeExtra,4
dataverse_legacy,ajps,r,labelled,4
dataverse_legacy,ajps,r,e1071,4
dataverse_legacy,ajps,r,interplot,4
dataverse_legacy,ajps,r,XML,4
dataverse_legacy,ajps,r,ltm,4
dataverse_legacy,ajps,r,memisc,4
dataverse_legacy,ajps,r,gtable,4
dataverse_legacy,ajps,r,dummies,4
dataverse_legacy,ajps,r,logr,4
dataverse_legacy,ajps,r,sjlabelled,4
dataverse_legacy,ajps,r,gmodels,4
dataverse_legacy,ajps,r,geosphere,4
dataverse_legacy,ajps,r,miceadds,4
dataverse_legacy,ajps,r,openxlsx,4
dataverse_legacy,ajps,r,lemon,4
dataverse_legacy,ajps,r,ri,4
dataverse_legacy,ajps,r,glue,4
dataverse_legacy,ajps,r,GGally,4
dataverse_legacy,ajps,r,panelView,4
dataverse_legacy,ajps,r,FindIt,4
dataverse_legacy,ajps,r,wfe,4
dataverse_legacy,ajps,r,ggeffects,4
dataverse_legacy,ajps,r,here,4
dataverse_legacy,ajps,r,mice,4
dataverse_legacy,ajps,r,cshapes,4
dataverse_legacy,ajps,r,pbapply,4
dataverse_legacy,ajps,r,viridis,4
dataverse_legacy,ajps,r,PanelMatch,4
dataverse_legacy,ajps,r,multcomp,3
dataverse_legacy,ajps,r,ggtext,3
dataverse_legacy,ajps,r,gee,3
dataverse_legacy,ajps,r,pastecs,3
dataverse_legacy,ajps,r,doRNG,3
dataverse_legacy,ajps,r,rworldmap,3
dataverse_legacy,ajps,r,R2jags,3
dataverse_legacy,ajps,r,readtext,3
dataverse_legacy,ajps,r,rvest,3
dataverse_legacy,ajps,r,intergraph,3
dataverse_legacy,ajps,r,KRLS,3
dataverse_legacy,ajps,r,coefplot,3
dataverse_legacy,ajps,r,rstanarm,3
dataverse_legacy,ajps,r,DeclareDesign,3
dataverse_legacy,ajps,r,showtext,3
dataverse_legacy,ajps,r,logistf,3
dataverse_legacy,ajps,r,abind,3
dataverse_legacy,ajps,r,spatstat,3
dataverse_legacy,ajps,r,dotwhisker,3
dataverse_legacy,ajps,r,mlogit,3
dataverse_legacy,ajps,r,tmap,3
dataverse_legacy,ajps,r,pracma,3
dataverse_legacy,ajps,r,cobalt,3
dataverse_legacy,ajps,r,velox,3
dataverse_legacy,ajps,r,metafor,3
dataverse_legacy,ajps,r,fields,3
dataverse_legacy,ajps,r,scatterplot3d,2
dataverse_legacy,ajps,r,flexmix,2
dataverse_legacy,ajps,r,mcmcplots,2
dataverse_legacy,ajps,r,ZeligMultilevel,2
dataverse_legacy,ajps,r,doMPI,2
dataverse_legacy,ajps,r,rr,2
dataverse_legacy,ajps,r,calibrate,2
dataverse_legacy,ajps,r,ivreg,2
dataverse_legacy,ajps,r,GISTools,2
dataverse_legacy,ajps,r,ergm,2
dataverse_legacy,ajps,r,classInt,2
dataverse_legacy,ajps,r,TeachingDemos,2
dataverse_legacy,ajps,r,questionr,2
dataverse_legacy,ajps,r,fmsb,2
dataverse_legacy,ajps,r,ngram,2
dataverse_legacy,ajps,r,zeligverse,2
dataverse_legacy,ajps,r,httr,2
dataverse_legacy,ajps,r,RCurl,2
dataverse_legacy,ajps,r,doSNOW,2
dataverse_legacy,ajps,r,statnet,2
dataverse_legacy,ajps,r,rpart,2
dataverse_legacy,ajps,r,gbm,2
dataverse_legacy,ajps,r,mapReduce,2
dataverse_legacy,ajps,r,semTools,2
dataverse_legacy,ajps,r,spacyr,2
dataverse_legacy,ajps,r,beepr,2
dataverse_legacy,ajps,r,DesignLibrary,2
dataverse_legacy,ajps,r,pdftools,2
dataverse_legacy,ajps,r,emmeans,2
dataverse_legacy,ajps,r,nlme,2
dataverse_legacy,ajps,r,LMERConvenienceFunctions,2
dataverse_legacy,ajps,r,bit64,2
dataverse_legacy,ajps,r,gsynth,2
dataverse_legacy,ajps,r,optimx,2
dataverse_legacy,ajps,r,naniar,2
dataverse_legacy,ajps,r,rnaturalearth,2
dataverse_legacy,ajps,r,gdata,2
dataverse_legacy,ajps,r,tables,2
dataverse_legacy,ajps,r,Formula,2
dataverse_legacy,ajps,r,sensemakr,2
dataverse_legacy,ajps,r,RPostgreSQL,2
dataverse_legacy,ajps,r,lwgeom,2
dataverse_legacy,ajps,r,fasterize,2
dataverse_legacy,ajps,r,xgboost,2
dataverse_legacy,ajps,r,chron,2
dataverse_legacy,ajps,r,textstem,2
dataverse_legacy,ajps,r,dtplyr,2
dataverse_legacy,ajps,r,textdata,2
dataverse_legacy,ajps,r,ri2,2
dataverse_legacy,ajps,r,proxy,2
dataverse_legacy,ajps,r,topicmodels,2
dataverse_legacy,ajps,r,CBPS,2
dataverse_legacy,ajps,r,SDMTools,2
dataverse_legacy,ajps,r,rdlocrand,2
dataverse_legacy,ajps,r,qdapRegex,2
dataverse_legacy,ajps,r,ggforce,2
dataverse_legacy,ajps,r,did,2
dataverse_legacy,ajps,r,rlang,2
dataverse_legacy,ajps,r,brglm,2
dataverse_legacy,ajps,r,numform,2
dataverse_legacy,ajps,r,mapproj,2
dataverse_legacy,ajps,r,imputeTS,2
dataverse_legacy,ajps,r,BBmisc,2
dataverse_legacy,ajps,r,poLCA,1
dataverse_legacy,ajps,r,tidymodels,1
dataverse_legacy,ajps,r,R2WinBUGS,1
dataverse_legacy,ajps,r,SocialPosition,1
dataverse_legacy,ajps,r,compactr,1
dataverse_legacy,ajps,r,cluster,1
dataverse_legacy,ajps,r,FastImputation,1
dataverse_legacy,ajps,r,superdiag,1
dataverse_legacy,ajps,r,sm,1
dataverse_legacy,ajps,r,runjags,1
dataverse_legacy,ajps,r,multicore,1
dataverse_legacy,ajps,r,random,1
dataverse_legacy,ajps,r,exact2x2,1
dataverse_legacy,ajps,r,qualCI,1
dataverse_legacy,ajps,r,RJSONIO,1
dataverse_legacy,ajps,r,vcdExtra,1
dataverse_legacy,ajps,r,lda,1
dataverse_legacy,ajps,r,slam,1
dataverse_legacy,ajps,r,endorse,1
dataverse_legacy,ajps,r,ggmosaic,1
dataverse_legacy,ajps,r,broomExtra,1
dataverse_legacy,ajps,r,gghalves,1
dataverse_legacy,ajps,r,hdpGLM,1
dataverse_legacy,ajps,r,bayesplot,1
dataverse_legacy,ajps,r,latentnet,1
dataverse_legacy,ajps,r,remotes,1
dataverse_legacy,ajps,r,mfx,1
dataverse_legacy,ajps,r,MNP,1
dataverse_legacy,ajps,r,gtsummary,1
dataverse_legacy,ajps,r,gt,1
dataverse_legacy,ajps,r,ggdist,1
dataverse_legacy,ajps,r,dvmisc,1
dataverse_legacy,ajps,r,manifestoR,1
dataverse_legacy,ajps,r,SnowballC,1
dataverse_legacy,ajps,r,RcppParallel,1
dataverse_legacy,ajps,r,RSpectra,1
dataverse_legacy,ajps,r,fastmatch,1
dataverse_legacy,ajps,r,yaml,1
dataverse_legacy,ajps,r,RcppArmadillo,1
dataverse_legacy,ajps,r,NLP,1
dataverse_legacy,ajps,r,arabicStemR,1
dataverse_legacy,ajps,r,twitteR,1
dataverse_legacy,ajps,r,rjson,1
dataverse_legacy,ajps,r,longurl,1
dataverse_legacy,ajps,r,ROAuth,1
dataverse_legacy,ajps,r,GPArotation,1
dataverse_legacy,ajps,r,highlight,1
dataverse_legacy,ajps,r,qdap,1
dataverse_legacy,ajps,r,mc2d,1
dataverse_legacy,ajps,r,vegan,1
dataverse_legacy,ajps,r,econet,1
dataverse_legacy,ajps,r,minpack.lm,1
dataverse_legacy,ajps,r,spatstat.utils,1
dataverse_legacy,ajps,r,rlecuyer,1
dataverse_legacy,ajps,r,BayesTree,1
dataverse_legacy,ajps,r,AUC,1
dataverse_legacy,ajps,r,utf8,1
dataverse_legacy,ajps,r,BradleyTerry2,1
dataverse_legacy,ajps,r,ragg,1
dataverse_legacy,ajps,r,brglm2,1
dataverse_legacy,ajps,r,psy,1
dataverse_legacy,ajps,r,rmeta,1
dataverse_legacy,ajps,r,tictoc,1
dataverse_legacy,ajps,r,fabricatr,1
dataverse_legacy,ajps,r,robustbase,1
dataverse_legacy,ajps,r,simPH,1
dataverse_legacy,ajps,r,spduration,1
dataverse_legacy,ajps,r,survminer,1
dataverse_legacy,ajps,r,fuzzyjoin,1
dataverse_legacy,ajps,r,htmlwidgets,1
dataverse_legacy,ajps,r,NetworkChange,1
dataverse_legacy,ajps,r,bandit,1
dataverse_legacy,ajps,r,carData,1
dataverse_legacy,ajps,r,sysfonts,1
dataverse_legacy,ajps,r,showtextdb,1
dataverse_legacy,ajps,r,gender,1
dataverse_legacy,ajps,r,heatmapFit,1
dataverse_legacy,ajps,r,Synth,1
dataverse_legacy,ajps,r,NRejections,1
dataverse_legacy,ajps,r,qualtRics,1
dataverse_legacy,ajps,r,wordcloud2,1
dataverse_legacy,ajps,r,ellipse,1
dataverse_legacy,ajps,r,tmvtnorm,1
dataverse_legacy,ajps,r,CircStats,1
dataverse_legacy,ajps,r,CircSpatial,1
dataverse_legacy,ajps,r,akima,1
dataverse_legacy,ajps,r,qgraph,1
dataverse_legacy,ajps,r,bootnet,1
dataverse_legacy,ajps,r,nloptr,1
dataverse_legacy,ajps,r,bucky,1
dataverse_legacy,ajps,r,GEEmediate,1
dataverse_legacy,ajps,r,binomlogit,1
dataverse_legacy,ajps,r,sfsmisc,1
dataverse_legacy,ajps,r,terra,1
dataverse_legacy,ajps,r,geos,1
dataverse_legacy,ajps,r,tmaptools,1
dataverse_legacy,ajps,r,leaflet,1
dataverse_legacy,ajps,r,rmapshaper,1
dataverse_legacy,ajps,r,metafolio,1
dataverse_legacy,ajps,r,ggalt,1
dataverse_legacy,ajps,r,png,1
dataverse_legacy,ajps,r,jpeg,1
dataverse_legacy,ajps,r,image.CornerDetectionHarris,1
dataverse_legacy,ajps,r,magick,1
dataverse_legacy,ajps,r,shotGroups,1
dataverse_legacy,ajps,r,RcppRoll,1
dataverse_legacy,ajps,r,cleangeo,1
dataverse_legacy,ajps,r,ipw,1
dataverse_legacy,ajps,r,MKmisc,1
dataverse_legacy,ajps,r,lpSolve,1
dataverse_legacy,ajps,r,DescTools,1
dataverse_legacy,ajps,r,egg,1
dataverse_legacy,ajps,r,clusterSEs,1
dataverse_legacy,ajps,r,wesanderson,1
dataverse_legacy,ajps,r,timelineS,1
dataverse_legacy,ajps,r,codebook,1
dataverse_legacy,ajps,r,electionsBR,1
dataverse_legacy,ajps,r,gridtext,1
dataverse_legacy,ajps,r,erer,1
dataverse_legacy,ajps,r,rowr,1
dataverse_legacy,ajps,r,RRreg,1
dataverse_legacy,ajps,r,ipumsr,1
dataverse_legacy,ajps,r,kernlab,1
dataverse_legacy,ajps,r,textir,1
dataverse_legacy,ajps,r,rbounds,1
dataverse_legacy,ajps,r,NPC,1
dataverse_legacy,ajps,r,loo,1
dataverse_legacy,ajps,r,statmod,1
dataverse_legacy,ajps,r,phtt,1
dataverse_legacy,ajps,r,IDPmisc,1
dataverse_legacy,ajps,r,quantreg,1
dataverse_legacy,ajps,r,blme,1
dataverse_legacy,ajps,r,basicspace,1
dataverse_legacy,ajps,r,skimr,1
dataverse_legacy,ajps,r,gsubfn,1
dataverse_legacy,ajps,r,rddapp,1
dataverse_legacy,ajps,r,R.utils,1
dataverse_legacy,ajps,r,infotheo,1
dataverse_legacy,ajps,r,gpclib,1
dataverse_legacy,ajps,r,dga,1
dataverse_legacy,ajps,r,text2vec,1
dataverse_legacy,ajps,r,RecordLinkage,1
dataverse_legacy,ajps,r,xergm,1
dataverse_legacy,ajps,r,ICC,1
dataverse_legacy,ajps,r,deming,1
dataverse_legacy,ajps,r,oaxaca,1
dataverse_legacy,ajps,r,party,1
dataverse_legacy,ajps,r,mmpf,1
dataverse_legacy,ajps,r,batchtools,1
dataverse_legacy,ajps,r,assertthat,1
dataverse_legacy,ajps,r,tokenizers,1
dataverse_legacy,ajps,r,estprod,1
dataverse_legacy,ajps,r,lsa,1
dataverse_legacy,ajps,r,bife,1
dataverse_legacy,ajps,r,dynamac,1
dataverse_legacy,ajps,r,fracdiff,1
dataverse_legacy,ajps,r,texteffect,1
dataverse_legacy,ajps,r,parfm,1
dataverse_legacy,ajps,r,frailtypack,1
dataverse_legacy,ajps,r,ldatuning,1
dataverse_legacy,ajps,r,pROC,1
dataverse_legacy,ajps,r,preText,1
dataverse_legacy,ajps,r,mapdata,1
dataverse_legacy,ajps,r,combinat,1
dataverse_legacy,ajps,r,fBasics,1
dataverse_legacy,ajps,r,ggraph,1
dataverse_legacy,ajps,r,stddiff,1
dataverse_legacy,ajps,r,RArcInfo,1
dataverse_legacy,ajps,r,shapefiles,1
dataverse_legacy,ajps,r,tnet,1
dataverse_legacy,ajps,r,corrplot,1
dataverse_legacy,ajps,r,yarrr,1
dataverse_legacy,ajps,r,quanteda.textstats,1
dataverse_legacy,ajps,r,stringdist,1
dataverse_legacy,ajps,r,checkpoint,1
dataverse_legacy,ajps,r,beanplot,1
dataverse_legacy,ajps,r,rnaturalearthdata,1
dataverse_legacy,ajps,r,farver,1
dataverse_legacy,ajps,r,fs,1
dataverse_legacy,ajps,r,rprojroot,1
dataverse_legacy,ajps,r,BMA,1
dataverse_legacy,ajps,r,BAS,1
dataverse_legacy,ajps,r,SHAPforxgboost,1
dataverse_legacy,ajps,r,ggExtra,1
dataverse_legacy,ajps,r,githubinstall,1
dataverse_legacy,ajps,r,glm.predict,1
dataverse_legacy,ajps,r,mclust,1
dataverse_legacy,ajps,r,keyATM,1
dataverse_legacy,ajps,r,multiROC,1
dataverse_legacy,ajps,r,clue,1
dataverse_legacy,ajps,r,patternplot,1
dataverse_legacy,ajps,r,WDI,1
dataverse_legacy,ajps,r,prais,1
dataverse_legacy,ajps,r,nngeo,1
dataverse_legacy,ajps,r,MatchingFrontier,1
dataverse_legacy,ajps,r,sjmisc,1
dataverse_legacy,ajps,r,anesrake,1
dataverse_legacy,ajps,r,bookdown,1
dataverse_legacy,ajps,r,rlist,1
dataverse_legacy,ajps,r,rmarkdown,1
dataverse_legacy,ajps,r,FRACTION,1
dataverse_legacy,ajps,r,binsreg,1
dataverse_legacy,ajps,r,srvyr,1
dataverse_legacy,ajps,r,reticulate,1
dataverse_legacy,ajps,r,imager,1
dataverse_legacy,ajps,r,glmmML,1
dataverse_legacy,ajps,r,scico,1
dataverse_legacy,ajps,r,maxLik,1
dataverse_legacy,ajps,r,smoothr,1
dataverse_legacy,ajps,r,RPostgres,1
dataverse_legacy,ajps,r,mapview,1
dataverse_legacy,ajps,r,rpostgis,1
dataverse_legacy,ajps,r,dggridR,1
dataverse_legacy,ajps,r,manipulate,1
dataverse_legacy,ajps,r,invgamma,1
dataverse_legacy,ajps,r,bayesmeta,1
dataverse_legacy,ajps,r,robumeta,1
dataverse_legacy,ajps,r,pglm,1
dataverse_legacy,ajps,r,flextable,1
dataverse_legacy,ajps,r,officer,1
dataverse_legacy,ajps,r,interactions,1
dataverse_legacy,ajps,r,sqldf,1
dataverse_legacy,ajps,r,BEST,1
dataverse_legacy,ajps,r,WhatIf,1
dataverse_legacy,ajps,r,MultinomialCI,1
dataverse_legacy,ajps,r,vioplot,1
dataverse_legacy,ajps,r,LCFdata,1
dataverse_legacy,ajps,r,StanHeaders,1
dataverse_legacy,ajps,r,ivpack,1
dataverse_legacy,ajps,r,causalsens,1
dataverse_legacy,ajps,r,Imap,1
dataverse_legacy,ajps,r,sparsereg,1
dataverse_legacy,ajps,r,huxtable,1
dataverse_legacy,ajps,r,gam,1
dataverse_legacy,ajps,r,sets,1
dataverse_legacy,ajps,r,prodlim,1
dataverse_legacy,ajps,r,rmutil,1
dataverse_legacy,ajps,r,nleqslv,1
dataverse_legacy,ajps,r,magic,1
dataverse_legacy,ajps,r,rpart.plot,1
dataverse_legacy,ajps,r,semTable,1
dataverse_legacy,ajps,r,pwr,1
dataverse_legacy,ajps,r,sampleSelection,1
dataverse_legacy,ajps,r,ggh4x,1
dataverse_legacy,ajps,r,emIRT,1
dataverse_legacy,ajps,r,IRanges,1
dataverse_legacy,ajps,r,ggvenn,1
dataverse_legacy,ajps,r,glmmTMB,1
dataverse_legacy,ajps,r,digest,1
dataverse_legacy,ajps,r,ggfortify,1
dataverse_legacy,ajps,r,rockchalk,1
dataverse_legacy,ajps,r,DBI,1
dataverse_legacy,ajps,r,RSQLite,1
dataverse_legacy,ajps,r,dbplyr,1
dataverse_legacy,ajps,r,Rmpi,1
dataverse_legacy,ajps,r,urca,1
dataverse_legacy,ajps,r,dynlm,1
dataverse_legacy,ajps,r,hrbrthemes,1
dataverse_legacy,ajps,r,overlap,1
dataverse_legacy,ajps,r,papeR,1
dataverse_legacy,ajps,r,descr,1
dataverse_legacy,ajps,r,tableone,1
dataverse_legacy,ajps,r,pcse,1
dataverse_legacy,ajps,r,fect,1
dataverse_legacy,ajps,r,future,1
dataverse_legacy,ajps,r,extraDistr,1
dataverse_legacy,ajps,r,VIM,1
dataverse_legacy,ajps,r,ROCR,1
dataverse_legacy,ajps,r,BH,1
dataverse_legacy,ajps,stata,estout,116
dataverse_legacy,ajps,stata,coefplot,53
dataverse_legacy,ajps,stata,outreg2,52
dataverse_legacy,ajps,stata,clarify,27
dataverse_legacy,ajps,stata,ivreg2,18
dataverse_legacy,ajps,stata,reghdfe,12
dataverse_legacy,ajps,stata,carryforward,12
dataverse_legacy,ajps,stata,sutex,12
dataverse_legacy,ajps,stata,rdrobust,12
dataverse_legacy,ajps,stata,cem,8
dataverse_legacy,ajps,stata,kountry,7
dataverse_legacy,ajps,stata,xtivreg2,6
dataverse_legacy,ajps,stata,gllamm,6
dataverse_legacy,ajps,stata,spmap,6
dataverse_legacy,ajps,stata,unique,5
dataverse_legacy,ajps,stata,xtabond2,5
dataverse_legacy,ajps,stata,mat2txt,5
dataverse_legacy,ajps,stata,interflex,5
dataverse_legacy,ajps,stata,mediation,5
dataverse_legacy,ajps,stata,cibar,5
dataverse_legacy,ajps,stata,grstyle,5
dataverse_legacy,ajps,stata,eclplot,5
dataverse_legacy,ajps,stata,asdoc,5
dataverse_legacy,ajps,stata,tabout,4
dataverse_legacy,ajps,stata,ebalance,4
dataverse_legacy,ajps,stata,boottest,4
dataverse_legacy,ajps,stata,outreg,4
dataverse_legacy,ajps,stata,kpss,4
dataverse_legacy,ajps,stata,did_multiplegt,4
dataverse_legacy,ajps,stata,parmest,4
dataverse_legacy,ajps,stata,gologit2,4
dataverse_legacy,ajps,stata,plausexog,4
dataverse_legacy,ajps,stata,combomarginsplot,4
dataverse_legacy,ajps,stata,regsave,4
dataverse_legacy,ajps,stata,sxpose,3
dataverse_legacy,ajps,stata,psmatch2,3
dataverse_legacy,ajps,stata,balancetable,3
dataverse_legacy,ajps,stata,synth,3
dataverse_legacy,ajps,stata,binscatter,3
dataverse_legacy,ajps,stata,revrs,3
dataverse_legacy,ajps,stata,ciplot,3
dataverse_legacy,ajps,stata,relogit,3
dataverse_legacy,ajps,stata,acreg,3
dataverse_legacy,ajps,stata,psacalc,3
dataverse_legacy,ajps,stata,labutil,3
dataverse_legacy,ajps,stata,center,3
dataverse_legacy,ajps,stata,latab,2
dataverse_legacy,ajps,stata,fprank,2
dataverse_legacy,ajps,stata,outtable,2
dataverse_legacy,ajps,stata,fitstat,2
dataverse_legacy,ajps,stata,xtfisher,2
dataverse_legacy,ajps,stata,rd,2
dataverse_legacy,ajps,stata,leebounds,2
dataverse_legacy,ajps,stata,mdesc,2
dataverse_legacy,ajps,stata,savesome,2
dataverse_legacy,ajps,stata,twowayfeweights,2
dataverse_legacy,ajps,stata,univar,2
dataverse_legacy,ajps,stata,grc1leg2,2
dataverse_legacy,ajps,stata,ritest,2
dataverse_legacy,ajps,stata,pre,2
dataverse_legacy,ajps,stata,shp2dta,2
dataverse_legacy,ajps,stata,mplotoffset,2
dataverse_legacy,ajps,stata,addplot,2
dataverse_legacy,ajps,stata,codebookout,2
dataverse_legacy,ajps,stata,rddensity,2
dataverse_legacy,ajps,stata,distinct,2
dataverse_legacy,ajps,stata,texdoc,2
dataverse_legacy,ajps,stata,elasticregress,2
dataverse_legacy,ajps,stata,nmissing,2
dataverse_legacy,ajps,stata,outsum,2
dataverse_legacy,ajps,stata,corrtex,2
dataverse_legacy,ajps,stata,sutex2,2
dataverse_legacy,ajps,stata,listtex,2
dataverse_legacy,ajps,stata,vioplot,2
dataverse_legacy,ajps,stata,mkcorr,2
dataverse_legacy,ajps,stata,marhis,2
dataverse_legacy,ajps,stata,outtex,1
dataverse_legacy,ajps,stata,vallist,1
dataverse_legacy,ajps,stata,moreobs,1
dataverse_legacy,ajps,stata,ranktest,1
dataverse_legacy,ajps,stata,ivtreatreg,1
dataverse_legacy,ajps,stata,estout1,1
dataverse_legacy,ajps,stata,rc_spline,1
dataverse_legacy,ajps,stata,absdid,1
dataverse_legacy,ajps,stata,hnblogit,1
dataverse_legacy,ajps,stata,weakiv,1
dataverse_legacy,ajps,stata,csdid,1
dataverse_legacy,ajps,stata,erepost,1
dataverse_legacy,ajps,stata,spspc,1
dataverse_legacy,ajps,stata,lgraph,1
dataverse_legacy,ajps,stata,spell,1
dataverse_legacy,ajps,stata,cltest,1
dataverse_legacy,ajps,stata,seq,1
dataverse_legacy,ajps,stata,eret2,1
dataverse_legacy,ajps,stata,agrm,1
dataverse_legacy,ajps,stata,omodel,1
dataverse_legacy,ajps,stata,splagvar,1
dataverse_legacy,ajps,stata,sppack,1
dataverse_legacy,ajps,stata,ppmlhdfe,1
dataverse_legacy,ajps,stata,doseresponse,1
dataverse_legacy,ajps,stata,xtevent,1
dataverse_legacy,ajps,stata,orth_out,1
dataverse_legacy,ajps,stata,nsplit,1
dataverse_legacy,ajps,stata,tr,1
dataverse_legacy,ajps,stata,zandrews,1
dataverse_legacy,ajps,stata,winsor,1
dataverse_legacy,ajps,stata,krippalpha,1
dataverse_legacy,ajps,stata,stcmd,1
dataverse_legacy,ajps,stata,fastgini,1
dataverse_legacy,ajps,stata,astile,1
dataverse_legacy,ajps,stata,encodefrom,1
dataverse_legacy,ajps,stata,ivreghdfe,1
dataverse_legacy,ajps,stata,bacondecomp,1
dataverse_legacy,ajps,stata,rollreg,1
dataverse_legacy,ajps,stata,xlincom,1
dataverse_legacy,ajps,stata,descsave,1
dataverse_legacy,ajps,stata,fre,1
dataverse_legacy,ajps,stata,lmanlsur,1
dataverse_legacy,ajps,stata,actest,1
dataverse_legacy,ajps,stata,dynardl,1
dataverse_legacy,ajps,stata,orse,1
dataverse_legacy,ajps,stata,sensemakr,1
dataverse_legacy,ajps,stata,catplot,1
dataverse_legacy,ajps,stata,dataout,1
dataverse_legacy,ajps,stata,gcause,1
dataverse_legacy,ajps,stata,fs,1
dataverse_legacy,ajps,stata,rowranks,1
dataverse_legacy,ajps,stata,rddsga,1
dataverse_legacy,ajps,stata,tabstatmat,1
dataverse_legacy,ajps,stata,wridit,1
dataverse_legacy,ajps,stata,lomackinlay,1
dataverse_legacy,ajps,stata,cmp,1
dataverse_legacy,ajps,stata,winsor2,1
dataverse_legacy,ajps,stata,reclink,1
dataverse_legacy,ajps,stata,strdist,1
dataverse_legacy,ajps,stata,isko,1
dataverse_legacy,ajps,stata,graphlog,1
dataverse_legacy,ajps,stata,krls,1
dataverse_legacy,ajps,stata,clustse,1
dataverse_legacy,ajps,stata,stop,1
dataverse_legacy,ajps,stata,mfx2,1
dataverse_legacy,ajps,stata,geodist,1
dataverse_legacy,ajps,stata,semipar,1
dataverse_legacy,ajps,stata,iscogen,1
dataverse_legacy,ajps,stata,nearmrg,1
dataverse_legacy,ajps,stata,use13,1
dataverse_legacy,ajps,stata,sumdist,1
dataverse_legacy,asyafinajournal,stata,outreg2,3
dataverse_legacy,asyafinajournal,stata,asdoc,3
dataverse_legacy,asyafinajournal,stata,wbopendata,1
dataverse_legacy,asyafinajournal,stata,ardl,1
dataverse_legacy,bpsr,r,tidyverse,6
dataverse_legacy,bpsr,r,dplyr,5
dataverse_legacy,bpsr,r,ggplot2,5
dataverse_legacy,bpsr,r,foreign,4
dataverse_legacy,bpsr,r,scales,3
dataverse_legacy,bpsr,r,memisc,2
dataverse_legacy,bpsr,r,xtable,2
dataverse_legacy,bpsr,r,reshape,2
dataverse_legacy,bpsr,r,Zelig,2
dataverse_legacy,bpsr,r,factoextra,2
dataverse_legacy,bpsr,r,RColorBrewer,2
dataverse_legacy,bpsr,r,readxl,2
dataverse_legacy,bpsr,r,ggpubr,2
dataverse_legacy,bpsr,r,stargazer,2
dataverse_legacy,bpsr,r,gridExtra,2
dataverse_legacy,bpsr,r,extrafont,2
dataverse_legacy,bpsr,r,labelled,1
dataverse_legacy,bpsr,r,nnet,1
dataverse_legacy,bpsr,r,car,1
dataverse_legacy,bpsr,r,plyr,1
dataverse_legacy,bpsr,r,sem,1
dataverse_legacy,bpsr,r,mvtnorm,1
dataverse_legacy,bpsr,r,ZeligChoice,1
dataverse_legacy,bpsr,r,MatchIt,1
dataverse_legacy,bpsr,r,RItools,1
dataverse_legacy,bpsr,r,FactoMineR,1
dataverse_legacy,bpsr,r,maps,1
dataverse_legacy,bpsr,r,haven,1
dataverse_legacy,bpsr,r,psych,1
dataverse_legacy,bpsr,r,olsrr,1
dataverse_legacy,bpsr,r,lm.beta,1
dataverse_legacy,bpsr,r,mice,1
dataverse_legacy,bpsr,r,e1071,1
dataverse_legacy,bpsr,r,sjPlot,1
dataverse_legacy,bpsr,r,sjlabelled,1
dataverse_legacy,bpsr,r,corrplot,1
dataverse_legacy,bpsr,r,vioplot,1
dataverse_legacy,bpsr,r,plotrix,1
dataverse_legacy,bpsr,r,plotly,1
dataverse_legacy,bpsr,r,classInt,1
dataverse_legacy,bpsr,r,maptools,1
dataverse_legacy,bpsr,r,fields,1
dataverse_legacy,bpsr,r,sp,1
dataverse_legacy,bpsr,r,sm,1
dataverse_legacy,bpsr,r,pastecs,1
dataverse_legacy,bpsr,r,knitr,1
dataverse_legacy,bpsr,r,spatstat,1
dataverse_legacy,bpsr,r,spdep,1
dataverse_legacy,bpsr,r,gplots,1
dataverse_legacy,bpsr,r,nlme,1
dataverse_legacy,bpsr,r,dotwhisker,1
dataverse_legacy,bpsr,r,broom,1
dataverse_legacy,bpsr,r,coefplot,1
dataverse_legacy,bpsr,r,lmtest,1
dataverse_legacy,bpsr,r,arm,1
dataverse_legacy,bpsr,r,showtext,1
dataverse_legacy,bpsr,r,readr,1
dataverse_legacy,bpsr,r,reshape2,1
dataverse_legacy,bpsr,r,jtools,1
dataverse_legacy,bpsr,r,fpc,1
dataverse_legacy,bpsr,r,cowplot,1
dataverse_legacy,bpsr,r,interactions,1
dataverse_legacy,bpsr,r,tm,1
dataverse_legacy,bpsr,r,stringr,1
dataverse_legacy,bpsr,r,topicmodels,1
dataverse_legacy,bpsr,r,SnowballC,1
dataverse_legacy,bpsr,r,ldatuning,1
dataverse_legacy,bpsr,r,tidytext,1
dataverse_legacy,bpsr,r,quanteda,1
dataverse_legacy,bpsr,r,psy,1
dataverse_legacy,bpsr,r,RI2by2,1
dataverse_legacy,bpsr,r,ipumsr,1
dataverse_legacy,bpsr,r,lme4,1
dataverse_legacy,bpsr,r,rstatix,1
dataverse_legacy,bpsr,r,comtradr,1
dataverse_legacy,bpsr,r,data.table,1
dataverse_legacy,bpsr,stata,rdrobust,2
dataverse_legacy,bpsr,stata,outreg2,2
dataverse_legacy,bpsr,stata,cmogram,1
dataverse_legacy,bpsr,stata,mundlak,1
dataverse_legacy,bpsr,stata,xtcd,1
dataverse_legacy,bpsr,stata,xtscc,1
dataverse_legacy,bpsr,stata,coefplot,1
dataverse_legacy,bpsr,stata,estout,1
dataverse_legacy,bpsr,stata,clarify,1
dataverse_legacy,bpsr,stata,ivreg2,1
dataverse_legacy,cjip,r,dplyr,1
dataverse_legacy,cjip,r,MatchIt,1
dataverse_legacy,cjip,r,cem,1
dataverse_legacy,cjip,r,readstata13,1
dataverse_legacy,cjip,r,glmmML,1
dataverse_legacy,cjip,r,stargazer,1
dataverse_legacy,cjip,r,multiwayvcov,1
dataverse_legacy,cjip,r,lmtest,1
dataverse_legacy,cjip,r,ggplot2,1
dataverse_legacy,cjip,r,gridExtra,1
dataverse_legacy,cjip,r,arm,1
dataverse_legacy,cjip,r,viridis,1
dataverse_legacy,cjip,r,ggridges,1
dataverse_legacy,cjip,r,tidyr,1
dataverse_legacy,cjip,r,stringr,1
dataverse_legacy,cjip,r,purrr,1
dataverse_legacy,cjip,r,reshape2,1
dataverse_legacy,cjip,r,ggthemes,1
dataverse_legacy,cjip,r,plotROC,1
dataverse_legacy,cjip,r,pROC,1
dataverse_legacy,cjip,r,tibble,1
dataverse_legacy,cjip,r,magrittr,1
dataverse_legacy,cjp,stata,fitstat,1
dataverse_legacy,cps,r,dplyr,72
dataverse_legacy,cps,r,ggplot2,64
dataverse_legacy,cps,r,tidyverse,59
dataverse_legacy,cps,r,stargazer,57
dataverse_legacy,cps,r,haven,31
dataverse_legacy,cps,r,foreign,31
dataverse_legacy,cps,r,xtable,28
dataverse_legacy,cps,r,lmtest,27
dataverse_legacy,cps,r,scales,26
dataverse_legacy,cps,r,broom,25
dataverse_legacy,cps,r,gridExtra,24
dataverse_legacy,cps,r,readstata13,22
dataverse_legacy,cps,r,readxl,22
dataverse_legacy,cps,r,tidyr,21
dataverse_legacy,cps,r,ggpubr,21
dataverse_legacy,cps,r,sandwich,21
dataverse_legacy,cps,r,estimatr,20
dataverse_legacy,cps,r,lfe,18
dataverse_legacy,cps,r,lubridate,16
dataverse_legacy,cps,r,MASS,16
dataverse_legacy,cps,r,texreg,16
dataverse_legacy,cps,r,ggrepel,15
dataverse_legacy,cps,r,reshape2,15
dataverse_legacy,cps,r,stringr,14
dataverse_legacy,cps,r,cowplot,14
dataverse_legacy,cps,r,plyr,14
dataverse_legacy,cps,r,data.table,12
dataverse_legacy,cps,r,lme4,11
dataverse_legacy,cps,r,arm,11
dataverse_legacy,cps,r,sjPlot,11
dataverse_legacy,cps,r,patchwork,11
dataverse_legacy,cps,r,psych,10
dataverse_legacy,cps,r,sf,10
dataverse_legacy,cps,r,multiwayvcov,10
dataverse_legacy,cps,r,margins,10
dataverse_legacy,cps,r,rgdal,10
dataverse_legacy,cps,r,countrycode,9
dataverse_legacy,cps,r,car,9
dataverse_legacy,cps,r,Hmisc,9
dataverse_legacy,cps,r,rio,9
dataverse_legacy,cps,r,RColorBrewer,9
dataverse_legacy,cps,r,modelsummary,9
dataverse_legacy,cps,r,kableExtra,9
dataverse_legacy,cps,r,fastDummies,8
dataverse_legacy,cps,r,dotwhisker,8
dataverse_legacy,cps,r,devtools,8
dataverse_legacy,cps,r,plm,8
dataverse_legacy,cps,r,jtools,8
dataverse_legacy,cps,r,readr,8
dataverse_legacy,cps,r,nnet,7
dataverse_legacy,cps,r,ggeffects,7
dataverse_legacy,cps,r,here,7
dataverse_legacy,cps,r,fixest,7
dataverse_legacy,cps,r,raster,7
dataverse_legacy,cps,r,ggthemes,6
dataverse_legacy,cps,r,magrittr,6
dataverse_legacy,cps,r,rgeos,6
dataverse_legacy,cps,r,interplot,6
dataverse_legacy,cps,r,knitr,5
dataverse_legacy,cps,r,pacman,5
dataverse_legacy,cps,r,zoo,5
dataverse_legacy,cps,r,sensemakr,5
dataverse_legacy,cps,r,sp,5
dataverse_legacy,cps,r,gtable,5
dataverse_legacy,cps,r,extrafont,5
dataverse_legacy,cps,r,rstudioapi,5
dataverse_legacy,cps,r,rdrobust,5
dataverse_legacy,cps,r,reshape,4
dataverse_legacy,cps,r,lmerTest,4
dataverse_legacy,cps,r,msm,4
dataverse_legacy,cps,r,AER,4
dataverse_legacy,cps,r,janitor,4
dataverse_legacy,cps,r,boot,4
dataverse_legacy,cps,r,broom.mixed,4
dataverse_legacy,cps,r,Matching,4
dataverse_legacy,cps,r,spdep,4
dataverse_legacy,cps,r,tibble,4
dataverse_legacy,cps,r,igraph,4
dataverse_legacy,cps,r,ggmap,4
dataverse_legacy,cps,r,pastecs,3
dataverse_legacy,cps,r,naniar,3
dataverse_legacy,cps,r,cregg,3
dataverse_legacy,cps,r,labelled,3
dataverse_legacy,cps,r,lavaan,3
dataverse_legacy,cps,r,ggstance,3
dataverse_legacy,cps,r,mediation,3
dataverse_legacy,cps,r,conleyreg,3
dataverse_legacy,cps,r,viridis,3
dataverse_legacy,cps,r,maptools,3
dataverse_legacy,cps,r,conflicted,3
dataverse_legacy,cps,r,ggridges,3
dataverse_legacy,cps,r,survival,3
dataverse_legacy,cps,r,purrr,3
dataverse_legacy,cps,r,survey,3
dataverse_legacy,cps,r,interactions,3
dataverse_legacy,cps,r,quanteda,3
dataverse_legacy,cps,r,rstanarm,3
dataverse_legacy,cps,r,ordinal,3
dataverse_legacy,cps,r,rdd,3
dataverse_legacy,cps,r,mlogit,3
dataverse_legacy,cps,r,effects,3
dataverse_legacy,cps,r,flextable,3
dataverse_legacy,cps,r,MatchIt,3
dataverse_legacy,cps,r,sjlabelled,3
dataverse_legacy,cps,r,forcats,2
dataverse_legacy,cps,r,plotrix,2
dataverse_legacy,cps,r,Amelia,2
dataverse_legacy,cps,r,wbstats,2
dataverse_legacy,cps,r,hrbrthemes,2
dataverse_legacy,cps,r,pbapply,2
dataverse_legacy,cps,r,panelView,2
dataverse_legacy,cps,r,tm,2
dataverse_legacy,cps,r,glm.predict,2
dataverse_legacy,cps,r,DeclareDesign,2
dataverse_legacy,cps,r,interflex,2
dataverse_legacy,cps,r,marginaleffects,2
dataverse_legacy,cps,r,rddtools,2
dataverse_legacy,cps,r,CBPS,2
dataverse_legacy,cps,r,lemon,2
dataverse_legacy,cps,r,ggsn,2
dataverse_legacy,cps,r,clusterSEs,2
dataverse_legacy,cps,r,spatialreg,2
dataverse_legacy,cps,r,geobr,2
dataverse_legacy,cps,r,summarytools,2
dataverse_legacy,cps,r,Rmisc,2
dataverse_legacy,cps,r,DescTools,2
dataverse_legacy,cps,r,Zelig,2
dataverse_legacy,cps,r,vegan,2
dataverse_legacy,cps,r,sjstats,2
dataverse_legacy,cps,r,ltm,2
dataverse_legacy,cps,r,DirectEffects,2
dataverse_legacy,cps,r,pwr,2
dataverse_legacy,cps,r,tidytext,2
dataverse_legacy,cps,r,coefplot,2
dataverse_legacy,cps,r,wesanderson,2
dataverse_legacy,cps,r,cjoint,2
dataverse_legacy,cps,r,ggsignif,2
dataverse_legacy,cps,r,stm,2
dataverse_legacy,cps,r,ggplotify,2
dataverse_legacy,cps,r,mgcv,2
dataverse_legacy,cps,r,rmapshaper,2
dataverse_legacy,cps,r,prediction,2
dataverse_legacy,cps,r,betareg,2
dataverse_legacy,cps,r,rddensity,2
dataverse_legacy,cps,r,sjmisc,2
dataverse_legacy,cps,r,randomizr,2
dataverse_legacy,cps,r,glmmTMB,2
dataverse_legacy,cps,r,memisc,2
dataverse_legacy,cps,r,cshapes,2
dataverse_legacy,cps,r,corrplot,2
dataverse_legacy,cps,r,table1,2
dataverse_legacy,cps,r,geosphere,2
dataverse_legacy,cps,r,tmap,2
dataverse_legacy,cps,r,quantmod,2
dataverse_legacy,cps,r,RItools,2
dataverse_legacy,cps,r,brms,2
dataverse_legacy,cps,r,egg,1
dataverse_legacy,cps,r,semPlot,1
dataverse_legacy,cps,r,essurvey,1
dataverse_legacy,cps,r,multcomp,1
dataverse_legacy,cps,r,PupillometryR,1
dataverse_legacy,cps,r,bucky,1
dataverse_legacy,cps,r,regions,1
dataverse_legacy,cps,r,ISCO08ConveRsions,1
dataverse_legacy,cps,r,FindIt,1
dataverse_legacy,cps,r,manifestoR,1
dataverse_legacy,cps,r,gmodels,1
dataverse_legacy,cps,r,jackknifeR,1
dataverse_legacy,cps,r,alpaca,1
dataverse_legacy,cps,r,tidyselect,1
dataverse_legacy,cps,r,missRanger,1
dataverse_legacy,cps,r,gbm,1
dataverse_legacy,cps,r,MCMCglmm,1
dataverse_legacy,cps,r,pscl,1
dataverse_legacy,cps,r,did2s,1
dataverse_legacy,cps,r,glue,1
dataverse_legacy,cps,r,rgenoud,1
dataverse_legacy,cps,r,visreg,1
dataverse_legacy,cps,r,fwildclusterboot,1
dataverse_legacy,cps,r,dbplyr,1
dataverse_legacy,cps,r,sem,1
dataverse_legacy,cps,r,rebus,1
dataverse_legacy,cps,r,compositions,1
dataverse_legacy,cps,r,progress,1
dataverse_legacy,cps,r,abind,1
dataverse_legacy,cps,r,oddsratio,1
dataverse_legacy,cps,r,rmarkdown,1
dataverse_legacy,cps,r,blorr,1
dataverse_legacy,cps,r,weights,1
dataverse_legacy,cps,r,anesrake,1
dataverse_legacy,cps,r,QuantPsyc,1
dataverse_legacy,cps,r,performance,1
dataverse_legacy,cps,r,see,1
dataverse_legacy,cps,r,ggcorrplot,1
dataverse_legacy,cps,r,finalfit,1
dataverse_legacy,cps,r,readtext,1
dataverse_legacy,cps,r,quanteda.textstats,1
dataverse_legacy,cps,r,remotes,1
dataverse_legacy,cps,r,ggordiplots,1
dataverse_legacy,cps,r,MuMIn,1
dataverse_legacy,cps,r,optimx,1
dataverse_legacy,cps,r,ggtext,1
dataverse_legacy,cps,r,tidymodels,1
dataverse_legacy,cps,r,emmeans,1
dataverse_legacy,cps,r,Superpower,1
dataverse_legacy,cps,r,textreadr,1
dataverse_legacy,cps,r,topicmodels,1
dataverse_legacy,cps,r,udpipe,1
dataverse_legacy,cps,r,httr,1
dataverse_legacy,cps,r,jsonlite,1
dataverse_legacy,cps,r,widyr,1
dataverse_legacy,cps,r,seededlda,1
dataverse_legacy,cps,r,vtable,1
dataverse_legacy,cps,r,broom.helpers,1
dataverse_legacy,cps,r,colortools,1
dataverse_legacy,cps,r,ebal,1
dataverse_legacy,cps,r,ggdist,1
dataverse_legacy,cps,r,gdata,1
dataverse_legacy,cps,r,cem,1
dataverse_legacy,cps,r,ggeasy,1
dataverse_legacy,cps,r,EValue,1
dataverse_legacy,cps,r,papeR,1
dataverse_legacy,cps,r,REdaS,1
dataverse_legacy,cps,r,freqtables,1
dataverse_legacy,cps,r,translateR,1
dataverse_legacy,cps,r,splitstackshape,1
dataverse_legacy,cps,r,Jmisc,1
dataverse_legacy,cps,r,qwraps2,1
dataverse_legacy,cps,r,wordcloud,1
dataverse_legacy,cps,r,spData,1
dataverse_legacy,cps,r,list,1
dataverse_legacy,cps,r,PanelMatch,1
dataverse_legacy,cps,r,miceadds,1
dataverse_legacy,cps,r,zeligverse,1
dataverse_legacy,cps,r,BaM,1
dataverse_legacy,cps,r,tidymv,1
dataverse_legacy,cps,r,officer,1
dataverse_legacy,cps,r,gt,1
dataverse_legacy,cps,r,proxy,1
dataverse_legacy,cps,r,qualtRics,1
dataverse_legacy,cps,r,mapproj,1
dataverse_legacy,cps,r,ri,1
dataverse_legacy,cps,r,stringi,1
dataverse_legacy,cps,r,fields,1
dataverse_legacy,cps,r,MetBrewer,1
dataverse_legacy,cps,r,mvtnorm,1
dataverse_legacy,cps,r,spatialEco,1
dataverse_legacy,cps,r,fANCOVA,1
dataverse_legacy,cps,r,ggsci,1
dataverse_legacy,cps,r,tictoc,1
dataverse_legacy,cps,r,ggspatial,1
dataverse_legacy,cps,r,sysfonts,1
dataverse_legacy,cps,r,showtext,1
dataverse_legacy,cps,r,spikeSlabGAM,1
dataverse_legacy,cps,r,speedglm,1
dataverse_legacy,cps,r,biglm,1
dataverse_legacy,cps,r,erer,1
dataverse_legacy,cps,r,mnlogit,1
dataverse_legacy,cps,r,GISTools,1
dataverse_legacy,cps,r,lattice,1
dataverse_legacy,cps,r,ivmodel,1
dataverse_legacy,cps,r,logisticPCA,1
dataverse_legacy,cps,r,rms,1
dataverse_legacy,cps,r,htmltools,1
dataverse_legacy,cps,r,robustHD,1
dataverse_legacy,cps,r,varhandle,1
dataverse_legacy,cps,r,gstat,1
dataverse_legacy,cps,r,spatstat,1
dataverse_legacy,cps,r,reghelper,1
dataverse_legacy,cps,r,ei,1
dataverse_legacy,cps,r,ivpack,1
dataverse_legacy,cps,r,clubSandwich,1
dataverse_legacy,cps,r,maps,1
dataverse_legacy,cps,r,mapdata,1
dataverse_legacy,cps,r,rgl,1
dataverse_legacy,cps,r,effectsize,1
dataverse_legacy,cps,r,cobalt,1
dataverse_legacy,cps,r,WeightIt,1
dataverse_legacy,cps,r,rapportools,1
dataverse_legacy,cps,r,NbClust,1
dataverse_legacy,cps,r,gtools,1
dataverse_legacy,cps,r,xlsx,1
dataverse_legacy,cps,r,rvest,1
dataverse_legacy,cps,r,did,1
dataverse_legacy,cps,r,blme,1
dataverse_legacy,cps,r,ggcharts,1
dataverse_legacy,cps,r,SemiPar,1
dataverse_legacy,cps,r,apsrtable,1
dataverse_legacy,cps,r,ICC,1
dataverse_legacy,cps,r,ri2,1
dataverse_legacy,cps,r,msme,1
dataverse_legacy,cps,r,mice,1
dataverse_legacy,cps,r,VGAM,1
dataverse_legacy,cps,r,binsreg,1
dataverse_legacy,cps,r,srvyr,1
dataverse_legacy,cps,r,wCorr,1
dataverse_legacy,cps,r,BBmisc,1
dataverse_legacy,cps,r,urca,1
dataverse_legacy,cps,r,vars,1
dataverse_legacy,cps,r,dynamac,1
dataverse_legacy,cps,r,ARDL,1
dataverse_legacy,cps,r,academictwitteR,1
dataverse_legacy,cps,r,SuperLearner,1
dataverse_legacy,cps,r,DAMisc,1
dataverse_legacy,cps,r,mltools,1
dataverse_legacy,cps,r,frequency,1
dataverse_legacy,cps,r,Ecdat,1
dataverse_legacy,cps,r,huxtable,1
dataverse_legacy,cps,r,pequod,1
dataverse_legacy,cps,r,psycho,1
dataverse_legacy,cps,r,merTools,1
dataverse_legacy,cps,r,rlang,1
dataverse_legacy,cps,r,tidyquant,1
dataverse_legacy,cps,r,Quandl,1
dataverse_legacy,cps,r,WDI,1
dataverse_legacy,cps,r,gamlss,1
dataverse_legacy,cps,r,roll,1
dataverse_legacy,cps,r,jcolors,1
dataverse_legacy,cps,r,standardize,1
dataverse_legacy,cps,r,fontcm,1
dataverse_legacy,cps,r,fect,1
dataverse_legacy,cps,r,vcd,1
dataverse_legacy,cps,r,rworldmap,1
dataverse_legacy,cps,r,coxed,1
dataverse_legacy,cps,r,survminer,1
dataverse_legacy,cps,r,splm,1
dataverse_legacy,cps,r,coda,1
dataverse_legacy,cps,r,bayesplot,1
dataverse_legacy,cps,r,inflection,1
dataverse_legacy,cps,r,mirt,1
dataverse_legacy,cps,r,bayestestR,1
dataverse_legacy,cps,r,posterior,1
dataverse_legacy,cps,r,tidybayes,1
dataverse_legacy,cps,r,ordbetareg,1
dataverse_legacy,cps,r,Synth,1
dataverse_legacy,cps,r,scpi,1
dataverse_legacy,cps,stata,estout,69
dataverse_legacy,cps,stata,coefplot,49
dataverse_legacy,cps,stata,outreg2,29
dataverse_legacy,cps,stata,asdoc,8
dataverse_legacy,cps,stata,labutil,7
dataverse_legacy,cps,stata,grstyle,6
dataverse_legacy,cps,stata,reghdfe,5
dataverse_legacy,cps,stata,sutex,5
dataverse_legacy,cps,stata,interflex,5
dataverse_legacy,cps,stata,ivreg2,5
dataverse_legacy,cps,stata,xtabond2,4
dataverse_legacy,cps,stata,fre,4
dataverse_legacy,cps,stata,binscatter,4
dataverse_legacy,cps,stata,center,3
dataverse_legacy,cps,stata,vioplot,3
dataverse_legacy,cps,stata,carryforward,3
dataverse_legacy,cps,stata,cibar,3
dataverse_legacy,cps,stata,combomarginsplot,3
dataverse_legacy,cps,stata,mediation,3
dataverse_legacy,cps,stata,ebalance,3
dataverse_legacy,cps,stata,catplot,3
dataverse_legacy,cps,stata,mplotoffset,3
dataverse_legacy,cps,stata,psmatch2,3
dataverse_legacy,cps,stata,regsave,3
dataverse_legacy,cps,stata,cem,3
dataverse_legacy,cps,stata,parmest,3
dataverse_legacy,cps,stata,utest,2
dataverse_legacy,cps,stata,gllamm,2
dataverse_legacy,cps,stata,rdrobust,2
dataverse_legacy,cps,stata,rddensity,2
dataverse_legacy,cps,stata,heatplot,2
dataverse_legacy,cps,stata,ietoolkit,2
dataverse_legacy,cps,stata,grc1leg2,2
dataverse_legacy,cps,stata,boottest,2
dataverse_legacy,cps,stata,balancetable,2
dataverse_legacy,cps,stata,stop,2
dataverse_legacy,cps,stata,sutex2,2
dataverse_legacy,cps,stata,weakivtest,2
dataverse_legacy,cps,stata,clarify,2
dataverse_legacy,cps,stata,bacondecomp,2
dataverse_legacy,cps,stata,dataout,2
dataverse_legacy,cps,stata,logout,2
dataverse_legacy,cps,stata,kountry,2
dataverse_legacy,cps,stata,spmap,2
dataverse_legacy,cps,stata,prtab,1
dataverse_legacy,cps,stata,addplot,1
dataverse_legacy,cps,stata,corrtex,1
dataverse_legacy,cps,stata,tab3way,1
dataverse_legacy,cps,stata,tabout,1
dataverse_legacy,cps,stata,texdoc,1
dataverse_legacy,cps,stata,medsem,1
dataverse_legacy,cps,stata,igenerate,1
dataverse_legacy,cps,stata,spwmatrix,1
dataverse_legacy,cps,stata,spmlreg,1
dataverse_legacy,cps,stata,devnplot,1
dataverse_legacy,cps,stata,txttool,1
dataverse_legacy,cps,stata,ngram,1
dataverse_legacy,cps,stata,mdesc,1
dataverse_legacy,cps,stata,kmatch,1
dataverse_legacy,cps,stata,xtcsd,1
dataverse_legacy,cps,stata,matchit,1
dataverse_legacy,cps,stata,factortest,1
dataverse_legacy,cps,stata,ivreghdfe,1
dataverse_legacy,cps,stata,regife,1
dataverse_legacy,cps,stata,krls,1
dataverse_legacy,cps,stata,avciplot,1
dataverse_legacy,cps,stata,xtivreg2,1
dataverse_legacy,cps,stata,xthybrid,1
dataverse_legacy,cps,stata,rangestat,1
dataverse_legacy,cps,stata,mcenter,1
dataverse_legacy,cps,stata,spineplot,1
dataverse_legacy,cps,stata,outtable,1
dataverse_legacy,cps,stata,sensemakr,1
dataverse_legacy,cps,stata,outreg,1
dataverse_legacy,cps,stata,sppack,1
dataverse_legacy,cps,stata,xsmle,1
dataverse_legacy,cps,stata,sumdist,1
dataverse_legacy,cps,stata,fs,1
dataverse_legacy,cps,stata,diff,1
dataverse_legacy,cps,stata,fitstat,1
dataverse_legacy,cps,stata,firthlogit,1
dataverse_legacy,cps,stata,putdocxcrosstab,1
dataverse_legacy,cps,stata,corrtable,1
dataverse_legacy,cps,stata,xtfisher,1
dataverse_legacy,cps,stata,xttest3,1
dataverse_legacy,cps,stata,ivmediate,1
dataverse_legacy,cps,stata,acreg,1
dataverse_legacy,cps,stata,qqvalue,1
dataverse_legacy,cps,stata,eclplot,1
dataverse_legacy,cps,stata,copydesc,1
dataverse_legacy,cps,stata,khb,1
dataverse_legacy,cps,stata,unique,1
dataverse_legacy,cps,stata,mimrgns,1
dataverse_legacy,cps,stata,misum,1
dataverse_legacy,cps,stata,twostepweakiv,1
dataverse_legacy,culturalanalytics,python,numpy,12
dataverse_legacy,culturalanalytics,python,pandas,11
dataverse_legacy,culturalanalytics,python,matplotlib,9
dataverse_legacy,culturalanalytics,python,scipy,8
dataverse_legacy,culturalanalytics,python,scikit-learn,6
dataverse_legacy,culturalanalytics,python,nltk,4
dataverse_legacy,culturalanalytics,python,tqdm,2
dataverse_legacy,culturalanalytics,python,seaborn,2
dataverse_legacy,culturalanalytics,python,Pillow,2
dataverse_legacy,culturalanalytics,python,tensorflow,2
dataverse_legacy,culturalanalytics,python,beautifulsoup4,2
dataverse_legacy,culturalanalytics,python,utils,2
dataverse_legacy,culturalanalytics,python,python-Levenshtein,1
dataverse_legacy,culturalanalytics,python,keras,1
dataverse_legacy,culturalanalytics,python,regex,1
dataverse_legacy,culturalanalytics,python,selenium,1
dataverse_legacy,culturalanalytics,python,credentials,1
dataverse_legacy,culturalanalytics,python,chromedriver-py,1
dataverse_legacy,culturalanalytics,python,geckodriver-autoinstaller,1
dataverse_legacy,culturalanalytics,python,networkx,1
dataverse_legacy,culturalanalytics,python,variables,1
dataverse_legacy,culturalanalytics,python,google-api-python-client,1
dataverse_legacy,culturalanalytics,python,object-detection,1
dataverse_legacy,culturalanalytics,python,graphutils,1
dataverse_legacy,culturalanalytics,python,genre,1
dataverse_legacy,culturalanalytics,python,ptitprince,1
dataverse_legacy,culturalanalytics,python,statsmodels,1
dataverse_legacy,culturalanalytics,python,tsne,1
dataverse_legacy,culturalanalytics,python,pylab,1
dataverse_legacy,culturalanalytics,python,urllib3,1
dataverse_legacy,culturalanalytics,python,spacy,1
dataverse_legacy,culturalanalytics,python,neuralcoref,1
dataverse_legacy,culturalanalytics,python,datasets,1
dataverse_legacy,culturalanalytics,python,models,1
dataverse_legacy,culturalanalytics,python,inference,1
dataverse_legacy,culturalanalytics,python,dill,1
dataverse_legacy,culturalanalytics,python,pystan,1
dataverse_legacy,culturalanalytics,python,polyglot,1
dataverse_legacy,culturalanalytics,python,requests,1
dataverse_legacy,culturalanalytics,r,ggplot2,10
dataverse_legacy,culturalanalytics,r,dplyr,9
dataverse_legacy,culturalanalytics,r,tidyverse,6
dataverse_legacy,culturalanalytics,r,ggrepel,4
dataverse_legacy,culturalanalytics,r,tm,3
dataverse_legacy,culturalanalytics,r,plyr,3
dataverse_legacy,culturalanalytics,r,reshape2,3
dataverse_legacy,culturalanalytics,r,readr,3
dataverse_legacy,culturalanalytics,r,tidyr,3
dataverse_legacy,culturalanalytics,r,lubridate,3
dataverse_legacy,culturalanalytics,r,caret,3
dataverse_legacy,culturalanalytics,r,data.table,3
dataverse_legacy,culturalanalytics,r,magrittr,2
dataverse_legacy,culturalanalytics,r,doParallel,2
dataverse_legacy,culturalanalytics,r,scales,2
dataverse_legacy,culturalanalytics,r,e1071,2
dataverse_legacy,culturalanalytics,r,cowplot,2
dataverse_legacy,culturalanalytics,r,pamr,2
dataverse_legacy,culturalanalytics,r,stringi,2
dataverse_legacy,culturalanalytics,r,sf,2
dataverse_legacy,culturalanalytics,r,reader,2
dataverse_legacy,culturalanalytics,r,stringr,2
dataverse_legacy,culturalanalytics,r,igraph,2
dataverse_legacy,culturalanalytics,r,text2vec,1
dataverse_legacy,culturalanalytics,r,Rtsne,1
dataverse_legacy,culturalanalytics,r,rstudioapi,1
dataverse_legacy,culturalanalytics,r,openxlsx,1
dataverse_legacy,culturalanalytics,r,directlabels,1
dataverse_legacy,culturalanalytics,r,spatstat,1
dataverse_legacy,culturalanalytics,r,packcircles,1
dataverse_legacy,culturalanalytics,r,Hmisc,1
dataverse_legacy,culturalanalytics,r,ircor,1
dataverse_legacy,culturalanalytics,r,hms,1
dataverse_legacy,culturalanalytics,r,RcppRoll,1
dataverse_legacy,culturalanalytics,r,broom,1
dataverse_legacy,culturalanalytics,r,jpeg,1
dataverse_legacy,culturalanalytics,r,abind,1
dataverse_legacy,culturalanalytics,r,ggimg,1
dataverse_legacy,culturalanalytics,r,leaflet,1
dataverse_legacy,culturalanalytics,r,sfheaders,1
dataverse_legacy,culturalanalytics,r,htmlwidgets,1
dataverse_legacy,culturalanalytics,r,htmltools,1
dataverse_legacy,culturalanalytics,r,ggvoronoi,1
dataverse_legacy,culturalanalytics,r,tidymodels,1
dataverse_legacy,culturalanalytics,r,pracma,1
dataverse_legacy,culturalanalytics,r,sp,1
dataverse_legacy,culturalanalytics,r,raster,1
dataverse_legacy,culturalanalytics,r,pROC,1
dataverse_legacy,culturalanalytics,r,mfx,1
dataverse_legacy,culturalanalytics,r,erer,1
dataverse_legacy,culturalanalytics,r,aod,1
dataverse_legacy,culturalanalytics,r,foreach,1
dataverse_legacy,culturalanalytics,r,tidytext,1
dataverse_legacy,culturalanalytics,r,gridExtra,1
dataverse_legacy,culturalanalytics,r,itertools,1
dataverse_legacy,culturalanalytics,r,gtable,1
dataverse_legacy,culturalanalytics,r,viridis,1
dataverse_legacy,culturalanalytics,r,outliers,1
dataverse_legacy,culturalanalytics,r,cooccur,1
dataverse_legacy,culturalanalytics,r,tibble,1
dataverse_legacy,culturalanalytics,r,segmented,1
dataverse_legacy,culturalanalytics,r,patchwork,1
dataverse_legacy,culturalanalytics,r,zoo,1
dataverse_legacy,culturalanalytics,r,entropy,1
dataverse_legacy,culturalanalytics,r,texreg,1
dataverse_legacy,culturalanalytics,r,epiR,1
dataverse_legacy,culturalanalytics,r,bazar,1
dataverse_legacy,culturalanalytics,r,splitstackshape,1
dataverse_legacy,culturalanalytics,r,rapport,1
dataverse_legacy,culturalanalytics,r,RColorBrewer,1
dataverse_legacy,culturalanalytics,r,gender,1
dataverse_legacy,culturalanalytics,r,DescTools,1
dataverse_legacy,culturalanalytics,r,rjags,1
dataverse_legacy,culturalanalytics,r,prevalence,1
dataverse_legacy,culturalanalytics,r,ggridges,1
dataverse_legacy,culturalanalytics,r,effsize,1
dataverse_legacy,culturalanalytics,r,shiny,1
dataverse_legacy,culturalanalytics,r,ggraph,1
dataverse_legacy,culturalanalytics,r,plotly,1
dataverse_legacy,culturalanalytics,r,tidygraph,1
dataverse_legacy,culturalanalytics,r,snakecase,1
dataverse_legacy,culturalanalytics,r,furrr,1
zenodo,economics,r,foreign,1
zenodo,economics,r,zoo,1
zenodo,economics,r,moments,1
zenodo,economics,r,gridExtra,1
zenodo,economics,r,ggplot2,1
dataverse_legacy,economics,r,RNetLogo,1
dataverse_legacy,economics,r,lhs,1
dataverse_legacy,economics,r,scatterplot3d,1
dataverse_legacy,economics,r,sensitivity,1
dataverse_legacy,economics,r,data.table,1
dataverse_legacy,economics,r,poweRlaw,1
dataverse_legacy,economics,r,fitdistrplus,1
dataverse_legacy,economics,r,tidyverse,1
dataverse_legacy,economics,r,cowplot,1
dataverse_legacy,economics,r,lubridate,1
dataverse_legacy,economics,r,devtools,1
dataverse_legacy,economics,r,countrycode,1
dataverse_legacy,economics,r,polynom,1
dataverse_legacy,economics,r,lme4,1
dataverse_legacy,economics,r,lmerTest,1
dataverse_legacy,economics,r,ggplot2,1
dataverse_legacy,economics,stata,outreg2,5
dataverse_legacy,economics,stata,estout,5
dataverse_legacy,economics,stata,xtabond2,3
zenodo,economics,stata,estout,2
dataverse_legacy,economics,stata,oaxaca,2
dataverse_legacy,economics,stata,ivreg2,2
dataverse_legacy,economics,stata,coefplot,2
dataverse_legacy,economics,stata,psmatch2,2
zenodo,economics,stata,binscatter,1
zenodo,economics,stata,reghdfe,1
zenodo,economics,stata,outreg2,1
zenodo,economics,stata,rwolf2,1
zenodo,economics,stata,maptile,1
zenodo,economics,stata,gtools,1
zenodo,economics,stata,sxpose,1
zenodo,economics,stata,labutil,1
dataverse_legacy,economics,stata,xtscc,1
dataverse_legacy,economics,stata,sfpanel,1
dataverse_legacy,economics,stata,gologit2,1
dataverse_legacy,economics,stata,oglm,1
dataverse_legacy,economics,stata,sfcross,1
dataverse_legacy,economics,stata,jmpierce,1
dataverse_legacy,economics,stata,outreg,1
dataverse_legacy,economics,stata,xttest3,1
dataverse_legacy,economics,stata,xtcsd,1
zenodo,ectj-replication-repository,python,pandas,6
zenodo,ectj-replication-repository,python,numpy,6
zenodo,ectj-replication-repository,python,matplotlib,4
zenodo,ectj-replication-repository,python,statsmodels,4
zenodo,ectj-replication-repository,python,scipy,3
zenodo,ectj-replication-repository,python,joblib,2
zenodo,ectj-replication-repository,python,plotly,1
zenodo,ectj-replication-repository,python,certifi,1
zenodo,ectj-replication-repository,python,xarray,1
zenodo,ectj-replication-repository,python,cdsapi,1
zenodo,ectj-replication-repository,python,seaborn,1
zenodo,ectj-replication-repository,python,Cartopy,1
zenodo,ectj-replication-repository,python,scikit-learn,1
zenodo,ectj-replication-repository,python,utils,1
zenodo,ectj-replication-repository,python,core,1
zenodo,ectj-replication-repository,python,dynamic,1
zenodo,ectj-replication-repository,python,simulations,1
zenodo,ectj-replication-repository,python,tqdm,1
zenodo,ectj-replication-repository,python,functions,1
zenodo,ectj-replication-repository,r,ggplot2,6
zenodo,ectj-replication-repository,r,dplyr,6
zenodo,ectj-replication-repository,r,MASS,5
zenodo,ectj-replication-repository,r,readxl,3
zenodo,ectj-replication-repository,r,numDeriv,3
zenodo,ectj-replication-repository,r,quadprog,3
zenodo,ectj-replication-repository,r,tidyr,3
zenodo,ectj-replication-repository,r,tidyverse,3
zenodo,ectj-replication-repository,r,R.matlab,2
zenodo,ectj-replication-repository,r,Rcpp,2
zenodo,ectj-replication-repository,r,quantreg,2
zenodo,ectj-replication-repository,r,xtable,2
zenodo,ectj-replication-repository,r,foreign,2
zenodo,ectj-replication-repository,r,glmnet,2
zenodo,ectj-replication-repository,r,gsynth,2
zenodo,ectj-replication-repository,r,haven,2
zenodo,ectj-replication-repository,r,knitr,2
zenodo,ectj-replication-repository,r,kableExtra,2
zenodo,ectj-replication-repository,r,devtools,2
zenodo,ectj-replication-repository,r,readr,2
zenodo,ectj-replication-repository,r,stringr,2
zenodo,ectj-replication-repository,r,rstudioapi,2
zenodo,ectj-replication-repository,r,patchwork,2
zenodo,ectj-replication-repository,r,scales,2
zenodo,ectj-replication-repository,r,rstan,1
zenodo,ectj-replication-repository,r,sn,1
zenodo,ectj-replication-repository,r,DEoptim,1
zenodo,ectj-replication-repository,r,Rsolnp,1
zenodo,ectj-replication-repository,r,goftest,1
zenodo,ectj-replication-repository,r,forecast,1
zenodo,ectj-replication-repository,r,GAS,1
zenodo,ectj-replication-repository,r,fmsb,1
zenodo,ectj-replication-repository,r,Formula,1
zenodo,ectj-replication-repository,r,FNN,1
zenodo,ectj-replication-repository,r,osqp,1
zenodo,ectj-replication-repository,r,rlang,1
zenodo,ectj-replication-repository,r,Matrix,1
zenodo,ectj-replication-repository,r,ggrepel,1
zenodo,ectj-replication-repository,r,randomForest,1
zenodo,ectj-replication-repository,r,CausalImpact,1
zenodo,ectj-replication-repository,r,keras,1
zenodo,ectj-replication-repository,r,Synth,1
zenodo,ectj-replication-repository,r,testthat,1
zenodo,ectj-replication-repository,r,magrittr,1
zenodo,ectj-replication-repository,r,nloptr,1
zenodo,ectj-replication-repository,r,e1071,1
zenodo,ectj-replication-repository,r,limSolve,1
zenodo,ectj-replication-repository,r,sf,1
zenodo,ectj-replication-repository,r,spdep,1
zenodo,ectj-replication-repository,r,tibble,1
zenodo,ectj-replication-repository,r,usethis,1
zenodo,ectj-replication-repository,r,httr,1
zenodo,ectj-replication-repository,r,jsonlite,1
zenodo,ectj-replication-repository,r,purrr,1
zenodo,ectj-replication-repository,r,countrycode,1
zenodo,ectj-replication-repository,r,ggpattern,1
zenodo,ectj-replication-repository,r,coda,1
zenodo,ectj-replication-repository,r,mcmcse,1
zenodo,ectj-replication-repository,r,posterior,1
zenodo,ectj-replication-repository,r,bayesplot,1
zenodo,ectj-replication-repository,r,glue,1
zenodo,ectj-replication-repository,r,caret,1
zenodo,ectj-replication-repository,r,grf,1
zenodo,ectj-replication-repository,r,Cairo,1
zenodo,ectj-replication-repository,r,nnet,1
zenodo,ectj-replication-repository,r,DoubleML,1
zenodo,ectj-replication-repository,r,mlr3,1
zenodo,ectj-replication-repository,r,mlr3learners,1
zenodo,ectj-replication-repository,r,data.table,1
zenodo,ectj-replication-repository,r,mvtnorm,1
zenodo,ectj-replication-repository,r,extraDistr,1
zenodo,ectj-replication-repository,r,Rfit,1
zenodo,ectj-replication-repository,r,panelView,1
zenodo,ectj-replication-repository,r,cowplot,1
zenodo,ectj-replication-repository,r,nleqslv,1
zenodo,ectj-replication-repository,r,doParallel,1
zenodo,ectj-replication-repository,r,foreach,1
zenodo,ectj-replication-repository,r,doRNG,1
zenodo,ectj-replication-repository,r,ordinal,1
zenodo,ectj-replication-repository,r,flexsurv,1
zenodo,ectj-replication-repository,r,VineCopula,1
zenodo,ectj-replication-repository,r,pscl,1
zenodo,ectj-replication-repository,r,glmmTMB,1
zenodo,ectj-replication-repository,r,tweedie,1
zenodo,ectj-replication-repository,r,RColorBrewer,1
zenodo,ectj-replication-repository,r,GGally,1
zenodo,ectj-replication-repository,r,ggcorrplot,1
zenodo,ectj-replication-repository,r,cplm,1
zenodo,ectj-replication-repository,r,lme4,1
zenodo,ectj-replication-repository,r,sandwich,1
zenodo,ectj-replication-repository,r,lubridate,1
zenodo,ectj-replication-repository,r,stargazer,1
zenodo,ectj-replication-repository,r,urca,1
zenodo,ectj-replication-repository,r,vars,1
zenodo,ectj-replication-repository,stata,reghdfe,1
zenodo,ectj-replication-repository,stata,ivreg2,1
zenodo,ectj-replication-repository,stata,grc1leg2,1
zenodo,ectj-replication-repository,stata,outreg2,1
zenodo,ectj-replication-repository,stata,keeporder,1
zenodo,ej-replication-repository,python,pandas,51
zenodo,ej-replication-repository,python,numpy,45
zenodo,ej-replication-repository,python,matplotlib,35
zenodo,ej-replication-repository,python,scipy,25
zenodo,ej-replication-repository,python,statsmodels,14
zenodo,ej-replication-repository,python,scikit-learn,13
zenodo,ej-replication-repository,python,seaborn,12
zenodo,ej-replication-repository,python,requests,8
zenodo,ej-replication-repository,python,nltk,7
zenodo,ej-replication-repository,python,spacy,6
zenodo,ej-replication-repository,python,ipython,5
zenodo,ej-replication-repository,python,geopandas,5
zenodo,ej-replication-repository,python,gensim,4
zenodo,ej-replication-repository,python,PyYAML,4
zenodo,ej-replication-repository,python,tqdm,4
zenodo,ej-replication-repository,python,utils,4
zenodo,ej-replication-repository,python,joblib,3
zenodo,ej-replication-repository,python,networkx,3
zenodo,ej-replication-repository,python,numba,3
zenodo,ej-replication-repository,python,wordcloud,3
zenodo,ej-replication-repository,python,pywin32,3
zenodo,ej-replication-repository,python,Pygments,3
zenodo,ej-replication-repository,python,java,3
zenodo,ej-replication-repository,python,sympy,3
zenodo,ej-replication-repository,python,config,3
zenodo,ej-replication-repository,python,tabulate,2
zenodo,ej-replication-repository,python,rasterio,2
zenodo,ej-replication-repository,python,plotly,2
zenodo,ej-replication-repository,python,pyLDAvis,2
zenodo,ej-replication-repository,python,plotnine,2
zenodo,ej-replication-repository,python,utilities,2
zenodo,ej-replication-repository,python,python-dateutil,2
zenodo,ej-replication-repository,python,org,2
zenodo,ej-replication-repository,python,test,2
zenodo,ej-replication-repository,python,docutils,2
zenodo,ej-replication-repository,python,pgen2,2
zenodo,ej-replication-repository,python,usercustomize,2
zenodo,ej-replication-repository,python,netCDF4,2
zenodo,ej-replication-repository,python,nose,2
zenodo,ej-replication-repository,python,pytest,2
zenodo,ej-replication-repository,python,xlrd,2
zenodo,ej-replication-repository,python,openpyxl,2
zenodo,ej-replication-repository,python,sets,2
zenodo,ej-replication-repository,python,pandas-datareader,2
zenodo,ej-replication-repository,python,Shapely,2
zenodo,ej-replication-repository,python,geopy,2
zenodo,ej-replication-repository,python,beautifulsoup4,2
zenodo,ej-replication-repository,python,Unidecode,2
zenodo,ej-replication-repository,python,stata-setup,1
zenodo,ej-replication-repository,python,excel,1
zenodo,ej-replication-repository,python,researchpy,1
zenodo,ej-replication-repository,python,lightgbm,1
zenodo,ej-replication-repository,python,SQLAlchemy,1
zenodo,ej-replication-repository,python,binsreg,1
zenodo,ej-replication-repository,python,cpnet,1
zenodo,ej-replication-repository,python,econtools,1
zenodo,ej-replication-repository,python,functions,1
zenodo,ej-replication-repository,python,simulation,1
zenodo,ej-replication-repository,python,purpleair,1
zenodo,ej-replication-repository,python,pyproj,1
zenodo,ej-replication-repository,python,black,1
zenodo,ej-replication-repository,python,chardet,1
zenodo,ej-replication-repository,python,distributed,1
zenodo,ej-replication-repository,python,dask,1
zenodo,ej-replication-repository,python,debugpy,1
zenodo,ej-replication-repository,python,flake8,1
zenodo,ej-replication-repository,python,fonttools,1
zenodo,ej-replication-repository,python,geomet,1
zenodo,ej-replication-repository,python,jupyterlab,1
zenodo,ej-replication-repository,python,jsonschema,1
zenodo,ej-replication-repository,python,notebook,1
zenodo,ej-replication-repository,python,jupyter-console,1
zenodo,ej-replication-repository,python,jupyter-contrib-nbextensions,1
zenodo,ej-replication-repository,python,jupyter-contrib-core,1
zenodo,ej-replication-repository,python,nbconvert,1
zenodo,ej-replication-repository,python,nbclient,1
zenodo,ej-replication-repository,python,jupyter-client,1
zenodo,ej-replication-repository,python,jupyter-core,1
zenodo,ej-replication-repository,python,nbclassic,1
zenodo,ej-replication-repository,python,jupyter-nbextensions-configurator,1
zenodo,ej-replication-repository,python,jupyter-server,1
zenodo,ej-replication-repository,python,nbformat,1
zenodo,ej-replication-repository,python,keyring,1
zenodo,ej-replication-repository,python,charset-normalizer,1
zenodo,ej-replication-repository,python,pip,1
zenodo,ej-replication-repository,python,babel,1
zenodo,ej-replication-repository,python,pycodestyle,1
zenodo,ej-replication-repository,python,pyflakes,1
zenodo,ej-replication-repository,python,json5,1
zenodo,ej-replication-repository,python,wheel,1
zenodo,ej-replication-repository,python,websocket,1
zenodo,ej-replication-repository,python,fintl,1
zenodo,ej-replication-repository,python,pysource,1
zenodo,ej-replication-repository,python,reindent,1
zenodo,ej-replication-repository,python,DoubleML,1
zenodo,ej-replication-repository,python,xgboost,1
zenodo,ej-replication-repository,python,cupy,1
zenodo,ej-replication-repository,python,pyarrow,1
zenodo,ej-replication-repository,python,probit,1
zenodo,ej-replication-repository,python,pytz,1
zenodo,ej-replication-repository,python,Camelot,1
zenodo,ej-replication-repository,python,PyPDF2,1
zenodo,ej-replication-repository,python,auxiliary,1
zenodo,ej-replication-repository,python,myMath,1
zenodo,ej-replication-repository,python,svm,1
zenodo,ej-replication-repository,python,encode,1
zenodo,ej-replication-repository,python,classification,1
zenodo,ej-replication-repository,python,dataset,1
zenodo,ej-replication-repository,python,indexing,1
zenodo,ej-replication-repository,python,measurements,1
zenodo,ej-replication-repository,python,output,1
zenodo,ej-replication-repository,python,lookup,1
zenodo,ej-replication-repository,python,SimpleHMM,1
zenodo,ej-replication-repository,python,PyGTK,1
zenodo,ej-replication-repository,python,pango,1
zenodo,ej-replication-repository,python,phoneNum,1
zenodo,ej-replication-repository,python,jacobian,1
zenodo,ej-replication-repository,python,nonlinear,1
zenodo,ej-replication-repository,python,cycler,1
zenodo,ej-replication-repository,python,tables,1
zenodo,ej-replication-repository,python,mapclassify,1
zenodo,ej-replication-repository,python,lpdensity,1
zenodo,ej-replication-repository,python,rddensity,1
zenodo,ej-replication-repository,python,rdrobust,1
zenodo,ej-replication-repository,python,processing,1
zenodo,ej-replication-repository,python,sentence-transformers,1
zenodo,ej-replication-repository,python,torch,1
zenodo,ej-replication-repository,python,langid,1
zenodo,ej-replication-repository,python,affine,1
zenodo,ej-replication-repository,python,grass,1
zenodo,ej-replication-repository,python,pytrends,1
zenodo,ej-replication-repository,python,tensorflow,1
zenodo,ej-replication-repository,python,parameters,1
zenodo,ej-replication-repository,python,definitions,1
zenodo,ej-replication-repository,python,equilibrium,1
zenodo,ej-replication-repository,python,horovod,1
zenodo,ej-replication-repository,python,Hydra,1
zenodo,ej-replication-repository,python,omegaconf,1
zenodo,ej-replication-repository,python,globals,1
zenodo,ej-replication-repository,python,state,1
zenodo,ej-replication-repository,python,graphs,1
zenodo,ej-replication-repository,python,Cartopy,1
zenodo,ej-replication-repository,python,xarray,1
zenodo,ej-replication-repository,python,prettytable,1
zenodo,ej-replication-repository,python,paths,1
zenodo,ej-replication-repository,python,helpers,1
zenodo,ej-replication-repository,python,ia,1
zenodo,ej-replication-repository,python,iQual,1
zenodo,ej-replication-repository,python,utility,1
zenodo,ej-replication-repository,python,scattertext,1
zenodo,ej-replication-repository,python,num2words,1
zenodo,ej-replication-repository,python,PyPrind,1
zenodo,ej-replication-repository,python,numexpr,1
zenodo,ej-replication-repository,python,helper,1
zenodo,ej-replication-repository,python,mistune,1
zenodo,ej-replication-repository,python,urllib3,1
zenodo,ej-replication-repository,python,openai,1
zenodo,ej-replication-repository,python,contextily,1
zenodo,ej-replication-repository,python,SciencePlots,1
zenodo,ej-replication-repository,python,contourpy,1
zenodo,ej-replication-repository,python,fuzzywuzzy,1
zenodo,ej-replication-repository,python,google-ngram-downloader,1
zenodo,ej-replication-repository,python,psycopg2-binary,1
zenodo,ej-replication-repository,python,database-connection,1
zenodo,ej-replication-repository,python,hyphen,1
zenodo,ej-replication-repository,python,textatistic,1
zenodo,ej-replication-repository,python,waflib,1
zenodo,ej-replication-repository,python,subprocess32,1
zenodo,ej-replication-repository,python,cpplint,1
zenodo,ej-replication-repository,python,pep8,1
zenodo,ej-replication-repository,python,Sphinx,1
zenodo,ej-replication-repository,python,pattern,1
zenodo,ej-replication-repository,python,six,1
zenodo,ej-replication-repository,python,regex,1
zenodo,ej-replication-repository,python,text-unidecode,1
zenodo,ej-replication-repository,python,pygame,1
zenodo,ej-replication-repository,python,bllipparser,1
zenodo,ej-replication-repository,python,rednose,1
zenodo,ej-replication-repository,python,twython,1
zenodo,ej-replication-repository,python,pyparsing,1
zenodo,ej-replication-repository,python,norm,1
zenodo,ej-replication-repository,python,pylab,1
zenodo,ej-replication-repository,python,common,1
zenodo,ej-replication-repository,python,CherryPy,1
zenodo,ej-replication-repository,python,simplejson,1
zenodo,ej-replication-repository,python,thread,1
zenodo,ej-replication-repository,python,Routes,1
zenodo,ej-replication-repository,python,mod_python,1
zenodo,ej-replication-repository,python,coverage,1
zenodo,ej-replication-repository,python,objgraph,1
zenodo,ej-replication-repository,python,configparser,1
zenodo,ej-replication-repository,python,compiler,1
zenodo,ej-replication-repository,python,memcache,1
zenodo,ej-replication-repository,python,xmlrpclib,1
zenodo,ej-replication-repository,python,flup,1
zenodo,ej-replication-repository,python,pyOpenSSL,1
zenodo,ej-replication-repository,python,liblinear,1
zenodo,ej-replication-repository,python,libsvm,1
zenodo,ej-replication-repository,python,Pillow,1
zenodo,ej-replication-repository,python,image,1
zenodo,ej-replication-repository,python,scanner,1
zenodo,ej-replication-repository,python,decoder,1
zenodo,ej-replication-repository,python,cmap,1
zenodo,ej-replication-repository,python,layout,1
zenodo,ej-replication-repository,python,pdfparser,1
zenodo,ej-replication-repository,python,lzw,1
zenodo,ej-replication-repository,python,pyecharts,1
zenodo,ej-replication-repository,python,ee,1
zenodo,ej-replication-repository,python,config-dir,1
zenodo,ej-replication-repository,python,shaper,1
zenodo,ej-replication-repository,python,gridder,1
zenodo,ej-replication-repository,python,kmodes,1
zenodo,ej-replication-repository,python,pymongo,1
zenodo,ej-replication-repository,python,dateparser,1
zenodo,ej-replication-repository,python,spacy-sentiws,1
zenodo,ej-replication-repository,python,editdistance,1
zenodo,ej-replication-repository,r,dplyr,60
zenodo,ej-replication-repository,r,ggplot2,47
zenodo,ej-replication-repository,r,tidyverse,37
zenodo,ej-replication-repository,r,haven,37
zenodo,ej-replication-repository,r,readxl,33
zenodo,ej-replication-repository,r,stringr,29
zenodo,ej-replication-repository,r,data.table,28
zenodo,ej-replication-repository,r,sf,25
zenodo,ej-replication-repository,r,foreign,24
zenodo,ej-replication-repository,r,scales,23
zenodo,ej-replication-repository,r,tidyr,23
zenodo,ej-replication-repository,r,xtable,18
zenodo,ej-replication-repository,r,readr,17
zenodo,ej-replication-repository,r,plyr,17
zenodo,ej-replication-repository,r,reshape2,16
zenodo,ej-replication-repository,r,knitr,16
zenodo,ej-replication-repository,r,stargazer,15
zenodo,ej-replication-repository,r,lubridate,15
zenodo,ej-replication-repository,r,tibble,15
zenodo,ej-replication-repository,r,lfe,14
zenodo,ej-replication-repository,r,raster,13
zenodo,ej-replication-repository,r,RColorBrewer,13
zenodo,ej-replication-repository,r,rstudioapi,12
zenodo,ej-replication-repository,r,gridExtra,12
zenodo,ej-replication-repository,r,sandwich,12
zenodo,ej-replication-repository,r,sp,12
zenodo,ej-replication-repository,r,purrr,12
zenodo,ej-replication-repository,r,lmtest,11
zenodo,ej-replication-repository,r,viridis,11
zenodo,ej-replication-repository,r,fixest,11
zenodo,ej-replication-repository,r,broom,10
zenodo,ej-replication-repository,r,ggpubr,10
zenodo,ej-replication-repository,r,foreach,10
zenodo,ej-replication-repository,r,pracma,9
zenodo,ej-replication-repository,r,kableExtra,9
zenodo,ej-replication-repository,r,maps,9
zenodo,ej-replication-repository,r,doParallel,9
zenodo,ej-replication-repository,r,pacman,9
zenodo,ej-replication-repository,r,devtools,8
zenodo,ej-replication-repository,r,Hmisc,8
zenodo,ej-replication-repository,r,texreg,8
zenodo,ej-replication-repository,r,magrittr,8
zenodo,ej-replication-repository,r,cowplot,8
zenodo,ej-replication-repository,r,readstata13,8
zenodo,ej-replication-repository,r,remotes,7
zenodo,ej-replication-repository,r,rgeos,7
zenodo,ej-replication-repository,r,zoo,7
zenodo,ej-replication-repository,r,writexl,7
zenodo,ej-replication-repository,r,Matrix,7
zenodo,ej-replication-repository,r,latex2exp,7
zenodo,ej-replication-repository,r,estimatr,7
zenodo,ej-replication-repository,r,gdata,6
zenodo,ej-replication-repository,r,spatstat,6
zenodo,ej-replication-repository,r,ggthemes,6
zenodo,ej-replication-repository,r,maptools,6
zenodo,ej-replication-repository,r,lattice,6
zenodo,ej-replication-repository,r,psych,6
zenodo,ej-replication-repository,r,car,6
zenodo,ej-replication-repository,r,lme4,6
zenodo,ej-replication-repository,r,tidytext,6
zenodo,ej-replication-repository,r,rgdal,5
zenodo,ej-replication-repository,r,ggrepel,5
zenodo,ej-replication-repository,r,multiwayvcov,5
zenodo,ej-replication-repository,r,rlang,5
zenodo,ej-replication-repository,r,mvtnorm,5
zenodo,ej-replication-repository,r,MASS,5
zenodo,ej-replication-repository,r,plm,5
zenodo,ej-replication-repository,r,RSQLite,5
zenodo,ej-replication-repository,r,quantreg,5
zenodo,ej-replication-repository,r,doRNG,5
zenodo,ej-replication-repository,r,reshape,5
zenodo,ej-replication-repository,r,tm,5
zenodo,ej-replication-repository,r,rddensity,4
zenodo,ej-replication-repository,r,tictoc,4
zenodo,ej-replication-repository,r,testthat,4
zenodo,ej-replication-repository,r,matrixStats,4
zenodo,ej-replication-repository,r,httr,4
zenodo,ej-replication-repository,r,jsonlite,4
zenodo,ej-replication-repository,r,fastDummies,4
zenodo,ej-replication-repository,r,forcats,4
zenodo,ej-replication-repository,r,gtable,4
zenodo,ej-replication-repository,r,stringi,4
zenodo,ej-replication-repository,r,boot,4
zenodo,ej-replication-repository,r,wordcloud,4
zenodo,ej-replication-repository,r,rnaturalearth,4
zenodo,ej-replication-repository,r,shiny,3
zenodo,ej-replication-repository,r,fdrtool,3
zenodo,ej-replication-repository,r,rmapshaper,3
zenodo,ej-replication-repository,r,glue,3
zenodo,ej-replication-repository,r,GPArotation,3
zenodo,ej-replication-repository,r,extrafont,3
zenodo,ej-replication-repository,r,rsample,3
zenodo,ej-replication-repository,r,chron,3
zenodo,ej-replication-repository,r,classInt,3
zenodo,ej-replication-repository,r,fields,3
zenodo,ej-replication-repository,r,tidyselect,3
zenodo,ej-replication-repository,r,rio,3
zenodo,ej-replication-repository,r,webshot,3
zenodo,ej-replication-repository,r,htmltools,3
zenodo,ej-replication-repository,r,htmlwidgets,3
zenodo,ej-replication-repository,r,Rcpp,3
zenodo,ej-replication-repository,r,cli,3
zenodo,ej-replication-repository,r,munsell,3
zenodo,ej-replication-repository,r,profvis,3
zenodo,ej-replication-repository,r,withr,3
zenodo,ej-replication-repository,r,rprojroot,3
zenodo,ej-replication-repository,r,numDeriv,3
zenodo,ej-replication-repository,r,nleqslv,3
zenodo,ej-replication-repository,r,bit64,3
zenodo,ej-replication-repository,r,ggmap,3
zenodo,ej-replication-repository,r,mlogit,3
zenodo,ej-replication-repository,r,grf,3
zenodo,ej-replication-repository,r,caret,3
zenodo,ej-replication-repository,r,usethis,3
zenodo,ej-replication-repository,r,SnowballC,3
zenodo,ej-replication-repository,r,patchwork,3
zenodo,ej-replication-repository,r,tikzDevice,3
zenodo,ej-replication-repository,r,gtools,3
zenodo,ej-replication-repository,r,janitor,3
zenodo,ej-replication-repository,r,modelsummary,3
zenodo,ej-replication-repository,r,terra,3
zenodo,ej-replication-repository,r,openxlsx,3
zenodo,ej-replication-repository,r,mapproj,3
zenodo,ej-replication-repository,r,mgcv,3
zenodo,ej-replication-repository,r,nlme,3
zenodo,ej-replication-repository,r,xml2,3
zenodo,ej-replication-repository,r,rvest,3
zenodo,ej-replication-repository,r,groundhog,2
zenodo,ej-replication-repository,r,plotrix,2
zenodo,ej-replication-repository,r,corrplot,2
zenodo,ej-replication-repository,r,ncdf4,2
zenodo,ej-replication-repository,r,igraph,2
zenodo,ej-replication-repository,r,RCurl,2
zenodo,ej-replication-repository,r,dismo,2
zenodo,ej-replication-repository,r,gstat,2
zenodo,ej-replication-repository,r,spdep,2
zenodo,ej-replication-repository,r,cluster,2
zenodo,ej-replication-repository,r,ape,2
zenodo,ej-replication-repository,r,magick,2
zenodo,ej-replication-repository,r,ggpattern,2
zenodo,ej-replication-repository,r,webshot2,2
zenodo,ej-replication-repository,r,mapview,2
zenodo,ej-replication-repository,r,sfsmisc,2
zenodo,ej-replication-repository,r,effects,2
zenodo,ej-replication-repository,r,prettyunits,2
zenodo,ej-replication-repository,r,parsedate,2
zenodo,ej-replication-repository,r,docopt,2
zenodo,ej-replication-repository,r,here,2
zenodo,ej-replication-repository,r,nycflights13,2
zenodo,ej-replication-repository,r,Lahman,2
zenodo,ej-replication-repository,r,vctrs,2
zenodo,ej-replication-repository,r,ggsignif,2
zenodo,ej-replication-repository,r,DBI,2
zenodo,ej-replication-repository,r,crayon,2
zenodo,ej-replication-repository,r,fs,2
zenodo,ej-replication-repository,r,reactable,2
zenodo,ej-replication-repository,r,lifecycle,2
zenodo,ej-replication-repository,r,pillar,2
zenodo,ej-replication-repository,r,DiagrammeR,2
zenodo,ej-replication-repository,r,geepack,2
zenodo,ej-replication-repository,r,pcse,2
zenodo,ej-replication-repository,r,pscl,2
zenodo,ej-replication-repository,r,formattable,2
zenodo,ej-replication-repository,r,hms,2
zenodo,ej-replication-repository,r,blob,2
zenodo,ej-replication-repository,r,tidymodels,2
zenodo,ej-replication-repository,r,repurrrsive,2
zenodo,ej-replication-repository,r,zeallot,2
zenodo,ej-replication-repository,r,R.matlab,2
zenodo,ej-replication-repository,r,plotly,2
zenodo,ej-replication-repository,r,Rgraphviz,2
zenodo,ej-replication-repository,r,scatterplot3d,2
zenodo,ej-replication-repository,r,latticeExtra,2
zenodo,ej-replication-repository,r,geosphere,2
zenodo,ej-replication-repository,r,pwr,2
zenodo,ej-replication-repository,r,arrow,2
zenodo,ej-replication-repository,r,EnvStats,2
zenodo,ej-replication-repository,r,glmnet,2
zenodo,ej-replication-repository,r,rgl,2
zenodo,ej-replication-repository,r,rdrobust,2
zenodo,ej-replication-repository,r,vcd,2
zenodo,ej-replication-repository,r,KernSmooth,2
zenodo,ej-replication-repository,r,rjson,2
zenodo,ej-replication-repository,r,tmap,2
zenodo,ej-replication-repository,r,ggspatial,2
zenodo,ej-replication-repository,r,units,2
zenodo,ej-replication-repository,r,geobr,2
zenodo,ej-replication-repository,r,spData,2
zenodo,ej-replication-repository,r,stm,2
zenodo,ej-replication-repository,r,exactextractr,2
zenodo,ej-replication-repository,r,rnaturalearthdata,2
zenodo,ej-replication-repository,r,flextable,2
zenodo,ej-replication-repository,r,lemon,2
zenodo,ej-replication-repository,r,fuzzyjoin,2
zenodo,ej-replication-repository,r,colorspace,2
zenodo,ej-replication-repository,r,marginaleffects,2
zenodo,ej-replication-repository,r,rstatix,2
zenodo,ej-replication-repository,r,randomForest,2
zenodo,ej-replication-repository,r,nnet,2
zenodo,ej-replication-repository,r,multcomp,2
zenodo,ej-replication-repository,r,lavaan,2
zenodo,ej-replication-repository,r,rmarkdown,2
zenodo,ej-replication-repository,r,rstan,2
zenodo,ej-replication-repository,r,metafor,2
zenodo,ej-replication-repository,r,collapse,2
zenodo,ej-replication-repository,r,maxLik,2
zenodo,ej-replication-repository,r,iterators,2
zenodo,ej-replication-repository,r,nloptr,2
zenodo,ej-replication-repository,r,xts,2
zenodo,ej-replication-repository,r,ROCR,2
zenodo,ej-replication-repository,r,RUnit,2
zenodo,ej-replication-repository,r,hexbin,2
zenodo,ej-replication-repository,r,digest,2
zenodo,ej-replication-repository,r,svglite,2
zenodo,ej-replication-repository,r,fts,2
zenodo,ej-replication-repository,r,timeDate,2
zenodo,ej-replication-repository,r,tseries,2
zenodo,ej-replication-repository,r,timeSeries,2
zenodo,ej-replication-repository,r,microbenchmark,2
zenodo,ej-replication-repository,r,strucchange,2
zenodo,ej-replication-repository,r,openssl,2
zenodo,ej-replication-repository,r,XML,2
zenodo,ej-replication-repository,r,googlesheets4,1
zenodo,ej-replication-repository,r,diagis,1
zenodo,ej-replication-repository,r,modelr,1
zenodo,ej-replication-repository,r,snakecase,1
zenodo,ej-replication-repository,r,tidylog,1
zenodo,ej-replication-repository,r,naniar,1
zenodo,ej-replication-repository,r,trackr,1
zenodo,ej-replication-repository,r,ipumsr,1
zenodo,ej-replication-repository,r,condformat,1
zenodo,ej-replication-repository,r,formula.tools,1
zenodo,ej-replication-repository,r,np,1
zenodo,ej-replication-repository,r,nngeo,1
zenodo,ej-replication-repository,r,labelled,1
zenodo,ej-replication-repository,r,ncdf4.helpers,1
zenodo,ej-replication-repository,r,PCICt,1
zenodo,ej-replication-repository,r,pgirmess,1
zenodo,ej-replication-repository,r,desctable,1
zenodo,ej-replication-repository,r,NbClust,1
zenodo,ej-replication-repository,r,clValid,1
zenodo,ej-replication-repository,r,fpc,1
zenodo,ej-replication-repository,r,factoextra,1
zenodo,ej-replication-repository,r,striprtf,1
zenodo,ej-replication-repository,r,whoami,1
zenodo,ej-replication-repository,r,geojsonio,1
zenodo,ej-replication-repository,r,leaflet,1
zenodo,ej-replication-repository,r,CVXR,1
zenodo,ej-replication-repository,r,nnls,1
zenodo,ej-replication-repository,r,ECOSolveR,1
zenodo,ej-replication-repository,r,TruncatedNormal,1
zenodo,ej-replication-repository,r,lpSolveAPI,1
zenodo,ej-replication-repository,r,Rglpk,1
zenodo,ej-replication-repository,r,HonestDiD,1
zenodo,ej-replication-repository,r,Rmpfr,1
zenodo,ej-replication-repository,r,polynom,1
zenodo,ej-replication-repository,r,carData,1
zenodo,ej-replication-repository,r,did,1
zenodo,ej-replication-repository,r,DRDID,1
zenodo,ej-replication-repository,r,BMisc,1
zenodo,ej-replication-repository,r,dreamerr,1
zenodo,ej-replication-repository,r,pander,1
zenodo,ej-replication-repository,r,gmp,1
zenodo,ej-replication-repository,r,palmerpenguins,1
zenodo,ej-replication-repository,r,conflicted,1
zenodo,ej-replication-repository,r,uuid,1
zenodo,ej-replication-repository,r,qrng,1
zenodo,ej-replication-repository,r,randtoolbox,1
zenodo,ej-replication-repository,r,stringmagic,1
zenodo,ej-replication-repository,r,tsutils,1
zenodo,ej-replication-repository,r,matlabr,1
zenodo,ej-replication-repository,r,graph,1
zenodo,ej-replication-repository,r,SparseM,1
zenodo,ej-replication-repository,r,stratEst,1
zenodo,ej-replication-repository,r,mfx,1
zenodo,ej-replication-repository,r,colorscience,1
zenodo,ej-replication-repository,r,ngramr,1
zenodo,ej-replication-repository,r,egg,1
zenodo,ej-replication-repository,r,crs,1
zenodo,ej-replication-repository,r,policytree,1
zenodo,ej-replication-repository,r,dvmisc,1
zenodo,ej-replication-repository,r,stopwords,1
zenodo,ej-replication-repository,r,usmap,1
zenodo,ej-replication-repository,r,DIDmultiplegtDYN,1
zenodo,ej-replication-repository,r,conText,1
zenodo,ej-replication-repository,r,lpdensity,1
zenodo,ej-replication-repository,r,snow,1
zenodo,ej-replication-repository,r,doFuture,1
zenodo,ej-replication-repository,r,NlcOptim,1
zenodo,ej-replication-repository,r,ranger,1
zenodo,ej-replication-repository,r,tidyterra,1
zenodo,ej-replication-repository,r,ptinpoly,1
zenodo,ej-replication-repository,r,osrm,1
zenodo,ej-replication-repository,r,chirps,1
zenodo,ej-replication-repository,r,momentfit,1
zenodo,ej-replication-repository,r,xtsum,1
zenodo,ej-replication-repository,r,logr,1
zenodo,ej-replication-repository,r,quanteda,1
zenodo,ej-replication-repository,r,reticulate,1
zenodo,ej-replication-repository,r,gutenbergr,1
zenodo,ej-replication-repository,r,topicmodels,1
zenodo,ej-replication-repository,r,pals,1
zenodo,ej-replication-repository,r,renv,1
zenodo,ej-replication-repository,r,dqrng,1
zenodo,ej-replication-repository,r,fwildclusterboot,1
zenodo,ej-replication-repository,r,sjlabelled,1
zenodo,ej-replication-repository,r,countrycode,1
zenodo,ej-replication-repository,r,arm,1
zenodo,ej-replication-repository,r,dotwhisker,1
zenodo,ej-replication-repository,r,micEconCES,1
zenodo,ej-replication-repository,r,gridGraphics,1
zenodo,ej-replication-repository,r,geodata,1
zenodo,ej-replication-repository,r,officer,1
zenodo,ej-replication-repository,r,DescTools,1
zenodo,ej-replication-repository,r,ggtern,1
zenodo,ej-replication-repository,r,showtext,1
zenodo,ej-replication-repository,r,ggimage,1
zenodo,ej-replication-repository,r,cppRouting,1
zenodo,ej-replication-repository,r,deldir,1
zenodo,ej-replication-repository,r,splancs,1
zenodo,ej-replication-repository,r,stringdist,1
zenodo,ej-replication-repository,r,wildrwolf,1
zenodo,ej-replication-repository,r,mediation,1
zenodo,ej-replication-repository,r,textclean,1
zenodo,ej-replication-repository,r,hunspell,1
zenodo,ej-replication-repository,r,gsynth,1
zenodo,ej-replication-repository,r,expint,1
zenodo,ej-replication-repository,r,lmerTest,1
zenodo,ej-replication-repository,r,coefplot,1
zenodo,ej-replication-repository,r,MatchIt,1
zenodo,ej-replication-repository,r,cobalt,1
zenodo,ej-replication-repository,r,gt,1
zenodo,ej-replication-repository,r,tryCatchLog,1
zenodo,ej-replication-repository,r,Rmisc,1
zenodo,ej-replication-repository,r,psy,1
zenodo,ej-replication-repository,r,simpleboot,1
zenodo,ej-replication-repository,r,gamlss,1
zenodo,ej-replication-repository,r,gghalves,1
zenodo,ej-replication-repository,r,coda,1
zenodo,ej-replication-repository,r,zTree,1
zenodo,ej-replication-repository,r,bootstrap,1
zenodo,ej-replication-repository,r,arsenal,1
zenodo,ej-replication-repository,r,vtable,1
zenodo,ej-replication-repository,r,moments,1
zenodo,ej-replication-repository,r,hdm,1
zenodo,ej-replication-repository,r,clubSandwich,1
zenodo,ej-replication-repository,r,bayesplot,1
zenodo,ej-replication-repository,r,mixmeta,1
zenodo,ej-replication-repository,r,poibin,1
zenodo,ej-replication-repository,r,OpenMx,1
zenodo,ej-replication-repository,r,polycor,1
zenodo,ej-replication-repository,r,regions,1
zenodo,ej-replication-repository,r,nuts,1
zenodo,ej-replication-repository,r,tigris,1
zenodo,ej-replication-repository,r,USAboundaries,1
zenodo,ej-replication-repository,r,conleyreg,1
zenodo,ej-replication-repository,r,forecast,1
zenodo,ej-replication-repository,r,this.path,1
zenodo,ej-replication-repository,r,DEoptim,1
zenodo,ej-replication-repository,r,ClustOfVar,1
zenodo,ej-replication-repository,r,ltm,1
zenodo,ej-replication-repository,r,psidR,1
zenodo,ej-replication-repository,r,minqa,1
zenodo,ej-replication-repository,r,RecordLinkage,1
zenodo,ej-replication-repository,r,operator.tools,1
zenodo,ej-replication-repository,r,vroom,1
zenodo,ej-replication-repository,r,gplots,1
zenodo,ej-replication-repository,r,hrbrthemes,1
zenodo,ej-replication-repository,r,GISTools,1
zenodo,ej-replication-repository,r,emoa,1
zenodo,ej-replication-repository,r,pBrackets,1
zenodo,ej-replication-repository,r,tm.plugin.factiva,1
zenodo,ej-replication-repository,r,ivdoctr,1
zenodo,ej-replication-repository,r,devEMF,1
zenodo,ej-replication-repository,r,dtplyr,1
zenodo,ej-replication-repository,r,pryr,1
zenodo,ej-replication-repository,r,syllable,1
zenodo,ej-replication-repository,r,readability,1
zenodo,ej-replication-repository,r,spatialreg,1
zenodo,ej-replication-repository,r,NLP,1
zenodo,ej-replication-repository,r,fuzzyforest,1
zenodo,ej-replication-repository,r,WGCNA,1
zenodo,ej-replication-repository,r,MLmetrics,1
zenodo,ej-replication-repository,r,cleanNLP,1
zenodo,ej-replication-repository,r,rngtools,1
zenodo,ej-replication-repository,r,doMPI,1
zenodo,ej-replication-repository,r,pkgmaker,1
zenodo,ej-replication-repository,r,rbenchmark,1
zenodo,ej-replication-repository,r,doMC,1
zenodo,ej-replication-repository,r,vdiffr,1
zenodo,ej-replication-repository,r,psychTools,1
zenodo,ej-replication-repository,r,Rcsdp,1
zenodo,ej-replication-repository,r,sem,1
zenodo,ej-replication-repository,r,mnormt,1
zenodo,ej-replication-repository,r,cellranger,1
zenodo,ej-replication-repository,r,filehash,1
zenodo,ej-replication-repository,r,antiword,1
zenodo,ej-replication-repository,r,pdftools,1
zenodo,ej-replication-repository,r,Rpoppler,1
zenodo,ej-replication-repository,r,slam,1
zenodo,ej-replication-repository,r,tis,1
zenodo,ej-replication-repository,r,DAAG,1
zenodo,ej-replication-repository,r,mondate,1
zenodo,ej-replication-repository,r,RMariaDB,1
zenodo,ej-replication-repository,r,keyring,1
zenodo,ej-replication-repository,r,rms,1
zenodo,ej-replication-repository,r,polspline,1
zenodo,ej-replication-repository,r,FrF2,1
zenodo,ej-replication-repository,r,gam,1
zenodo,ej-replication-repository,r,mda,1
zenodo,ej-replication-repository,r,acepack,1
zenodo,ej-replication-repository,r,rpart,1
zenodo,ej-replication-repository,r,tree,1
zenodo,ej-replication-repository,r,survival,1
zenodo,ej-replication-repository,r,GLMMGibbs,1
zenodo,ej-replication-repository,r,gee,1
zenodo,ej-replication-repository,r,xgobi,1
zenodo,ej-replication-repository,r,rggobi,1
zenodo,ej-replication-repository,r,class,1
zenodo,ej-replication-repository,r,fastICA,1
zenodo,ej-replication-repository,r,e1071,1
zenodo,ej-replication-repository,r,spatial,1
zenodo,ej-replication-repository,r,akima,1
zenodo,ej-replication-repository,r,codetools,1
zenodo,ej-replication-repository,r,tinytest,1
zenodo,ej-replication-repository,r,RcppCCTZ,1
zenodo,ej-replication-repository,r,inline,1
zenodo,ej-replication-repository,r,RcppEigen,1
zenodo,ej-replication-repository,r,Rdpack,1
zenodo,ej-replication-repository,r,SQUAREM,1
zenodo,ej-replication-repository,r,interval,1
zenodo,ej-replication-repository,r,setRNG,1
zenodo,ej-replication-repository,r,TH.data,1
zenodo,ej-replication-repository,r,trtf,1
zenodo,ej-replication-repository,r,tram,1
zenodo,ej-replication-repository,r,coin,1
zenodo,ej-replication-repository,r,ATR,1
zenodo,ej-replication-repository,r,V8,1
zenodo,ej-replication-repository,r,thematic,1
zenodo,ej-replication-repository,r,bslib,1
zenodo,ej-replication-repository,r,curl,1
zenodo,ej-replication-repository,r,DT,1
zenodo,ej-replication-repository,r,rsconnect,1
zenodo,ej-replication-repository,r,mlbench,1
zenodo,ej-replication-repository,r,pls,1
zenodo,ej-replication-repository,r,klaR,1
zenodo,ej-replication-repository,r,checkmate,1
zenodo,ej-replication-repository,r,covr,1
zenodo,ej-replication-repository,r,cpp11,1
zenodo,ej-replication-repository,r,bench,1
zenodo,ej-replication-repository,r,lobstr,1
zenodo,ej-replication-repository,r,diffobj,1
zenodo,ej-replication-repository,r,dbplyr,1
zenodo,ej-replication-repository,r,lazyeval,1
zenodo,ej-replication-repository,r,dygraphs,1
zenodo,ej-replication-repository,r,future,1
zenodo,ej-replication-repository,r,listenv,1
zenodo,ej-replication-repository,r,R.utils,1
zenodo,ej-replication-repository,r,rprintf,1
zenodo,ej-replication-repository,r,gower,1
zenodo,ej-replication-repository,r,hardhat,1
zenodo,ej-replication-repository,r,modeldata,1
zenodo,ej-replication-repository,r,recipes,1
zenodo,ej-replication-repository,r,marray,1
zenodo,ej-replication-repository,r,highr,1
zenodo,ej-replication-repository,r,htmlTable,1
zenodo,ej-replication-repository,r,pxweb,1
zenodo,ej-replication-repository,r,httpuv,1
zenodo,ej-replication-repository,r,ipred,1
zenodo,ej-replication-repository,r,itertools,1
zenodo,ej-replication-repository,r,abind,1
zenodo,ej-replication-repository,r,katex,1
zenodo,ej-replication-repository,r,ggvis,1
zenodo,ej-replication-repository,r,animation,1
zenodo,ej-replication-repository,r,mime,1
zenodo,ej-replication-repository,r,lava,1
zenodo,ej-replication-repository,r,plot3D,1
zenodo,ej-replication-repository,r,robustbase,1
zenodo,ej-replication-repository,r,HH,1
zenodo,ej-replication-repository,r,ISwR,1
zenodo,ej-replication-repository,r,gsDesign,1
zenodo,ej-replication-repository,r,asd,1
zenodo,ej-replication-repository,r,DoseFinding,1
zenodo,ej-replication-repository,r,nanotime,1
zenodo,ej-replication-repository,r,jose,1
zenodo,ej-replication-repository,r,pROC,1
zenodo,ej-replication-repository,r,PRROC,1
zenodo,ej-replication-repository,r,Epi,1
zenodo,ej-replication-repository,r,cutpointr,1
zenodo,ej-replication-repository,r,OptimalCutpoints,1
zenodo,ej-replication-repository,r,ThresholdROC,1
zenodo,ej-replication-repository,r,sos,1
zenodo,ej-replication-repository,r,pder,1
zenodo,ej-replication-repository,r,Formula,1
zenodo,ej-replication-repository,r,AER,1
zenodo,ej-replication-repository,r,progressr,1
zenodo,ej-replication-repository,r,vembedr,1
zenodo,ej-replication-repository,r,proxy,1
zenodo,ej-replication-repository,r,hdrcde,1
zenodo,ej-replication-repository,r,rex,1
zenodo,ej-replication-repository,r,styler,1
zenodo,ej-replication-repository,r,sass,1
zenodo,ej-replication-repository,r,wkb,1
zenodo,ej-replication-repository,r,RgoogleMaps,1
zenodo,ej-replication-repository,r,cshapes,1
zenodo,ej-replication-repository,r,RPostgreSQL,1
zenodo,ej-replication-repository,r,s2,1
zenodo,ej-replication-repository,r,shinytest,1
zenodo,ej-replication-repository,r,systemfonts,1
zenodo,ej-replication-repository,r,fontquiver,1
zenodo,ej-replication-repository,r,desc,1
zenodo,ej-replication-repository,r,tufte,1
zenodo,ej-replication-repository,r,NISTunits,1
zenodo,ej-replication-repository,r,measurements,1
zenodo,ej-replication-repository,r,dichromat,1
zenodo,ej-replication-repository,r,rasterVis,1
zenodo,ej-replication-repository,r,xfun,1
zenodo,ej-replication-repository,r,testit,1
zenodo,ej-replication-repository,r,tinytex,1
zenodo,ej-replication-repository,r,yaml,1
zenodo,ej-replication-repository,r,doBy,1
zenodo,ej-replication-repository,r,minpack.lm,1
zenodo,ej-replication-repository,r,batch,1
zenodo,ej-replication-repository,r,checkpoint,1
zenodo,ej-replication-repository,r,shinycssloaders,1
zenodo,ej-replication-repository,r,base64enc,1
zenodo,ej-replication-repository,r,twitteR,1
zenodo,ej-replication-repository,r,ROAuth,1
zenodo,ej-replication-repository,r,vader,1
zenodo,ej-replication-repository,r,wordcloud2,1
zenodo,ej-replication-repository,r,wesanderson,1
zenodo,ej-replication-repository,r,evd,1
zenodo,ej-replication-repository,r,GA,1
zenodo,ej-replication-repository,r,rlist,1
zenodo,ej-replication-repository,r,BayesFactor,1
zenodo,ej-replication-repository,r,sciplot,1
zenodo,ej-replication-repository,r,PropCIs,1
zenodo,ej-replication-repository,r,predictrace,1
zenodo,ej-replication-repository,r,gender,1
zenodo,ej-replication-repository,r,RPushbullet,1
zenodo,ej-replication-repository,r,scrapeR,1
zenodo,ej-replication-repository,r,textir,1
zenodo,ej-replication-repository,stata,estout,296
zenodo,ej-replication-repository,stata,reghdfe,164
zenodo,ej-replication-repository,stata,outreg2,127
zenodo,ej-replication-repository,stata,coefplot,118
zenodo,ej-replication-repository,stata,ivreg2,46
zenodo,ej-replication-repository,stata,binscatter,44
zenodo,ej-replication-repository,stata,ivreghdfe,42
zenodo,ej-replication-repository,stata,spmap,36
zenodo,ej-replication-repository,stata,grstyle,34
zenodo,ej-replication-repository,stata,distinct,31
zenodo,ej-replication-repository,stata,unique,29
zenodo,ej-replication-repository,stata,parmest,29
zenodo,ej-replication-repository,stata,winsor2,25
zenodo,ej-replication-repository,stata,shp2dta,21
zenodo,ej-replication-repository,stata,rdrobust,21
zenodo,ej-replication-repository,stata,boottest,20
zenodo,ej-replication-repository,stata,ppmlhdfe,19
zenodo,ej-replication-repository,stata,gtools,16
zenodo,ej-replication-repository,stata,balancetable,15
zenodo,ej-replication-repository,stata,psacalc,15
zenodo,ej-replication-repository,stata,acreg,14
zenodo,ej-replication-repository,stata,labutil,14
zenodo,ej-replication-repository,stata,geodist,12
zenodo,ej-replication-repository,stata,cibar,12
zenodo,ej-replication-repository,stata,winsor,12
zenodo,ej-replication-repository,stata,tabout,12
zenodo,ej-replication-repository,stata,carryforward,12
zenodo,ej-replication-repository,stata,outreg,12
zenodo,ej-replication-repository,stata,regsave,11
zenodo,ej-replication-repository,stata,asdoc,11
zenodo,ej-replication-repository,stata,ritest,10
zenodo,ej-replication-repository,stata,pdslasso,10
zenodo,ej-replication-repository,stata,sutex,10
zenodo,ej-replication-repository,stata,cdfplot,10
zenodo,ej-replication-repository,stata,grc1leg2,10
zenodo,ej-replication-repository,stata,rddensity,10
zenodo,ej-replication-repository,stata,mmerge,9
zenodo,ej-replication-repository,stata,texsave,9
zenodo,ej-replication-repository,stata,ftools,9
zenodo,ej-replication-repository,stata,distplot,8
zenodo,ej-replication-repository,stata,texdoc,8
zenodo,ej-replication-repository,stata,did_imputation,8
zenodo,ej-replication-repository,stata,eventstudyinteract,8
zenodo,ej-replication-repository,stata,event_plot,8
zenodo,ej-replication-repository,stata,psmatch2,8
zenodo,ej-replication-repository,stata,rwolf,8
zenodo,ej-replication-repository,stata,logout,7
zenodo,ej-replication-repository,stata,xtivreg2,7
zenodo,ej-replication-repository,stata,twowayfeweights,7
zenodo,ej-replication-repository,stata,csdid,7
zenodo,ej-replication-repository,stata,cmogram,7
zenodo,ej-replication-repository,stata,did_multiplegt,7
zenodo,ej-replication-repository,stata,wyoung,7
zenodo,ej-replication-repository,stata,mat2txt,6
zenodo,ej-replication-repository,stata,mdesc,6
zenodo,ej-replication-repository,stata,nnls,6
zenodo,ej-replication-repository,stata,dataout,6
zenodo,ej-replication-repository,stata,geonear,6
zenodo,ej-replication-repository,stata,honestdid,6
zenodo,ej-replication-repository,stata,qqvalue,6
zenodo,ej-replication-repository,stata,stripplot,6
zenodo,ej-replication-repository,stata,ietoolkit,5
zenodo,ej-replication-repository,stata,missings,5
zenodo,ej-replication-repository,stata,leebounds,5
zenodo,ej-replication-repository,stata,palettes,5
zenodo,ej-replication-repository,stata,outtable,5
zenodo,ej-replication-repository,stata,weakivtest,5
zenodo,ej-replication-repository,stata,center,5
zenodo,ej-replication-repository,stata,ereplace,5
zenodo,ej-replication-repository,stata,catplot,5
zenodo,ej-replication-repository,stata,rangestat,5
zenodo,ej-replication-repository,stata,sutex2,4
zenodo,ej-replication-repository,stata,listtex,4
zenodo,ej-replication-repository,stata,bacondecomp,4
zenodo,ej-replication-repository,stata,rwolf2,4
zenodo,ej-replication-repository,stata,reclink,4
zenodo,ej-replication-repository,stata,addplot,4
zenodo,ej-replication-repository,stata,keeporder,4
zenodo,ej-replication-repository,stata,shufflevar,4
zenodo,ej-replication-repository,stata,did_multiplegt_dyn,4
zenodo,ej-replication-repository,stata,heatplot,4
zenodo,ej-replication-repository,stata,ztree2stata,4
zenodo,ej-replication-repository,stata,vioplot,4
zenodo,ej-replication-repository,stata,stop,4
zenodo,ej-replication-repository,stata,fs,3
zenodo,ej-replication-repository,stata,randcmd,3
zenodo,ej-replication-repository,stata,geoinpoly,3
zenodo,ej-replication-repository,stata,matchit,3
zenodo,ej-replication-repository,stata,sxpose,3
zenodo,ej-replication-repository,stata,ebalance,3
zenodo,ej-replication-repository,stata,qreg2,3
zenodo,ej-replication-repository,stata,orth_out,3
zenodo,ej-replication-repository,stata,seq,3
zenodo,ej-replication-repository,stata,filelist,3
zenodo,ej-replication-repository,stata,ihstrans,3
zenodo,ej-replication-repository,stata,weakiv,3
zenodo,ej-replication-repository,stata,plausexog,3
zenodo,ej-replication-repository,stata,latab,3
zenodo,ej-replication-repository,stata,pretrends,3
zenodo,ej-replication-repository,stata,mixlogit,3
zenodo,ej-replication-repository,stata,maptile,3
zenodo,ej-replication-repository,stata,nsplit,3
zenodo,ej-replication-repository,stata,xsvmat,3
zenodo,ej-replication-repository,stata,require,3
zenodo,ej-replication-repository,stata,listtab,3
zenodo,ej-replication-repository,stata,mipolate,3
zenodo,ej-replication-repository,stata,kountry,3
zenodo,ej-replication-repository,stata,fre,3
zenodo,ej-replication-repository,stata,splitvallabels,3
zenodo,ej-replication-repository,stata,mhtreg,3
zenodo,ej-replication-repository,stata,cem,3
zenodo,ej-replication-repository,stata,fillmissing,2
zenodo,ej-replication-repository,stata,lgraph,2
zenodo,ej-replication-repository,stata,mkcorr,2
zenodo,ej-replication-repository,stata,cmp,2
zenodo,ej-replication-repository,stata,combomarginsplot,2
zenodo,ej-replication-repository,stata,xlincom,2
zenodo,ej-replication-repository,stata,lincomest,2
zenodo,ej-replication-repository,stata,eclplot,2
zenodo,ej-replication-repository,stata,did2s,2
zenodo,ej-replication-repository,stata,asgen,2
zenodo,ej-replication-repository,stata,mylabels,2
zenodo,ej-replication-repository,stata,icw_index,2
zenodo,ej-replication-repository,stata,rscript,2
zenodo,ej-replication-repository,stata,fastcd,2
zenodo,ej-replication-repository,stata,sumup,2
zenodo,ej-replication-repository,stata,xtabond2,2
zenodo,ej-replication-repository,stata,byhist,2
zenodo,ej-replication-repository,stata,hprescott,2
zenodo,ej-replication-repository,stata,sensemakr,2
zenodo,ej-replication-repository,stata,reg2hdfe,2
zenodo,ej-replication-repository,stata,a2reg,2
zenodo,ej-replication-repository,stata,did_multiplegt_old,2
zenodo,ej-replication-repository,stata,rsource,2
zenodo,ej-replication-repository,stata,rdmse,2
zenodo,ej-replication-repository,stata,sppack,2
zenodo,ej-replication-repository,stata,revrs,2
zenodo,ej-replication-repository,stata,tabstatmat,2
zenodo,ej-replication-repository,stata,moransi,2
zenodo,ej-replication-repository,stata,oaxaca,2
zenodo,ej-replication-repository,stata,ineqdec0,2
zenodo,ej-replication-repository,stata,synth,2
zenodo,ej-replication-repository,stata,moreobs,1
zenodo,ej-replication-repository,stata,attregtest,1
zenodo,ej-replication-repository,stata,randtreat,1
zenodo,ej-replication-repository,stata,tsegen,1
zenodo,ej-replication-repository,stata,mplotoffset,1
zenodo,ej-replication-repository,stata,kdens,1
zenodo,ej-replication-repository,stata,xtbalance,1
zenodo,ej-replication-repository,stata,hdfe,1
zenodo,ej-replication-repository,stata,clrbound,1
zenodo,ej-replication-repository,stata,ciplot,1
zenodo,ej-replication-repository,stata,asreg,1
zenodo,ej-replication-repository,stata,asrol,1
zenodo,ej-replication-repository,stata,qregplot,1
zenodo,ej-replication-repository,stata,medsem,1
zenodo,ej-replication-repository,stata,tab_chi,1
zenodo,ej-replication-repository,stata,gsample,1
zenodo,ej-replication-repository,stata,randcmdci,1
zenodo,ej-replication-repository,stata,ingap,1
zenodo,ej-replication-repository,stata,xtevent,1
zenodo,ej-replication-repository,stata,ivreg2h,1
zenodo,ej-replication-repository,stata,tabexport,1
zenodo,ej-replication-repository,stata,excel2latex,1
zenodo,ej-replication-repository,stata,statastates,1
zenodo,ej-replication-repository,stata,sxpose2,1
zenodo,ej-replication-repository,stata,myaxis,1
zenodo,ej-replication-repository,stata,sdecode,1
zenodo,ej-replication-repository,stata,erepost,1
zenodo,ej-replication-repository,stata,tolong,1
zenodo,ej-replication-repository,stata,ssaggregate,1
zenodo,ej-replication-repository,stata,reg_ss,1
zenodo,ej-replication-repository,stata,ivreg_ss,1
zenodo,ej-replication-repository,stata,regsensitivity,1
zenodo,ej-replication-repository,stata,estwrite,1
zenodo,ej-replication-repository,stata,hhi,1
zenodo,ej-replication-repository,stata,sankeyplot,1
zenodo,ej-replication-repository,stata,fastreshape,1
zenodo,ej-replication-repository,stata,stackreg,1
zenodo,ej-replication-repository,stata,txttool,1
zenodo,ej-replication-repository,stata,paran,1
zenodo,ej-replication-repository,stata,lassopack,1
zenodo,ej-replication-repository,stata,exbsample,1
zenodo,ej-replication-repository,stata,clean_name,1
zenodo,ej-replication-repository,stata,tidy,1
zenodo,ej-replication-repository,stata,nmissing,1
zenodo,ej-replication-repository,stata,filei,1
zenodo,ej-replication-repository,stata,twostep,1
zenodo,ej-replication-repository,stata,labsumm,1
zenodo,ej-replication-repository,stata,dependencies,1
zenodo,ej-replication-repository,stata,kmatch,1
zenodo,ej-replication-repository,stata,violinplot,1
zenodo,ej-replication-repository,stata,rangejoin,1
zenodo,ej-replication-repository,stata,xtpattern,1
zenodo,ej-replication-repository,stata,mhtexp,1
zenodo,ej-replication-repository,stata,weibullfit,1
zenodo,ej-replication-repository,stata,xmiss,1
zenodo,ej-replication-repository,stata,lpdensity,1
zenodo,ej-replication-repository,stata,timeit,1
zenodo,ej-replication-repository,stata,log2html,1
zenodo,ej-replication-repository,stata,twfe,1
zenodo,ej-replication-repository,stata,drarea,1
zenodo,ej-replication-repository,stata,dmout,1
zenodo,ej-replication-repository,stata,crossvalidate2,1
zenodo,ej-replication-repository,stata,tuples,1
zenodo,ej-replication-repository,stata,resize,1
zenodo,ej-replication-repository,stata,stackedev,1
zenodo,ej-replication-repository,stata,eventdd,1
zenodo,ej-replication-repository,stata,prodest,1
zenodo,ej-replication-repository,stata,reg2docx,1
zenodo,ej-replication-repository,stata,t2docx,1
zenodo,ej-replication-repository,stata,vcemway,1
zenodo,ej-replication-repository,stata,vce2way,1
zenodo,ej-replication-repository,stata,drdid,1
zenodo,ej-replication-repository,stata,winsor4,1
zenodo,ej-replication-repository,stata,xtavplot,1
zenodo,ej-replication-repository,stata,lpdid,1
zenodo,ej-replication-repository,stata,parallel,1
zenodo,ej-replication-repository,stata,ngram,1
zenodo,ej-replication-repository,stata,nnmatch,1
zenodo,ej-replication-repository,stata,dups,1
zenodo,ej-replication-repository,stata,personage,1
zenodo,ej-replication-repository,stata,fprank,1
zenodo,ej-replication-repository,stata,rowsort,1
zenodo,ej-replication-repository,stata,todummy,1
zenodo,ej-replication-repository,stata,robreg,1
zenodo,ej-replication-repository,stata,vreverse,1
zenodo,ej-replication-repository,stata,domin,1
zenodo,ej-replication-repository,stata,xtable,1
zenodo,ej-replication-repository,stata,kernel,1
zenodo,ej-replication-repository,stata,sdid,1
zenodo,ej-replication-repository,stata,binscatterhist,1
zenodo,ej-replication-repository,stata,moss,1
zenodo,ej-replication-repository,stata,dbnomics,1
zenodo,ej-replication-repository,stata,lorenz,1
zenodo,ej-replication-repository,stata,extremes,1
zenodo,ej-replication-repository,stata,univar,1
zenodo,ej-replication-repository,stata,progres,1
zenodo,ej-replication-repository,stata,plotbeta,1
zenodo,ej-replication-repository,stata,pspline,1
zenodo,ej-replication-repository,stata,wbopendata,1
zenodo,ej-replication-repository,stata,mediation,1
zenodo,ej-replication-repository,stata,spgen,1
zenodo,ej-replication-repository,stata,interflex,1
zenodo,ej-replication-repository,stata,actest,1
zenodo,ej-replication-repository,stata,matodd,1
zenodo,ej-replication-repository,stata,semipar,1
zenodo,ej-replication-repository,stata,xtcce,1
zenodo,ej-replication-repository,stata,levpredict,1
zenodo,ej-replication-repository,stata,psidtools,1
zenodo,ej-replication-repository,stata,poi2hdfe,1
zenodo,ej-replication-repository,stata,cltest,1
zenodo,ej-replication-repository,stata,ldtest,1
zenodo,ej-replication-repository,stata,chartab,1
zenodo,ej-replication-repository,stata,xtdcce2,1
zenodo,ej-replication-repository,stata,suregr,1
zenodo,ej-replication-repository,stata,regaxis,1
zenodo,ej-replication-repository,stata,groups,1
zenodo,ej-replication-repository,stata,findname,1
zenodo,ej-replication-repository,stata,filesearch,1
zenodo,ej-replication-repository,stata,rpme,1
zenodo,ej-replication-repository,stata,wtp,1
zenodo,ej-replication-repository,stata,dsconcat,1
zenodo,ej-replication-repository,stata,clustse,1
zenodo,ej-replication-repository,stata,mtefe,1
zenodo,ej-replication-repository,stata,nrow,1
zenodo,ej-replication-repository,stata,ranktest,1
zenodo,ej-replication-repository,stata,geo2xy,1
zenodo,ej-replication-repository,stata,radar,1
zenodo,ej-replication-repository,stata,cv_regress,1
zenodo,ej-replication-repository,stata,todate,1
zenodo,ej-replication-repository,stata,est2tex,1
zenodo,ej-replication-repository,stata,tolower,1
zenodo,ej-replication-repository,stata,swindex,1
zenodo,ej-replication-repository,stata,akdensity,1
zenodo,es-replication-repository,python,pandas,52
zenodo,es-replication-repository,python,numpy,50
zenodo,es-replication-repository,python,matplotlib,39
zenodo,es-replication-repository,python,scipy,32
zenodo,es-replication-repository,python,scikit-learn,15
zenodo,es-replication-repository,python,statsmodels,13
zenodo,es-replication-repository,python,tqdm,11
zenodo,es-replication-repository,python,seaborn,11
zenodo,es-replication-repository,python,numba,9
zenodo,es-replication-repository,python,joblib,5
zenodo,es-replication-repository,python,patsy,5
zenodo,es-replication-repository,python,jax,5
zenodo,es-replication-repository,python,torch,5
zenodo,es-replication-repository,python,networkx,4
zenodo,es-replication-repository,python,openpyxl,4
zenodo,es-replication-repository,python,fuzzywuzzy,3
zenodo,es-replication-repository,python,util,3
zenodo,es-replication-repository,python,nltk,3
zenodo,es-replication-repository,python,tensorflow,3
zenodo,es-replication-repository,python,PyYAML,3
zenodo,es-replication-repository,python,property,2
zenodo,es-replication-repository,python,rpy2,2
zenodo,es-replication-repository,python,nlopt,2
zenodo,es-replication-repository,python,cvxpy,2
zenodo,es-replication-repository,python,tabulate,2
zenodo,es-replication-repository,python,sympy,2
zenodo,es-replication-repository,python,pyhdfe,2
zenodo,es-replication-repository,python,cupy,2
zenodo,es-replication-repository,python,Pillow,2
zenodo,es-replication-repository,python,gurobipy,2
zenodo,es-replication-repository,python,setuptools,2
zenodo,es-replication-repository,python,xgboost,2
zenodo,es-replication-repository,python,jaxopt,2
zenodo,es-replication-repository,python,pytz,2
zenodo,es-replication-repository,python,keras,2
zenodo,es-replication-repository,python,geopandas,2
zenodo,es-replication-repository,python,ot,2
zenodo,es-replication-repository,python,hypergrad,2
zenodo,es-replication-repository,python,feather,1
zenodo,es-replication-repository,python,empirical,1
zenodo,es-replication-repository,python,dgp,1
zenodo,es-replication-repository,python,inference,1
zenodo,es-replication-repository,python,ruamel.yaml,1
zenodo,es-replication-repository,python,qcml,1
zenodo,es-replication-repository,python,sphinx-rtd-theme,1
zenodo,es-replication-repository,python,scs,1
zenodo,es-replication-repository,python,preprocessing,1
zenodo,es-replication-repository,python,constant,1
zenodo,es-replication-repository,python,tika,1
zenodo,es-replication-repository,python,gensim,1
zenodo,es-replication-repository,python,wordcloud,1
zenodo,es-replication-repository,python,env,1
zenodo,es-replication-repository,python,fo,1
zenodo,es-replication-repository,python,lz4,1
zenodo,es-replication-repository,python,pytest,1
zenodo,es-replication-repository,python,common,1
zenodo,es-replication-repository,python,unittest2,1
zenodo,es-replication-repository,python,sle,1
zenodo,es-replication-repository,python,h5py,1
zenodo,es-replication-repository,python,pyblp,1
zenodo,es-replication-repository,python,pyRVtest,1
zenodo,es-replication-repository,python,knitro,1
zenodo,es-replication-repository,python,pathos,1
zenodo,es-replication-repository,python,glmm,1
zenodo,es-replication-repository,python,jacobian,1
zenodo,es-replication-repository,python,vcv,1
zenodo,es-replication-repository,python,geopy,1
zenodo,es-replication-repository,python,ipt,1
zenodo,es-replication-repository,python,netrics,1
zenodo,es-replication-repository,python,envir,1
zenodo,es-replication-repository,python,contracting,1
zenodo,es-replication-repository,python,PyPDF2,1
zenodo,es-replication-repository,python,regex,1
zenodo,es-replication-repository,python,swifter,1
zenodo,es-replication-repository,python,mlxtend,1
zenodo,es-replication-repository,python,chardet,1
zenodo,es-replication-repository,python,bitstring,1
zenodo,es-replication-repository,python,Bottleneck,1
zenodo,es-replication-repository,python,numexpr,1
zenodo,es-replication-repository,python,ipyparallel,1
zenodo,es-replication-repository,python,multivar-horner,1
zenodo,es-replication-repository,python,formulaic,1
zenodo,es-replication-repository,python,qpsolvers,1
zenodo,es-replication-repository,python,PyWt,1
zenodo,es-replication-repository,python,dlib,1
zenodo,es-replication-repository,python,sparseqr,1
zenodo,es-replication-repository,python,copulas,1
zenodo,es-replication-repository,python,matching,1
zenodo,es-replication-repository,python,packaging,1
zenodo,es-replication-repository,python,gcimpute,1
zenodo,es-replication-repository,python,psutil,1
zenodo,es-replication-repository,python,jaxlib,1
zenodo,es-replication-repository,python,tensorboardX,1
zenodo,es-replication-repository,python,main-functions,1
zenodo,es-replication-repository,python,helper_functions,1
zenodo,es-replication-repository,python,lit,1
zenodo,es-replication-repository,python,multiprocess,1
zenodo,es-replication-repository,python,h3,1
zenodo,es-replication-repository,python,gender-detector,1
zenodo,es-replication-repository,python,pyarrow,1
zenodo,es-replication-repository,python,constants,1
zenodo,es-replication-repository,python,dimod,1
zenodo,es-replication-repository,python,utilities,1
zenodo,es-replication-repository,python,cleanco,1
zenodo,es-replication-repository,python,config-py,1
zenodo,es-replication-repository,python,masterpy,1
zenodo,es-replication-repository,python,python-igraph,1
zenodo,es-replication-repository,python,google-api-python-client,1
zenodo,es-replication-repository,python,quantecon,1
zenodo,es-replication-repository,python,absl,1
zenodo,es-replication-repository,python,param,1
zenodo,es-replication-repository,python,dataset,1
zenodo,es-replication-repository,python,value,1
zenodo,es-replication-repository,python,policy,1
zenodo,es-replication-repository,python,source,1
zenodo,es-replication-repository,python,arviz,1
zenodo,es-replication-repository,python,pymc,1
zenodo,es-replication-repository,python,Figures,1
zenodo,es-replication-repository,python,config,1
zenodo,es-replication-repository,python,PySDTest,1
zenodo,es-replication-repository,python,simulate,1
zenodo,es-replication-repository,python,hark,1
zenodo,es-replication-repository,python,parameters,1
zenodo,es-replication-repository,python,sequence-jacobian,1
zenodo,es-replication-repository,python,pandas-datareader,1
zenodo,es-replication-repository,python,logging-config,1
zenodo,es-replication-repository,python,Jinja2,1
zenodo,es-replication-repository,python,dask,1
zenodo,es-replication-repository,python,utils,1
zenodo,es-replication-repository,python,Gooey,1
zenodo,es-replication-repository,python,base,1
zenodo,es-replication-repository,python,testing,1
zenodo,es-replication-repository,python,ipywidgets,1
zenodo,es-replication-repository,python,ipystata,1
zenodo,es-replication-repository,python,otree,1
zenodo,es-replication-repository,python,flax,1
zenodo,es-replication-repository,python,ml-collections,1
zenodo,es-replication-repository,python,optax,1
zenodo,es-replication-repository,python,orbax,1
zenodo,es-replication-repository,python,chex,1
zenodo,es-replication-repository,python,graphviz,1
zenodo,es-replication-repository,python,ray,1
zenodo,es-replication-repository,python,threadpoolctl,1
zenodo,es-replication-repository,python,preamble,1
zenodo,es-replication-repository,python,ipython,1
zenodo,es-replication-repository,python,torchvision,1
zenodo,es-replication-repository,python,var,1
zenodo,es-replication-repository,python,rank,1
zenodo,es-replication-repository,python,pyreadr,1
zenodo,es-replication-repository,python,toolz,1
zenodo,es-replication-repository,r,dplyr,48
zenodo,es-replication-repository,r,tidyverse,35
zenodo,es-replication-repository,r,ggplot2,32
zenodo,es-replication-repository,r,data.table,26
zenodo,es-replication-repository,r,haven,25
zenodo,es-replication-repository,r,tidyr,23
zenodo,es-replication-repository,r,scales,21
zenodo,es-replication-repository,r,xtable,20
zenodo,es-replication-repository,r,stringr,20
zenodo,es-replication-repository,r,foreign,19
zenodo,es-replication-repository,r,stargazer,17
zenodo,es-replication-repository,r,readxl,17
zenodo,es-replication-repository,r,lfe,16
zenodo,es-replication-repository,r,sandwich,15
zenodo,es-replication-repository,r,lubridate,14
zenodo,es-replication-repository,r,doParallel,14
zenodo,es-replication-repository,r,MASS,13
zenodo,es-replication-repository,r,magrittr,12
zenodo,es-replication-repository,r,fixest,12
zenodo,es-replication-repository,r,Matrix,12
zenodo,es-replication-repository,r,foreach,12
zenodo,es-replication-repository,r,knitr,12
zenodo,es-replication-repository,r,zoo,12
zenodo,es-replication-repository,r,sf,11
zenodo,es-replication-repository,r,RColorBrewer,11
zenodo,es-replication-repository,r,lmtest,11
zenodo,es-replication-repository,r,tibble,11
zenodo,es-replication-repository,r,rstudioapi,11
zenodo,es-replication-repository,r,Hmisc,11
zenodo,es-replication-repository,r,glmnet,11
zenodo,es-replication-repository,r,reshape2,11
zenodo,es-replication-repository,r,readstata13,10
zenodo,es-replication-repository,r,purrr,10
zenodo,es-replication-repository,r,plyr,9
zenodo,es-replication-repository,r,caret,9
zenodo,es-replication-repository,r,broom,9
zenodo,es-replication-repository,r,devtools,9
zenodo,es-replication-repository,r,latex2exp,9
zenodo,es-replication-repository,r,pracma,8
zenodo,es-replication-repository,r,readr,8
zenodo,es-replication-repository,r,rlang,8
zenodo,es-replication-repository,r,gridExtra,7
zenodo,es-replication-repository,r,AER,7
zenodo,es-replication-repository,r,plm,7
zenodo,es-replication-repository,r,DescTools,7
zenodo,es-replication-repository,r,remotes,7
zenodo,es-replication-repository,r,here,7
zenodo,es-replication-repository,r,gtools,6
zenodo,es-replication-repository,r,Rcpp,6
zenodo,es-replication-repository,r,pacman,6
zenodo,es-replication-repository,r,fastDummies,5
zenodo,es-replication-repository,r,cowplot,5
zenodo,es-replication-repository,r,car,5
zenodo,es-replication-repository,r,tseries,5
zenodo,es-replication-repository,r,testthat,5
zenodo,es-replication-repository,r,colorspace,5
zenodo,es-replication-repository,r,stringi,5
zenodo,es-replication-repository,r,numDeriv,5
zenodo,es-replication-repository,r,extrafont,5
zenodo,es-replication-repository,r,glue,5
zenodo,es-replication-repository,r,geosphere,5
zenodo,es-replication-repository,r,jsonlite,5
zenodo,es-replication-repository,r,httr,5
zenodo,es-replication-repository,r,openxlsx,5
zenodo,es-replication-repository,r,expm,5
zenodo,es-replication-repository,r,ggrepel,5
zenodo,es-replication-repository,r,randomForest,5
zenodo,es-replication-repository,r,nloptr,5
zenodo,es-replication-repository,r,R.matlab,5
zenodo,es-replication-repository,r,ggpubr,5
zenodo,es-replication-repository,r,estimatr,4
zenodo,es-replication-repository,r,lattice,4
zenodo,es-replication-repository,r,KernSmooth,4
zenodo,es-replication-repository,r,ROCR,4
zenodo,es-replication-repository,r,boot,4
zenodo,es-replication-repository,r,rpart,4
zenodo,es-replication-repository,r,withr,4
zenodo,es-replication-repository,r,future,4
zenodo,es-replication-repository,r,igraph,4
zenodo,es-replication-repository,r,htmlwidgets,4
zenodo,es-replication-repository,r,survival,4
zenodo,es-replication-repository,r,multiwayvcov,4
zenodo,es-replication-repository,r,RSQLite,4
zenodo,es-replication-repository,r,cli,4
zenodo,es-replication-repository,r,rdrobust,4
zenodo,es-replication-repository,r,kableExtra,4
zenodo,es-replication-repository,r,writexl,4
zenodo,es-replication-repository,r,bit64,4
zenodo,es-replication-repository,r,CVXR,4
zenodo,es-replication-repository,r,e1071,4
zenodo,es-replication-repository,r,ranger,4
zenodo,es-replication-repository,r,grf,4
zenodo,es-replication-repository,r,gdata,4
zenodo,es-replication-repository,r,patchwork,4
zenodo,es-replication-repository,r,ivreg,4
zenodo,es-replication-repository,r,sp,3
zenodo,es-replication-repository,r,raster,3
zenodo,es-replication-repository,r,viridis,3
zenodo,es-replication-repository,r,ggthemes,3
zenodo,es-replication-repository,r,spdep,3
zenodo,es-replication-repository,r,np,3
zenodo,es-replication-repository,r,modelsummary,3
zenodo,es-replication-repository,r,rgeos,3
zenodo,es-replication-repository,r,cluster,3
zenodo,es-replication-repository,r,feather,3
zenodo,es-replication-repository,r,systemfit,3
zenodo,es-replication-repository,r,nnet,3
zenodo,es-replication-repository,r,urca,3
zenodo,es-replication-repository,r,strucchange,3
zenodo,es-replication-repository,r,SparseM,3
zenodo,es-replication-repository,r,gtable,3
zenodo,es-replication-repository,r,gplots,3
zenodo,es-replication-repository,r,mlbench,3
zenodo,es-replication-repository,r,RUnit,3
zenodo,es-replication-repository,r,hms,3
zenodo,es-replication-repository,r,doMC,3
zenodo,es-replication-repository,r,maps,3
zenodo,es-replication-repository,r,chron,3
zenodo,es-replication-repository,r,htmltools,3
zenodo,es-replication-repository,r,png,3
zenodo,es-replication-repository,r,quadprog,3
zenodo,es-replication-repository,r,abind,3
zenodo,es-replication-repository,r,akima,3
zenodo,es-replication-repository,r,XML,3
zenodo,es-replication-repository,r,geepack,3
zenodo,es-replication-repository,r,DBI,3
zenodo,es-replication-repository,r,vctrs,3
zenodo,es-replication-repository,r,pillar,3
zenodo,es-replication-repository,r,microbenchmark,3
zenodo,es-replication-repository,r,blob,3
zenodo,es-replication-repository,r,splines2,3
zenodo,es-replication-repository,r,crayon,3
zenodo,es-replication-repository,r,quantmod,3
zenodo,es-replication-repository,r,vtable,3
zenodo,es-replication-repository,r,polynom,3
zenodo,es-replication-repository,r,digest,3
zenodo,es-replication-repository,r,tikzDevice,3
zenodo,es-replication-repository,r,rio,3
zenodo,es-replication-repository,r,mvtnorm,3
zenodo,es-replication-repository,r,gam,3
zenodo,es-replication-repository,r,mgcv,3
zenodo,es-replication-repository,r,progressr,3
zenodo,es-replication-repository,r,usethis,3
zenodo,es-replication-repository,r,forcats,3
zenodo,es-replication-repository,r,rmarkdown,3
zenodo,es-replication-repository,r,pbapply,3
zenodo,es-replication-repository,r,this.path,3
zenodo,es-replication-repository,r,janitor,3
zenodo,es-replication-repository,r,ggsci,3
zenodo,es-replication-repository,r,hrbrthemes,3
zenodo,es-replication-repository,r,matrixStats,3
zenodo,es-replication-repository,r,randtoolbox,3
zenodo,es-replication-repository,r,xlsx,3
zenodo,es-replication-repository,r,renv,3
zenodo,es-replication-repository,r,rgdal,2
zenodo,es-replication-repository,r,rootSolve,2
zenodo,es-replication-repository,r,quantreg,2
zenodo,es-replication-repository,r,utf8,2
zenodo,es-replication-repository,r,lwgeom,2
zenodo,es-replication-repository,r,mapview,2
zenodo,es-replication-repository,r,maptools,2
zenodo,es-replication-repository,r,Formula,2
zenodo,es-replication-repository,r,dynlm,2
zenodo,es-replication-repository,r,pscl,2
zenodo,es-replication-repository,r,graph,2
zenodo,es-replication-repository,r,sfsmisc,2
zenodo,es-replication-repository,r,Cairo,2
zenodo,es-replication-repository,r,vdiffr,2
zenodo,es-replication-repository,r,generics,2
zenodo,es-replication-repository,r,texreg,2
zenodo,es-replication-repository,r,clubSandwich,2
zenodo,es-replication-repository,r,margins,2
zenodo,es-replication-repository,r,spelling,2
zenodo,es-replication-repository,r,pander,2
zenodo,es-replication-repository,r,future.apply,2
zenodo,es-replication-repository,r,viridisLite,2
zenodo,es-replication-repository,r,leaflet,2
zenodo,es-replication-repository,r,webshot,2
zenodo,es-replication-repository,r,gt,2
zenodo,es-replication-repository,r,itertools,2
zenodo,es-replication-repository,r,iterators,2
zenodo,es-replication-repository,r,logspline,2
zenodo,es-replication-repository,r,MatrixModels,2
zenodo,es-replication-repository,r,rgl,2
zenodo,es-replication-repository,r,ncdf4,2
zenodo,es-replication-repository,r,pcse,2
zenodo,es-replication-repository,r,RPostgreSQL,2
zenodo,es-replication-repository,r,classInt,2
zenodo,es-replication-repository,r,ggmap,2
zenodo,es-replication-repository,r,tmap,2
zenodo,es-replication-repository,r,spatialreg,2
zenodo,es-replication-repository,r,spData,2
zenodo,es-replication-repository,r,RSpectra,2
zenodo,es-replication-repository,r,dichromat,2
zenodo,es-replication-repository,r,splm,2
zenodo,es-replication-repository,r,sphet,2
zenodo,es-replication-repository,r,beepr,2
zenodo,es-replication-repository,r,rdd,2
zenodo,es-replication-repository,r,tigris,2
zenodo,es-replication-repository,r,Rfast,2
zenodo,es-replication-repository,r,truncnorm,2
zenodo,es-replication-repository,r,RcppRoll,2
zenodo,es-replication-repository,r,ECOSolveR,2
zenodo,es-replication-repository,r,scs,2
zenodo,es-replication-repository,r,Rglpk,2
zenodo,es-replication-repository,r,osqp,2
zenodo,es-replication-repository,r,mda,2
zenodo,es-replication-repository,r,pryr,2
zenodo,es-replication-repository,r,inline,2
zenodo,es-replication-repository,r,pkgKitten,2
zenodo,es-replication-repository,r,tinytest,2
zenodo,es-replication-repository,r,modeldata,2
zenodo,es-replication-repository,r,lme4,2
zenodo,es-replication-repository,r,gmm,2
zenodo,es-replication-repository,r,mlogit,2
zenodo,es-replication-repository,r,ordinal,2
zenodo,es-replication-repository,r,psych,2
zenodo,es-replication-repository,r,speedglm,2
zenodo,es-replication-repository,r,vars,2
zenodo,es-replication-repository,r,processx,2
zenodo,es-replication-repository,r,callr,2
zenodo,es-replication-repository,r,prettyunits,2
zenodo,es-replication-repository,r,parsedate,2
zenodo,es-replication-repository,r,docopt,2
zenodo,es-replication-repository,r,xml2,2
zenodo,es-replication-repository,r,codetools,2
zenodo,es-replication-repository,r,doMPI,2
zenodo,es-replication-repository,r,doSNOW,2
zenodo,es-replication-repository,r,tidyselect,2
zenodo,es-replication-repository,r,nycflights13,2
zenodo,es-replication-repository,r,Lahman,2
zenodo,es-replication-repository,r,lobstr,2
zenodo,es-replication-repository,r,mapproj,2
zenodo,es-replication-repository,r,munsell,2
zenodo,es-replication-repository,r,lars,2
zenodo,es-replication-repository,r,limSolve,2
zenodo,es-replication-repository,r,dfoptim,2
zenodo,es-replication-repository,r,optimx,2
zenodo,es-replication-repository,r,statmod,2
zenodo,es-replication-repository,r,DiagrammeR,2
zenodo,es-replication-repository,r,curl,2
zenodo,es-replication-repository,r,desc,2
zenodo,es-replication-repository,r,fs,2
zenodo,es-replication-repository,r,formattable,2
zenodo,es-replication-repository,r,tidymodels,2
zenodo,es-replication-repository,r,repurrrsive,2
zenodo,es-replication-repository,r,waldo,2
zenodo,es-replication-repository,r,timeDate,2
zenodo,es-replication-repository,r,bootstrap,2
zenodo,es-replication-repository,r,bife,2
zenodo,es-replication-repository,r,progress,2
zenodo,es-replication-repository,r,furrr,2
zenodo,es-replication-repository,r,hdm,2
zenodo,es-replication-repository,r,ggnewscale,2
zenodo,es-replication-repository,r,rsample,2
zenodo,es-replication-repository,r,GenericML,2
zenodo,es-replication-repository,r,MatchIt,2
zenodo,es-replication-repository,r,earth,2
zenodo,es-replication-repository,r,tictoc,2
zenodo,es-replication-repository,r,RCurl,2
zenodo,es-replication-repository,r,vroom,2
zenodo,es-replication-repository,r,countrycode,2
zenodo,es-replication-repository,r,moments,2
zenodo,es-replication-repository,r,ggpattern,2
zenodo,es-replication-repository,r,rbenchmark,2
zenodo,es-replication-repository,r,evd,2
zenodo,es-replication-repository,r,arrow,2
zenodo,es-replication-repository,r,FNN,2
zenodo,es-replication-repository,r,terra,2
zenodo,es-replication-repository,r,doRNG,2
zenodo,es-replication-repository,r,policytree,2
zenodo,es-replication-repository,r,memisc,2
zenodo,es-replication-repository,r,pROC,2
zenodo,es-replication-repository,r,xgboost,2
zenodo,es-replication-repository,r,labelled,2
zenodo,es-replication-repository,r,combinat,2
zenodo,es-replication-repository,r,checkpoint,1
zenodo,es-replication-repository,r,gstat,1
zenodo,es-replication-repository,r,tiff,1
zenodo,es-replication-repository,r,smoothr,1
zenodo,es-replication-repository,r,rmapshaper,1
zenodo,es-replication-repository,r,latticeExtra,1
zenodo,es-replication-repository,r,dendextend,1
zenodo,es-replication-repository,r,gridGraphics,1
zenodo,es-replication-repository,r,magick,1
zenodo,es-replication-repository,r,DendSer,1
zenodo,es-replication-repository,r,ape,1
zenodo,es-replication-repository,r,circlize,1
zenodo,es-replication-repository,r,seriation,1
zenodo,es-replication-repository,r,corrplot,1
zenodo,es-replication-repository,r,d3heatmap,1
zenodo,es-replication-repository,r,dynamicTreeCut,1
zenodo,es-replication-repository,r,pvclust,1
zenodo,es-replication-repository,r,heatmaply,1
zenodo,es-replication-repository,r,dendextendRcpp,1
zenodo,es-replication-repository,r,emmeans,1
zenodo,es-replication-repository,r,estimability,1
zenodo,es-replication-repository,r,randomizr,1
zenodo,es-replication-repository,r,ivpack,1
zenodo,es-replication-repository,r,RcppEigen,1
zenodo,es-replication-repository,r,stars,1
zenodo,es-replication-repository,r,spacetime,1
zenodo,es-replication-repository,r,geoR,1
zenodo,es-replication-repository,r,GRASS,1
zenodo,es-replication-repository,r,fields,1
zenodo,es-replication-repository,r,mapdata,1
zenodo,es-replication-repository,r,tripack,1
zenodo,es-replication-repository,r,deldir,1
zenodo,es-replication-repository,r,cubature,1
zenodo,es-replication-repository,r,units,1
zenodo,es-replication-repository,r,leafpop,1
zenodo,es-replication-repository,r,base64enc,1
zenodo,es-replication-repository,r,leafem,1
zenodo,es-replication-repository,r,mapdeck,1
zenodo,es-replication-repository,r,plainview,1
zenodo,es-replication-repository,r,later,1
zenodo,es-replication-repository,r,checkmate,1
zenodo,es-replication-repository,r,mice,1
zenodo,es-replication-repository,r,crs,1
zenodo,es-replication-repository,r,NlcOptim,1
zenodo,es-replication-repository,r,hdrcde,1
zenodo,es-replication-repository,r,geojsonio,1
zenodo,es-replication-repository,r,V8,1
zenodo,es-replication-repository,r,geojsonlint,1
zenodo,es-replication-repository,r,scatterplot3d,1
zenodo,es-replication-repository,r,pool,1
zenodo,es-replication-repository,r,spatstat,1
zenodo,es-replication-repository,r,spatstat.utils,1
zenodo,es-replication-repository,r,wkb,1
zenodo,es-replication-repository,r,animation,1
zenodo,es-replication-repository,r,RgoogleMaps,1
zenodo,es-replication-repository,r,cshapes,1
zenodo,es-replication-repository,r,odbc,1
zenodo,es-replication-repository,r,RPostgres,1
zenodo,es-replication-repository,r,spam,1
zenodo,es-replication-repository,r,RANN,1
zenodo,es-replication-repository,r,coda,1
zenodo,es-replication-repository,r,spgrass6,1
zenodo,es-replication-repository,r,gmailr,1
zenodo,es-replication-repository,r,rasterVis,1
zenodo,es-replication-repository,r,acs,1
zenodo,es-replication-repository,r,cobalt,1
zenodo,es-replication-repository,r,santoku,1
zenodo,es-replication-repository,r,zipcode,1
zenodo,es-replication-repository,r,binsmooth,1
zenodo,es-replication-repository,r,pastecs,1
zenodo,es-replication-repository,r,assertthat,1
zenodo,es-replication-repository,r,fiftystater,1
zenodo,es-replication-repository,r,formula.tools,1
zenodo,es-replication-repository,r,nleqslv,1
zenodo,es-replication-repository,r,parallelly,1
zenodo,es-replication-repository,r,BB,1
zenodo,es-replication-repository,r,RDHonest,1
zenodo,es-replication-repository,r,nlme,1
zenodo,es-replication-repository,r,R6,1
zenodo,es-replication-repository,r,Rmpfr,1
zenodo,es-replication-repository,r,gmp,1
zenodo,es-replication-repository,r,Rcplex,1
zenodo,es-replication-repository,r,cccp,1
zenodo,es-replication-repository,r,slam,1
zenodo,es-replication-repository,r,Rmosek,1
zenodo,es-replication-repository,r,nnls,1
zenodo,es-replication-repository,r,ElemStatLearn,1
zenodo,es-replication-repository,r,polspline,1
zenodo,es-replication-repository,r,FrF2,1
zenodo,es-replication-repository,r,multcomp,1
zenodo,es-replication-repository,r,acepack,1
zenodo,es-replication-repository,r,tree,1
zenodo,es-replication-repository,r,GLMMGibbs,1
zenodo,es-replication-repository,r,gee,1
zenodo,es-replication-repository,r,xgobi,1
zenodo,es-replication-repository,r,rggobi,1
zenodo,es-replication-repository,r,class,1
zenodo,es-replication-repository,r,fastICA,1
zenodo,es-replication-repository,r,GPArotation,1
zenodo,es-replication-repository,r,spatial,1
zenodo,es-replication-repository,r,interp,1
zenodo,es-replication-repository,r,Rgraphviz,1
zenodo,es-replication-repository,r,Rmpi,1
zenodo,es-replication-repository,r,backports,1
zenodo,es-replication-repository,r,bit,1
zenodo,es-replication-repository,r,modeltests,1
zenodo,es-replication-repository,r,bbmle,1
zenodo,es-replication-repository,r,btergm,1
zenodo,es-replication-repository,r,epiR,1
zenodo,es-replication-repository,r,ergm,1
zenodo,es-replication-repository,r,lavaan,1
zenodo,es-replication-repository,r,metafor,1
zenodo,es-replication-repository,r,lifecycle,1
zenodo,es-replication-repository,r,ellipsis,1
zenodo,es-replication-repository,r,AUC,1
zenodo,es-replication-repository,r,betareg,1
zenodo,es-replication-repository,r,biglm,1
zenodo,es-replication-repository,r,binGroup,1
zenodo,es-replication-repository,r,network,1
zenodo,es-replication-repository,r,carData,1
zenodo,es-replication-repository,r,cmprsk,1
zenodo,es-replication-repository,r,drc,1
zenodo,es-replication-repository,r,lsmeans,1
zenodo,es-replication-repository,r,glmnetUtils,1
zenodo,es-replication-repository,r,joineRML,1
zenodo,es-replication-repository,r,Kendall,1
zenodo,es-replication-repository,r,ks,1
zenodo,es-replication-repository,r,leaps,1
zenodo,es-replication-repository,r,irlba,1
zenodo,es-replication-repository,r,lm.beta,1
zenodo,es-replication-repository,r,lmodel2,1
zenodo,es-replication-repository,r,mclust,1
zenodo,es-replication-repository,r,mediation,1
zenodo,es-replication-repository,r,mfx,1
zenodo,es-replication-repository,r,muhaz,1
zenodo,es-replication-repository,r,orcutt,1
zenodo,es-replication-repository,r,poLCA,1
zenodo,es-replication-repository,r,robust,1
zenodo,es-replication-repository,r,robustbase,1
zenodo,es-replication-repository,r,survey,1
zenodo,es-replication-repository,r,pbkrtest,1
zenodo,es-replication-repository,r,coxme,1
zenodo,es-replication-repository,r,effects,1
zenodo,es-replication-repository,r,ps,1
zenodo,es-replication-repository,r,shiny,1
zenodo,es-replication-repository,r,asciicast,1
zenodo,es-replication-repository,r,rprojroot,1
zenodo,es-replication-repository,r,mockery,1
zenodo,es-replication-repository,r,shinyjs,1
zenodo,es-replication-repository,r,jpeg,1
zenodo,es-replication-repository,r,getopt,1
zenodo,es-replication-repository,r,dbplyr,1
zenodo,es-replication-repository,r,RMySQL,1
zenodo,es-replication-repository,r,pkgconfig,1
zenodo,es-replication-repository,r,fansi,1
zenodo,es-replication-repository,r,unitizer,1
zenodo,es-replication-repository,r,farver,1
zenodo,es-replication-repository,r,filehash,1
zenodo,es-replication-repository,r,pkgload,1
zenodo,es-replication-repository,r,hexbin,1
zenodo,es-replication-repository,r,BrailleR,1
zenodo,es-replication-repository,r,ragg,1
zenodo,es-replication-repository,r,svglite,1
zenodo,es-replication-repository,r,isoband,1
zenodo,es-replication-repository,r,xfun,1
zenodo,es-replication-repository,r,R.utils,1
zenodo,es-replication-repository,r,rprintf,1
zenodo,es-replication-repository,r,profvis,1
zenodo,es-replication-repository,r,lintr,1
zenodo,es-replication-repository,r,minqa,1
zenodo,es-replication-repository,r,gamm4,1
zenodo,es-replication-repository,r,agridat,1
zenodo,es-replication-repository,r,mlmRev,1
zenodo,es-replication-repository,r,rr2,1
zenodo,es-replication-repository,r,semEff,1
zenodo,es-replication-repository,r,merDeriv,1
zenodo,es-replication-repository,r,MEMSS,1
zenodo,es-replication-repository,r,SASmixed,1
zenodo,es-replication-repository,r,debugme,1
zenodo,es-replication-repository,r,nanotime,1
zenodo,es-replication-repository,r,disposables,1
zenodo,es-replication-repository,r,conquer,1
zenodo,es-replication-repository,r,git2r,1
zenodo,es-replication-repository,r,pkgbuild,1
zenodo,es-replication-repository,r,pingr,1
zenodo,es-replication-repository,r,webfakes,1
zenodo,es-replication-repository,r,BiocManager,1
zenodo,es-replication-repository,r,MeasurementError.cor,1
zenodo,es-replication-repository,r,falsy,1
zenodo,es-replication-repository,r,simplegraph,1
zenodo,es-replication-repository,r,covr,1
zenodo,es-replication-repository,r,brew,1
zenodo,es-replication-repository,r,pak,1
zenodo,es-replication-repository,r,winch,1
zenodo,es-replication-repository,r,labeling,1
zenodo,es-replication-repository,r,shape,1
zenodo,es-replication-repository,r,rlecuyer,1
zenodo,es-replication-repository,r,snow,1
zenodo,es-replication-repository,r,evaluate,1
zenodo,es-replication-repository,r,brio,1
zenodo,es-replication-repository,r,formatR,1
zenodo,es-replication-repository,r,zeallot,1
zenodo,es-replication-repository,r,timeSeries,1
zenodo,es-replication-repository,r,tis,1
zenodo,es-replication-repository,r,mondate,1
zenodo,es-replication-repository,r,optrdd,1
zenodo,es-replication-repository,r,pkgdepends,1
zenodo,es-replication-repository,r,doFuture,1
zenodo,es-replication-repository,r,roll,1
zenodo,es-replication-repository,r,Imap,1
zenodo,es-replication-repository,r,miceadds,1
zenodo,es-replication-repository,r,hash,1
zenodo,es-replication-repository,r,numbers,1
zenodo,es-replication-repository,r,splitstackshape,1
zenodo,es-replication-repository,r,TruncatedNormal,1
zenodo,es-replication-repository,r,selectiveInference,1
zenodo,es-replication-repository,r,BBSSL,1
zenodo,es-replication-repository,r,comprehenr,1
zenodo,es-replication-repository,r,locfit,1
zenodo,es-replication-repository,r,survminer,1
zenodo,es-replication-repository,r,panelView,1
zenodo,es-replication-repository,r,evalITR,1
zenodo,es-replication-repository,r,ggtext,1
zenodo,es-replication-repository,r,msm,1
zenodo,es-replication-repository,r,EnvStats,1
zenodo,es-replication-repository,r,conleyreg,1
zenodo,es-replication-repository,r,lpSolve,1
zenodo,es-replication-repository,r,optbin,1
zenodo,es-replication-repository,r,coneproj,1
zenodo,es-replication-repository,r,rngtools,1
zenodo,es-replication-repository,r,splus2R,1
zenodo,es-replication-repository,r,config,1
zenodo,es-replication-repository,r,expint,1
zenodo,es-replication-repository,r,drtmle,1
zenodo,es-replication-repository,r,SuperLearner,1
zenodo,es-replication-repository,r,Matching,1
zenodo,es-replication-repository,r,DoubleML,1
zenodo,es-replication-repository,r,mlr3,1
zenodo,es-replication-repository,r,mlr3learners,1
zenodo,es-replication-repository,r,Iso,1
zenodo,es-replication-repository,r,RSGHB,1
zenodo,es-replication-repository,r,maxLik,1
zenodo,es-replication-repository,r,tables,1
zenodo,es-replication-repository,r,ADtools,1
zenodo,es-replication-repository,r,ggpmisc,1
zenodo,es-replication-repository,r,plotly,1
zenodo,es-replication-repository,r,imputeTS,1
zenodo,es-replication-repository,r,bunching,1
zenodo,es-replication-repository,r,uniReg,1
zenodo,es-replication-repository,r,discSurv,1
zenodo,es-replication-repository,r,rpart.plot,1
zenodo,es-replication-repository,r,orthogonalsplinebasis,1
zenodo,es-replication-repository,r,pglm,1
zenodo,es-replication-repository,r,colorRamps,1
zenodo,es-replication-repository,r,ucminf,1
zenodo,es-replication-repository,r,weights,1
zenodo,es-replication-repository,r,rjson,1
zenodo,es-replication-repository,r,RhpcBLASctl,1
zenodo,es-replication-repository,r,NLRoot,1
zenodo,es-replication-repository,r,rhdf5,1
zenodo,es-replication-repository,r,plotrix,1
zenodo,es-replication-repository,r,broman,1
zenodo,es-replication-repository,r,RcppGSL,1
zenodo,es-replication-repository,r,RcppParallel,1
zenodo,es-replication-repository,r,reshape,1
zenodo,es-replication-repository,r,logitnorm,1
zenodo,es-replication-repository,r,matchingR,1
zenodo,es-replication-repository,r,stringdist,1
zenodo,es-replication-repository,r,fuzzyjoin,1
zenodo,es-replication-repository,r,hablar,1
zenodo,es-replication-repository,r,sjmisc,1
zenodo,es-replication-repository,r,modeest,1
zenodo,es-replication-repository,r,runner,1
zenodo,es-replication-repository,r,FSA,1
zenodo,es-replication-repository,r,rmutil,1
zenodo,es-replication-repository,r,LowRankQP,1
zenodo,es-replication-repository,r,blm,1
zenodo,es-replication-repository,r,fredr,1
zenodo,es-replication-repository,r,geobr,1
zenodo,es-replication-repository,r,optimParallel,1
zenodo,es-replication-repository,r,torch,1
zenodo,es-replication-repository,r,lightgbm,1
zenodo,es-replication-repository,r,hdi,1
zenodo,es-replication-repository,r,coin,1
zenodo,es-replication-repository,r,party,1
zenodo,es-replication-repository,r,TH.data,1
zenodo,es-replication-repository,r,mvpart,1
zenodo,es-replication-repository,r,BradleyTerry2,1
zenodo,es-replication-repository,r,prefmod,1
zenodo,es-replication-repository,r,qvcalc,1
zenodo,es-replication-repository,r,BradleyTerry,1
zenodo,es-replication-repository,r,Cubist,1
zenodo,es-replication-repository,r,rules,1
zenodo,es-replication-repository,r,vip,1
zenodo,es-replication-repository,r,ISwR,1
zenodo,es-replication-repository,r,SQUAREM,1
zenodo,es-replication-repository,r,interval,1
zenodo,es-replication-repository,r,setRNG,1
zenodo,es-replication-repository,r,pls,1
zenodo,es-replication-repository,r,klaR,1
zenodo,es-replication-repository,r,clock,1
zenodo,es-replication-repository,r,cpp11,1
zenodo,es-replication-repository,r,bench,1
zenodo,es-replication-repository,r,diagram,1
zenodo,es-replication-repository,r,emma,1
zenodo,es-replication-repository,r,segmented,1
zenodo,es-replication-repository,r,gbm,1
zenodo,es-replication-repository,r,gower,1
zenodo,es-replication-repository,r,hardhat,1
zenodo,es-replication-repository,r,recipes,1
zenodo,es-replication-repository,r,httr2,1
zenodo,es-replication-repository,r,xmlparsedata,1
zenodo,es-replication-repository,r,downlit,1
zenodo,es-replication-repository,r,ipred,1
zenodo,es-replication-repository,r,questionr,1
zenodo,es-replication-repository,r,lava,1
zenodo,es-replication-repository,r,mets,1
zenodo,es-replication-repository,r,targeted,1
zenodo,es-replication-repository,r,PRROC,1
zenodo,es-replication-repository,r,Epi,1
zenodo,es-replication-repository,r,cutpointr,1
zenodo,es-replication-repository,r,OptimalCutpoints,1
zenodo,es-replication-repository,r,ThresholdROC,1
zenodo,es-replication-repository,r,sos,1
zenodo,es-replication-repository,r,htmlTable,1
zenodo,es-replication-repository,r,pkgdown,1
zenodo,es-replication-repository,r,gert,1
zenodo,es-replication-repository,r,potools,1
zenodo,es-replication-repository,r,sparsevctrs,1
zenodo,es-replication-repository,r,spls,1
zenodo,es-replication-repository,r,subselect,1
zenodo,es-replication-repository,r,benchr,1
zenodo,es-replication-repository,r,wand,1
zenodo,es-replication-repository,r,dittodb,1
zenodo,es-replication-repository,r,showtext,1
zenodo,es-replication-repository,r,wooldridge,1
zenodo,es-replication-repository,r,parameters,1
zenodo,es-replication-repository,r,sysfonts,1
zenodo,es-replication-repository,r,GA,1
zenodo,es-replication-repository,r,hexSticker,1
zenodo,es-replication-repository,r,splitfngr,1
zenodo,es-replication-repository,r,diffobj,1
zenodo,es-replication-repository,r,gridtext,1
zenodo,es-replication-repository,r,LiblineaR,1
zenodo,es-replication-repository,r,stepPlr,1
zenodo,es-replication-repository,r,elasticnet,1
zenodo,es-replication-repository,r,factoextra,1
zenodo,es-replication-repository,r,reticulate,1
zenodo,es-replication-repository,r,markdown,1
zenodo,es-replication-repository,r,skimr,1
zenodo,es-replication-repository,r,statnet,1
zenodo,es-replication-repository,r,pbivnorm,1
zenodo,es-replication-repository,r,Rsolnp,1
zenodo,es-replication-repository,r,conflicted,1
zenodo,es-replication-repository,r,ipumsr,1
zenodo,es-replication-repository,r,ggfortify,1
zenodo,es-replication-repository,r,xts,1
zenodo,es-replication-repository,r,tsbox,1
zenodo,es-replication-repository,r,ggh4x,1
zenodo,es-replication-repository,r,optparse,1
zenodo,es-replication-repository,r,Jmisc,1
zenodo,es-replication-repository,r,turner,1
zenodo,es-replication-repository,r,Greg,1
zenodo,es-replication-repository,stata,estout,73
zenodo,es-replication-repository,stata,reghdfe,40
zenodo,es-replication-repository,stata,outreg2,27
zenodo,es-replication-repository,stata,binscatter,19
zenodo,es-replication-repository,stata,winsor2,17
zenodo,es-replication-repository,stata,coefplot,14
zenodo,es-replication-repository,stata,ivreg2,14
zenodo,es-replication-repository,stata,ivreghdfe,12
zenodo,es-replication-repository,stata,gtools,12
zenodo,es-replication-repository,stata,geodist,11
zenodo,es-replication-repository,stata,distinct,11
zenodo,es-replication-repository,stata,shp2dta,10
zenodo,es-replication-repository,stata,unique,10
zenodo,es-replication-repository,stata,outreg,10
zenodo,es-replication-repository,stata,stop,9
zenodo,es-replication-repository,stata,winsor,8
zenodo,es-replication-repository,stata,labutil,7
zenodo,es-replication-repository,stata,spmap,7
zenodo,es-replication-repository,stata,texdoc,6
zenodo,es-replication-repository,stata,regsave,6
zenodo,es-replication-repository,stata,carryforward,5
zenodo,es-replication-repository,stata,pdslasso,5
zenodo,es-replication-repository,stata,geoinpoly,5
zenodo,es-replication-repository,stata,ftools,5
zenodo,es-replication-repository,stata,boottest,4
zenodo,es-replication-repository,stata,maptile,4
zenodo,es-replication-repository,stata,grc1leg2,4
zenodo,es-replication-repository,stata,mat2txt,4
zenodo,es-replication-repository,stata,heatplot,4
zenodo,es-replication-repository,stata,grstyle,4
zenodo,es-replication-repository,stata,parmest,3
zenodo,es-replication-repository,stata,geonear,3
zenodo,es-replication-repository,stata,tabout,3
zenodo,es-replication-repository,stata,tabstatmat,3
zenodo,es-replication-repository,stata,missings,3
zenodo,es-replication-repository,stata,ritest,3
zenodo,es-replication-repository,stata,listtex,3
zenodo,es-replication-repository,stata,center,3
zenodo,es-replication-repository,stata,rdrobust,3
zenodo,es-replication-repository,stata,texsave,3
zenodo,es-replication-repository,stata,addplot,3
zenodo,es-replication-repository,stata,ppmlhdfe,3
zenodo,es-replication-repository,stata,fastxtile,3
zenodo,es-replication-repository,stata,listtab,3
zenodo,es-replication-repository,stata,sutex2,2
zenodo,es-replication-repository,stata,mdesc,2
zenodo,es-replication-repository,stata,rsource,2
zenodo,es-replication-repository,stata,rwolf,2
zenodo,es-replication-repository,stata,distplot,2
zenodo,es-replication-repository,stata,nnls,2
zenodo,es-replication-repository,stata,xlincom,2
zenodo,es-replication-repository,stata,leebounds,2
zenodo,es-replication-repository,stata,did_multiplegt_old,2
zenodo,es-replication-repository,stata,outtable,2
zenodo,es-replication-repository,stata,inequal7,2
zenodo,es-replication-repository,stata,cibar,2
zenodo,es-replication-repository,stata,psacalc,2
zenodo,es-replication-repository,stata,xtivreg2,2
zenodo,es-replication-repository,stata,ietoolkit,2
zenodo,es-replication-repository,stata,weakivtest,2
zenodo,es-replication-repository,stata,jarowinkler,2
zenodo,es-replication-repository,stata,ineqdec0,2
zenodo,es-replication-repository,stata,rscript,2
zenodo,es-replication-repository,stata,rddensity,2
zenodo,es-replication-repository,stata,wyoung,2
zenodo,es-replication-repository,stata,mmerge,2
zenodo,es-replication-repository,stata,geo2xy,2
zenodo,es-replication-repository,stata,labsumm,2
zenodo,es-replication-repository,stata,require,2
zenodo,es-replication-repository,stata,splitvallabels,2
zenodo,es-replication-repository,stata,lassopack,2
zenodo,es-replication-repository,stata,pathutil,1
zenodo,es-replication-repository,stata,newey2,1
zenodo,es-replication-repository,stata,kdens,1
zenodo,es-replication-repository,stata,revrs,1
zenodo,es-replication-repository,stata,clrbound,1
zenodo,es-replication-repository,stata,weakiv,1
zenodo,es-replication-repository,stata,mipolate,1
zenodo,es-replication-repository,stata,cic,1
zenodo,es-replication-repository,stata,did_imputation,1
zenodo,es-replication-repository,stata,twostepweakiv,1
zenodo,es-replication-repository,stata,xtgraph,1
zenodo,es-replication-repository,stata,eventstudy,1
zenodo,es-replication-repository,stata,did_multiplegt,1
zenodo,es-replication-repository,stata,twowayfeweights,1
zenodo,es-replication-repository,stata,xtqptest,1
zenodo,es-replication-repository,stata,qreg2,1
zenodo,es-replication-repository,stata,xtscc,1
zenodo,es-replication-repository,stata,corrtex,1
zenodo,es-replication-repository,stata,matchit,1
zenodo,es-replication-repository,stata,moreobs,1
zenodo,es-replication-repository,stata,actest,1
zenodo,es-replication-repository,stata,psmatch2,1
zenodo,es-replication-repository,stata,sepscatter,1
zenodo,es-replication-repository,stata,mads,1
zenodo,es-replication-repository,stata,rangejoin,1
zenodo,es-replication-repository,stata,geocode,1
zenodo,es-replication-repository,stata,sutex,1
zenodo,es-replication-repository,stata,latab,1
zenodo,es-replication-repository,stata,poi2hdfe,1
zenodo,es-replication-repository,stata,did_multiplegt_dyn,1
zenodo,es-replication-repository,stata,personage,1
zenodo,es-replication-repository,stata,acreg,1
zenodo,es-replication-repository,stata,sdid,1
zenodo,es-replication-repository,stata,fre,1
zenodo,es-replication-repository,stata,group_id,1
zenodo,es-replication-repository,stata,prodest,1
zenodo,es-replication-repository,stata,tsegen,1
zenodo,es-replication-repository,stata,randtreat,1
zenodo,es-replication-repository,stata,avar,1
zenodo,es-replication-repository,stata,fuzzydid,1
zenodo,es-replication-repository,stata,xtabond2,1
zenodo,es-replication-repository,stata,bspline,1
zenodo,es-replication-repository,stata,ivhettest,1
zenodo,es-replication-repository,stata,xtcsd,1
zenodo,es-replication-repository,stata,filelist,1
zenodo,es-replication-repository,stata,a2reg,1
zenodo,es-replication-repository,stata,binscatterhist,1
zenodo,es-replication-repository,stata,plotmatrix,1
zenodo,es-replication-repository,stata,mixlogit,1
zenodo,es-replication-repository,stata,vreverse,1
zenodo,es-replication-repository,stata,ebalance,1
zenodo,es-replication-repository,stata,fillmissing,1
zenodo,es-replication-repository,stata,num2words,1
zenodo,es-replication-repository,stata,dobatch,1
zenodo,es-replication-repository,stata,randcoef,1
zenodo,es-replication-repository,stata,sxpose,1
zenodo,es-replication-repository,stata,statastates,1
zenodo,es-replication-repository,stata,balancetable,1
zenodo,es-replication-repository,stata,trimmean,1
zenodo,es-replication-repository,stata,qqvalue,1
zenodo,es-replication-repository,stata,renvarlab,1
zenodo,es-replication-repository,stata,ssaggregate,1
zenodo,es-replication-repository,stata,tabform,1
zenodo,es-replication-repository,stata,dlist,1
zenodo,es-replication-repository,stata,ashell,1
zenodo,es-replication-repository,stata,stripplot,1
zenodo,es-replication-repository,stata,wtp,1
zenodo,es-replication-repository,stata,rddsga,1
zenodo,es-replication-repository,stata,asdoc,1
zenodo,es-replication-repository,stata,ivreg_ss,1
zenodo,es-replication-repository,stata,ppml,1
zenodo,es-replication-repository,stata,partpred,1
zenodo,es-replication-repository,stata,cleanchars,1
zenodo,es-replication-repository,stata,orth_out,1
zenodo,es-replication-repository,stata,icw_index,1
zenodo,eu,python,numpy,1
zenodo,eu,python,matplotlib,1
zenodo,eu,python,ddm,1
zenodo,eu,r,rgeos,1
zenodo,eu,r,ggplot2,1
zenodo,eu,r,readxl,1
zenodo,eu,r,sf,1
zenodo,eu,r,rnaturalearth,1
zenodo,eu,r,rnaturalearthdata,1
zenodo,eu,r,tidyverse,1
zenodo,eu,r,viridis,1
zenodo,eu,r,ggrepel,1
zenodo,eu,r,maps,1
zenodo,eu,r,mapdata,1
zenodo,eu,r,mvtnorm,1
zenodo,eu,r,doMC,1
zenodo,eu,r,latex2exp,1
zenodo,eu,r,MASS,1
zenodo,eu,r,abind,1
zenodo,eu,r,xtable,1
zenodo,eu,r,lattice,1
zenodo,eu,r,latticeExtra,1
zenodo,eu,r,foreign,1
zenodo,eu,stata,reghdfe,2
zenodo,eu,stata,outreg2,2
zenodo,eu,stata,estout,2
zenodo,eu,stata,ppmlhdfe,1
zenodo,eu,stata,psidtools,1
zenodo,eu,stata,grstyle,1
zenodo,eu,stata,fre,1
zenodo,eu,stata,coefplot,1
zenodo,eu,stata,winsor2,1
zenodo,eu,stata,cem,1
zenodo,eu,stata,shp2dta,1
zenodo,eu,stata,spmap,1
zenodo,eu,stata,maptile,1
zenodo,genevagraduateinstitute,stata,lassopack,1
zenodo,genevagraduateinstitute,stata,unique,1
zenodo,genevagraduateinstitute,stata,asdoc,1
zenodo,genevagraduateinstitute,stata,synth,1
zenodo,genevagraduateinstitute,stata,sdid,1
zenodo,genevagraduateinstitute,stata,outreg2,1
dataverse_legacy,health-psychology-bulletin,r,dplyr,1
dataverse_legacy,health-psychology-bulletin,r,tidyr,1
dataverse_legacy,health-psychology-bulletin,r,lubridate,1
dataverse_legacy,health-psychology-bulletin,r,tidyverse,1
dataverse_legacy,health-psychology-bulletin,r,janitor,1
dataverse_legacy,health-psychology-bulletin,r,oddsratio,1
dataverse_legacy,health-psychology-bulletin,r,car,1
dataverse_legacy,hsscomms,python,numpy,2
dataverse_legacy,hsscomms,python,pandas,2
dataverse_legacy,hsscomms,python,matplotlib,1
dataverse_legacy,hsscomms,python,seaborn,1
dataverse_legacy,hsscomms,python,scipy,1
dataverse_legacy,hsscomms,python,geopandas,1
dataverse_legacy,hsscomms,python,Shapely,1
dataverse_legacy,hsscomms,r,pacman,2
dataverse_legacy,hsscomms,r,tidyverse,2
dataverse_legacy,hsscomms,r,tidyr,2
dataverse_legacy,hsscomms,r,ggplot2,2
dataverse_legacy,hsscomms,r,stargazer,1
dataverse_legacy,hsscomms,r,knitr,1
dataverse_legacy,hsscomms,r,kableExtra,1
dataverse_legacy,hsscomms,r,lme4,1
dataverse_legacy,hsscomms,r,MuMIn,1
dataverse_legacy,hsscomms,r,multcomp,1
dataverse_legacy,hsscomms,r,gt,1
dataverse_legacy,hsscomms,r,gtExtras,1
dataverse_legacy,hsscomms,r,dplyr,1
dataverse_legacy,hsscomms,r,estimatr,1
dataverse_legacy,hsscomms,r,stringr,1
dataverse_legacy,hsscomms,r,janitor,1
dataverse_legacy,hsscomms,r,tibble,1
dataverse_legacy,hsscomms,r,broom,1
dataverse_legacy,hsscomms,r,margins,1
dataverse_legacy,hsscomms,r,modelsummary,1
dataverse_legacy,hsscomms,r,texreg,1
dataverse_legacy,hsscomms,r,scales,1
dataverse_legacy,hsscomms,r,haven,1
dataverse_legacy,hsscomms,r,magrittr,1
dataverse_legacy,hsscomms,r,readr,1
dataverse_legacy,hsscomms,r,lubridate,1
dataverse_legacy,hsscomms,r,sandwich,1
dataverse_legacy,hsscomms,r,psych,1
dataverse_legacy,hsscomms,r,quanteda,1
dataverse_legacy,hsscomms,r,emmeans,1
dataverse_legacy,hsscomms,r,gridExtra,1
dataverse_legacy,hsscomms,r,webshot2,1
dataverse_legacy,hsscomms,r,randomForest,1
dataverse_legacy,hsscomms,r,caret,1
dataverse_legacy,hsscomms,r,tidytext,1
dataverse_legacy,hsscomms,r,bbmle,1
dataverse_legacy,hsscomms,r,Cairo,1
dataverse_legacy,hsscomms,r,RColorBrewer,1
dataverse_legacy,hsscomms,r,lattice,1
dataverse_legacy,hsscomms,r,coda,1
dataverse_legacy,hsscomms,r,rstan,1
dataverse_legacy,hsscomms,r,rjags,1
dataverse_legacy,hsscomms,r,runjags,1
dataverse_legacy,hsscomms,stata,eclplot,1
dataverse_legacy,hsscomms,stata,estout,1
dataverse_legacy,hsscomms,stata,outreg2,1
dataverse_legacy,hsscomms,stata,ivreg2,1
dataverse_legacy,internationalinteractions,python,numpy,1
dataverse_legacy,internationalinteractions,python,pandas,1
dataverse_legacy,internationalinteractions,python,statsmodels,1
dataverse_legacy,internationalinteractions,python,scikit-learn,1
dataverse_legacy,internationalinteractions,r,ggplot2,41
dataverse_legacy,internationalinteractions,r,foreign,33
dataverse_legacy,internationalinteractions,r,stargazer,29
dataverse_legacy,internationalinteractions,r,dplyr,22
dataverse_legacy,internationalinteractions,r,plyr,17
dataverse_legacy,internationalinteractions,r,lmtest,15
dataverse_legacy,internationalinteractions,r,countrycode,14
dataverse_legacy,internationalinteractions,r,MASS,14
dataverse_legacy,internationalinteractions,r,xtable,14
dataverse_legacy,internationalinteractions,r,sandwich,13
dataverse_legacy,internationalinteractions,r,tidyverse,12
dataverse_legacy,internationalinteractions,r,plm,11
dataverse_legacy,internationalinteractions,r,lme4,10
dataverse_legacy,internationalinteractions,r,texreg,9
dataverse_legacy,internationalinteractions,r,Zelig,9
dataverse_legacy,internationalinteractions,r,car,8
dataverse_legacy,internationalinteractions,r,tidyr,7
dataverse_legacy,internationalinteractions,r,haven,7
dataverse_legacy,internationalinteractions,r,reshape2,7
dataverse_legacy,internationalinteractions,r,DataCombine,7
dataverse_legacy,internationalinteractions,r,scales,7
dataverse_legacy,internationalinteractions,r,RColorBrewer,7
dataverse_legacy,internationalinteractions,r,Hmisc,6
dataverse_legacy,internationalinteractions,r,AER,6
dataverse_legacy,internationalinteractions,r,readstata13,6
dataverse_legacy,internationalinteractions,r,gridExtra,6
dataverse_legacy,internationalinteractions,r,pscl,6
dataverse_legacy,internationalinteractions,r,readxl,6
dataverse_legacy,internationalinteractions,r,Amelia,5
dataverse_legacy,internationalinteractions,r,maptools,5
dataverse_legacy,internationalinteractions,r,cshapes,5
dataverse_legacy,internationalinteractions,r,survival,5
dataverse_legacy,internationalinteractions,r,rworldmap,5
dataverse_legacy,internationalinteractions,r,readr,5
dataverse_legacy,internationalinteractions,r,sp,4
dataverse_legacy,internationalinteractions,r,doBy,4
dataverse_legacy,internationalinteractions,r,gmodels,4
dataverse_legacy,internationalinteractions,r,arm,4
dataverse_legacy,internationalinteractions,r,maps,4
dataverse_legacy,internationalinteractions,r,interplot,4
dataverse_legacy,internationalinteractions,r,rgdal,3
dataverse_legacy,internationalinteractions,r,coda,3
dataverse_legacy,internationalinteractions,r,stringr,3
dataverse_legacy,internationalinteractions,r,ggrepel,3
dataverse_legacy,internationalinteractions,r,ggeffects,3
dataverse_legacy,internationalinteractions,r,sjPlot,3
dataverse_legacy,internationalinteractions,r,systemfit,3
dataverse_legacy,internationalinteractions,r,lattice,3
dataverse_legacy,internationalinteractions,r,mediation,3
dataverse_legacy,internationalinteractions,r,MCMCpack,3
dataverse_legacy,internationalinteractions,r,gdata,3
dataverse_legacy,internationalinteractions,r,mice,3
dataverse_legacy,internationalinteractions,r,VIM,3
dataverse_legacy,internationalinteractions,r,MatchIt,3
dataverse_legacy,internationalinteractions,r,psych,3
dataverse_legacy,internationalinteractions,r,magrittr,3
dataverse_legacy,internationalinteractions,r,zoo,3
dataverse_legacy,internationalinteractions,r,lubridate,3
dataverse_legacy,internationalinteractions,r,ggpubr,3
dataverse_legacy,internationalinteractions,r,viridis,3
dataverse_legacy,internationalinteractions,r,pacman,3
dataverse_legacy,internationalinteractions,r,plotrix,3
dataverse_legacy,internationalinteractions,r,coefplot,3
dataverse_legacy,internationalinteractions,r,ggthemes,2
dataverse_legacy,internationalinteractions,r,cowplot,2
dataverse_legacy,internationalinteractions,r,rstan,2
dataverse_legacy,internationalinteractions,r,rjags,2
dataverse_legacy,internationalinteractions,r,loo,2
dataverse_legacy,internationalinteractions,r,rstanarm,2
dataverse_legacy,internationalinteractions,r,fixest,2
dataverse_legacy,internationalinteractions,r,MuMIn,2
dataverse_legacy,internationalinteractions,r,glmmML,2
dataverse_legacy,internationalinteractions,r,pastecs,2
dataverse_legacy,internationalinteractions,r,effects,2
dataverse_legacy,internationalinteractions,r,separationplot,2
dataverse_legacy,internationalinteractions,r,data.table,2
dataverse_legacy,internationalinteractions,r,ROCR,2
dataverse_legacy,internationalinteractions,r,rstudioapi,2
dataverse_legacy,internationalinteractions,r,geosphere,2
dataverse_legacy,internationalinteractions,r,network,2
dataverse_legacy,internationalinteractions,r,rgeos,2
dataverse_legacy,internationalinteractions,r,Matrix,2
dataverse_legacy,internationalinteractions,r,broom,2
dataverse_legacy,internationalinteractions,r,sampleSelection,2
dataverse_legacy,internationalinteractions,r,GGally,2
dataverse_legacy,internationalinteractions,r,ebal,2
dataverse_legacy,internationalinteractions,r,ggmap,2
dataverse_legacy,internationalinteractions,r,Matching,2
dataverse_legacy,internationalinteractions,r,msm,2
dataverse_legacy,internationalinteractions,r,reldist,2
dataverse_legacy,internationalinteractions,r,memisc,2
dataverse_legacy,internationalinteractions,r,reshape,2
dataverse_legacy,internationalinteractions,r,lfe,2
dataverse_legacy,internationalinteractions,r,mgcv,2
dataverse_legacy,internationalinteractions,r,PRROC,2
dataverse_legacy,internationalinteractions,r,survminer,2
dataverse_legacy,internationalinteractions,r,marginaleffects,2
dataverse_legacy,internationalinteractions,r,rio,2
dataverse_legacy,internationalinteractions,r,nnet,2
dataverse_legacy,internationalinteractions,r,margins,2
dataverse_legacy,internationalinteractions,r,DAMisc,2
dataverse_legacy,internationalinteractions,r,pglm,1
dataverse_legacy,internationalinteractions,r,extrafont,1
dataverse_legacy,internationalinteractions,r,nFactors,1
dataverse_legacy,internationalinteractions,r,dbplyr,1
dataverse_legacy,internationalinteractions,r,bayesplot,1
dataverse_legacy,internationalinteractions,r,igraph,1
dataverse_legacy,internationalinteractions,r,statnet,1
dataverse_legacy,internationalinteractions,r,NetData,1
dataverse_legacy,internationalinteractions,r,hrbrthemes,1
dataverse_legacy,internationalinteractions,r,Cairo,1
dataverse_legacy,internationalinteractions,r,wesanderson,1
dataverse_legacy,internationalinteractions,r,tibble,1
dataverse_legacy,internationalinteractions,r,ZeligChoice,1
dataverse_legacy,internationalinteractions,r,events,1
dataverse_legacy,internationalinteractions,r,tseries,1
dataverse_legacy,internationalinteractions,r,verification,1
dataverse_legacy,internationalinteractions,r,UsingR,1
dataverse_legacy,internationalinteractions,r,gplots,1
dataverse_legacy,internationalinteractions,r,nlme,1
dataverse_legacy,internationalinteractions,r,ggcorrplot,1
dataverse_legacy,internationalinteractions,r,spatstat,1
dataverse_legacy,internationalinteractions,r,timeDate,1
dataverse_legacy,internationalinteractions,r,ggsignif,1
dataverse_legacy,internationalinteractions,r,miceadds,1
dataverse_legacy,internationalinteractions,r,rworldxtra,1
dataverse_legacy,internationalinteractions,r,ergm,1
dataverse_legacy,internationalinteractions,r,btergm,1
dataverse_legacy,internationalinteractions,r,spdep,1
dataverse_legacy,internationalinteractions,r,McSpatial,1
dataverse_legacy,internationalinteractions,r,biganalytics,1
dataverse_legacy,internationalinteractions,r,bigmemory,1
dataverse_legacy,internationalinteractions,r,rjson,1
dataverse_legacy,internationalinteractions,r,jsonlite,1
dataverse_legacy,internationalinteractions,r,httr,1
dataverse_legacy,internationalinteractions,r,RJSONIO,1
dataverse_legacy,internationalinteractions,r,mlr,1
dataverse_legacy,internationalinteractions,r,plot3D,1
dataverse_legacy,internationalinteractions,r,forecast,1
dataverse_legacy,internationalinteractions,r,rdrobust,1
dataverse_legacy,internationalinteractions,r,descr,1
dataverse_legacy,internationalinteractions,r,logistf,1
dataverse_legacy,internationalinteractions,r,gam,1
dataverse_legacy,internationalinteractions,r,rgenoud,1
dataverse_legacy,internationalinteractions,r,multiwayvcov,1
dataverse_legacy,internationalinteractions,r,rpart,1
dataverse_legacy,internationalinteractions,r,caret,1
dataverse_legacy,internationalinteractions,r,mapproj,1
dataverse_legacy,internationalinteractions,r,gapminder,1
dataverse_legacy,internationalinteractions,r,tictoc,1
dataverse_legacy,internationalinteractions,r,peacesciencer,1
dataverse_legacy,internationalinteractions,r,cna,1
dataverse_legacy,internationalinteractions,r,frscore,1
dataverse_legacy,internationalinteractions,r,adiv,1
dataverse_legacy,internationalinteractions,r,janitor,1
dataverse_legacy,internationalinteractions,r,udpipe,1
dataverse_legacy,internationalinteractions,r,magicfor,1
dataverse_legacy,internationalinteractions,r,fmsb,1
dataverse_legacy,internationalinteractions,r,dummies,1
dataverse_legacy,internationalinteractions,r,bucky,1
dataverse_legacy,internationalinteractions,r,R2jags,1
dataverse_legacy,internationalinteractions,r,BayesPostEst,1
dataverse_legacy,internationalinteractions,r,WDI,1
dataverse_legacy,internationalinteractions,r,assertthat,1
dataverse_legacy,internationalinteractions,r,cutpointr,1
dataverse_legacy,internationalinteractions,r,devtools,1
dataverse_legacy,internationalinteractions,r,RSiena,1
dataverse_legacy,internationalinteractions,r,sn,1
dataverse_legacy,internationalinteractions,r,arrow,1
dataverse_legacy,internationalinteractions,r,rlist,1
dataverse_legacy,internationalinteractions,r,purrr,1
dataverse_legacy,internationalinteractions,r,simecol,1
dataverse_legacy,internationalinteractions,r,gtools,1
dataverse_legacy,internationalinteractions,r,geepack,1
dataverse_legacy,internationalinteractions,r,mapdata,1
dataverse_legacy,internationalinteractions,r,RgoogleMaps,1
dataverse_legacy,internationalinteractions,r,pROC,1
dataverse_legacy,internationalinteractions,r,caTools,1
dataverse_legacy,internationalinteractions,r,MCMCglmm,1
dataverse_legacy,internationalinteractions,r,sjmisc,1
dataverse_legacy,internationalinteractions,r,simPH,1
dataverse_legacy,internationalinteractions,r,corrplot,1
dataverse_legacy,internationalinteractions,r,SetMethods,1
dataverse_legacy,internationalinteractions,r,QCA,1
dataverse_legacy,internationalinteractions,r,dotCall64,1
dataverse_legacy,internationalinteractions,r,cem,1
dataverse_legacy,internationalinteractions,r,foreach,1
dataverse_legacy,internationalinteractions,r,doMC,1
dataverse_legacy,internationalinteractions,r,multicore,1
dataverse_legacy,internationalinteractions,r,lmPerm,1
dataverse_legacy,internationalinteractions,r,BMA,1
dataverse_legacy,internationalinteractions,r,boot,1
dataverse_legacy,internationalinteractions,r,BMS,1
dataverse_legacy,internationalinteractions,r,QuantPsyc,1
dataverse_legacy,internationalinteractions,r,flexmix,1
dataverse_legacy,internationalinteractions,r,knitr,1
dataverse_legacy,internationalinteractions,r,states,1
dataverse_legacy,internationalinteractions,r,clusterSEs,1
dataverse_legacy,internationalinteractions,r,optimx,1
dataverse_legacy,internationalinteractions,r,mstate,1
dataverse_legacy,internationalinteractions,r,MSBVAR,1
dataverse_legacy,internationalinteractions,r,dynlm,1
dataverse_legacy,internationalinteractions,r,astsa,1
dataverse_legacy,internationalinteractions,r,Quandl,1
dataverse_legacy,internationalinteractions,r,plotly,1
dataverse_legacy,internationalinteractions,r,ecm,1
dataverse_legacy,internationalinteractions,r,games,1
dataverse_legacy,internationalinteractions,r,interflex,1
dataverse_legacy,internationalinteractions,r,clubSandwich,1
dataverse_legacy,internationalinteractions,r,fect,1
dataverse_legacy,internationalinteractions,r,brglm,1
dataverse_legacy,internationalinteractions,r,PanelMatch,1
dataverse_legacy,internationalinteractions,r,flextable,1
dataverse_legacy,internationalinteractions,r,modelsummary,1
dataverse_legacy,internationalinteractions,r,gtsummary,1
dataverse_legacy,internationalinteractions,r,outreg,1
dataverse_legacy,internationalinteractions,r,vtable,1
dataverse_legacy,internationalinteractions,stata,estout,45
dataverse_legacy,internationalinteractions,stata,outreg2,26
dataverse_legacy,internationalinteractions,stata,clarify,23
dataverse_legacy,internationalinteractions,stata,coefplot,20
dataverse_legacy,internationalinteractions,stata,sutex,9
dataverse_legacy,internationalinteractions,stata,relogit,8
dataverse_legacy,internationalinteractions,stata,spmap,7
dataverse_legacy,internationalinteractions,stata,ivreg2,5
dataverse_legacy,internationalinteractions,stata,cem,5
dataverse_legacy,internationalinteractions,stata,cmp,5
dataverse_legacy,internationalinteractions,stata,parmest,4
dataverse_legacy,internationalinteractions,stata,eclplot,4
dataverse_legacy,internationalinteractions,stata,fitstat,4
dataverse_legacy,internationalinteractions,stata,outreg,3
dataverse_legacy,internationalinteractions,stata,shp2dta,3
dataverse_legacy,internationalinteractions,stata,listtex,3
dataverse_legacy,internationalinteractions,stata,xtabond2,3
dataverse_legacy,internationalinteractions,stata,ivendog,2
dataverse_legacy,internationalinteractions,stata,regsave,2
dataverse_legacy,internationalinteractions,stata,sppack,2
dataverse_legacy,internationalinteractions,stata,drarea,2
dataverse_legacy,internationalinteractions,stata,mat2txt,2
dataverse_legacy,internationalinteractions,stata,xtscc,2
dataverse_legacy,internationalinteractions,stata,gologit2,2
dataverse_legacy,internationalinteractions,stata,firthlogit,2
dataverse_legacy,internationalinteractions,stata,mediation,1
dataverse_legacy,internationalinteractions,stata,pre,1
dataverse_legacy,internationalinteractions,stata,tuples,1
dataverse_legacy,internationalinteractions,stata,wbopendata,1
dataverse_legacy,internationalinteractions,stata,factortest,1
dataverse_legacy,internationalinteractions,stata,sortl,1
dataverse_legacy,internationalinteractions,stata,marginscontplot2,1
dataverse_legacy,internationalinteractions,stata,netplot,1
dataverse_legacy,internationalinteractions,stata,omodel,1
dataverse_legacy,internationalinteractions,stata,charlist,1
dataverse_legacy,internationalinteractions,stata,mdesc,1
dataverse_legacy,internationalinteractions,stata,xsmle,1
dataverse_legacy,internationalinteractions,stata,gtools,1
dataverse_legacy,internationalinteractions,stata,regen,1
dataverse_legacy,internationalinteractions,stata,todate,1
dataverse_legacy,internationalinteractions,stata,carryforward,1
dataverse_legacy,internationalinteractions,stata,combomarginsplot,1
dataverse_legacy,internationalinteractions,stata,grc1leg2,1
dataverse_legacy,internationalinteractions,stata,unique,1
dataverse_legacy,internationalinteractions,stata,pspline,1
dataverse_legacy,internationalinteractions,stata,grstyle,1
dataverse_legacy,internationalinteractions,stata,marhis,1
dataverse_legacy,internationalinteractions,stata,ciplot,1
dataverse_legacy,internationalinteractions,stata,interflex,1
dataverse_legacy,internationalinteractions,stata,excelcol,1
dataverse_legacy,internationalinteractions,stata,smileplot,1
dataverse_legacy,internationalinteractions,stata,ppml,1
dataverse_legacy,internationalinteractions,stata,ivhettest,1
dataverse_legacy,internationalinteractions,stata,reghdfe,1
dataverse_legacy,internationalinteractions,stata,ppmlhdfe,1
dataverse_legacy,internationalinteractions,stata,clustse,1
dataverse_legacy,internationalinteractions,stata,logout,1
dataverse_legacy,internationalinteractions,stata,psmatch2,1
dataverse_legacy,internationalinteractions,stata,xtsur,1
dataverse_legacy,internationalinteractions,stata,nearstat,1
dataverse_legacy,internationalinteractions,stata,xtivreg2,1
dataverse_legacy,internationalinteractions,stata,kountry,1
dataverse_legacy,internationalinteractions,stata,mlboolean,1
dataverse_legacy,internationalinteractions,stata,nnest,1
dataverse_legacy,internationalinteractions,stata,stop,1
dataverse_legacy,internationalinteractions,stata,xtfisher,1
dataverse_legacy,internationalinteractions,stata,xttest3,1
dataverse_legacy,internationalinteractions,stata,mvsumm,1
dataverse_legacy,ipsr-risp,python,lxml,1
dataverse_legacy,ipsr-risp,python,numpy,1
dataverse_legacy,ipsr-risp,python,scikit-learn,1
dataverse_legacy,ipsr-risp,r,dplyr,5
dataverse_legacy,ipsr-risp,r,reshape2,4
dataverse_legacy,ipsr-risp,r,foreign,4
dataverse_legacy,ipsr-risp,r,ggplot2,3
dataverse_legacy,ipsr-risp,r,psych,3
dataverse_legacy,ipsr-risp,r,ggpubr,2
dataverse_legacy,ipsr-risp,r,pacman,2
dataverse_legacy,ipsr-risp,r,magrittr,2
dataverse_legacy,ipsr-risp,r,tidyverse,2
dataverse_legacy,ipsr-risp,r,patchwork,2
dataverse_legacy,ipsr-risp,r,rstudioapi,2
dataverse_legacy,ipsr-risp,r,prediction,2
dataverse_legacy,ipsr-risp,r,Rmisc,2
dataverse_legacy,ipsr-risp,r,MASS,2
dataverse_legacy,ipsr-risp,r,plm,2
dataverse_legacy,ipsr-risp,r,lmtest,2
dataverse_legacy,ipsr-risp,r,sandwich,2
dataverse_legacy,ipsr-risp,r,corrplot,2
dataverse_legacy,ipsr-risp,r,stargazer,2
dataverse_legacy,ipsr-risp,r,car,2
dataverse_legacy,ipsr-risp,r,xlsx,1
dataverse_legacy,ipsr-risp,r,SDMTools,1
dataverse_legacy,ipsr-risp,r,ggrepel,1
dataverse_legacy,ipsr-risp,r,deldir,1
dataverse_legacy,ipsr-risp,r,remotes,1
dataverse_legacy,ipsr-risp,r,cregg,1
dataverse_legacy,ipsr-risp,r,haven,1
dataverse_legacy,ipsr-risp,r,sjmisc,1
dataverse_legacy,ipsr-risp,r,plyr,1
dataverse_legacy,ipsr-risp,r,gridExtra,1
dataverse_legacy,ipsr-risp,r,margins,1
dataverse_legacy,ipsr-risp,r,binom,1
dataverse_legacy,ipsr-risp,r,Barnard,1
dataverse_legacy,ipsr-risp,r,jtools,1
dataverse_legacy,ipsr-risp,r,ggsci,1
dataverse_legacy,ipsr-risp,r,aod,1
dataverse_legacy,ipsr-risp,r,lme4,1
dataverse_legacy,ipsr-risp,r,quanteda,1
dataverse_legacy,ipsr-risp,r,readtext,1
dataverse_legacy,ipsr-risp,r,tidyr,1
dataverse_legacy,ipsr-risp,r,tseries,1
dataverse_legacy,ipsr-risp,r,SetMethods,1
dataverse_legacy,ipsr-risp,r,devtools,1
dataverse_legacy,ipsr-risp,r,fastDummies,1
dataverse_legacy,ipsr-risp,r,wesanderson,1
dataverse_legacy,ipsr-risp,r,nlmixr,1
dataverse_legacy,ipsr-risp,r,lavaan,1
dataverse_legacy,ipsr-risp,r,semTools,1
dataverse_legacy,ipsr-risp,r,semTable,1
dataverse_legacy,ipsr-risp,r,ggcorrplot,1
dataverse_legacy,ipsr-risp,r,Hmisc,1
dataverse_legacy,ipsr-risp,r,scales,1
dataverse_legacy,ipsr-risp,r,ggeasy,1
dataverse_legacy,ipsr-risp,r,sciplot,1
dataverse_legacy,ipsr-risp,stata,estout,13
dataverse_legacy,ipsr-risp,stata,coefplot,5
dataverse_legacy,ipsr-risp,stata,fitstat,4
dataverse_legacy,ipsr-risp,stata,outreg2,2
dataverse_legacy,ipsr-risp,stata,fre,2
dataverse_legacy,ipsr-risp,stata,factortest,1
dataverse_legacy,ipsr-risp,stata,outreg,1
dataverse_legacy,ipsr-risp,stata,majority,1
dataverse_legacy,ipsr-risp,stata,xtmrho,1
dataverse_legacy,ipsr-risp,stata,cem,1
dataverse_legacy,ipsr-risp,stata,lassopack,1
dataverse_legacy,ipsr-risp,stata,lmoments,1
dataverse_legacy,ipsr-risp,stata,rowranks,1
dataverse_legacy,ipsr-risp,stata,ptvtools,1
dataverse_legacy,ipsr-risp,stata,parmest,1
dataverse_legacy,ipsr-risp,stata,seqlogit,1
dataverse_legacy,ipsr-risp,stata,lmcol,1
dataverse_legacy,ipsr-risp,stata,ciplot,1
dataverse_legacy,isec,r,dplyr,3
dataverse_legacy,isec,r,foreign,2
dataverse_legacy,isec,r,sandwich,1
dataverse_legacy,isec,r,stargazer,1
dataverse_legacy,isec,r,plyr,1
dataverse_legacy,isec,r,sf,1
dataverse_legacy,isec,r,readr,1
dataverse_legacy,isec,r,MASS,1
dataverse_legacy,isec,r,cowplot,1
dataverse_legacy,isec,r,xtable,1
dataverse_legacy,isec,r,interflex,1
dataverse_legacy,isec,r,here,1
dataverse_legacy,isec,r,data.table,1
dataverse_legacy,isec,r,stringr,1
dataverse_legacy,isec,r,ggplot2,1
dataverse_legacy,isec,r,reshape2,1
dataverse_legacy,isec,stata,estout,2
dataverse_legacy,isec,stata,coefplot,2
dataverse_legacy,isec,stata,vallist,1
dataverse_legacy,isq,r,foreign,49
dataverse_legacy,isq,r,ggplot2,37
dataverse_legacy,isq,r,stargazer,28
dataverse_legacy,isq,r,dplyr,28
dataverse_legacy,isq,r,MASS,27
dataverse_legacy,isq,r,lmtest,23
dataverse_legacy,isq,r,gridExtra,20
dataverse_legacy,isq,r,sandwich,20
dataverse_legacy,isq,r,readstata13,15
dataverse_legacy,isq,r,plyr,14
dataverse_legacy,isq,r,Amelia,13
dataverse_legacy,isq,r,Hmisc,13
dataverse_legacy,isq,r,scales,13
dataverse_legacy,isq,r,xtable,12
dataverse_legacy,isq,r,Zelig,11
dataverse_legacy,isq,r,survival,11
dataverse_legacy,isq,r,lubridate,11
dataverse_legacy,isq,r,reshape2,11
dataverse_legacy,isq,r,arm,10
dataverse_legacy,isq,r,car,10
dataverse_legacy,isq,r,tidyverse,10
dataverse_legacy,isq,r,lme4,9
dataverse_legacy,isq,r,tidyr,9
dataverse_legacy,isq,r,countrycode,9
dataverse_legacy,isq,r,haven,7
dataverse_legacy,isq,r,multiwayvcov,6
dataverse_legacy,isq,r,readxl,6
dataverse_legacy,isq,r,texreg,6
dataverse_legacy,isq,r,stringr,6
dataverse_legacy,isq,r,pscl,5
dataverse_legacy,isq,r,broom,5
dataverse_legacy,isq,r,maptools,5
dataverse_legacy,isq,r,RColorBrewer,5
dataverse_legacy,isq,r,boot,5
dataverse_legacy,isq,r,mgcv,5
dataverse_legacy,isq,r,ggthemes,5
dataverse_legacy,isq,r,plm,5
dataverse_legacy,isq,r,AER,5
dataverse_legacy,isq,r,lattice,5
dataverse_legacy,isq,r,MatchIt,4
dataverse_legacy,isq,r,Matching,4
dataverse_legacy,isq,r,Matrix,4
dataverse_legacy,isq,r,data.table,4
dataverse_legacy,isq,r,devtools,4
dataverse_legacy,isq,r,quanteda,4
dataverse_legacy,isq,r,ggrepel,4
dataverse_legacy,isq,r,nnet,4
dataverse_legacy,isq,r,gplots,4
dataverse_legacy,isq,r,ggpubr,4
dataverse_legacy,isq,r,corrplot,4
dataverse_legacy,isq,r,clubSandwich,4
dataverse_legacy,isq,r,sna,4
dataverse_legacy,isq,r,rworldmap,4
dataverse_legacy,isq,r,DataCombine,4
dataverse_legacy,isq,r,maps,4
dataverse_legacy,isq,r,dotwhisker,3
dataverse_legacy,isq,r,foreach,3
dataverse_legacy,isq,r,polycor,3
dataverse_legacy,isq,r,rstan,3
dataverse_legacy,isq,r,mvtnorm,3
dataverse_legacy,isq,r,RCurl,3
dataverse_legacy,isq,r,igraph,3
dataverse_legacy,isq,r,apsrtable,3
dataverse_legacy,isq,r,pROC,3
dataverse_legacy,isq,r,knitr,3
dataverse_legacy,isq,r,RItools,3
dataverse_legacy,isq,r,reshape,3
dataverse_legacy,isq,r,tm,3
dataverse_legacy,isq,r,MCMCpack,3
dataverse_legacy,isq,r,sjPlot,2
dataverse_legacy,isq,r,CBPS,2
dataverse_legacy,isq,r,matrixStats,2
dataverse_legacy,isq,r,ZeligChoice,2
dataverse_legacy,isq,r,mlogit,2
dataverse_legacy,isq,r,caret,2
dataverse_legacy,isq,r,brglm,2
dataverse_legacy,isq,r,rio,2
dataverse_legacy,isq,r,rms,2
dataverse_legacy,isq,r,margins,2
dataverse_legacy,isq,r,raster,2
dataverse_legacy,isq,r,extrafont,2
dataverse_legacy,isq,r,cshapes,2
dataverse_legacy,isq,r,plotrix,2
dataverse_legacy,isq,r,network,2
dataverse_legacy,isq,r,tibble,2
dataverse_legacy,isq,r,rjags,2
dataverse_legacy,isq,r,coda,2
dataverse_legacy,isq,r,rgdal,2
dataverse_legacy,isq,r,robust,2
dataverse_legacy,isq,r,mapdata,2
dataverse_legacy,isq,r,memisc,2
dataverse_legacy,isq,r,MCMCglmm,2
dataverse_legacy,isq,r,sampleSelection,2
dataverse_legacy,isq,r,magrittr,2
dataverse_legacy,isq,r,purrr,2
dataverse_legacy,isq,r,glm.predict,2
dataverse_legacy,isq,r,nlme,2
dataverse_legacy,isq,r,viridis,2
dataverse_legacy,isq,r,readr,2
dataverse_legacy,isq,r,kableExtra,2
dataverse_legacy,isq,r,SnowballC,2
dataverse_legacy,isq,r,systemfit,2
dataverse_legacy,isq,r,sciplot,2
dataverse_legacy,isq,r,doParallel,2
dataverse_legacy,isq,r,survey,2
dataverse_legacy,isq,r,calibrate,2
dataverse_legacy,isq,r,sjmisc,1
dataverse_legacy,isq,r,formula.tools,1
dataverse_legacy,isq,r,interplot,1
dataverse_legacy,isq,r,needs,1
dataverse_legacy,isq,r,directlabels,1
dataverse_legacy,isq,r,rdd,1
dataverse_legacy,isq,r,interflex,1
dataverse_legacy,isq,r,erer,1
dataverse_legacy,isq,r,ZeligMultilevel,1
dataverse_legacy,isq,r,WhatIf,1
dataverse_legacy,isq,r,optmatch,1
dataverse_legacy,isq,r,randomForest,1
dataverse_legacy,isq,r,spatialprobit,1
dataverse_legacy,isq,r,randomizr,1
dataverse_legacy,isq,r,rlang,1
dataverse_legacy,isq,r,FactoMineR,1
dataverse_legacy,isq,r,semTools,1
dataverse_legacy,isq,r,ordinal,1
dataverse_legacy,isq,r,lavaan,1
dataverse_legacy,isq,r,progress,1
dataverse_legacy,isq,r,lavaan.survey,1
dataverse_legacy,isq,r,MuMIn,1
dataverse_legacy,isq,r,MplusAutomation,1
dataverse_legacy,isq,r,effects,1
dataverse_legacy,isq,r,ggtern,1
dataverse_legacy,isq,r,RStata,1
dataverse_legacy,isq,r,dummies,1
dataverse_legacy,isq,r,newsmap,1
dataverse_legacy,isq,r,LSX,1
dataverse_legacy,isq,r,stringi,1
dataverse_legacy,isq,r,rmarkdown,1
dataverse_legacy,isq,r,sf,1
dataverse_legacy,isq,r,meltt,1
dataverse_legacy,isq,r,units,1
dataverse_legacy,isq,r,mwa,1
dataverse_legacy,isq,r,eha,1
dataverse_legacy,isq,r,flexsurv,1
dataverse_legacy,isq,r,colorspace,1
dataverse_legacy,isq,r,rgeos,1
dataverse_legacy,isq,r,ggforce,1
dataverse_legacy,isq,r,forestplot,1
dataverse_legacy,isq,r,clusterSEs,1
dataverse_legacy,isq,r,olsrr,1
dataverse_legacy,isq,r,ei,1
dataverse_legacy,isq,r,sp,1
dataverse_legacy,isq,r,ggeffects,1
dataverse_legacy,isq,r,GGally,1
dataverse_legacy,isq,r,intergraph,1
dataverse_legacy,isq,r,sensemakr,1
dataverse_legacy,isq,r,repmis,1
dataverse_legacy,isq,r,quantmod,1
dataverse_legacy,isq,r,WDI,1
dataverse_legacy,isq,r,ggmcmc,1
dataverse_legacy,isq,r,dpmr,1
dataverse_legacy,isq,r,R.cache,1
dataverse_legacy,isq,r,psData,1
dataverse_legacy,isq,r,fredr,1
dataverse_legacy,isq,r,wesanderson,1
dataverse_legacy,isq,r,jtools,1
dataverse_legacy,isq,r,tmap,1
dataverse_legacy,isq,r,DAAG,1
dataverse_legacy,isq,r,RArcInfo,1
dataverse_legacy,isq,r,cvTools,1
dataverse_legacy,isq,r,doBy,1
dataverse_legacy,isq,r,spduration,1
dataverse_legacy,isq,r,DAMisc,1
dataverse_legacy,isq,r,gamlss.mx,1
dataverse_legacy,isq,r,tnet,1
dataverse_legacy,isq,r,openxlsx,1
dataverse_legacy,isq,r,xlsx,1
dataverse_legacy,isq,r,mapproj,1
dataverse_legacy,isq,r,coefplot,1
dataverse_legacy,isq,r,areaplot,1
dataverse_legacy,isq,r,interactionTest,1
dataverse_legacy,isq,r,gee,1
dataverse_legacy,isq,r,pastecs,1
dataverse_legacy,isq,r,logistf,1
dataverse_legacy,isq,r,ggridges,1
dataverse_legacy,isq,r,ez,1
dataverse_legacy,isq,r,ROCR,1
dataverse_legacy,isq,r,classInt,1
dataverse_legacy,isq,r,psych,1
dataverse_legacy,isq,r,prettyR,1
dataverse_legacy,isq,r,beanplot,1
dataverse_legacy,isq,r,RcppArmadillo,1
dataverse_legacy,isq,r,languageR,1
dataverse_legacy,isq,r,Synth,1
dataverse_legacy,isq,r,here,1
dataverse_legacy,isq,r,brglm2,1
dataverse_legacy,isq,r,mice,1
dataverse_legacy,isq,r,rstanarm,1
dataverse_legacy,isq,r,bayesplot,1
dataverse_legacy,isq,r,cowplot,1
dataverse_legacy,isq,r,stm,1
dataverse_legacy,isq,r,topicmodels,1
dataverse_legacy,isq,r,tseries,1
dataverse_legacy,isq,r,survminer,1
dataverse_legacy,isq,r,lfe,1
dataverse_legacy,isq,r,ivreg,1
dataverse_legacy,isq,r,ivpack,1
dataverse_legacy,isq,r,KernSmooth,1
dataverse_legacy,isq,r,rdrobust,1
dataverse_legacy,isq,r,XML,1
dataverse_legacy,isq,r,rvest,1
dataverse_legacy,isq,r,pdftools,1
dataverse_legacy,isq,r,rpart,1
dataverse_legacy,isq,r,partykit,1
dataverse_legacy,isq,r,caTools,1
dataverse_legacy,isq,r,AppliedPredictiveModeling,1
dataverse_legacy,isq,r,irr,1
dataverse_legacy,isq,r,wfe,1
dataverse_legacy,isq,r,xts,1
dataverse_legacy,isq,r,vars,1
dataverse_legacy,isq,r,Cairo,1
dataverse_legacy,isq,r,strucchange,1
dataverse_legacy,isq,r,doMC,1
dataverse_legacy,isq,r,AlgDesign,1
dataverse_legacy,isq,r,spdep,1
dataverse_legacy,isq,r,estimatr,1
dataverse_legacy,isq,r,arsenal,1
dataverse_legacy,isq,r,lolog,1
dataverse_legacy,isq,r,coxphf,1
dataverse_legacy,isq,r,ergm,1
dataverse_legacy,isq,r,tonymisc,1
dataverse_legacy,isq,r,latticeExtra,1
dataverse_legacy,isq,r,SparseM,1
dataverse_legacy,isq,r,mediation,1
dataverse_legacy,isq,r,readtext,1
dataverse_legacy,isq,r,tidytext,1
dataverse_legacy,isq,r,twitteR,1
dataverse_legacy,isq,r,wordcloud,1
dataverse_legacy,isq,r,forcats,1
dataverse_legacy,isq,r,pacman,1
dataverse_legacy,isq,r,sfsmisc,1
dataverse_legacy,isq,r,weights,1
dataverse_legacy,isq,r,janitor,1
dataverse_legacy,isq,r,cem,1
dataverse_legacy,isq,r,gtable,1
dataverse_legacy,isq,stata,estout,77
dataverse_legacy,isq,stata,clarify,40
dataverse_legacy,isq,stata,outreg2,32
dataverse_legacy,isq,stata,coefplot,21
dataverse_legacy,isq,stata,relogit,13
dataverse_legacy,isq,stata,cem,9
dataverse_legacy,isq,stata,xtivreg2,9
dataverse_legacy,isq,stata,ivreg2,8
dataverse_legacy,isq,stata,spmap,8
dataverse_legacy,isq,stata,sutex,8
dataverse_legacy,isq,stata,outreg,7
dataverse_legacy,isq,stata,xtabond2,6
dataverse_legacy,isq,stata,cibar,5
dataverse_legacy,isq,stata,firthlogit,5
dataverse_legacy,isq,stata,regsave,4
dataverse_legacy,isq,stata,combomarginsplot,4
dataverse_legacy,isq,stata,gllamm,4
dataverse_legacy,isq,stata,parmest,4
dataverse_legacy,isq,stata,pre,4
dataverse_legacy,isq,stata,psmatch2,4
dataverse_legacy,isq,stata,fitstat,4
dataverse_legacy,isq,stata,cmp,4
dataverse_legacy,isq,stata,est2tex,4
dataverse_legacy,isq,stata,shp2dta,3
dataverse_legacy,isq,stata,sutex2,3
dataverse_legacy,isq,stata,eclplot,3
dataverse_legacy,isq,stata,unique,3
dataverse_legacy,isq,stata,ivhettest,2
dataverse_legacy,isq,stata,corrtex,2
dataverse_legacy,isq,stata,kountry,2
dataverse_legacy,isq,stata,plausexog,2
dataverse_legacy,isq,stata,asdoc,2
dataverse_legacy,isq,stata,nnmatch,2
dataverse_legacy,isq,stata,rc_spline,2
dataverse_legacy,isq,stata,center,2
dataverse_legacy,isq,stata,mediation,2
dataverse_legacy,isq,stata,mat2txt,2
dataverse_legacy,isq,stata,stop,2
dataverse_legacy,isq,stata,listtex,2
dataverse_legacy,isq,stata,ivreg2h,1
dataverse_legacy,isq,stata,rdrobust,1
dataverse_legacy,isq,stata,heckprob2,1
dataverse_legacy,isq,stata,gologit2,1
dataverse_legacy,isq,stata,krls,1
dataverse_legacy,isq,stata,clemao_io,1
dataverse_legacy,isq,stata,ppmlhdfe,1
dataverse_legacy,isq,stata,xtpmg,1
dataverse_legacy,isq,stata,outtex,1
dataverse_legacy,isq,stata,fsum,1
dataverse_legacy,isq,stata,geo2xy,1
dataverse_legacy,isq,stata,diff,1
dataverse_legacy,isq,stata,mitools,1
dataverse_legacy,isq,stata,clustse,1
dataverse_legacy,isq,stata,texdoc,1
dataverse_legacy,isq,stata,binscatter,1
dataverse_legacy,isq,stata,delta,1
dataverse_legacy,isq,stata,psacalc,1
dataverse_legacy,isq,stata,modeldiag,1
dataverse_legacy,isq,stata,splagvar,1
dataverse_legacy,isq,stata,grstyle,1
dataverse_legacy,isq,stata,synth,1
dataverse_legacy,isq,stata,mkcorr,1
dataverse_legacy,isq,stata,xtwest,1
dataverse_legacy,isq,stata,catplot,1
dataverse_legacy,isq,stata,reghdfe,1
dataverse_legacy,isq,stata,rbounds,1
dataverse_legacy,isq,stata,ciplot,1
dataverse_legacy,isq,stata,lincomest,1
dataverse_legacy,isq,stata,dsconcat,1
dataverse_legacy,isq,stata,marginscontplot2,1
dataverse_legacy,isq,stata,lmoments,1
dataverse_legacy,isq,stata,interflex,1
dataverse_legacy,isq,stata,labutil,1
dataverse_legacy,isq,stata,xtscc,1
dataverse_legacy,isq,stata,lowyseattlea,1
dataverse_legacy,isq,stata,lars,1
dataverse_legacy,isq,stata,xtcd2,1
dataverse_legacy,isq,stata,msp,1
dataverse_legacy,isq,stata,univar,1
dataverse_legacy,isq,stata,cvauroc,1
dataverse_legacy,isq,stata,overid,1
dataverse_legacy,isq,stata,bioprobit,1
dataverse_legacy,isq,stata,texsave,1
dataverse_legacy,isq,stata,carryforward,1
dataverse_legacy,isq,stata,prtab,1
dataverse_legacy,isq,stata,expandby,1
dataverse_legacy,isq,stata,khb,1
dataverse_legacy,isq,stata,reg2hdfe,1
dataverse_legacy,isq,stata,bspline,1
dataverse_legacy,isq,stata,latab,1
zenodo,jeea_replication,python,pandas,23
zenodo,jeea_replication,python,numpy,19
zenodo,jeea_replication,python,matplotlib,13
zenodo,jeea_replication,python,scikit-learn,5
zenodo,jeea_replication,python,nltk,5
zenodo,jeea_replication,python,geopandas,5
zenodo,jeea_replication,python,scipy,4
zenodo,jeea_replication,python,statsmodels,3
zenodo,jeea_replication,python,seaborn,3
zenodo,jeea_replication,python,Shapely,3
zenodo,jeea_replication,python,transformers,2
zenodo,jeea_replication,python,pyreadstat,2
zenodo,jeea_replication,python,wordcloud,2
zenodo,jeea_replication,python,pyarrow,2
zenodo,jeea_replication,python,requests,2
zenodo,jeea_replication,python,torch,2
zenodo,jeea_replication,python,sentence-transformers,2
zenodo,jeea_replication,python,otree,1
zenodo,jeea_replication,python,matlab,1
zenodo,jeea_replication,python,Unidecode,1
zenodo,jeea_replication,python,networkx,1
zenodo,jeea_replication,python,pingouin,1
zenodo,jeea_replication,python,contractions,1
zenodo,jeea_replication,python,pyjarowinkler,1
zenodo,jeea_replication,python,h3,1
zenodo,jeea_replication,python,pyproj,1
zenodo,jeea_replication,python,googlemaps,1
zenodo,jeea_replication,python,jellyfish,1
zenodo,jeea_replication,python,nameparser,1
zenodo,jeea_replication,python,rasterio,1
zenodo,jeea_replication,python,pyblp,1
zenodo,jeea_replication,python,functions,1
zenodo,jeea_replication,python,pytrends,1
zenodo,jeea_replication,python,ipython,1
zenodo,jeea_replication,python,sequence-jacobian,1
zenodo,jeea_replication,python,numba,1
zenodo,jeea_replication,python,googleapiclient,1
zenodo,jeea_replication,python,nbformat,1
zenodo,jeea_replication,python,nbclient,1
zenodo,jeea_replication,python,Pillow,1
zenodo,jeea_replication,python,gensim,1
zenodo,jeea_replication,python,vaderSentiment,1
zenodo,jeea_replication,r,dplyr,20
zenodo,jeea_replication,r,haven,15
zenodo,jeea_replication,r,readxl,13
zenodo,jeea_replication,r,data.table,11
zenodo,jeea_replication,r,ggplot2,10
zenodo,jeea_replication,r,fixest,8
zenodo,jeea_replication,r,tidyverse,8
zenodo,jeea_replication,r,sf,8
zenodo,jeea_replication,r,tidyr,6
zenodo,jeea_replication,r,readr,6
zenodo,jeea_replication,r,zoo,5
zenodo,jeea_replication,r,xtable,5
zenodo,jeea_replication,r,stringr,5
zenodo,jeea_replication,r,openxlsx,4
zenodo,jeea_replication,r,lubridate,4
zenodo,jeea_replication,r,lfe,4
zenodo,jeea_replication,r,knitr,4
zenodo,jeea_replication,r,rstudioapi,4
zenodo,jeea_replication,r,purrr,4
zenodo,jeea_replication,r,boot,3
zenodo,jeea_replication,r,Hmisc,3
zenodo,jeea_replication,r,pacman,3
zenodo,jeea_replication,r,lmtest,3
zenodo,jeea_replication,r,ggrepel,3
zenodo,jeea_replication,r,kableExtra,3
zenodo,jeea_replication,r,ggpubr,3
zenodo,jeea_replication,r,broom,3
zenodo,jeea_replication,r,stargazer,3
zenodo,jeea_replication,r,arrow,3
zenodo,jeea_replication,r,doParallel,3
zenodo,jeea_replication,r,tibble,3
zenodo,jeea_replication,r,reshape2,2
zenodo,jeea_replication,r,foreach,2
zenodo,jeea_replication,r,sandwich,2
zenodo,jeea_replication,r,tidyselect,2
zenodo,jeea_replication,r,grf,2
zenodo,jeea_replication,r,randomForest,2
zenodo,jeea_replication,r,magrittr,2
zenodo,jeea_replication,r,here,2
zenodo,jeea_replication,r,modelsummary,2
zenodo,jeea_replication,r,units,2
zenodo,jeea_replication,r,ggthemes,2
zenodo,jeea_replication,r,jsonlite,2
zenodo,jeea_replication,r,geosphere,2
zenodo,jeea_replication,r,sp,2
zenodo,jeea_replication,r,sqldf,2
zenodo,jeea_replication,r,countrycode,2
zenodo,jeea_replication,r,igraph,2
zenodo,jeea_replication,r,qs2,2
zenodo,jeea_replication,r,collapse,2
zenodo,jeea_replication,r,stringi,2
zenodo,jeea_replication,r,foreign,2
zenodo,jeea_replication,r,terra,2
zenodo,jeea_replication,r,renv,2
zenodo,jeea_replication,r,forcats,2
zenodo,jeea_replication,r,seasonal,1
zenodo,jeea_replication,r,doMC,1
zenodo,jeea_replication,r,plyr,1
zenodo,jeea_replication,r,digest,1
zenodo,jeea_replication,r,evd,1
zenodo,jeea_replication,r,combinat,1
zenodo,jeea_replication,r,Matrix,1
zenodo,jeea_replication,r,RcppEigen,1
zenodo,jeea_replication,r,kpodclustr,1
zenodo,jeea_replication,r,MASS,1
zenodo,jeea_replication,r,gridExtra,1
zenodo,jeea_replication,r,devtools,1
zenodo,jeea_replication,r,policytree,1
zenodo,jeea_replication,r,rstanarm,1
zenodo,jeea_replication,r,brms,1
zenodo,jeea_replication,r,logr,1
zenodo,jeea_replication,r,wbstats,1
zenodo,jeea_replication,r,pracma,1
zenodo,jeea_replication,r,marginaleffects,1
zenodo,jeea_replication,r,BayesFactor,1
zenodo,jeea_replication,r,sessioninfo,1
zenodo,jeea_replication,r,estimatr,1
zenodo,jeea_replication,r,labelled,1
zenodo,jeea_replication,r,lavaan,1
zenodo,jeea_replication,r,fastDummies,1
zenodo,jeea_replication,r,gt,1
zenodo,jeea_replication,r,wildrwolf,1
zenodo,jeea_replication,r,polycor,1
zenodo,jeea_replication,r,psych,1
zenodo,jeea_replication,r,nFactors,1
zenodo,jeea_replication,r,xlsx,1
zenodo,jeea_replication,r,car,1
zenodo,jeea_replication,r,viridis,1
zenodo,jeea_replication,r,scales,1
zenodo,jeea_replication,r,StatMatch,1
zenodo,jeea_replication,r,glue,1
zenodo,jeea_replication,r,Cairo,1
zenodo,jeea_replication,r,rsdmx,1
zenodo,jeea_replication,r,glmnet,1
zenodo,jeea_replication,r,abcrf,1
zenodo,jeea_replication,r,randomForestExplainer,1
zenodo,jeea_replication,r,caret,1
zenodo,jeea_replication,r,e1071,1
zenodo,jeea_replication,r,ranger,1
zenodo,jeea_replication,r,rattle,1
zenodo,jeea_replication,r,rsample,1
zenodo,jeea_replication,r,peacesciencer,1
zenodo,jeea_replication,r,rlang,1
zenodo,jeea_replication,r,kit,1
zenodo,jeea_replication,r,truncnorm,1
zenodo,jeea_replication,r,iterators,1
zenodo,jeea_replication,r,fs,1
zenodo,jeea_replication,r,fst,1
zenodo,jeea_replication,r,duckdb,1
zenodo,jeea_replication,r,dbplyr,1
zenodo,jeea_replication,r,duckdbfs,1
zenodo,jeea_replication,r,matrixStats,1
zenodo,jeea_replication,r,doFuture,1
zenodo,jeea_replication,r,progress,1
zenodo,jeea_replication,r,callr,1
zenodo,jeea_replication,r,future.callr,1
zenodo,jeea_replication,r,snakecase,1
zenodo,jeea_replication,r,RColorBrewer,1
zenodo,jeea_replication,r,remotes,1
zenodo,jeea_replication,r,exactextractr,1
zenodo,jeea_replication,r,raster,1
zenodo,jeea_replication,r,gdistance,1
zenodo,jeea_replication,r,Rfast,1
zenodo,jeea_replication,r,latex2exp,1
zenodo,jeea_replication,r,tm,1
zenodo,jeea_replication,r,extrafont,1
zenodo,jeea_replication,r,corpcor,1
zenodo,jeea_replication,r,quadprog,1
zenodo,jeea_replication,r,mirai,1
zenodo,jeea_replication,r,synthReturn,1
zenodo,jeea_replication,r,easyalluvial,1
zenodo,jeea_replication,r,ggalluvial,1
zenodo,jeea_replication,r,geodata,1
zenodo,jeea_replication,r,ggforce,1
zenodo,jeea_replication,r,ggprism,1
zenodo,jeea_replication,r,maps,1
zenodo,jeea_replication,r,testthat,1
zenodo,jeea_replication,r,RSQLite,1
zenodo,jeea_replication,r,RPostgres,1
zenodo,jeea_replication,r,frenchdata,1
zenodo,jeea_replication,r,roll,1
zenodo,jeea_replication,r,DBI,1
zenodo,jeea_replication,r,tidyfast,1
zenodo,jeea_replication,r,readstata13,1
zenodo,jeea_replication,r,nngeo,1
zenodo,jeea_replication,r,re2,1
zenodo,jeea_replication,r,totalcensus,1
zenodo,jeea_replication,r,ggmap,1
zenodo,jeea_replication,r,httr,1
zenodo,jeea_replication,r,rmapshaper,1
zenodo,jeea_replication,r,plm,1
zenodo,jeea_replication,r,writexl,1
zenodo,jeea_replication,r,reldist,1
zenodo,jeea_replication,stata,estout,73
zenodo,jeea_replication,stata,coefplot,41
zenodo,jeea_replication,stata,reghdfe,41
zenodo,jeea_replication,stata,outreg2,28
zenodo,jeea_replication,stata,binscatter,20
zenodo,jeea_replication,stata,ivreg2,12
zenodo,jeea_replication,stata,labutil,12
zenodo,jeea_replication,stata,spmap,12
zenodo,jeea_replication,stata,winsor2,10
zenodo,jeea_replication,stata,geodist,10
zenodo,jeea_replication,stata,grstyle,9
zenodo,jeea_replication,stata,ivreghdfe,9
zenodo,jeea_replication,stata,rdrobust,8
zenodo,jeea_replication,stata,rddensity,7
zenodo,jeea_replication,stata,distinct,7
zenodo,jeea_replication,stata,unique,7
zenodo,jeea_replication,stata,ppmlhdfe,6
zenodo,jeea_replication,stata,parmest,6
zenodo,jeea_replication,stata,carryforward,6
zenodo,jeea_replication,stata,acreg,6
zenodo,jeea_replication,stata,shp2dta,5
zenodo,jeea_replication,stata,heatplot,5
zenodo,jeea_replication,stata,regsave,5
zenodo,jeea_replication,stata,mdesc,4
zenodo,jeea_replication,stata,kountry,4
zenodo,jeea_replication,stata,listtex,4
zenodo,jeea_replication,stata,outtable,4
zenodo,jeea_replication,stata,psmatch2,4
zenodo,jeea_replication,stata,csdid,4
zenodo,jeea_replication,stata,outreg,4
zenodo,jeea_replication,stata,gtools,4
zenodo,jeea_replication,stata,boottest,4
zenodo,jeea_replication,stata,did_imputation,3
zenodo,jeea_replication,stata,cdfplot,3
zenodo,jeea_replication,stata,ereplace,3
zenodo,jeea_replication,stata,event_plot,3
zenodo,jeea_replication,stata,ebalance,3
zenodo,jeea_replication,stata,ietoolkit,2
zenodo,jeea_replication,stata,wyoung,2
zenodo,jeea_replication,stata,lincomest,2
zenodo,jeea_replication,stata,ssaggregate,2
zenodo,jeea_replication,stata,balancetable,2
zenodo,jeea_replication,stata,reclink,2
zenodo,jeea_replication,stata,addplot,2
zenodo,jeea_replication,stata,keeporder,2
zenodo,jeea_replication,stata,sgini,2
zenodo,jeea_replication,stata,texsave,2
zenodo,jeea_replication,stata,cltest,2
zenodo,jeea_replication,stata,geonear,2
zenodo,jeea_replication,stata,rangestat,2
zenodo,jeea_replication,stata,xtscc,2
zenodo,jeea_replication,stata,palettes,2
zenodo,jeea_replication,stata,weakivtest,2
zenodo,jeea_replication,stata,texdoc,2
zenodo,jeea_replication,stata,winsor,2
zenodo,jeea_replication,stata,swindex,2
zenodo,jeea_replication,stata,moransi,2
zenodo,jeea_replication,stata,asgen,2
zenodo,jeea_replication,stata,xtabond2,2
zenodo,jeea_replication,stata,rscript,2
zenodo,jeea_replication,stata,xttrans2,2
zenodo,jeea_replication,stata,ftools,2
zenodo,jeea_replication,stata,ritest,1
zenodo,jeea_replication,stata,mhtreg,1
zenodo,jeea_replication,stata,rwolf,1
zenodo,jeea_replication,stata,distplot,1
zenodo,jeea_replication,stata,nrow,1
zenodo,jeea_replication,stata,nmissing,1
zenodo,jeea_replication,stata,findname,1
zenodo,jeea_replication,stata,bgshade,1
zenodo,jeea_replication,stata,ztree2stata,1
zenodo,jeea_replication,stata,synth,1
zenodo,jeea_replication,stata,postrcspline,1
zenodo,jeea_replication,stata,vc_pack,1
zenodo,jeea_replication,stata,tabout,1
zenodo,jeea_replication,stata,fsum,1
zenodo,jeea_replication,stata,betacoef,1
zenodo,jeea_replication,stata,sppack,1
zenodo,jeea_replication,stata,bacondecomp,1
zenodo,jeea_replication,stata,mylabels,1
zenodo,jeea_replication,stata,ingap,1
zenodo,jeea_replication,stata,dlist,1
zenodo,jeea_replication,stata,ashell,1
zenodo,jeea_replication,stata,stripplot,1
zenodo,jeea_replication,stata,todummy,1
zenodo,jeea_replication,stata,charlist,1
zenodo,jeea_replication,stata,leebounds,1
zenodo,jeea_replication,stata,reg2hdfe,1
zenodo,jeea_replication,stata,aaplot,1
zenodo,jeea_replication,stata,psacalc,1
zenodo,jeea_replication,stata,dyads,1
zenodo,jeea_replication,stata,qqvalue,1
zenodo,jeea_replication,stata,did_multiplegt_dyn,1
zenodo,jeea_replication,stata,eventstudyinteract,1
zenodo,jeea_replication,stata,sdid,1
zenodo,jeea_replication,stata,statsmat,1
zenodo,jeea_replication,stata,rangejoin,1
zenodo,jeea_replication,stata,statastates,1
zenodo,jeea_replication,stata,eventdd,1
zenodo,jeea_replication,stata,xsvmat,1
zenodo,jeea_replication,stata,rsource,1
zenodo,jeea_replication,stata,inequal7,1
zenodo,jeea_replication,stata,filelist,1
zenodo,jeea_replication,stata,dataout,1
zenodo,jeea_replication,stata,mat2txt,1
zenodo,jeea_replication,stata,calipmatch,1
zenodo,jeea_replication,stata,b1x2,1
zenodo,jeea_replication,stata,sutex2,1
zenodo,jeea_replication,stata,eclplot,1
zenodo,jeea_replication,stata,akdensity,1
zenodo,jeea_replication,stata,jarowinkler,1
zenodo,jeea_replication,stata,gsample,1
zenodo,jeea_replication,stata,kfoldclass,1
zenodo,jeea_replication,stata,fs,1
zenodo,jeea_replication,stata,grc1leg2,1
zenodo,jeea_replication,stata,hotdeck,1
zenodo,jeea_replication,stata,twostepweakiv,1
zenodo,jeea_replication,stata,ineqdec0,1
zenodo,jeea_replication,stata,oaxaca,1
zenodo,jeea_replication,stata,missings,1
zenodo,jeea_replication,stata,eurostatuse,1
zenodo,jeea_replication,stata,domin,1
zenodo,jeea_replication,stata,vce2way,1
zenodo,jeea_replication,stata,drdid,1
zenodo,jeea_replication,stata,binscatterhist,1
zenodo,jeea_replication,stata,dpplot,1
zenodo,jeea_replication,stata,corrtex,1
zenodo,jeea_replication,stata,maptile,1
zenodo,jeea_replication,stata,suregr,1
zenodo,jeea_replication,stata,cem,1
zenodo,jeea_replication,stata,spgrid,1
zenodo,jeea_replication,stata,spkde,1
zenodo,jeea_replication,stata,fastxtile,1
zenodo,jeea_replication,stata,sumup,1
zenodo,jeea_replication,stata,kdens,1
zenodo,jeea_replication,stata,tabplot,1
zenodo,jeea_replication,stata,geoinpoly,1
zenodo,jeea_replication,stata,listtab,1
zenodo,jeea_replication,stata,workdays,1
zenodo,jeea_replication,stata,mtefe,1
zenodo,jeea_replication,stata,geo2xy,1
zenodo,jeea_replication,stata,xtivreg2,1
zenodo,jeea_replication,stata,rwolf2,1
zenodo,jeea_replication,stata,splitvallabels,1
zenodo,jeea_replication,stata,xtdpdml,1
dataverse_legacy,jhpe,r,ggplot2,4
dataverse_legacy,jhpe,r,foreign,4
dataverse_legacy,jhpe,r,stargazer,4
dataverse_legacy,jhpe,r,raster,4
dataverse_legacy,jhpe,r,dplyr,4
dataverse_legacy,jhpe,r,lmtest,4
dataverse_legacy,jhpe,r,stringr,4
dataverse_legacy,jhpe,r,MASS,3
dataverse_legacy,jhpe,r,scales,3
dataverse_legacy,jhpe,r,lfe,3
dataverse_legacy,jhpe,r,rgdal,3
dataverse_legacy,jhpe,r,maptools,3
dataverse_legacy,jhpe,r,sandwich,3
dataverse_legacy,jhpe,r,multiwayvcov,3
dataverse_legacy,jhpe,r,readxl,3
dataverse_legacy,jhpe,r,data.table,2
dataverse_legacy,jhpe,r,lme4,2
dataverse_legacy,jhpe,r,haven,2
dataverse_legacy,jhpe,r,sp,2
dataverse_legacy,jhpe,r,rgeos,2
dataverse_legacy,jhpe,r,spdep,2
dataverse_legacy,jhpe,r,ggmap,2
dataverse_legacy,jhpe,r,gridExtra,2
dataverse_legacy,jhpe,r,forcats,2
dataverse_legacy,jhpe,r,RColorBrewer,2
dataverse_legacy,jhpe,r,dismo,2
dataverse_legacy,jhpe,r,plyr,2
dataverse_legacy,jhpe,r,tidyverse,2
dataverse_legacy,jhpe,r,arm,1
dataverse_legacy,jhpe,r,memisc,1
dataverse_legacy,jhpe,r,vegan,1
dataverse_legacy,jhpe,r,nnet,1
dataverse_legacy,jhpe,r,spikeSlabGAM,1
dataverse_legacy,jhpe,r,speedglm,1
dataverse_legacy,jhpe,r,biglm,1
dataverse_legacy,jhpe,r,ordinal,1
dataverse_legacy,jhpe,r,erer,1
dataverse_legacy,jhpe,r,mnlogit,1
dataverse_legacy,jhpe,r,mlogit,1
dataverse_legacy,jhpe,r,GISTools,1
dataverse_legacy,jhpe,r,lattice,1
dataverse_legacy,jhpe,r,cshapes,1
dataverse_legacy,jhpe,r,countrycode,1
dataverse_legacy,jhpe,r,margins,1
dataverse_legacy,jhpe,r,effects,1
dataverse_legacy,jhpe,r,ggrepel,1
dataverse_legacy,jhpe,r,lemon,1
dataverse_legacy,jhpe,r,ggsn,1
dataverse_legacy,jhpe,r,sf,1
dataverse_legacy,jhpe,r,glue,1
dataverse_legacy,jhpe,r,MatchIt,1
dataverse_legacy,jhpe,r,broom,1
dataverse_legacy,jhpe,r,tidyr,1
dataverse_legacy,jhpe,r,spmoran,1
dataverse_legacy,jhpe,r,reshape2,1
dataverse_legacy,jhpe,r,Greg,1
dataverse_legacy,jhpe,r,stringi,1
dataverse_legacy,jhpe,r,spatialreg,1
dataverse_legacy,jhpe,r,spatialEco,1
dataverse_legacy,jhpe,r,tibble,1
dataverse_legacy,jhpe,r,gstat,1
dataverse_legacy,jhpe,r,gtable,1
dataverse_legacy,jhpe,r,pscl,1
dataverse_legacy,jhpe,r,boot,1
dataverse_legacy,jhpe,r,readr,1
dataverse_legacy,jhpe,r,xtable,1
dataverse_legacy,jhpe,r,randomForest,1
dataverse_legacy,jhpe,r,quanteda,1
dataverse_legacy,jhpe,r,quanteda.textmodels,1
dataverse_legacy,jhpe,r,readtext,1
dataverse_legacy,jhpe,r,tm,1
dataverse_legacy,jhpe,r,topicmodels,1
dataverse_legacy,jhpe,r,stm,1
dataverse_legacy,jhpe,r,lubridate,1
dataverse_legacy,jhpe,r,corrplot,1
dataverse_legacy,jhpe,r,proxyC,1
dataverse_legacy,jhpe,r,igraph,1
dataverse_legacy,jhpe,r,abjutils,1
dataverse_legacy,jhpe,r,rvest,1
dataverse_legacy,jhpe,r,modelsummary,1
dataverse_legacy,jhpe,r,car,1
dataverse_legacy,jhpe,r,survival,1
dataverse_legacy,jhpe,r,clubSandwich,1
dataverse_legacy,jhpe,r,marginaleffects,1
dataverse_legacy,jhpe,r,reshape,1
dataverse_legacy,jhpe,r,ineq,1
dataverse_legacy,jhpe,r,maps,1
dataverse_legacy,jhpe,r,classInt,1
dataverse_legacy,jhpe,r,elevatr,1
dataverse_legacy,jhpe,r,shapefiles,1
dataverse_legacy,jhpe,r,ggpubr,1
dataverse_legacy,jhpe,r,AER,1
dataverse_legacy,jhpe,r,Formula,1
dataverse_legacy,jhpe,r,cem,1
dataverse_legacy,jhpe,r,latticeExtra,1
dataverse_legacy,jhpe,r,coefplot,1
dataverse_legacy,jhpe,r,mgcv,1
dataverse_legacy,jhpe,r,survey,1
dataverse_legacy,jhpe,stata,estout,4
dataverse_legacy,jhpe,stata,reghdfe,2
dataverse_legacy,jhpe,stata,coefplot,2
dataverse_legacy,jhpe,stata,mvport,1
dataverse_legacy,jhr,r,stargazer,4
dataverse_legacy,jhr,r,MASS,2
dataverse_legacy,jhr,r,ordinal,1
dataverse_legacy,jhr,r,haven,1
dataverse_legacy,jhr,r,tikzDevice,1
dataverse_legacy,jhr,r,pscl,1
dataverse_legacy,jhr,r,xtable,1
dataverse_legacy,jhr,r,msm,1
dataverse_legacy,jhr,r,mvtnorm,1
dataverse_legacy,jhr,r,car,1
dataverse_legacy,jhr,r,plyr,1
dataverse_legacy,jhr,r,Zelig,1
dataverse_legacy,jhr,r,mediation,1
dataverse_legacy,jhr,r,stm,1
dataverse_legacy,jhr,r,tm,1
dataverse_legacy,jhr,r,SnowballC,1
dataverse_legacy,jhr,r,ResourceSelection,1
dataverse_legacy,jhr,r,boot,1
dataverse_legacy,jhr,r,faraway,1
dataverse_legacy,jhr,r,nnet,1
dataverse_legacy,jhr,r,aod,1
dataverse_legacy,jhr,r,effects,1
dataverse_legacy,jhr,r,plm,1
dataverse_legacy,jhr,r,rms,1
dataverse_legacy,jhr,r,lmtest,1
dataverse_legacy,jhr,r,pwr,1
dataverse_legacy,jhr,stata,outreg2,5
dataverse_legacy,jhr,stata,estout,5
dataverse_legacy,jhr,stata,coefplot,3
dataverse_legacy,jhr,stata,bioprobit,2
dataverse_legacy,jhr,stata,ivreg2,1
dataverse_legacy,jhr,stata,psmatch2,1
dataverse_legacy,jhr,stata,fitstat,1
dataverse_legacy,jlc,python,nltk,1
dataverse_legacy,jlc,python,beautifulsoup4,1
dataverse_legacy,jlc,python,pandas,1
dataverse_legacy,jlc,python,tqdm,1
dataverse_legacy,jlc,python,utils,1
dataverse_legacy,jlc,python,SQLAlchemy,1
dataverse_legacy,jlc,python,models,1
dataverse_legacy,jlc,python,outcome-utils,1
dataverse_legacy,jlc,python,requests,1
dataverse_legacy,jlc,r,tidyverse,12
dataverse_legacy,jlc,r,dplyr,12
dataverse_legacy,jlc,r,stargazer,12
dataverse_legacy,jlc,r,ggplot2,12
dataverse_legacy,jlc,r,MASS,8
dataverse_legacy,jlc,r,lmtest,6
dataverse_legacy,jlc,r,car,6
dataverse_legacy,jlc,r,lme4,6
dataverse_legacy,jlc,r,xtable,5
dataverse_legacy,jlc,r,readxl,4
dataverse_legacy,jlc,r,reshape2,4
dataverse_legacy,jlc,r,haven,4
dataverse_legacy,jlc,r,gridExtra,4
dataverse_legacy,jlc,r,foreign,4
dataverse_legacy,jlc,r,nnet,4
dataverse_legacy,jlc,r,arm,4
dataverse_legacy,jlc,r,texreg,3
dataverse_legacy,jlc,r,sandwich,3
dataverse_legacy,jlc,r,lubridate,3
dataverse_legacy,jlc,r,caret,3
dataverse_legacy,jlc,r,broom,3
dataverse_legacy,jlc,r,scales,3
dataverse_legacy,jlc,r,readr,3
dataverse_legacy,jlc,r,sjmisc,3
dataverse_legacy,jlc,r,plyr,2
dataverse_legacy,jlc,r,MatchIt,2
dataverse_legacy,jlc,r,knitr,2
dataverse_legacy,jlc,r,Zelig,2
dataverse_legacy,jlc,r,patchwork,2
dataverse_legacy,jlc,r,stringr,2
dataverse_legacy,jlc,r,randomForest,2
dataverse_legacy,jlc,r,ggpubr,2
dataverse_legacy,jlc,r,devtools,2
dataverse_legacy,jlc,r,Rcpp,2
dataverse_legacy,jlc,r,mice,2
dataverse_legacy,jlc,r,rstan,2
dataverse_legacy,jlc,r,tidyr,2
dataverse_legacy,jlc,r,sjPlot,2
dataverse_legacy,jlc,r,brms,2
dataverse_legacy,jlc,r,lfe,1
dataverse_legacy,jlc,r,cobalt,1
dataverse_legacy,jlc,r,vtable,1
dataverse_legacy,jlc,r,BayesTree,1
dataverse_legacy,jlc,r,birdring,1
dataverse_legacy,jlc,r,coda,1
dataverse_legacy,jlc,r,extrafont,1
dataverse_legacy,jlc,r,weights,1
dataverse_legacy,jlc,r,multiwayvcov,1
dataverse_legacy,jlc,r,poibin,1
dataverse_legacy,jlc,r,dotwhisker,1
dataverse_legacy,jlc,r,interflex,1
dataverse_legacy,jlc,r,tidymodels,1
dataverse_legacy,jlc,r,fixest,1
dataverse_legacy,jlc,r,marginaleffects,1
dataverse_legacy,jlc,r,ggExtra,1
dataverse_legacy,jlc,r,tidytext,1
dataverse_legacy,jlc,r,quanteda,1
dataverse_legacy,jlc,r,readtext,1
dataverse_legacy,jlc,r,tensorflow,1
dataverse_legacy,jlc,r,keras,1
dataverse_legacy,jlc,r,quanteda.textmodels,1
dataverse_legacy,jlc,r,caTools,1
dataverse_legacy,jlc,r,tfruns,1
dataverse_legacy,jlc,r,GGally,1
dataverse_legacy,jlc,r,rstanarm,1
dataverse_legacy,jlc,r,Metrics,1
dataverse_legacy,jlc,r,e1071,1
dataverse_legacy,jlc,r,doParallel,1
dataverse_legacy,jlc,r,topicmodels,1
dataverse_legacy,jlc,r,textmineR,1
dataverse_legacy,jlc,r,wordcloud,1
dataverse_legacy,jlc,r,textstem,1
dataverse_legacy,jlc,r,pscl,1
dataverse_legacy,jlc,r,margins,1
dataverse_legacy,jlc,r,maps,1
dataverse_legacy,jlc,r,boot,1
dataverse_legacy,jlc,r,MSBVAR,1
dataverse_legacy,jlc,r,magrittr,1
dataverse_legacy,jlc,r,tseries,1
dataverse_legacy,jlc,r,gdata,1
dataverse_legacy,jlc,r,tscount,1
dataverse_legacy,jlc,r,strucchange,1
dataverse_legacy,jlc,r,forecast,1
dataverse_legacy,jlc,r,ecm,1
dataverse_legacy,jlc,r,mvtnorm,1
dataverse_legacy,jlc,r,usethis,1
dataverse_legacy,jlc,r,cowplot,1
dataverse_legacy,jlc,r,BayesPostEst,1
dataverse_legacy,jlc,r,bggum,1
dataverse_legacy,jlc,r,tableone,1
dataverse_legacy,jlc,r,Hmisc,1
dataverse_legacy,jlc,r,cem,1
dataverse_legacy,jlc,r,Matching,1
dataverse_legacy,jlc,r,RColorBrewer,1
dataverse_legacy,jlc,r,miceadds,1
dataverse_legacy,jlc,r,CBPS,1
dataverse_legacy,jlc,r,ggrepel,1
dataverse_legacy,jlc,r,summarytools,1
dataverse_legacy,jlc,r,table1,1
dataverse_legacy,jlc,r,cjoint,1
dataverse_legacy,jlc,r,data.table,1
dataverse_legacy,jlc,r,rstatix,1
dataverse_legacy,jlc,r,cregg,1
dataverse_legacy,jlc,r,memisc,1
dataverse_legacy,jlc,r,ROCR,1
dataverse_legacy,jlc,r,verification,1
dataverse_legacy,jlc,r,pROC,1
dataverse_legacy,jlc,r,Matrix,1
dataverse_legacy,jlc,r,TMB,1
dataverse_legacy,jlc,r,effects,1
dataverse_legacy,jlc,r,sjlabelled,1
dataverse_legacy,jlc,r,installr,1
dataverse_legacy,jlc,r,plm,1
dataverse_legacy,jlc,r,corrplot,1
dataverse_legacy,jlc,r,MCMCglmm,1
dataverse_legacy,jlc,r,DataCombine,1
dataverse_legacy,jlc,r,VIM,1
dataverse_legacy,jlc,r,rpart,1
dataverse_legacy,jlc,r,rpart.plot,1
dataverse_legacy,jlc,r,partykit,1
dataverse_legacy,jlc,r,fitdistrplus,1
dataverse_legacy,jlc,r,dlnm,1
dataverse_legacy,jlc,r,lmerTest,1
dataverse_legacy,jlc,r,piecewiseSEM,1
dataverse_legacy,jlc,r,MuMIn,1
dataverse_legacy,jlc,r,readstata13,1
dataverse_legacy,jlc,r,ggeffects,1
dataverse_legacy,jlc,r,poliscidata,1
dataverse_legacy,jlc,r,psych,1
dataverse_legacy,jlc,r,emmeans,1
dataverse_legacy,jlc,r,ggplot,1
dataverse_legacy,jlc,stata,coefplot,6
dataverse_legacy,jlc,stata,estout,6
dataverse_legacy,jlc,stata,outreg2,3
dataverse_legacy,jlc,stata,pre,2
dataverse_legacy,jlc,stata,psmatch2,2
dataverse_legacy,jlc,stata,rbounds,2
dataverse_legacy,jlc,stata,cem,2
dataverse_legacy,jlc,stata,combomarginsplot,1
dataverse_legacy,jlc,stata,outreg,1
dataverse_legacy,jlc,stata,firthlogit,1
dataverse_legacy,jlc,stata,clus_nway,1
dataverse_legacy,jlc,stata,fitstat,1
dataverse_legacy,jlc,stata,ciplot,1
dataverse_legacy,jlc,stata,distplot,1
dataverse_legacy,jlc,stata,more_clarify,1
dataverse_legacy,jlc,stata,stripplot,1
dataverse_legacy,jlc,stata,stop,1
dataverse_legacy,jlc,stata,grstyle,1
dataverse_legacy,jop,python,numpy,5
dataverse_legacy,jop,python,pandas,4
dataverse_legacy,jop,python,scipy,3
dataverse_legacy,jop,python,reverse_geocoder,1
dataverse_legacy,jop,python,botometer,1
dataverse_legacy,jop,python,Unidecode,1
dataverse_legacy,jop,python,fuzzywuzzy,1
dataverse_legacy,jop,python,tqdm,1
dataverse_legacy,jop,python,statsmodels,1
dataverse_legacy,jop,python,h2o,1
dataverse_legacy,jop,python,gensim,1
dataverse_legacy,jop,python,matplotlib,1
dataverse_legacy,jop,python,scikit-learn,1
dataverse_legacy,jop,python,util,1
dataverse_legacy,jop,python,xlrd,1
dataverse_legacy,jop,r,ggplot2,224
dataverse_legacy,jop,r,foreign,175
dataverse_legacy,jop,r,dplyr,173
dataverse_legacy,jop,r,stargazer,156
dataverse_legacy,jop,r,xtable,129
dataverse_legacy,jop,r,tidyverse,108
dataverse_legacy,jop,r,plyr,107
dataverse_legacy,jop,r,lmtest,104
dataverse_legacy,jop,r,sandwich,87
dataverse_legacy,jop,r,gridExtra,80
dataverse_legacy,jop,r,car,78
dataverse_legacy,jop,r,stringr,71
dataverse_legacy,jop,r,haven,67
dataverse_legacy,jop,r,MASS,64
dataverse_legacy,jop,r,reshape2,62
dataverse_legacy,jop,r,readstata13,60
dataverse_legacy,jop,r,scales,57
dataverse_legacy,jop,r,texreg,54
dataverse_legacy,jop,r,data.table,53
dataverse_legacy,jop,r,lme4,45
dataverse_legacy,jop,r,Hmisc,45
dataverse_legacy,jop,r,lfe,44
dataverse_legacy,jop,r,broom,43
dataverse_legacy,jop,r,tidyr,42
dataverse_legacy,jop,r,estimatr,37
dataverse_legacy,jop,r,lubridate,37
dataverse_legacy,jop,r,plm,37
dataverse_legacy,jop,r,readxl,37
dataverse_legacy,jop,r,ggpubr,33
dataverse_legacy,jop,r,arm,33
dataverse_legacy,jop,r,RColorBrewer,32
dataverse_legacy,jop,r,AER,30
dataverse_legacy,jop,r,cowplot,30
dataverse_legacy,jop,r,psych,28
dataverse_legacy,jop,r,margins,28
dataverse_legacy,jop,r,survey,26
dataverse_legacy,jop,r,multiwayvcov,26
dataverse_legacy,jop,r,magrittr,24
dataverse_legacy,jop,r,readr,24
dataverse_legacy,jop,r,Matching,23
dataverse_legacy,jop,r,rgdal,22
dataverse_legacy,jop,r,devtools,21
dataverse_legacy,jop,r,rdrobust,21
dataverse_legacy,jop,r,maptools,20
dataverse_legacy,jop,r,sf,19
dataverse_legacy,jop,r,plotrix,18
dataverse_legacy,jop,r,mediation,18
dataverse_legacy,jop,r,ggrepel,17
dataverse_legacy,jop,r,interflex,17
dataverse_legacy,jop,r,sp,16
dataverse_legacy,jop,r,coefplot,16
dataverse_legacy,jop,r,memisc,16
dataverse_legacy,jop,r,Zelig,16
dataverse_legacy,jop,r,reshape,15
dataverse_legacy,jop,r,boot,15
dataverse_legacy,jop,r,zoo,14
dataverse_legacy,jop,r,mice,14
dataverse_legacy,jop,r,rms,14
dataverse_legacy,jop,r,mgcv,14
dataverse_legacy,jop,r,ggthemes,14
dataverse_legacy,jop,r,lattice,14
dataverse_legacy,jop,r,quanteda,14
dataverse_legacy,jop,r,stringi,14
dataverse_legacy,jop,r,interplot,14
dataverse_legacy,jop,r,effects,13
dataverse_legacy,jop,r,maps,13
dataverse_legacy,jop,r,rgeos,13
dataverse_legacy,jop,r,Amelia,13
dataverse_legacy,jop,r,rdd,13
dataverse_legacy,jop,r,pacman,13
dataverse_legacy,jop,r,stm,13
dataverse_legacy,jop,r,MatchIt,13
dataverse_legacy,jop,r,countrycode,13
dataverse_legacy,jop,r,dotwhisker,13
dataverse_legacy,jop,r,knitr,13
dataverse_legacy,jop,r,matrixStats,12
dataverse_legacy,jop,r,kableExtra,12
dataverse_legacy,jop,r,forcats,12
dataverse_legacy,jop,r,extrafont,12
dataverse_legacy,jop,r,gtools,12
dataverse_legacy,jop,r,sjPlot,12
dataverse_legacy,jop,r,miceadds,12
dataverse_legacy,jop,r,here,11
dataverse_legacy,jop,r,cjoint,11
dataverse_legacy,jop,r,cregg,11
dataverse_legacy,jop,r,foreach,11
dataverse_legacy,jop,r,survival,11
dataverse_legacy,jop,r,gplots,11
dataverse_legacy,jop,r,patchwork,11
dataverse_legacy,jop,r,igraph,10
dataverse_legacy,jop,r,coda,10
dataverse_legacy,jop,r,mvtnorm,10
dataverse_legacy,jop,r,MCMCpack,10
dataverse_legacy,jop,r,openxlsx,10
dataverse_legacy,jop,r,ggmap,10
dataverse_legacy,jop,r,apsrtable,10
dataverse_legacy,jop,r,cem,10
dataverse_legacy,jop,r,viridis,10
dataverse_legacy,jop,r,cobalt,10
dataverse_legacy,jop,r,janitor,9
dataverse_legacy,jop,r,pscl,9
dataverse_legacy,jop,r,spdep,9
dataverse_legacy,jop,r,rjags,9
dataverse_legacy,jop,r,multcomp,9
dataverse_legacy,jop,r,xlsx,9
dataverse_legacy,jop,r,nnet,9
dataverse_legacy,jop,r,ebal,8
dataverse_legacy,jop,r,tidytext,8
dataverse_legacy,jop,r,ggstance,8
dataverse_legacy,jop,r,rvest,8
dataverse_legacy,jop,r,fixest,8
dataverse_legacy,jop,r,gdata,8
dataverse_legacy,jop,r,sjmisc,7
dataverse_legacy,jop,r,clusterSEs,7
dataverse_legacy,jop,r,doParallel,7
dataverse_legacy,jop,r,Matrix,7
dataverse_legacy,jop,r,corrplot,7
dataverse_legacy,jop,r,DataCombine,7
dataverse_legacy,jop,r,descr,7
dataverse_legacy,jop,r,emmeans,7
dataverse_legacy,jop,r,doBy,7
dataverse_legacy,jop,r,RItools,7
dataverse_legacy,jop,r,ggeffects,7
dataverse_legacy,jop,r,sjlabelled,7
dataverse_legacy,jop,r,tibble,7
dataverse_legacy,jop,r,rstudioapi,7
dataverse_legacy,jop,r,ggridges,7
dataverse_legacy,jop,r,classInt,7
dataverse_legacy,jop,r,fastDummies,7
dataverse_legacy,jop,r,ordinal,6
dataverse_legacy,jop,r,tm,6
dataverse_legacy,jop,r,rgenoud,6
dataverse_legacy,jop,r,dummies,6
dataverse_legacy,jop,r,Rmisc,6
dataverse_legacy,jop,r,rio,6
dataverse_legacy,jop,r,caret,6
dataverse_legacy,jop,r,mapproj,6
dataverse_legacy,jop,r,sensemakr,6
dataverse_legacy,jop,r,Rcpp,6
dataverse_legacy,jop,r,ri,6
dataverse_legacy,jop,r,questionr,6
dataverse_legacy,jop,r,weights,5
dataverse_legacy,jop,r,Cairo,5
dataverse_legacy,jop,r,rworldmap,5
dataverse_legacy,jop,r,sna,5
dataverse_legacy,jop,r,GGally,5
dataverse_legacy,jop,r,ivpack,5
dataverse_legacy,jop,r,FindIt,5
dataverse_legacy,jop,r,clubSandwich,5
dataverse_legacy,jop,r,panelView,5
dataverse_legacy,jop,r,grf,5
dataverse_legacy,jop,r,purrr,5
dataverse_legacy,jop,r,ZeligChoice,5
dataverse_legacy,jop,r,readtext,5
dataverse_legacy,jop,r,sampleSelection,5
dataverse_legacy,jop,r,rddensity,5
dataverse_legacy,jop,r,coin,4
dataverse_legacy,jop,r,doMC,4
dataverse_legacy,jop,r,rbounds,4
dataverse_legacy,jop,r,jtools,4
dataverse_legacy,jop,r,huxtable,4
dataverse_legacy,jop,r,VGAM,4
dataverse_legacy,jop,r,remotes,4
dataverse_legacy,jop,r,pdftools,4
dataverse_legacy,jop,r,mfx,4
dataverse_legacy,jop,r,wordcloud,4
dataverse_legacy,jop,r,PanelMatch,4
dataverse_legacy,jop,r,gtable,4
dataverse_legacy,jop,r,factoextra,4
dataverse_legacy,jop,r,nlme,4
dataverse_legacy,jop,r,raster,4
dataverse_legacy,jop,r,Formula,4
dataverse_legacy,jop,r,lmerTest,4
dataverse_legacy,jop,r,rmeta,4
dataverse_legacy,jop,r,RCurl,4
dataverse_legacy,jop,r,lemon,4
dataverse_legacy,jop,r,network,4
dataverse_legacy,jop,r,randomizr,4
dataverse_legacy,jop,r,pryr,3
dataverse_legacy,jop,r,beepr,3
dataverse_legacy,jop,r,pBrackets,3
dataverse_legacy,jop,r,tables,3
dataverse_legacy,jop,r,blme,3
dataverse_legacy,jop,r,randomForest,3
dataverse_legacy,jop,r,pbapply,3
dataverse_legacy,jop,r,rstan,3
dataverse_legacy,jop,r,DirectEffects,3
dataverse_legacy,jop,r,irr,3
dataverse_legacy,jop,r,ri2,3
dataverse_legacy,jop,r,tseries,3
dataverse_legacy,jop,r,numDeriv,3
dataverse_legacy,jop,r,visreg,3
dataverse_legacy,jop,r,zipcode,3
dataverse_legacy,jop,r,gmodels,3
dataverse_legacy,jop,r,splm,3
dataverse_legacy,jop,r,did,3
dataverse_legacy,jop,r,multilevel,3
dataverse_legacy,jop,r,hrbrthemes,3
dataverse_legacy,jop,r,ltm,3
dataverse_legacy,jop,r,gsynth,3
dataverse_legacy,jop,r,ineq,3
dataverse_legacy,jop,r,latticeExtra,3
dataverse_legacy,jop,r,optimx,3
dataverse_legacy,jop,r,msm,3
dataverse_legacy,jop,r,list,3
dataverse_legacy,jop,r,FactoMineR,3
dataverse_legacy,jop,r,repmis,3
dataverse_legacy,jop,r,logr,3
dataverse_legacy,jop,r,bit64,3
dataverse_legacy,jop,r,modelsummary,3
dataverse_legacy,jop,r,geosphere,3
dataverse_legacy,jop,r,gtsummary,3
dataverse_legacy,jop,r,brms,3
dataverse_legacy,jop,r,vtable,3
dataverse_legacy,jop,r,mnormt,3
dataverse_legacy,jop,r,dismo,3
dataverse_legacy,jop,r,mapview,3
dataverse_legacy,jop,r,lwgeom,3
dataverse_legacy,jop,r,lavaan,3
dataverse_legacy,jop,r,spatstat,3
dataverse_legacy,jop,r,DeclareDesign,3
dataverse_legacy,jop,r,corrgram,3
dataverse_legacy,jop,r,zeligverse,3
dataverse_legacy,jop,r,snow,3
dataverse_legacy,jop,r,mapdata,3
dataverse_legacy,jop,r,systemfit,3
dataverse_legacy,jop,r,strucchange,2
dataverse_legacy,jop,r,statar,2
dataverse_legacy,jop,r,fiftystater,2
dataverse_legacy,jop,r,R.utils,2
dataverse_legacy,jop,r,GPArotation,2
dataverse_legacy,jop,r,pcse,2
dataverse_legacy,jop,r,np,2
dataverse_legacy,jop,r,doRNG,2
dataverse_legacy,jop,r,officer,2
dataverse_legacy,jop,r,flextable,2
dataverse_legacy,jop,r,rdpower,2
dataverse_legacy,jop,r,splitstackshape,2
dataverse_legacy,jop,r,glmnet,2
dataverse_legacy,jop,r,e1071,2
dataverse_legacy,jop,r,fastLink,2
dataverse_legacy,jop,r,vietnamcode,2
dataverse_legacy,jop,r,ggbeeswarm,2
dataverse_legacy,jop,r,olsrr,2
dataverse_legacy,jop,r,jsonlite,2
dataverse_legacy,jop,r,ZeligMultilevel,2
dataverse_legacy,jop,r,brglm,2
dataverse_legacy,jop,r,qdap,2
dataverse_legacy,jop,r,formattable,2
dataverse_legacy,jop,r,webshot,2
dataverse_legacy,jop,r,calibrate,2
dataverse_legacy,jop,r,qdapRegex,2
dataverse_legacy,jop,r,qualtRics,2
dataverse_legacy,jop,r,missMDA,2
dataverse_legacy,jop,r,wfe,2
dataverse_legacy,jop,r,quickmatch,2
dataverse_legacy,jop,r,wesanderson,2
dataverse_legacy,jop,r,gapminder,2
dataverse_legacy,jop,r,reporttools,2
dataverse_legacy,jop,r,xts,2
dataverse_legacy,jop,r,rpart,2
dataverse_legacy,jop,r,XML,2
dataverse_legacy,jop,r,KernSmooth,2
dataverse_legacy,jop,r,labelled,2
dataverse_legacy,jop,r,metafor,2
dataverse_legacy,jop,r,stopwords,2
dataverse_legacy,jop,r,BBmisc,2
dataverse_legacy,jop,r,biglm,2
dataverse_legacy,jop,r,sciplot,2
dataverse_legacy,jop,r,aod,2
dataverse_legacy,jop,r,rdlocrand,2
dataverse_legacy,jop,r,fossil,2
dataverse_legacy,jop,r,exactRankTests,2
dataverse_legacy,jop,r,date,2
dataverse_legacy,jop,r,gghighlight,2
dataverse_legacy,jop,r,RcppArmadillo,2
dataverse_legacy,jop,r,anesrake,2
dataverse_legacy,jop,r,IRanges,2
dataverse_legacy,jop,r,DescTools,2
dataverse_legacy,jop,r,ggalluvial,2
dataverse_legacy,jop,r,dclone,2
dataverse_legacy,jop,r,mcmcplots,2
dataverse_legacy,jop,r,posterior,2
dataverse_legacy,jop,r,verification,2
dataverse_legacy,jop,r,glmmTMB,2
dataverse_legacy,jop,r,statmod,2
dataverse_legacy,jop,r,githubinstall,2
dataverse_legacy,jop,r,electionsBR,2
dataverse_legacy,jop,r,codebook,2
dataverse_legacy,jop,r,ids,2
dataverse_legacy,jop,r,pglm,2
dataverse_legacy,jop,r,modmarg,2
dataverse_legacy,jop,r,ggExtra,2
dataverse_legacy,jop,r,rsample,2
dataverse_legacy,jop,r,assertthat,2
dataverse_legacy,jop,r,ANOVAreplication,2
dataverse_legacy,jop,r,locfit,2
dataverse_legacy,jop,r,fs,2
dataverse_legacy,jop,r,rlang,2
dataverse_legacy,jop,r,WeightIt,2
dataverse_legacy,jop,r,summarytools,2
dataverse_legacy,jop,r,bacondecomp,2
dataverse_legacy,jop,r,text2vec,2
dataverse_legacy,jop,r,bayestestR,2
dataverse_legacy,jop,r,srvyr,2
dataverse_legacy,jop,r,RgoogleMaps,2
dataverse_legacy,jop,r,inline,2
dataverse_legacy,jop,r,urltools,2
dataverse_legacy,jop,r,robustbase,2
dataverse_legacy,jop,r,tictoc,2
dataverse_legacy,jop,r,CausalImpact,1
dataverse_legacy,jop,r,qte,1
dataverse_legacy,jop,r,stats19,1
dataverse_legacy,jop,r,Lmoments,1
dataverse_legacy,jop,r,moments,1
dataverse_legacy,jop,r,pander,1
dataverse_legacy,jop,r,lsmeans,1
dataverse_legacy,jop,r,multcompView,1
dataverse_legacy,jop,r,endorse,1
dataverse_legacy,jop,r,TTR,1
dataverse_legacy,jop,r,spam,1
dataverse_legacy,jop,r,heavy,1
dataverse_legacy,jop,r,ggraph,1
dataverse_legacy,jop,r,quantmod,1
dataverse_legacy,jop,r,corrr,1
dataverse_legacy,jop,r,ggcorrplot,1
dataverse_legacy,jop,r,vioplot,1
dataverse_legacy,jop,r,sem,1
dataverse_legacy,jop,r,neuralnet,1
dataverse_legacy,jop,r,feather,1
dataverse_legacy,jop,r,fst,1
dataverse_legacy,jop,r,mirt,1
dataverse_legacy,jop,r,polycor,1
dataverse_legacy,jop,r,psychometric,1
dataverse_legacy,jop,r,SDMTools,1
dataverse_legacy,jop,r,psy,1
dataverse_legacy,jop,r,TOSTER,1
dataverse_legacy,jop,r,runjags,1
dataverse_legacy,jop,r,frm,1
dataverse_legacy,jop,r,geobr,1
dataverse_legacy,jop,r,rlist,1
dataverse_legacy,jop,r,fuzzyjoin,1
dataverse_legacy,jop,r,fmsb,1
dataverse_legacy,jop,r,manifestoR,1
dataverse_legacy,jop,r,quanteda.textmodels,1
dataverse_legacy,jop,r,spacyr,1
dataverse_legacy,jop,r,randtests,1
dataverse_legacy,jop,r,spgs,1
dataverse_legacy,jop,r,combinat,1
dataverse_legacy,jop,r,ggpmisc,1
dataverse_legacy,jop,r,prais,1
dataverse_legacy,jop,r,panelAR,1
dataverse_legacy,jop,r,rsq,1
dataverse_legacy,jop,r,mitools,1
dataverse_legacy,jop,r,RPostgres,1
dataverse_legacy,jop,r,eurostat,1
dataverse_legacy,jop,r,googlesheets4,1
dataverse_legacy,jop,r,googledrive,1
dataverse_legacy,jop,r,wnominate,1
dataverse_legacy,jop,r,ggiraph,1
dataverse_legacy,jop,r,ggiraphExtra,1
dataverse_legacy,jop,r,muRL,1
dataverse_legacy,jop,r,usmap,1
dataverse_legacy,jop,r,numbers,1
dataverse_legacy,jop,r,htmltools,1
dataverse_legacy,jop,r,naniar,1
dataverse_legacy,jop,r,permute,1
dataverse_legacy,jop,r,tipr,1
dataverse_legacy,jop,r,causalsens,1
dataverse_legacy,jop,r,expss,1
dataverse_legacy,jop,r,showtext,1
dataverse_legacy,jop,r,sysfonts,1
dataverse_legacy,jop,r,roperators,1
dataverse_legacy,jop,r,egg,1
dataverse_legacy,jop,r,digest,1
dataverse_legacy,jop,r,gstat,1
dataverse_legacy,jop,r,gmapsdistance,1
dataverse_legacy,jop,r,googleway,1
dataverse_legacy,jop,r,aods3,1
dataverse_legacy,jop,r,stringdist,1
dataverse_legacy,jop,r,hexbin,1
dataverse_legacy,jop,r,randomForestSRC,1
dataverse_legacy,jop,r,rpart.plot,1
dataverse_legacy,jop,r,cjbart,1
dataverse_legacy,jop,r,faraway,1
dataverse_legacy,jop,r,censReg,1
dataverse_legacy,jop,r,dfoptim,1
dataverse_legacy,jop,r,abind,1
dataverse_legacy,jop,r,paletteer,1
dataverse_legacy,jop,r,metaplus,1
dataverse_legacy,jop,r,mvmeta,1
dataverse_legacy,jop,r,meta,1
dataverse_legacy,jop,r,gee,1
dataverse_legacy,jop,r,binsreg,1
dataverse_legacy,jop,r,wINEQ,1
dataverse_legacy,jop,r,coxme,1
dataverse_legacy,jop,r,frailtySurv,1
dataverse_legacy,jop,r,frailtyEM,1
dataverse_legacy,jop,r,frailtypack,1
dataverse_legacy,jop,r,xfun,1
dataverse_legacy,jop,r,WDI,1
dataverse_legacy,jop,r,emdist,1
dataverse_legacy,jop,r,tikzDevice,1
dataverse_legacy,jop,r,RSelenium,1
dataverse_legacy,jop,r,TeachingDemos,1
dataverse_legacy,jop,r,R2jags,1
dataverse_legacy,jop,r,truncnorm,1
dataverse_legacy,jop,r,pbkrtest,1
dataverse_legacy,jop,r,bda,1
dataverse_legacy,jop,r,mosaic,1
dataverse_legacy,jop,r,iotools,1
dataverse_legacy,jop,r,peacesciencer,1
dataverse_legacy,jop,r,missForest,1
dataverse_legacy,jop,r,pROC,1
dataverse_legacy,jop,r,intergraph,1
dataverse_legacy,jop,r,arules,1
dataverse_legacy,jop,r,infer,1
dataverse_legacy,jop,r,ggsn,1
dataverse_legacy,jop,r,ggforce,1
dataverse_legacy,jop,r,SnowballC,1
dataverse_legacy,jop,r,tm.plugin.webmining,1
dataverse_legacy,jop,r,SuperLearner,1
dataverse_legacy,jop,r,microsynth,1
dataverse_legacy,jop,r,equivalence,1
dataverse_legacy,jop,r,XLConnect,1
dataverse_legacy,jop,r,Rmpi,1
dataverse_legacy,jop,r,RSiena,1
dataverse_legacy,jop,r,ROCR,1
dataverse_legacy,jop,r,PRROC,1
dataverse_legacy,jop,r,vegan,1
dataverse_legacy,jop,r,WhatIf,1
dataverse_legacy,jop,r,scatterplot3d,1
dataverse_legacy,jop,r,gamlss,1
dataverse_legacy,jop,r,GLMMadaptive,1
dataverse_legacy,jop,r,plot3D,1
dataverse_legacy,jop,r,rgl,1
dataverse_legacy,jop,r,pwt,1
dataverse_legacy,jop,r,MatchingFrontier,1
dataverse_legacy,jop,r,proxy,1
dataverse_legacy,jop,r,basicspace,1
dataverse_legacy,jop,r,ggplot,1
dataverse_legacy,jop,r,TopKLists,1
dataverse_legacy,jop,r,modi,1
dataverse_legacy,jop,r,ppcor,1
dataverse_legacy,jop,r,CBPS,1
dataverse_legacy,jop,r,proj4,1
dataverse_legacy,jop,r,osmdata,1
dataverse_legacy,jop,r,tmap,1
dataverse_legacy,jop,r,deldir,1
dataverse_legacy,jop,r,voronoi,1
dataverse_legacy,jop,r,glmmfields,1
dataverse_legacy,jop,r,spatialreg,1
dataverse_legacy,jop,r,polite,1
dataverse_legacy,jop,r,xml2,1
dataverse_legacy,jop,r,geojsonio,1
dataverse_legacy,jop,r,marginaleffects,1
dataverse_legacy,jop,r,glm2,1
dataverse_legacy,jop,r,semPlot,1
dataverse_legacy,jop,r,textreg,1
dataverse_legacy,jop,r,pder,1
dataverse_legacy,jop,r,modelr,1
dataverse_legacy,jop,r,latex2exp,1
dataverse_legacy,jop,r,broomExtra,1
dataverse_legacy,jop,r,psycho,1
dataverse_legacy,jop,r,specr,1
dataverse_legacy,jop,r,spData,1
dataverse_legacy,jop,r,glm.predict,1
dataverse_legacy,jop,r,doSNOW,1
dataverse_legacy,jop,r,polywog,1
dataverse_legacy,jop,r,needs,1
dataverse_legacy,jop,r,pipeR,1
dataverse_legacy,jop,r,speedglm,1
dataverse_legacy,jop,r,units,1
dataverse_legacy,jop,r,lavaan.survey,1
dataverse_legacy,jop,r,OrthoPanels,1
dataverse_legacy,jop,r,semTools,1
dataverse_legacy,jop,r,tableone,1
dataverse_legacy,jop,r,ggtern,1
dataverse_legacy,jop,r,Publish,1
dataverse_legacy,jop,r,ggbiplot,1
dataverse_legacy,jop,r,rowr,1
dataverse_legacy,jop,r,poLCA,1
dataverse_legacy,jop,r,qwraps2,1
dataverse_legacy,jop,r,dfadjust,1
dataverse_legacy,jop,r,experiment,1
dataverse_legacy,jop,r,GMCM,1
dataverse_legacy,jop,r,etwfe,1
dataverse_legacy,jop,r,states,1
dataverse_legacy,jop,r,VIM,1
dataverse_legacy,jop,r,ldatuning,1
dataverse_legacy,jop,r,topicmodels,1
dataverse_legacy,jop,r,lda,1
dataverse_legacy,jop,r,bursts,1
dataverse_legacy,jop,r,NetMix,1
dataverse_legacy,jop,r,dnr,1
dataverse_legacy,jop,r,hunspell,1
dataverse_legacy,jop,r,wordcloud2,1
dataverse_legacy,jop,r,textreuse,1
dataverse_legacy,jop,r,htmlwidgets,1
dataverse_legacy,jop,r,caTools,1
dataverse_legacy,jop,r,textdata,1
dataverse_legacy,jop,r,bootstrap,1
dataverse_legacy,jop,r,RSocrata,1
dataverse_legacy,jop,r,gender,1
dataverse_legacy,jop,r,eeptools,1
dataverse_legacy,jop,r,optmatch,1
dataverse_legacy,jop,r,logistf,1
dataverse_legacy,jop,r,visdat,1
dataverse_legacy,jop,r,fields,1
dataverse_legacy,jop,r,ellipsis,1
dataverse_legacy,jop,r,pwr,1
dataverse_legacy,jop,r,Synth,1
dataverse_legacy,jop,r,gap,1
dataverse_legacy,jop,r,glue,1
dataverse_legacy,jop,r,WriteXLS,1
dataverse_legacy,jop,r,quanteda.textplots,1
dataverse_legacy,jop,r,ggmosaic,1
dataverse_legacy,jop,r,fect,1
dataverse_legacy,jop,r,tweedie,1
dataverse_legacy,jop,r,maxLik,1
dataverse_legacy,jop,r,rjson,1
dataverse_legacy,jop,r,bsts,1
dataverse_legacy,jop,r,reldist,1
dataverse_legacy,jop,r,vkR,1
dataverse_legacy,jop,r,varhandle,1
dataverse_legacy,jop,r,QuantPsyc,1
dataverse_legacy,jop,r,arsenal,1
dataverse_legacy,jop,r,alpaca,1
dataverse_legacy,jop,r,bife,1
dataverse_legacy,jop,r,ggjoy,1
dataverse_legacy,jop,r,gam,1
dataverse_legacy,jop,r,splines2,1
dataverse_legacy,jop,r,MDEI,1
dataverse_legacy,jop,r,lpdensity,1
dataverse_legacy,jop,r,meetupr,1
dataverse_legacy,jop,r,transformr,1
dataverse_legacy,jop,r,NPC,1
dataverse_legacy,jop,r,contrast,1
dataverse_legacy,jop,r,BAS,1
dataverse_legacy,jop,r,ragg,1
dataverse_legacy,jop,r,renv,1
dataverse_legacy,jop,r,ergm,1
dataverse_legacy,jop,r,xergm,1
dataverse_legacy,jop,r,rddtools,1
dataverse_legacy,jop,r,bayesplot,1
dataverse_legacy,jop,r,rnoaa,1
dataverse_legacy,jop,r,tidycensus,1
dataverse_legacy,jop,r,SearchTrees,1
dataverse_legacy,jop,r,RSQLite,1
dataverse_legacy,jop,r,TAM,1
dataverse_legacy,jop,r,sirt,1
dataverse_legacy,jop,r,dataMaid,1
dataverse_legacy,jop,r,KRLS,1
dataverse_legacy,jop,r,ggmcmc,1
dataverse_legacy,jop,r,dineq,1
dataverse_legacy,jop,r,overlap,1
dataverse_legacy,jop,r,lpSolve,1
dataverse_legacy,jop,r,sphet,1
dataverse_legacy,jop,r,glmmML,1
dataverse_legacy,jop,r,npregfast,1
dataverse_legacy,jop,r,genderBR,1
dataverse_legacy,jop,r,packrat,1
dataverse_legacy,jop,r,GJRM,1
dataverse_legacy,jop,r,writexl,1
dataverse_legacy,jop,r,plotly,1
dataverse_legacy,jop,r,rmapshaper,1
dataverse_legacy,jop,r,checkpoint,1
dataverse_legacy,jop,r,BayesTree,1
dataverse_legacy,jop,r,tree,1
dataverse_legacy,jop,r,itsadug,1
dataverse_legacy,jop,r,shape,1
dataverse_legacy,jop,r,MBTAr,1
dataverse_legacy,jop,r,chron,1
dataverse_legacy,jop,r,fUnitRoots,1
dataverse_legacy,jop,r,forecast,1
dataverse_legacy,jop,r,sensitivitymw,1
dataverse_legacy,jop,r,Imap,1
dataverse_legacy,jop,r,taRifx.geo,1
dataverse_legacy,jop,r,pmr,1
dataverse_legacy,jop,r,ClusterBootstrap,1
dataverse_legacy,jop,r,socviz,1
dataverse_legacy,jop,r,prediction,1
dataverse_legacy,jop,r,parsnip,1
dataverse_legacy,jop,r,recipes,1
dataverse_legacy,jop,r,yardstick,1
dataverse_legacy,jop,r,furrr,1
dataverse_legacy,jop,r,mlr,1
dataverse_legacy,jop,r,timelineS,1
dataverse_legacy,jop,r,rstatix,1
dataverse_legacy,jop,r,arrow,1
dataverse_legacy,jop,r,conText,1
dataverse_legacy,jop,r,boot.pval,1
dataverse_legacy,jop,r,konfound,1
dataverse_legacy,jop,r,R2WinBUGS,1
dataverse_legacy,jop,r,simPH,1
dataverse_legacy,jop,r,Rarity,1
dataverse_legacy,jop,stata,estout,186
dataverse_legacy,jop,stata,coefplot,82
dataverse_legacy,jop,stata,outreg2,66
dataverse_legacy,jop,stata,reghdfe,30
dataverse_legacy,jop,stata,ivreg2,26
dataverse_legacy,jop,stata,parmest,18
dataverse_legacy,jop,stata,rdrobust,17
dataverse_legacy,jop,stata,cem,16
dataverse_legacy,jop,stata,spmap,14
dataverse_legacy,jop,stata,sutex,14
dataverse_legacy,jop,stata,clarify,13
dataverse_legacy,jop,stata,ebalance,11
dataverse_legacy,jop,stata,xtivreg2,10
dataverse_legacy,jop,stata,unique,10
dataverse_legacy,jop,stata,outreg,10
dataverse_legacy,jop,stata,interflex,9
dataverse_legacy,jop,stata,combomarginsplot,8
dataverse_legacy,jop,stata,eclplot,7
dataverse_legacy,jop,stata,carryforward,7
dataverse_legacy,jop,stata,cibar,7
dataverse_legacy,jop,stata,binscatter,6
dataverse_legacy,jop,stata,psmatch2,6
dataverse_legacy,jop,stata,rddensity,6
dataverse_legacy,jop,stata,labutil,6
dataverse_legacy,jop,stata,sutex2,5
dataverse_legacy,jop,stata,psacalc,5
dataverse_legacy,jop,stata,listtex,5
dataverse_legacy,jop,stata,mat2txt,5
dataverse_legacy,jop,stata,mediation,5
dataverse_legacy,jop,stata,shp2dta,5
dataverse_legacy,jop,stata,lincomest,5
dataverse_legacy,jop,stata,center,5
dataverse_legacy,jop,stata,revrs,4
dataverse_legacy,jop,stata,xtabond2,4
dataverse_legacy,jop,stata,outsum,4
dataverse_legacy,jop,stata,grstyle,4
dataverse_legacy,jop,stata,firthlogit,4
dataverse_legacy,jop,stata,boottest,4
dataverse_legacy,jop,stata,texdoc,4
dataverse_legacy,jop,stata,univar,4
dataverse_legacy,jop,stata,grc1leg2,4
dataverse_legacy,jop,stata,plausexog,4
dataverse_legacy,jop,stata,fre,3
dataverse_legacy,jop,stata,corr_svy,3
dataverse_legacy,jop,stata,bacondecomp,3
dataverse_legacy,jop,stata,stop,3
dataverse_legacy,jop,stata,gtools,3
dataverse_legacy,jop,stata,khb,3
dataverse_legacy,jop,stata,corrtex,3
dataverse_legacy,jop,stata,regsave,3
dataverse_legacy,jop,stata,latab,3
dataverse_legacy,jop,stata,semipar,3
dataverse_legacy,jop,stata,orth_out,3
dataverse_legacy,jop,stata,unemp,3
dataverse_legacy,jop,stata,sdecode,2
dataverse_legacy,jop,stata,asdoc,2
dataverse_legacy,jop,stata,ritest,2
dataverse_legacy,jop,stata,krls,2
dataverse_legacy,jop,stata,asgen,2
dataverse_legacy,jop,stata,palettes,2
dataverse_legacy,jop,stata,outtex,2
dataverse_legacy,jop,stata,cmp,2
dataverse_legacy,jop,stata,balancetable,2
dataverse_legacy,jop,stata,ivreghdfe,2
dataverse_legacy,jop,stata,acreg,2
dataverse_legacy,jop,stata,xttest3,2
dataverse_legacy,jop,stata,fitstat,2
dataverse_legacy,jop,stata,fastxtile,2
dataverse_legacy,jop,stata,distinct,2
dataverse_legacy,jop,stata,addplot,2
dataverse_legacy,jop,stata,weakiv,2
dataverse_legacy,jop,stata,kountry,2
dataverse_legacy,jop,stata,eventstudyinteract,2
dataverse_legacy,jop,stata,catplot,2
dataverse_legacy,jop,stata,spineplot,2
dataverse_legacy,jop,stata,weakivtest,2
dataverse_legacy,jop,stata,pdslasso,2
dataverse_legacy,jop,stata,tabout,2
dataverse_legacy,jop,stata,texsave,2
dataverse_legacy,jop,stata,geodist,2
dataverse_legacy,jop,stata,lgraph,2
dataverse_legacy,jop,stata,nnmatch,2
dataverse_legacy,jop,stata,ice,2
dataverse_legacy,jop,stata,randcmd,1
dataverse_legacy,jop,stata,triplot,1
dataverse_legacy,jop,stata,mdesc,1
dataverse_legacy,jop,stata,xsvmat,1
dataverse_legacy,jop,stata,radiusmatch,1
dataverse_legacy,jop,stata,randomtag,1
dataverse_legacy,jop,stata,gologit2,1
dataverse_legacy,jop,stata,fastcd,1
dataverse_legacy,jop,stata,tuples,1
dataverse_legacy,jop,stata,csdid,1
dataverse_legacy,jop,stata,moreobs,1
dataverse_legacy,jop,stata,qreg2,1
dataverse_legacy,jop,stata,swindex,1
dataverse_legacy,jop,stata,sensemakr,1
dataverse_legacy,jop,stata,nsplit,1
dataverse_legacy,jop,stata,movestay,1
dataverse_legacy,jop,stata,ssaggregate,1
dataverse_legacy,jop,stata,relogit,1
dataverse_legacy,jop,stata,epiweek,1
dataverse_legacy,jop,stata,ciplot,1
dataverse_legacy,jop,stata,est2tex,1
dataverse_legacy,jop,stata,moss,1
dataverse_legacy,jop,stata,reclink,1
dataverse_legacy,jop,stata,rwolf2,1
dataverse_legacy,jop,stata,rowsort,1
dataverse_legacy,jop,stata,byhist,1
dataverse_legacy,jop,stata,dsconcat,1
dataverse_legacy,jop,stata,krippalpha,1
dataverse_legacy,jop,stata,lambda,1
dataverse_legacy,jop,stata,groups,1
dataverse_legacy,jop,stata,winsor2,1
dataverse_legacy,jop,stata,sxpose,1
dataverse_legacy,jop,stata,stddiff,1
dataverse_legacy,jop,stata,mixlogit,1
dataverse_legacy,jop,stata,prtab,1
dataverse_legacy,jop,stata,gllamm,1
dataverse_legacy,jop,stata,laplacereg,1
dataverse_legacy,jop,stata,mads,1
dataverse_legacy,jop,stata,apc,1
dataverse_legacy,jop,stata,dirifit,1
dataverse_legacy,jop,stata,paramed,1
dataverse_legacy,jop,stata,ivmediate,1
dataverse_legacy,jop,stata,rd,1
dataverse_legacy,jop,stata,rdpower,1
dataverse_legacy,jop,stata,kdens,1
dataverse_legacy,jop,stata,splagvar,1
dataverse_legacy,jop,stata,xtscc,1
dataverse_legacy,jop,stata,violinplot,1
dataverse_legacy,jop,stata,xcontract,1
dataverse_legacy,jop,stata,xcollapse,1
dataverse_legacy,jop,stata,fastgini,1
dataverse_legacy,jop,stata,ivregress2,1
dataverse_legacy,jop,stata,splitvallabels,1
dataverse_legacy,jop,stata,crossfold,1
dataverse_legacy,jop,stata,sppack,1
dataverse_legacy,jop,stata,sensatt,1
dataverse_legacy,jop,stata,codebookout,1
dataverse_legacy,jop,stata,norm,1
dataverse_legacy,jop,stata,synth,1
dataverse_legacy,jop,stata,smileplot,1
dataverse_legacy,jop,stata,qqvalue,1
dataverse_legacy,jop,stata,covbal,1
dataverse_legacy,jop,stata,nearmrg,1
dataverse_legacy,jop,stata,project,1
dataverse_legacy,jop,stata,filelist,1
dataverse_legacy,jop,stata,savesome,1
dataverse_legacy,jop,stata,vreverse,1
dataverse_legacy,jop,stata,maptile,1
dataverse_legacy,jop,stata,fsum,1
dataverse_legacy,jop,stata,cmogram,1
dataverse_legacy,jop,stata,sumup,1
dataverse_legacy,jop,stata,vioplot,1
dataverse_legacy,jop,stata,mim,1
dataverse_legacy,jop,stata,ipfraking,1
dataverse_legacy,jop,stata,tab_chi,1
dataverse_legacy,jop,stata,zoib,1
dataverse_legacy,jopd,python,pandas,1
dataverse_legacy,jopd,r,ggplot2,1
dataverse_legacy,jpipe,r,stargazer,9
dataverse_legacy,jpipe,r,foreign,9
dataverse_legacy,jpipe,r,ggplot2,7
dataverse_legacy,jpipe,r,plyr,5
dataverse_legacy,jpipe,r,gridExtra,5
dataverse_legacy,jpipe,r,lfe,4
dataverse_legacy,jpipe,r,dplyr,4
dataverse_legacy,jpipe,r,sandwich,4
dataverse_legacy,jpipe,r,lmtest,4
dataverse_legacy,jpipe,r,MASS,4
dataverse_legacy,jpipe,r,xtable,4
dataverse_legacy,jpipe,r,tidyverse,3
dataverse_legacy,jpipe,r,scales,3
dataverse_legacy,jpipe,r,effects,3
dataverse_legacy,jpipe,r,reshape2,3
dataverse_legacy,jpipe,r,Hmisc,3
dataverse_legacy,jpipe,r,haven,3
dataverse_legacy,jpipe,r,fixest,2
dataverse_legacy,jpipe,r,stringr,2
dataverse_legacy,jpipe,r,DataCombine,2
dataverse_legacy,jpipe,r,doBy,2
dataverse_legacy,jpipe,r,dotwhisker,2
dataverse_legacy,jpipe,r,tidycensus,2
dataverse_legacy,jpipe,r,broom,2
dataverse_legacy,jpipe,r,modelsummary,2
dataverse_legacy,jpipe,r,data.table,2
dataverse_legacy,jpipe,r,tidyr,2
dataverse_legacy,jpipe,r,caret,2
dataverse_legacy,jpipe,r,MatchIt,2
dataverse_legacy,jpipe,r,Zelig,2
dataverse_legacy,jpipe,r,pscl,2
dataverse_legacy,jpipe,r,readxl,1
dataverse_legacy,jpipe,r,viridis,1
dataverse_legacy,jpipe,r,interflex,1
dataverse_legacy,jpipe,r,english,1
dataverse_legacy,jpipe,r,zoo,1
dataverse_legacy,jpipe,r,sciplot,1
dataverse_legacy,jpipe,r,BMS,1
dataverse_legacy,jpipe,r,rJava,1
dataverse_legacy,jpipe,r,lattice,1
dataverse_legacy,jpipe,r,lme4,1
dataverse_legacy,jpipe,r,gmodels,1
dataverse_legacy,jpipe,r,XLConnect,1
dataverse_legacy,jpipe,r,xlsx,1
dataverse_legacy,jpipe,r,berryFunctions,1
dataverse_legacy,jpipe,r,cowplot,1
dataverse_legacy,jpipe,r,tigris,1
dataverse_legacy,jpipe,r,cdlTools,1
dataverse_legacy,jpipe,r,here,1
dataverse_legacy,jpipe,r,checkpoint,1
dataverse_legacy,jpipe,r,mediation,1
dataverse_legacy,jpipe,r,GGally,1
dataverse_legacy,jpipe,r,ggpubr,1
dataverse_legacy,jpipe,r,readstata13,1
dataverse_legacy,jpipe,r,PropCIs,1
dataverse_legacy,jpipe,r,DescTools,1
dataverse_legacy,jpipe,r,clusterSEs,1
dataverse_legacy,jpipe,r,cobalt,1
dataverse_legacy,jpipe,r,dataMaid,1
dataverse_legacy,jpipe,r,apsrtable,1
dataverse_legacy,jpipe,r,magrittr,1
dataverse_legacy,jpipe,r,vctrs,1
dataverse_legacy,jpipe,r,estimatr,1
dataverse_legacy,jpipe,r,extrafont,1
dataverse_legacy,jpipe,r,panelView,1
dataverse_legacy,jpipe,r,usmap,1
dataverse_legacy,jpipe,r,janitor,1
dataverse_legacy,jpipe,r,quanteda,1
dataverse_legacy,jpipe,r,quanteda.textmodels,1
dataverse_legacy,jpipe,r,glmnet,1
dataverse_legacy,jpipe,r,LiblineaR,1
dataverse_legacy,jpipe,r,tidytext,1
dataverse_legacy,jpipe,r,sf,1
dataverse_legacy,jpipe,r,ggrepel,1
dataverse_legacy,jpipe,r,pROC,1
dataverse_legacy,jpipe,r,gplots,1
dataverse_legacy,jpipe,r,visreg,1
dataverse_legacy,jpipe,r,ordinal,1
dataverse_legacy,jpipe,r,QuantPsyc,1
dataverse_legacy,jpipe,r,boot,1
dataverse_legacy,jpipe,r,texreg,1
dataverse_legacy,jpipe,r,arm,1
dataverse_legacy,jpipe,r,nnet,1
dataverse_legacy,jpipe,r,Amelia,1
dataverse_legacy,jpipe,r,rgenoud,1
dataverse_legacy,jpipe,r,olsrr,1
dataverse_legacy,jpipe,r,interplot,1
dataverse_legacy,jpipe,r,ggthemes,1
dataverse_legacy,jpipe,r,faraway,1
dataverse_legacy,jpipe,r,dummies,1
dataverse_legacy,jpipe,r,wnominate,1
dataverse_legacy,jpipe,r,readr,1
dataverse_legacy,jpipe,r,psy,1
dataverse_legacy,jpipe,r,psych,1
dataverse_legacy,jpipe,r,nFactors,1
dataverse_legacy,jpipe,r,oc,1
dataverse_legacy,jpipe,r,corrplot,1
dataverse_legacy,jpipe,r,Matching,1
dataverse_legacy,jpipe,r,margins,1
dataverse_legacy,jpipe,r,multiwayvcov,1
dataverse_legacy,jpipe,r,car,1
dataverse_legacy,jpipe,r,ggeffects,1
dataverse_legacy,jpipe,r,marginaleffects,1
dataverse_legacy,jpipe,stata,estout,5
dataverse_legacy,jpipe,stata,coefplot,5
dataverse_legacy,jpipe,stata,lgraph,2
dataverse_legacy,jpipe,stata,boottest,1
dataverse_legacy,jpipe,stata,spmap,1
dataverse_legacy,jpipe,stata,listtex,1
dataverse_legacy,jpipe,stata,binscatter,1
dataverse_legacy,jpipe,stata,outreg2,1
dataverse_legacy,jpipe,stata,grstyle,1
dataverse_legacy,jpipe,stata,reghdfe,1
dataverse_legacy,jpipe,stata,interflex,1
dataverse_legacy,jpipe,stata,xtivreg2,1
dataverse_legacy,jpipe,stata,weakiv,1
dataverse_legacy,jpipe,stata,seq,1
dataverse_legacy,jri,stata,cibar,1
dataverse_legacy,jri,stata,cdfplot,1
dataverse_legacy,jri,stata,psmatch2,1
dataverse_legacy,jri,stata,outreg2,1
dataverse_legacy,jri,stata,mfx2,1
dataverse_legacy,jri,stata,estout,1
dataverse_legacy,jri,stata,sutex,1
zenodo,labordynamicsinstitute,python,numpy,2
zenodo,labordynamicsinstitute,python,pandas,2
zenodo,labordynamicsinstitute,python,scipy,1
zenodo,labordynamicsinstitute,python,mw,1
zenodo,labordynamicsinstitute,python,data,1
zenodo,labordynamicsinstitute,python,query,1
zenodo,labordynamicsinstitute,python,firstpass,1
zenodo,labordynamicsinstitute,r,knitr,11
zenodo,labordynamicsinstitute,r,ggplot2,6
zenodo,labordynamicsinstitute,r,rmarkdown,6
zenodo,labordynamicsinstitute,r,dplyr,4
zenodo,labordynamicsinstitute,r,readr,4
zenodo,labordynamicsinstitute,r,here,3
zenodo,labordynamicsinstitute,r,rprojroot,3
zenodo,labordynamicsinstitute,r,readxl,2
zenodo,labordynamicsinstitute,r,tidyr,2
zenodo,labordynamicsinstitute,r,RColorBrewer,2
zenodo,labordynamicsinstitute,r,tidyverse,2
zenodo,labordynamicsinstitute,r,stargazer,2
zenodo,labordynamicsinstitute,r,DT,2
zenodo,labordynamicsinstitute,r,scales,1
zenodo,labordynamicsinstitute,r,svglite,1
zenodo,labordynamicsinstitute,r,latex2exp,1
zenodo,labordynamicsinstitute,r,shiny,1
zenodo,labordynamicsinstitute,r,RCurl,1
zenodo,labordynamicsinstitute,r,nnet,1
zenodo,labordynamicsinstitute,r,gdata,1
zenodo,labordynamicsinstitute,r,httr,1
zenodo,labordynamicsinstitute,r,jsonlite,1
zenodo,labordynamicsinstitute,r,stringr,1
zenodo,labordynamicsinstitute,r,digest,1
zenodo,labordynamicsinstitute,r,stringi,1
zenodo,labordynamicsinstitute,r,forcats,1
zenodo,labordynamicsinstitute,r,usmap,1
zenodo,labordynamicsinstitute,r,tibble,1
zenodo,labordynamicsinstitute,r,censusapi,1
zenodo,labordynamicsinstitute,r,assertthat,1
zenodo,labordynamicsinstitute,r,dgof,1
zenodo,labordynamicsinstitute,r,summarytools,1
zenodo,labordynamicsinstitute,r,knitcitations,1
zenodo,labordynamicsinstitute,r,ggthemes,1
zenodo,labordynamicsinstitute,r,config,1
zenodo,labordynamicsinstitute,stata,estout,2
zenodo,labordynamicsinstitute,stata,listtex,1
zenodo,labordynamicsinstitute,stata,latab,1
dataverse_legacy,lcnapsa,python,nltk,1
dataverse_legacy,lcnapsa,python,numpy,1
dataverse_legacy,lcnapsa,python,pandas,1
dataverse_legacy,lsq,python,pandas,5
dataverse_legacy,lsq,python,numpy,4
dataverse_legacy,lsq,python,scikit-learn,4
dataverse_legacy,lsq,python,nltk,4
dataverse_legacy,lsq,python,matplotlib,3
dataverse_legacy,lsq,python,simpletransformers,2
dataverse_legacy,lsq,python,torch,2
dataverse_legacy,lsq,python,tqdm,2
dataverse_legacy,lsq,python,regex,1
dataverse_legacy,lsq,python,google-api-python-client,1
dataverse_legacy,lsq,python,requests,1
dataverse_legacy,lsq,python,scipy,1
dataverse_legacy,lsq,python,xgboost,1
dataverse_legacy,lsq,python,keras,1
dataverse_legacy,lsq,python,tweepy,1
dataverse_legacy,lsq,python,psycopg2-binary,1
dataverse_legacy,lsq,r,ggplot2,23
dataverse_legacy,lsq,r,dplyr,20
dataverse_legacy,lsq,r,stargazer,19
dataverse_legacy,lsq,r,tidyverse,19
dataverse_legacy,lsq,r,foreign,15
dataverse_legacy,lsq,r,readstata13,11
dataverse_legacy,lsq,r,data.table,10
dataverse_legacy,lsq,r,MASS,10
dataverse_legacy,lsq,r,sandwich,10
dataverse_legacy,lsq,r,lmtest,10
dataverse_legacy,lsq,r,stringr,9
dataverse_legacy,lsq,r,scales,9
dataverse_legacy,lsq,r,xtable,9
dataverse_legacy,lsq,r,tidyr,8
dataverse_legacy,lsq,r,lme4,8
dataverse_legacy,lsq,r,texreg,7
dataverse_legacy,lsq,r,plm,7
dataverse_legacy,lsq,r,haven,7
dataverse_legacy,lsq,r,sjPlot,6
dataverse_legacy,lsq,r,lfe,6
dataverse_legacy,lsq,r,quanteda,6
dataverse_legacy,lsq,r,readxl,6
dataverse_legacy,lsq,r,ggeffects,6
dataverse_legacy,lsq,r,plyr,6
dataverse_legacy,lsq,r,margins,6
dataverse_legacy,lsq,r,rstudioapi,5
dataverse_legacy,lsq,r,lubridate,5
dataverse_legacy,lsq,r,jtools,5
dataverse_legacy,lsq,r,survival,5
dataverse_legacy,lsq,r,rstan,5
dataverse_legacy,lsq,r,car,5
dataverse_legacy,lsq,r,pscl,4
dataverse_legacy,lsq,r,broom,4
dataverse_legacy,lsq,r,gridExtra,4
dataverse_legacy,lsq,r,zoo,4
dataverse_legacy,lsq,r,ggrepel,4
dataverse_legacy,lsq,r,Hmisc,3
dataverse_legacy,lsq,r,cowplot,3
dataverse_legacy,lsq,r,ggpubr,3
dataverse_legacy,lsq,r,sjmisc,3
dataverse_legacy,lsq,r,caret,3
dataverse_legacy,lsq,r,e1071,3
dataverse_legacy,lsq,r,readtext,3
dataverse_legacy,lsq,r,tm,3
dataverse_legacy,lsq,r,DescTools,3
dataverse_legacy,lsq,r,reshape2,3
dataverse_legacy,lsq,r,multiwayvcov,3
dataverse_legacy,lsq,r,estimatr,2
dataverse_legacy,lsq,r,stm,2
dataverse_legacy,lsq,r,ggthemes,2
dataverse_legacy,lsq,r,glue,2
dataverse_legacy,lsq,r,aod,2
dataverse_legacy,lsq,r,RCurl,2
dataverse_legacy,lsq,r,XML,2
dataverse_legacy,lsq,r,extrafont,2
dataverse_legacy,lsq,r,effects,2
dataverse_legacy,lsq,r,glmnet,2
dataverse_legacy,lsq,r,rdd,2
dataverse_legacy,lsq,r,patchwork,2
dataverse_legacy,lsq,r,survey,2
dataverse_legacy,lsq,r,pBrackets,2
dataverse_legacy,lsq,r,kableExtra,1
dataverse_legacy,lsq,r,rlang,1
dataverse_legacy,lsq,r,readr,1
dataverse_legacy,lsq,r,text2vec,1
dataverse_legacy,lsq,r,clubSandwich,1
dataverse_legacy,lsq,r,purrr,1
dataverse_legacy,lsq,r,tidytext,1
dataverse_legacy,lsq,r,corrplot,1
dataverse_legacy,lsq,r,broom.helpers,1
dataverse_legacy,lsq,r,EnvStats,1
dataverse_legacy,lsq,r,survminer,1
dataverse_legacy,lsq,r,ggfortify,1
dataverse_legacy,lsq,r,frailtypack,1
dataverse_legacy,lsq,r,rjson,1
dataverse_legacy,lsq,r,betareg,1
dataverse_legacy,lsq,r,gmodels,1
dataverse_legacy,lsq,r,quanteda.textmodels,1
dataverse_legacy,lsq,r,quanteda.textplots,1
dataverse_legacy,lsq,r,DT,1
dataverse_legacy,lsq,r,ngram,1
dataverse_legacy,lsq,r,mfx,1
dataverse_legacy,lsq,r,erer,1
dataverse_legacy,lsq,r,tibble,1
dataverse_legacy,lsq,r,Ecdat,1
dataverse_legacy,lsq,r,sjlabelled,1
dataverse_legacy,lsq,r,ggstatsplot,1
dataverse_legacy,lsq,r,interplot,1
dataverse_legacy,lsq,r,coefplot,1
dataverse_legacy,lsq,r,arsenal,1
dataverse_legacy,lsq,r,devtools,1
dataverse_legacy,lsq,r,irr,1
dataverse_legacy,lsq,r,arm,1
dataverse_legacy,lsq,r,sampleSelection,1
dataverse_legacy,lsq,r,rjags,1
dataverse_legacy,lsq,r,Zelig,1
dataverse_legacy,lsq,r,statnet,1
dataverse_legacy,lsq,r,latentnet,1
dataverse_legacy,lsq,r,igraph,1
dataverse_legacy,lsq,r,Rlab,1
dataverse_legacy,lsq,r,xlsx,1
dataverse_legacy,lsq,r,zipcode,1
dataverse_legacy,lsq,r,choroplethr,1
dataverse_legacy,lsq,r,RMariaDB,1
dataverse_legacy,lsq,r,xml2,1
dataverse_legacy,lsq,r,lsa,1
dataverse_legacy,lsq,r,toOrdinal,1
dataverse_legacy,lsq,r,loo,1
dataverse_legacy,lsq,r,mgcv,1
dataverse_legacy,lsq,r,pacman,1
dataverse_legacy,lsq,r,colourvalues,1
dataverse_legacy,lsq,r,did,1
dataverse_legacy,lsq,r,DRDID,1
dataverse_legacy,lsq,r,wesanderson,1
dataverse_legacy,lsq,r,dotwhisker,1
dataverse_legacy,lsq,r,gmediation,1
dataverse_legacy,lsq,r,rfUtilities,1
dataverse_legacy,lsq,r,randomForest,1
dataverse_legacy,lsq,r,neuralnet,1
dataverse_legacy,lsq,r,ranger,1
dataverse_legacy,lsq,r,AER,1
dataverse_legacy,lsq,r,carData,1
dataverse_legacy,lsq,r,Formula,1
dataverse_legacy,lsq,r,sfsmisc,1
dataverse_legacy,lsq,r,pdp,1
dataverse_legacy,lsq,r,ICEbox,1
dataverse_legacy,lsq,r,ALEPlot,1
dataverse_legacy,lsq,r,ordinal,1
dataverse_legacy,lsq,r,nnet,1
dataverse_legacy,lsq,r,doMC,1
dataverse_legacy,lsq,r,stringdist,1
dataverse_legacy,lsq,r,janitor,1
dataverse_legacy,lsq,r,imputeTS,1
dataverse_legacy,lsq,r,topicmodels,1
dataverse_legacy,lsq,r,forcats,1
dataverse_legacy,lsq,r,interflex,1
dataverse_legacy,lsq,r,prediction,1
dataverse_legacy,lsq,r,countrycode,1
dataverse_legacy,lsq,r,rstanarm,1
dataverse_legacy,lsq,r,Cairo,1
dataverse_legacy,lsq,r,ROCR,1
dataverse_legacy,lsq,r,rdrobust,1
dataverse_legacy,lsq,r,panelView,1
dataverse_legacy,lsq,r,huxtable,1
dataverse_legacy,lsq,r,ggstance,1
dataverse_legacy,lsq,r,psych,1
dataverse_legacy,lsq,r,here,1
dataverse_legacy,lsq,r,easystats,1
dataverse_legacy,lsq,r,vtable,1
dataverse_legacy,lsq,r,fixest,1
dataverse_legacy,lsq,r,mokken,1
dataverse_legacy,lsq,r,coda,1
dataverse_legacy,lsq,r,infer,1
dataverse_legacy,lsq,r,dfidx,1
dataverse_legacy,lsq,r,mlogit,1
dataverse_legacy,lsq,r,ggh4x,1
dataverse_legacy,lsq,r,gamlss,1
dataverse_legacy,lsq,r,ggforce,1
dataverse_legacy,lsq,r,marginaleffects,1
dataverse_legacy,lsq,r,rio,1
dataverse_legacy,lsq,r,gtools,1
dataverse_legacy,lsq,r,cjoint,1
dataverse_legacy,lsq,r,stringi,1
dataverse_legacy,lsq,r,newsmap,1
dataverse_legacy,lsq,stata,estout,20
dataverse_legacy,lsq,stata,outreg2,8
dataverse_legacy,lsq,stata,coefplot,7
dataverse_legacy,lsq,stata,grstyle,2
dataverse_legacy,lsq,stata,rdrobust,2
dataverse_legacy,lsq,stata,mgen,1
dataverse_legacy,lsq,stata,maptile,1
dataverse_legacy,lsq,stata,icalc,1
dataverse_legacy,lsq,stata,clarify,1
dataverse_legacy,lsq,stata,psmatch2,1
dataverse_legacy,lsq,stata,labutil,1
dataverse_legacy,lsq,stata,xtgcause,1
dataverse_legacy,lsq,stata,xtpedroni,1
dataverse_legacy,lsq,stata,combomarginsplot,1
dataverse_legacy,lsq,stata,ciplot,1
dataverse_legacy,lsq,stata,fre,1
dataverse_legacy,lsq,stata,fitstat,1
dataverse_legacy,lsq,stata,rddensity,1
dataverse_legacy,lsq,stata,parmest,1
dataverse_legacy,lsq,stata,outreg,1
dataverse_legacy,ntj,python,pandas,1
dataverse_legacy,ntj,python,matplotlib,1
dataverse_legacy,ntj,python,pylab,1
dataverse_legacy,ntj,python,seaborn,1
dataverse_legacy,ntj,python,ImageIO,1
dataverse_legacy,ntj,python,numpy,1
dataverse_legacy,ntj,python,scikit-learn,1
dataverse_legacy,ntj,python,scipy,1
dataverse_legacy,ntj,python,sparse-dot-topn,1
dataverse_legacy,ntj,python,fuzzywuzzy,1
dataverse_legacy,ntj,r,did,1
dataverse_legacy,ntj,r,fastDummies,1
dataverse_legacy,ntj,r,dplyr,1
dataverse_legacy,ntj,r,sqldf,1
dataverse_legacy,ntj,r,clubSandwich,1
dataverse_legacy,ntj,r,broom,1
dataverse_legacy,ntj,stata,gtools,2
dataverse_legacy,ntj,stata,niceloglabels,2
dataverse_legacy,ntj,stata,reghdfe,2
dataverse_legacy,ntj,stata,estout,1
dataverse_legacy,ntj,stata,carryforward,1
dataverse_legacy,ntj,stata,winsor2,1
dataverse_legacy,ntj,stata,robreg,1
dataverse_legacy,ntj,stata,outreg2,1
dataverse_legacy,ntj,stata,ebalance,1
dataverse_legacy,pa,r,ggpubr,3
dataverse_legacy,pa,r,tidyverse,2
dataverse_legacy,pa,r,ggplot2,2
dataverse_legacy,pa,r,gridExtra,2
dataverse_legacy,pa,r,plyr,2
dataverse_legacy,pa,r,psych,2
dataverse_legacy,pa,r,haven,1
dataverse_legacy,pa,r,foreign,1
dataverse_legacy,pa,r,ggsci,1
dataverse_legacy,pa,r,tidyr,1
dataverse_legacy,pa,r,reshape2,1
dataverse_legacy,pa,r,ggridges,1
dataverse_legacy,pa,r,readxl,1
dataverse_legacy,pa,r,ggrepel,1
dataverse_legacy,pa,r,car,1
dataverse_legacy,pa,r,boot,1
dataverse_legacy,pa,r,dplyr,1
dataverse_legacy,pa,r,stargazer,1
dataverse_legacy,pa,r,Hmisc,1
dataverse_legacy,pa,r,TOSTER,1
dataverse_legacy,pa,r,AER,1
dataverse_legacy,pa,r,table1,1
dataverse_legacy,pa,r,htmltools,1
dataverse_legacy,pa,r,MASS,1
dataverse_legacy,pa,r,tibble,1
dataverse_legacy,pa,r,weights,1
dataverse_legacy,pa,r,broman,1
dataverse_legacy,pa,r,xtable,1
dataverse_legacy,pa,r,survey,1
dataverse_legacy,pa,r,emmeans,1
dataverse_legacy,pa,r,writexl,1
dataverse_legacy,pa,r,lmerTest,1
dataverse_legacy,pa,r,modelsummary,1
dataverse_legacy,pa,stata,estout,8
dataverse_legacy,pa,stata,coefplot,3
dataverse_legacy,pa,stata,sutex,2
dataverse_legacy,pa,stata,tab_chi,1
dataverse_legacy,pa,stata,reghdfe,1
dataverse_legacy,pa,stata,ivreghdfe,1
dataverse_legacy,pa,stata,conjoint,1
dataverse_legacy,pa,stata,asdoc,1
dataverse_legacy,pa,stata,orth_out,1
dataverse_legacy,pan,python,numpy,18
dataverse_legacy,pan,python,pandas,17
dataverse_legacy,pan,python,scikit-learn,14
dataverse_legacy,pan,python,matplotlib,11
dataverse_legacy,pan,python,scipy,7
dataverse_legacy,pan,python,torch,6
dataverse_legacy,pan,python,tqdm,5
dataverse_legacy,pan,python,seaborn,5
dataverse_legacy,pan,python,nltk,4
dataverse_legacy,pan,python,utils,4
dataverse_legacy,pan,python,plotly,3
dataverse_legacy,pan,python,requests,3
dataverse_legacy,pan,python,spacy,3
dataverse_legacy,pan,python,tensorflow,3
dataverse_legacy,pan,python,gensim,2
dataverse_legacy,pan,python,networkx,2
dataverse_legacy,pan,python,imblearn,2
dataverse_legacy,pan,python,torchvision,2
dataverse_legacy,pan,python,transformers,2
dataverse_legacy,pan,python,datasets,2
dataverse_legacy,pan,python,config,2
dataverse_legacy,pan,python,models,2
dataverse_legacy,pan,python,PyYAML,2
dataverse_legacy,pan,python,ipyparallel,1
dataverse_legacy,pan,python,pyvis,1
dataverse_legacy,pan,python,allennlp,1
dataverse_legacy,pan,python,relatio,1
dataverse_legacy,pan,python,textdistance,1
dataverse_legacy,pan,python,functions,1
dataverse_legacy,pan,python,geopy,1
dataverse_legacy,pan,python,gpt-2-simple,1
dataverse_legacy,pan,python,google-api-python-client,1
dataverse_legacy,pan,python,sentence-transformers,1
dataverse_legacy,pan,python,tensorflow-hub,1
dataverse_legacy,pan,python,import-ipynb,1
dataverse_legacy,pan,python,fast-pytorch-kmeans,1
dataverse_legacy,pan,python,optuna,1
dataverse_legacy,pan,python,joblib,1
dataverse_legacy,pan,python,helpers,1
dataverse_legacy,pan,python,descartes,1
dataverse_legacy,pan,python,Shapely,1
dataverse_legacy,pan,python,fiona,1
dataverse_legacy,pan,python,geojson,1
dataverse_legacy,pan,python,mander,1
dataverse_legacy,pan,python,pyproj,1
dataverse_legacy,pan,python,common,1
dataverse_legacy,pan,python,ipython,1
dataverse_legacy,pan,python,helper,1
dataverse_legacy,pan,python,util,1
dataverse_legacy,pan,python,pystan,1
dataverse_legacy,pan,python,tabulate,1
dataverse_legacy,pan,python,vaderSentiment,1
dataverse_legacy,pan,python,simpletransformers,1
dataverse_legacy,pan,python,gerrychain,1
dataverse_legacy,pan,python,geopandas,1
dataverse_legacy,pan,python,Unidecode,1
dataverse_legacy,pan,python,statsmodels,1
dataverse_legacy,pan,python,yellowbrick,1
dataverse_legacy,pan,python,src,1
dataverse_legacy,pan,python,Pillow,1
dataverse_legacy,pan,python,fiftyone,1
dataverse_legacy,pan,python,opencv-python,1
dataverse_legacy,pan,python,fcg,1
dataverse_legacy,pan,python,KNN,1
dataverse_legacy,pan,python,setuptools,1
dataverse_legacy,pan,python,wandb-utils,1
dataverse_legacy,pan,python,pretrainedmodels,1
dataverse_legacy,pan,python,KDEpy,1
dataverse_legacy,pan,python,facenet-pytorch,1
dataverse_legacy,pan,python,face-detection,1
dataverse_legacy,pan,python,external,1
dataverse_legacy,pan,python,insightface,1
dataverse_legacy,pan,python,termcolor,1
dataverse_legacy,pan,python,thop,1
dataverse_legacy,pan,python,wandb,1
dataverse_legacy,pan,python,midas,1
dataverse_legacy,pan,python,pytrends,1
dataverse_legacy,pan,python,xgboost,1
dataverse_legacy,pan,r,ggplot2,73
dataverse_legacy,pan,r,foreign,61
dataverse_legacy,pan,r,xtable,51
dataverse_legacy,pan,r,dplyr,48
dataverse_legacy,pan,r,MASS,39
dataverse_legacy,pan,r,stringr,29
dataverse_legacy,pan,r,plyr,27
dataverse_legacy,pan,r,reshape2,26
dataverse_legacy,pan,r,gridExtra,22
dataverse_legacy,pan,r,tidyverse,22
dataverse_legacy,pan,r,sandwich,19
dataverse_legacy,pan,r,scales,18
dataverse_legacy,pan,r,data.table,17
dataverse_legacy,pan,r,stargazer,17
dataverse_legacy,pan,r,devtools,17
dataverse_legacy,pan,r,tidyr,15
dataverse_legacy,pan,r,lmtest,15
dataverse_legacy,pan,r,foreach,13
dataverse_legacy,pan,r,car,13
dataverse_legacy,pan,r,mvtnorm,12
dataverse_legacy,pan,r,lattice,12
dataverse_legacy,pan,r,doParallel,12
dataverse_legacy,pan,r,MCMCpack,11
dataverse_legacy,pan,r,Matrix,11
dataverse_legacy,pan,r,arm,11
dataverse_legacy,pan,r,Matching,11
dataverse_legacy,pan,r,reshape,11
dataverse_legacy,pan,r,RColorBrewer,11
dataverse_legacy,pan,r,rstan,9
dataverse_legacy,pan,r,mgcv,9
dataverse_legacy,pan,r,cowplot,9
dataverse_legacy,pan,r,boot,9
dataverse_legacy,pan,r,plm,8
dataverse_legacy,pan,r,Amelia,8
dataverse_legacy,pan,r,doMC,8
dataverse_legacy,pan,r,gdata,8
dataverse_legacy,pan,r,haven,8
dataverse_legacy,pan,r,pscl,8
dataverse_legacy,pan,r,readr,8
dataverse_legacy,pan,r,lubridate,7
dataverse_legacy,pan,r,coda,7
dataverse_legacy,pan,r,pROC,7
dataverse_legacy,pan,r,psych,7
dataverse_legacy,pan,r,glmnet,7
dataverse_legacy,pan,r,Hmisc,6
dataverse_legacy,pan,r,broom,6
dataverse_legacy,pan,r,extrafont,6
dataverse_legacy,pan,r,purrr,6
dataverse_legacy,pan,r,matrixStats,6
dataverse_legacy,pan,r,quanteda,6
dataverse_legacy,pan,r,ggrepel,6
dataverse_legacy,pan,r,caret,6
dataverse_legacy,pan,r,readstata13,5
dataverse_legacy,pan,r,msm,5
dataverse_legacy,pan,r,survey,5
dataverse_legacy,pan,r,texreg,5
dataverse_legacy,pan,r,forcats,5
dataverse_legacy,pan,r,moments,5
dataverse_legacy,pan,r,list,5
dataverse_legacy,pan,r,snow,5
dataverse_legacy,pan,r,gtools,5
dataverse_legacy,pan,r,sp,5
dataverse_legacy,pan,r,Formula,5
dataverse_legacy,pan,r,here,5
dataverse_legacy,pan,r,VGAM,5
dataverse_legacy,pan,r,BayesTree,5
dataverse_legacy,pan,r,ggthemes,5
dataverse_legacy,pan,r,ltm,5
dataverse_legacy,pan,r,survival,5
dataverse_legacy,pan,r,estimatr,4
dataverse_legacy,pan,r,patchwork,4
dataverse_legacy,pan,r,nnet,4
dataverse_legacy,pan,r,ROCR,4
dataverse_legacy,pan,r,lfe,4
dataverse_legacy,pan,r,coin,4
dataverse_legacy,pan,r,bayesplot,4
dataverse_legacy,pan,r,mice,4
dataverse_legacy,pan,r,dummies,4
dataverse_legacy,pan,r,spdep,4
dataverse_legacy,pan,r,viridis,4
dataverse_legacy,pan,r,MatchIt,4
dataverse_legacy,pan,r,randomForest,4
dataverse_legacy,pan,r,KRLS,4
dataverse_legacy,pan,r,knitr,4
dataverse_legacy,pan,r,doRNG,4
dataverse_legacy,pan,r,e1071,4
dataverse_legacy,pan,r,ggpubr,4
dataverse_legacy,pan,r,stringi,4
dataverse_legacy,pan,r,latex2exp,4
dataverse_legacy,pan,r,rstudioapi,4
dataverse_legacy,pan,r,stm,4
dataverse_legacy,pan,r,igraph,4
dataverse_legacy,pan,r,openxlsx,3
dataverse_legacy,pan,r,magrittr,3
dataverse_legacy,pan,r,mlogit,3
dataverse_legacy,pan,r,R2jags,3
dataverse_legacy,pan,r,mi,3
dataverse_legacy,pan,r,norm,3
dataverse_legacy,pan,r,QCA,3
dataverse_legacy,pan,r,plotrix,3
dataverse_legacy,pan,r,fixest,3
dataverse_legacy,pan,r,irr,3
dataverse_legacy,pan,r,rmarkdown,3
dataverse_legacy,pan,r,loo,3
dataverse_legacy,pan,r,GGally,3
dataverse_legacy,pan,r,abind,3
dataverse_legacy,pan,r,maptools,3
dataverse_legacy,pan,r,countrycode,3
dataverse_legacy,pan,r,corrplot,3
dataverse_legacy,pan,r,sf,3
dataverse_legacy,pan,r,numDeriv,3
dataverse_legacy,pan,r,exactRankTests,3
dataverse_legacy,pan,r,wordcloud,3
dataverse_legacy,pan,r,tm,3
dataverse_legacy,pan,r,oc,3
dataverse_legacy,pan,r,rgdal,3
dataverse_legacy,pan,r,emIRT,3
dataverse_legacy,pan,r,weights,3
dataverse_legacy,pan,r,wnominate,3
dataverse_legacy,pan,r,wru,3
dataverse_legacy,pan,r,gbm,3
dataverse_legacy,pan,r,sem,3
dataverse_legacy,pan,r,kableExtra,3
dataverse_legacy,pan,r,statnet,3
dataverse_legacy,pan,r,colorspace,2
dataverse_legacy,pan,r,MSBVAR,2
dataverse_legacy,pan,r,mnormt,2
dataverse_legacy,pan,r,memisc,2
dataverse_legacy,pan,r,doSNOW,2
dataverse_legacy,pan,r,mvnmle,2
dataverse_legacy,pan,r,bayesSurv,2
dataverse_legacy,pan,r,rjson,2
dataverse_legacy,pan,r,multicore,2
dataverse_legacy,pan,r,corpcor,2
dataverse_legacy,pan,r,quadprog,2
dataverse_legacy,pan,r,TeachingDemos,2
dataverse_legacy,pan,r,rms,2
dataverse_legacy,pan,r,Zelig,2
dataverse_legacy,pan,r,rjags,2
dataverse_legacy,pan,r,mc2d,2
dataverse_legacy,pan,r,vcd,2
dataverse_legacy,pan,r,RecordLinkage,2
dataverse_legacy,pan,r,Cairo,2
dataverse_legacy,pan,r,psy,2
dataverse_legacy,pan,r,faux,2
dataverse_legacy,pan,r,gsynth,2
dataverse_legacy,pan,r,Synth,2
dataverse_legacy,pan,r,rbounds,2
dataverse_legacy,pan,r,gmodels,2
dataverse_legacy,pan,r,fields,2
dataverse_legacy,pan,r,zoo,2
dataverse_legacy,pan,r,pracma,2
dataverse_legacy,pan,r,quantreg,2
dataverse_legacy,pan,r,cem,2
dataverse_legacy,pan,r,FindIt,2
dataverse_legacy,pan,r,reticulate,2
dataverse_legacy,pan,r,dotwhisker,2
dataverse_legacy,pan,r,betareg,2
dataverse_legacy,pan,r,RSQLite,2
dataverse_legacy,pan,r,bindata,2
dataverse_legacy,pan,r,nleqslv,2
dataverse_legacy,pan,r,SDMTools,2
dataverse_legacy,pan,r,effects,2
dataverse_legacy,pan,r,lme4,2
dataverse_legacy,pan,r,sqldf,2
dataverse_legacy,pan,r,bayesm,2
dataverse_legacy,pan,r,latticeExtra,2
dataverse_legacy,pan,r,tibble,2
dataverse_legacy,pan,r,Rcpp,2
dataverse_legacy,pan,r,RItools,2
dataverse_legacy,pan,r,gregmisc,2
dataverse_legacy,pan,r,svMisc,2
dataverse_legacy,pan,r,doMPI,2
dataverse_legacy,pan,r,DescTools,2
dataverse_legacy,pan,r,raster,2
dataverse_legacy,pan,r,arfima,2
dataverse_legacy,pan,r,AER,2
dataverse_legacy,pan,r,separationplot,2
dataverse_legacy,pan,r,pacman,2
dataverse_legacy,pan,r,testthat,2
dataverse_legacy,pan,r,readxl,2
dataverse_legacy,pan,r,tseries,2
dataverse_legacy,pan,r,monomvn,2
dataverse_legacy,pan,r,mvnfast,2
dataverse_legacy,pan,r,MLmetrics,2
dataverse_legacy,pan,r,sfsmisc,2
dataverse_legacy,pan,r,network,2
dataverse_legacy,pan,r,ergm,2
dataverse_legacy,pan,r,electionsBR,1
dataverse_legacy,pan,r,games,1
dataverse_legacy,pan,r,dyn,1
dataverse_legacy,pan,r,brew,1
dataverse_legacy,pan,r,ROAuth,1
dataverse_legacy,pan,r,RCurl,1
dataverse_legacy,pan,r,rmongodb,1
dataverse_legacy,pan,r,R2WinBUGS,1
dataverse_legacy,pan,r,RJSONIO,1
dataverse_legacy,pan,r,httr,1
dataverse_legacy,pan,r,streamR,1
dataverse_legacy,pan,r,RxCEcolInf,1
dataverse_legacy,pan,r,pbapply,1
dataverse_legacy,pan,r,matlab,1
dataverse_legacy,pan,r,basicspace,1
dataverse_legacy,pan,r,JudgeIt,1
dataverse_legacy,pan,r,ri,1
dataverse_legacy,pan,r,sjlabelled,1
dataverse_legacy,pan,r,xlsx,1
dataverse_legacy,pan,r,stringdist,1
dataverse_legacy,pan,r,gtable,1
dataverse_legacy,pan,r,egg,1
dataverse_legacy,pan,r,ade4,1
dataverse_legacy,pan,r,simex,1
dataverse_legacy,pan,r,astsa,1
dataverse_legacy,pan,r,brms,1
dataverse_legacy,pan,r,posterior,1
dataverse_legacy,pan,r,future.apply,1
dataverse_legacy,pan,r,gamlss.dist,1
dataverse_legacy,pan,r,poweRlaw,1
dataverse_legacy,pan,r,np,1
dataverse_legacy,pan,r,KernSmooth,1
dataverse_legacy,pan,r,gplots,1
dataverse_legacy,pan,r,gsubfn,1
dataverse_legacy,pan,r,beanplot,1
dataverse_legacy,pan,r,Kendall,1
dataverse_legacy,pan,r,McSpatial,1
dataverse_legacy,pan,r,cshapes,1
dataverse_legacy,pan,r,geosphere,1
dataverse_legacy,pan,r,frontier,1
dataverse_legacy,pan,r,npbr,1
dataverse_legacy,pan,r,Rglpk,1
dataverse_legacy,pan,r,plot3D,1
dataverse_legacy,pan,r,dgo,1
dataverse_legacy,pan,r,rstanarm,1
dataverse_legacy,pan,r,spatialreg,1
dataverse_legacy,pan,r,tictoc,1
dataverse_legacy,pan,r,truncnorm,1
dataverse_legacy,pan,r,distr,1
dataverse_legacy,pan,r,rlist,1
dataverse_legacy,pan,r,cluster,1
dataverse_legacy,pan,r,QCApro,1
dataverse_legacy,pan,r,CausalGAM,1
dataverse_legacy,pan,r,rJava,1
dataverse_legacy,pan,r,RWeka,1
dataverse_legacy,pan,r,brglm,1
dataverse_legacy,pan,r,detectseparation,1
dataverse_legacy,pan,r,keras,1
dataverse_legacy,pan,r,corpus,1
dataverse_legacy,pan,r,syuzhet,1
dataverse_legacy,pan,r,ROCit,1
dataverse_legacy,pan,r,Rmisc,1
dataverse_legacy,pan,r,hot.deck,1
dataverse_legacy,pan,r,mirt,1
dataverse_legacy,pan,r,miceadds,1
dataverse_legacy,pan,r,nlWaldTest,1
dataverse_legacy,pan,r,poLCA,1
dataverse_legacy,pan,r,runjags,1
dataverse_legacy,pan,r,mediation,1
dataverse_legacy,pan,r,ebal,1
dataverse_legacy,pan,r,GenKern,1
dataverse_legacy,pan,r,CBPS,1
dataverse_legacy,pan,r,clusterSEs,1
dataverse_legacy,pan,r,sjstats,1
dataverse_legacy,pan,r,wesanderson,1
dataverse_legacy,pan,r,irlba,1
dataverse_legacy,pan,r,itertools,1
dataverse_legacy,pan,r,CCAGFA,1
dataverse_legacy,pan,r,vegan,1
dataverse_legacy,pan,r,plsdepot,1
dataverse_legacy,pan,r,philentropy,1
dataverse_legacy,pan,r,smacof,1
dataverse_legacy,pan,r,doBy,1
dataverse_legacy,pan,r,QCAfalsePositive,1
dataverse_legacy,pan,r,colorout,1
dataverse_legacy,pan,r,RPostgreSQL,1
dataverse_legacy,pan,r,maps,1
dataverse_legacy,pan,r,mapproj,1
dataverse_legacy,pan,r,hIRT,1
dataverse_legacy,pan,r,microbenchmark,1
dataverse_legacy,pan,r,pryr,1
dataverse_legacy,pan,r,statmod,1
dataverse_legacy,pan,r,prettyR,1
dataverse_legacy,pan,r,GWmodel,1
dataverse_legacy,pan,r,spgwr,1
dataverse_legacy,pan,r,factorEx,1
dataverse_legacy,pan,r,bggum,1
dataverse_legacy,pan,r,GGUM,1
dataverse_legacy,pan,r,ape,1
dataverse_legacy,pan,r,inters,1
dataverse_legacy,pan,r,hdm,1
dataverse_legacy,pan,r,BART,1
dataverse_legacy,pan,r,blockTools,1
dataverse_legacy,pan,r,ellipse,1
dataverse_legacy,pan,r,neuralnet,1
dataverse_legacy,pan,r,ranger,1
dataverse_legacy,pan,r,dataverse,1
dataverse_legacy,pan,r,emdbook,1
dataverse_legacy,pan,r,BenfordTests,1
dataverse_legacy,pan,r,spikes,1
dataverse_legacy,pan,r,rstatix,1
dataverse_legacy,pan,r,correlation,1
dataverse_legacy,pan,r,ProbitSpatial,1
dataverse_legacy,pan,r,stepPlr,1
dataverse_legacy,pan,r,bda,1
dataverse_legacy,pan,r,systemfit,1
dataverse_legacy,pan,r,pwr,1
dataverse_legacy,pan,r,NPC,1
dataverse_legacy,pan,r,OpenMx,1
dataverse_legacy,pan,r,BayesLogit,1
dataverse_legacy,pan,r,ForeCA,1
dataverse_legacy,pan,r,geoR,1
dataverse_legacy,pan,r,mosaic,1
dataverse_legacy,pan,r,fracdiff,1
dataverse_legacy,pan,r,redist,1
dataverse_legacy,pan,r,rgeos,1
dataverse_legacy,pan,r,splitstackshape,1
dataverse_legacy,pan,r,pcse,1
dataverse_legacy,pan,r,pastecs,1
dataverse_legacy,pan,r,stableGR,1
dataverse_legacy,pan,r,NetworkChange,1
dataverse_legacy,pan,r,rbenchmark,1
dataverse_legacy,pan,r,accuracy,1
dataverse_legacy,pan,r,QuantPsyc,1
dataverse_legacy,pan,r,panel,1
dataverse_legacy,pan,r,kinship,1
dataverse_legacy,pan,r,agce,1
dataverse_legacy,pan,r,smoothSurv,1
dataverse_legacy,pan,r,ngram,1
dataverse_legacy,pan,r,rdrobust,1
dataverse_legacy,pan,r,multiwayvcov,1
dataverse_legacy,pan,r,rdd,1
dataverse_legacy,pan,r,emdist,1
dataverse_legacy,pan,r,clusterGeneration,1
dataverse_legacy,pan,r,iterators,1
dataverse_legacy,pan,r,hexSticker,1
dataverse_legacy,pan,r,mstate,1
dataverse_legacy,pan,r,readtext,1
dataverse_legacy,pan,r,googleLanguageR,1
dataverse_legacy,pan,r,mapDK,1
dataverse_legacy,pan,r,logistf,1
dataverse_legacy,pan,r,causalsens,1
dataverse_legacy,pan,r,SparseM,1
dataverse_legacy,pan,r,SuperLearner,1
dataverse_legacy,pan,r,sparsereg,1
dataverse_legacy,pan,r,cjoint,1
dataverse_legacy,pan,r,leaps,1
dataverse_legacy,pan,r,leiv,1
dataverse_legacy,pan,r,apsrtable,1
dataverse_legacy,pan,r,validateIt,1
dataverse_legacy,pan,r,pyMTurkR,1
dataverse_legacy,pan,r,copula,1
dataverse_legacy,pan,r,furrr,1
dataverse_legacy,pan,r,future,1
dataverse_legacy,pan,r,pBrackets,1
dataverse_legacy,pan,r,gam,1
dataverse_legacy,pan,r,RcppTN,1
dataverse_legacy,pan,r,RcppArmadillo,1
dataverse_legacy,pan,r,Ternary,1
dataverse_legacy,pan,r,showtext,1
dataverse_legacy,pan,r,scoring,1
dataverse_legacy,pan,r,RSNNS,1
dataverse_legacy,pan,r,caTools,1
dataverse_legacy,pan,r,bife,1
dataverse_legacy,pan,r,formula.tools,1
dataverse_legacy,pan,r,ei,1
dataverse_legacy,pan,r,assertthat,1
dataverse_legacy,pan,r,anesrake,1
dataverse_legacy,pan,r,ggridges,1
dataverse_legacy,pan,r,combinat,1
dataverse_legacy,pan,r,sna,1
dataverse_legacy,pan,r,collapse,1
dataverse_legacy,pan,r,jsonlite,1
dataverse_legacy,pan,r,intergraph,1
dataverse_legacy,pan,r,tidygraph,1
dataverse_legacy,pan,r,skimr,1
dataverse_legacy,pan,r,ggnetwork,1
dataverse_legacy,pan,r,bigalgebra,1
dataverse_legacy,pan,r,ggcorrplot,1
dataverse_legacy,pan,r,glue,1
dataverse_legacy,pan,r,latentnet,1
dataverse_legacy,pan,r,EnvStats,1
dataverse_legacy,pan,r,egoTERGM,1
dataverse_legacy,pan,r,xergm.common,1
dataverse_legacy,pan,r,btergm,1
dataverse_legacy,pan,r,xergm,1
dataverse_legacy,pan,r,minqa,1
dataverse_legacy,pan,r,rgenoud,1
dataverse_legacy,pan,r,sampling,1
dataverse_legacy,pan,r,nlme,1
dataverse_legacy,pan,r,Rmpi,1
dataverse_legacy,pan,r,coxrobust,1
dataverse_legacy,pan,r,treatSens,1
dataverse_legacy,pan,r,norm2,1
dataverse_legacy,pan,r,tables,1
dataverse_legacy,pan,r,multcomp,1
dataverse_legacy,pan,r,extrafontdb,1
dataverse_legacy,pan,r,checkpoint,1
dataverse_legacy,pan,r,RcppEigen,1
dataverse_legacy,pan,r,SetMethods,1
dataverse_legacy,pan,r,DataCombine,1
dataverse_legacy,pan,r,mlbench,1
dataverse_legacy,pan,r,preText,1
dataverse_legacy,pan,r,topicmodels,1
dataverse_legacy,pan,r,RSiena,1
dataverse_legacy,pan,r,googledrive,1
dataverse_legacy,pan,r,tidybayes,1
dataverse_legacy,pan,r,optmatch,1
dataverse_legacy,pan,r,Lmoments,1
dataverse_legacy,pan,r,gglorenz,1
dataverse_legacy,pan,stata,estout,16
dataverse_legacy,pan,stata,outreg2,7
dataverse_legacy,pan,stata,coefplot,6
dataverse_legacy,pan,stata,clarify,5
dataverse_legacy,pan,stata,reghdfe,3
dataverse_legacy,pan,stata,mat2txt,3
dataverse_legacy,pan,stata,gsample,2
dataverse_legacy,pan,stata,binscatter,2
dataverse_legacy,pan,stata,lgraph,2
dataverse_legacy,pan,stata,fre,2
dataverse_legacy,pan,stata,vreverse,2
dataverse_legacy,pan,stata,grstyle,2
dataverse_legacy,pan,stata,rdrobust,2
dataverse_legacy,pan,stata,parmest,1
dataverse_legacy,pan,stata,lincomest,1
dataverse_legacy,pan,stata,survsim,1
dataverse_legacy,pan,stata,stpm2,1
dataverse_legacy,pan,stata,asdoc,1
dataverse_legacy,pan,stata,ivreghdfe,1
dataverse_legacy,pan,stata,sutex,1
dataverse_legacy,pan,stata,binscatterhist,1
dataverse_legacy,pan,stata,mdesc,1
dataverse_legacy,pan,stata,ivreg2,1
dataverse_legacy,pan,stata,rowsort,1
dataverse_legacy,pan,stata,mixlogit,1
dataverse_legacy,pan,stata,est2tex,1
dataverse_legacy,pan,stata,xtivreg2,1
dataverse_legacy,pan,stata,winsor2,1
dataverse_legacy,pan,stata,logout,1
dataverse_legacy,pan,stata,tabstatmat,1
dataverse_legacy,pan,stata,texdoc,1
dataverse_legacy,pan,stata,rrreg,1
dataverse_legacy,pan,stata,rrlogit,1
dataverse_legacy,pan,stata,estwrite,1
dataverse_legacy,pan,stata,addplot,1
dataverse_legacy,pan,stata,erepost,1
dataverse_legacy,pan,stata,outtable,1
dataverse_legacy,pan,stata,rsource,1
dataverse_legacy,pan,stata,ginireg,1
dataverse_legacy,pan,stata,postrcspline,1
dataverse_legacy,pan,stata,akdensity,1
dataverse_legacy,pan,stata,rowranks,1
dataverse_legacy,pan,stata,gtools,1
dataverse_legacy,perspectives,r,ggplot2,48
dataverse_legacy,perspectives,r,dplyr,32
dataverse_legacy,perspectives,r,tidyverse,28
dataverse_legacy,perspectives,r,foreign,24
dataverse_legacy,perspectives,r,stargazer,20
dataverse_legacy,perspectives,r,scales,19
dataverse_legacy,perspectives,r,readxl,18
dataverse_legacy,perspectives,r,reshape2,14
dataverse_legacy,perspectives,r,lubridate,14
dataverse_legacy,perspectives,r,stringr,14
dataverse_legacy,perspectives,r,haven,13
dataverse_legacy,perspectives,r,gridExtra,12
dataverse_legacy,perspectives,r,MASS,12
dataverse_legacy,perspectives,r,plyr,11
dataverse_legacy,perspectives,r,RColorBrewer,10
dataverse_legacy,perspectives,r,car,10
dataverse_legacy,perspectives,r,texreg,9
dataverse_legacy,perspectives,r,readstata13,9
dataverse_legacy,perspectives,r,psych,8
dataverse_legacy,perspectives,r,ggthemes,8
dataverse_legacy,perspectives,r,plm,8
dataverse_legacy,perspectives,r,readr,8
dataverse_legacy,perspectives,r,tidyr,7
dataverse_legacy,perspectives,r,lmtest,7
dataverse_legacy,perspectives,r,Hmisc,6
dataverse_legacy,perspectives,r,xtable,6
dataverse_legacy,perspectives,r,survey,6
dataverse_legacy,perspectives,r,sandwich,6
dataverse_legacy,perspectives,r,data.table,6
dataverse_legacy,perspectives,r,ggpubr,5
dataverse_legacy,perspectives,r,kableExtra,5
dataverse_legacy,perspectives,r,knitr,5
dataverse_legacy,perspectives,r,cowplot,5
dataverse_legacy,perspectives,r,lme4,5
dataverse_legacy,perspectives,r,arm,5
dataverse_legacy,perspectives,r,AER,5
dataverse_legacy,perspectives,r,lattice,5
dataverse_legacy,perspectives,r,countrycode,5
dataverse_legacy,perspectives,r,broom,5
dataverse_legacy,perspectives,r,pacman,4
dataverse_legacy,perspectives,r,mediation,4
dataverse_legacy,perspectives,r,effects,4
dataverse_legacy,perspectives,r,pastecs,4
dataverse_legacy,perspectives,r,janitor,4
dataverse_legacy,perspectives,r,jtools,4
dataverse_legacy,perspectives,r,lfe,4
dataverse_legacy,perspectives,r,estimatr,4
dataverse_legacy,perspectives,r,nnet,4
dataverse_legacy,perspectives,r,pscl,4
dataverse_legacy,perspectives,r,here,3
dataverse_legacy,perspectives,r,maptools,3
dataverse_legacy,perspectives,r,plotrix,3
dataverse_legacy,perspectives,r,zoo,3
dataverse_legacy,perspectives,r,writexl,3
dataverse_legacy,perspectives,r,sjPlot,3
dataverse_legacy,perspectives,r,sjmisc,3
dataverse_legacy,perspectives,r,interactions,3
dataverse_legacy,perspectives,r,weights,3
dataverse_legacy,perspectives,r,viridis,3
dataverse_legacy,perspectives,r,academictwitteR,3
dataverse_legacy,perspectives,r,cobalt,3
dataverse_legacy,perspectives,r,coda,3
dataverse_legacy,perspectives,r,aod,3
dataverse_legacy,perspectives,r,tidytext,3
dataverse_legacy,perspectives,r,purrr,2
dataverse_legacy,perspectives,r,rgdal,2
dataverse_legacy,perspectives,r,strucchange,2
dataverse_legacy,perspectives,r,forecast,2
dataverse_legacy,perspectives,r,plotly,2
dataverse_legacy,perspectives,r,multcomp,2
dataverse_legacy,perspectives,r,lsmeans,2
dataverse_legacy,perspectives,r,boot,2
dataverse_legacy,perspectives,r,tsibble,2
dataverse_legacy,perspectives,r,GGally,2
dataverse_legacy,perspectives,r,webshot,2
dataverse_legacy,perspectives,r,htmlwidgets,2
dataverse_legacy,perspectives,r,maps,2
dataverse_legacy,perspectives,r,miceadds,2
dataverse_legacy,perspectives,r,gtools,2
dataverse_legacy,perspectives,r,coefplot,2
dataverse_legacy,perspectives,r,ggrepel,2
dataverse_legacy,perspectives,r,latticeExtra,2
dataverse_legacy,perspectives,r,systemfit,2
dataverse_legacy,perspectives,r,survival,2
dataverse_legacy,perspectives,r,rms,2
dataverse_legacy,perspectives,r,quanteda,2
dataverse_legacy,perspectives,r,stringi,2
dataverse_legacy,perspectives,r,ggeffects,2
dataverse_legacy,perspectives,r,dotwhisker,2
dataverse_legacy,perspectives,r,marginaleffects,2
dataverse_legacy,perspectives,r,reshape,2
dataverse_legacy,perspectives,r,gplots,2
dataverse_legacy,perspectives,r,gdata,2
dataverse_legacy,perspectives,r,MatchIt,2
dataverse_legacy,perspectives,r,memisc,2
dataverse_legacy,perspectives,r,wnominate,2
dataverse_legacy,perspectives,r,multiwayvcov,2
dataverse_legacy,perspectives,r,sf,2
dataverse_legacy,perspectives,r,vcd,2
dataverse_legacy,perspectives,r,corrplot,2
dataverse_legacy,perspectives,r,apsrtable,2
dataverse_legacy,perspectives,r,Zelig,2
dataverse_legacy,perspectives,r,glue,2
dataverse_legacy,perspectives,r,emmeans,1
dataverse_legacy,perspectives,r,forcats,1
dataverse_legacy,perspectives,r,magrittr,1
dataverse_legacy,perspectives,r,rstatix,1
dataverse_legacy,perspectives,r,shapefiles,1
dataverse_legacy,perspectives,r,dismo,1
dataverse_legacy,perspectives,r,TSstudio,1
dataverse_legacy,perspectives,r,ggseas,1
dataverse_legacy,perspectives,r,lmerTest,1
dataverse_legacy,perspectives,r,merTools,1
dataverse_legacy,perspectives,r,nloptr,1
dataverse_legacy,perspectives,r,ebal,1
dataverse_legacy,perspectives,r,list,1
dataverse_legacy,perspectives,r,broom.helpers,1
dataverse_legacy,perspectives,r,cjoint,1
dataverse_legacy,perspectives,r,gtrendsR,1
dataverse_legacy,perspectives,r,wordcloud,1
dataverse_legacy,perspectives,r,wordcloud2,1
dataverse_legacy,perspectives,r,tm,1
dataverse_legacy,perspectives,r,clubSandwich,1
dataverse_legacy,perspectives,r,linkcomm,1
dataverse_legacy,perspectives,r,statnet,1
dataverse_legacy,perspectives,r,reticulate,1
dataverse_legacy,perspectives,r,log4r,1
dataverse_legacy,perspectives,r,smacof,1
dataverse_legacy,perspectives,r,party,1
dataverse_legacy,perspectives,r,lavaan,1
dataverse_legacy,perspectives,r,rstudioapi,1
dataverse_legacy,perspectives,r,loo,1
dataverse_legacy,perspectives,r,bayesplot,1
dataverse_legacy,perspectives,r,coxed,1
dataverse_legacy,perspectives,r,formula.tools,1
dataverse_legacy,perspectives,r,fastLink,1
dataverse_legacy,perspectives,r,benford.analysis,1
dataverse_legacy,perspectives,r,rio,1
dataverse_legacy,perspectives,r,manifestoR,1
dataverse_legacy,perspectives,r,stopwords,1
dataverse_legacy,perspectives,r,openxlsx,1
dataverse_legacy,perspectives,r,usmap,1
dataverse_legacy,perspectives,r,bacondecomp,1
dataverse_legacy,perspectives,r,HonestDiD,1
dataverse_legacy,perspectives,r,varhandle,1
dataverse_legacy,perspectives,r,GPArotation,1
dataverse_legacy,perspectives,r,sp,1
dataverse_legacy,perspectives,r,pglm,1
dataverse_legacy,perspectives,r,nFactors,1
dataverse_legacy,perspectives,r,margins,1
dataverse_legacy,perspectives,r,rsvg,1
dataverse_legacy,perspectives,r,labelled,1
dataverse_legacy,perspectives,r,RStata,1
dataverse_legacy,perspectives,r,gtable,1
dataverse_legacy,perspectives,r,interplot,1
dataverse_legacy,perspectives,r,pwr,1
dataverse_legacy,perspectives,r,RCurl,1
dataverse_legacy,perspectives,r,VennDiagram,1
dataverse_legacy,perspectives,r,expss,1
dataverse_legacy,perspectives,r,outreg,1
dataverse_legacy,perspectives,r,cdlTools,1
dataverse_legacy,perspectives,r,naniar,1
dataverse_legacy,perspectives,r,stm,1
dataverse_legacy,perspectives,r,mice,1
dataverse_legacy,perspectives,r,mitools,1
dataverse_legacy,perspectives,r,rjags,1
dataverse_legacy,perspectives,r,repmis,1
dataverse_legacy,perspectives,r,mgcv,1
dataverse_legacy,perspectives,r,lm.beta,1
dataverse_legacy,perspectives,r,standardize,1
dataverse_legacy,perspectives,r,modelsummary,1
dataverse_legacy,perspectives,r,tableHTML,1
dataverse_legacy,perspectives,r,tidyselect,1
dataverse_legacy,perspectives,r,colorRamps,1
dataverse_legacy,perspectives,r,rgl,1
dataverse_legacy,perspectives,r,DHARMa,1
dataverse_legacy,perspectives,r,rtweet,1
dataverse_legacy,perspectives,r,abind,1
dataverse_legacy,perspectives,r,nlme,1
dataverse_legacy,perspectives,r,devtools,1
dataverse_legacy,perspectives,r,gmodels,1
dataverse_legacy,perspectives,r,ZeligChoice,1
dataverse_legacy,perspectives,r,xlsx,1
dataverse_legacy,perspectives,r,irr,1
dataverse_legacy,perspectives,r,clusterSEs,1
dataverse_legacy,perspectives,r,tibble,1
dataverse_legacy,perspectives,r,RSQLite,1
dataverse_legacy,perspectives,r,humaniformat,1
dataverse_legacy,perspectives,r,xml2,1
dataverse_legacy,perspectives,r,igraph,1
dataverse_legacy,perspectives,r,circlize,1
dataverse_legacy,perspectives,r,tinter,1
dataverse_legacy,perspectives,r,bayou,1
dataverse_legacy,perspectives,r,vioplot,1
dataverse_legacy,perspectives,r,msm,1
dataverse_legacy,perspectives,r,vtable,1
dataverse_legacy,perspectives,r,prais,1
dataverse_legacy,perspectives,r,formattable,1
dataverse_legacy,perspectives,r,sparkline,1
dataverse_legacy,perspectives,r,htmltools,1
dataverse_legacy,perspectives,r,arabicStemR,1
dataverse_legacy,perspectives,r,quanteda.textstats,1
dataverse_legacy,perspectives,r,quanteda.textplots,1
dataverse_legacy,perspectives,r,tidygeocoder,1
dataverse_legacy,perspectives,r,tidylog,1
dataverse_legacy,perspectives,r,cartogram,1
dataverse_legacy,perspectives,r,geogrid,1
dataverse_legacy,perspectives,r,magick,1
dataverse_legacy,perspectives,r,conText,1
dataverse_legacy,perspectives,r,dataverse,1
dataverse_legacy,perspectives,r,DataCombine,1
dataverse_legacy,perspectives,r,ltm,1
dataverse_legacy,perspectives,r,MCMCpack,1
dataverse_legacy,perspectives,r,LSTS,1
dataverse_legacy,perspectives,r,cmprsk,1
dataverse_legacy,perspectives,r,crrSC,1
dataverse_legacy,perspectives,r,Rmisc,1
dataverse_legacy,perspectives,r,rlang,1
dataverse_legacy,perspectives,r,ggpattern,1
dataverse_legacy,perspectives,r,rgeos,1
dataverse_legacy,perspectives,r,geofacet,1
dataverse_legacy,perspectives,r,openintro,1
dataverse_legacy,perspectives,r,viridisLite,1
dataverse_legacy,perspectives,r,corpus,1
dataverse_legacy,perspectives,r,RDS,1
dataverse_legacy,perspectives,r,patchwork,1
dataverse_legacy,perspectives,r,ggridges,1
dataverse_legacy,perspectives,r,extrafont,1
dataverse_legacy,perspectives,r,srvyr,1
dataverse_legacy,perspectives,r,descr,1
dataverse_legacy,perspectives,r,WhatIf,1
dataverse_legacy,perspectives,r,verification,1
dataverse_legacy,perspectives,r,interflex,1
dataverse_legacy,perspectives,stata,estout,28
dataverse_legacy,perspectives,stata,coefplot,18
dataverse_legacy,perspectives,stata,outreg2,10
dataverse_legacy,perspectives,stata,combomarginsplot,3
dataverse_legacy,perspectives,stata,labutil,2
dataverse_legacy,perspectives,stata,diff,1
dataverse_legacy,perspectives,stata,xtbreak,1
dataverse_legacy,perspectives,stata,vce2way,1
dataverse_legacy,perspectives,stata,clarify,1
dataverse_legacy,perspectives,stata,ftest,1
dataverse_legacy,perspectives,stata,bigtab,1
dataverse_legacy,perspectives,stata,regsave,1
dataverse_legacy,perspectives,stata,maptile,1
dataverse_legacy,perspectives,stata,mplotoffset,1
dataverse_legacy,perspectives,stata,outreg,1
dataverse_legacy,perspectives,stata,sutex2,1
dataverse_legacy,perspectives,stata,stop,1
dataverse_legacy,perspectives,stata,mimrgns,1
dataverse_legacy,perspectives,stata,parmest,1
dataverse_legacy,perspectives,stata,listtex,1
dataverse_legacy,perspectives,stata,grstyle,1
dataverse_legacy,perspectives,stata,fitstat,1
dataverse_legacy,perspectives,stata,corrtex,1
dataverse_legacy,perspectives,stata,latab,1
dataverse_legacy,perspectives,stata,oparallel,1
dataverse_legacy,perspectives,stata,lincomest,1
dataverse_legacy,perspectives,stata,labsumm,1
dataverse_legacy,polbehavior,python,pandas,1
dataverse_legacy,polbehavior,r,ggplot2,60
dataverse_legacy,polbehavior,r,foreign,57
dataverse_legacy,polbehavior,r,dplyr,46
dataverse_legacy,polbehavior,r,stargazer,43
dataverse_legacy,polbehavior,r,tidyverse,40
dataverse_legacy,polbehavior,r,plyr,30
dataverse_legacy,polbehavior,r,xtable,24
dataverse_legacy,polbehavior,r,car,23
dataverse_legacy,polbehavior,r,sandwich,22
dataverse_legacy,polbehavior,r,lmtest,21
dataverse_legacy,polbehavior,r,haven,21
dataverse_legacy,polbehavior,r,psych,20
dataverse_legacy,polbehavior,r,gridExtra,19
dataverse_legacy,polbehavior,r,MASS,18
dataverse_legacy,polbehavior,r,scales,18
dataverse_legacy,polbehavior,r,stringr,17
dataverse_legacy,polbehavior,r,readstata13,15
dataverse_legacy,polbehavior,r,tidyr,14
dataverse_legacy,polbehavior,r,lme4,14
dataverse_legacy,polbehavior,r,texreg,13
dataverse_legacy,polbehavior,r,Hmisc,13
dataverse_legacy,polbehavior,r,broom,12
dataverse_legacy,polbehavior,r,estimatr,11
dataverse_legacy,polbehavior,r,reshape2,10
dataverse_legacy,polbehavior,r,Zelig,9
dataverse_legacy,polbehavior,r,survey,9
dataverse_legacy,polbehavior,r,margins,8
dataverse_legacy,polbehavior,r,mediation,8
dataverse_legacy,polbehavior,r,lattice,7
dataverse_legacy,polbehavior,r,multiwayvcov,7
dataverse_legacy,polbehavior,r,readr,7
dataverse_legacy,polbehavior,r,lfe,7
dataverse_legacy,polbehavior,r,cregg,7
dataverse_legacy,polbehavior,r,ggpubr,6
dataverse_legacy,polbehavior,r,effects,6
dataverse_legacy,polbehavior,r,cowplot,6
dataverse_legacy,polbehavior,r,arm,6
dataverse_legacy,polbehavior,r,ggthemes,6
dataverse_legacy,polbehavior,r,RColorBrewer,6
dataverse_legacy,polbehavior,r,latticeExtra,5
dataverse_legacy,polbehavior,r,cjoint,5
dataverse_legacy,polbehavior,r,nnet,5
dataverse_legacy,polbehavior,r,rio,5
dataverse_legacy,polbehavior,r,reshape,5
dataverse_legacy,polbehavior,r,magrittr,5
dataverse_legacy,polbehavior,r,ordinal,5
dataverse_legacy,polbehavior,r,boot,5
dataverse_legacy,polbehavior,r,coefplot,5
dataverse_legacy,polbehavior,r,data.table,4
dataverse_legacy,polbehavior,r,ggeffects,4
dataverse_legacy,polbehavior,r,lubridate,4
dataverse_legacy,polbehavior,r,mvtnorm,4
dataverse_legacy,polbehavior,r,interflex,4
dataverse_legacy,polbehavior,r,knitr,4
dataverse_legacy,polbehavior,r,kableExtra,4
dataverse_legacy,polbehavior,r,sjPlot,4
dataverse_legacy,polbehavior,r,stm,4
dataverse_legacy,polbehavior,r,tm,4
dataverse_legacy,polbehavior,r,jtools,3
dataverse_legacy,polbehavior,r,rgdal,3
dataverse_legacy,polbehavior,r,sp,3
dataverse_legacy,polbehavior,r,MatchIt,3
dataverse_legacy,polbehavior,r,ggstance,3
dataverse_legacy,polbehavior,r,irr,3
dataverse_legacy,polbehavior,r,ZeligChoice,3
dataverse_legacy,polbehavior,r,pscl,3
dataverse_legacy,polbehavior,r,rdrobust,3
dataverse_legacy,polbehavior,r,MuMIn,3
dataverse_legacy,polbehavior,r,Amelia,3
dataverse_legacy,polbehavior,r,miceadds,3
dataverse_legacy,polbehavior,r,coda,3
dataverse_legacy,polbehavior,r,multcomp,3
dataverse_legacy,polbehavior,r,gplots,3
dataverse_legacy,polbehavior,r,lavaan,3
dataverse_legacy,polbehavior,r,ggridges,3
dataverse_legacy,polbehavior,r,Cairo,3
dataverse_legacy,polbehavior,r,forcats,3
dataverse_legacy,polbehavior,r,purrr,3
dataverse_legacy,polbehavior,r,plm,3
dataverse_legacy,polbehavior,r,dotwhisker,3
dataverse_legacy,polbehavior,r,RCurl,3
dataverse_legacy,polbehavior,r,Matching,3
dataverse_legacy,polbehavior,r,rstudioapi,2
dataverse_legacy,polbehavior,r,rgeos,2
dataverse_legacy,polbehavior,r,ggmap,2
dataverse_legacy,polbehavior,r,maptools,2
dataverse_legacy,polbehavior,r,RItools,2
dataverse_legacy,polbehavior,r,apsrtable,2
dataverse_legacy,polbehavior,r,openxlsx,2
dataverse_legacy,polbehavior,r,questionr,2
dataverse_legacy,polbehavior,r,here,2
dataverse_legacy,polbehavior,r,rockchalk,2
dataverse_legacy,polbehavior,r,wCorr,2
dataverse_legacy,polbehavior,r,readxl,2
dataverse_legacy,polbehavior,r,plotrix,2
dataverse_legacy,polbehavior,r,rms,2
dataverse_legacy,polbehavior,r,AER,2
dataverse_legacy,polbehavior,r,brms,2
dataverse_legacy,polbehavior,r,lmerTest,2
dataverse_legacy,polbehavior,r,FindIt,2
dataverse_legacy,polbehavior,r,raster,2
dataverse_legacy,polbehavior,r,TAM,2
dataverse_legacy,polbehavior,r,hrbrthemes,2
dataverse_legacy,polbehavior,r,fixest,2
dataverse_legacy,polbehavior,r,tibble,2
dataverse_legacy,polbehavior,r,foreach,2
dataverse_legacy,polbehavior,r,doParallel,2
dataverse_legacy,polbehavior,r,ri,2
dataverse_legacy,polbehavior,r,janitor,2
dataverse_legacy,polbehavior,r,interplot,2
dataverse_legacy,polbehavior,r,sf,2
dataverse_legacy,polbehavior,r,descr,2
dataverse_legacy,polbehavior,r,extrafont,2
dataverse_legacy,polbehavior,r,mgcv,1
dataverse_legacy,polbehavior,r,fields,1
dataverse_legacy,polbehavior,r,psy,1
dataverse_legacy,polbehavior,r,MCMCglmm,1
dataverse_legacy,polbehavior,r,rdd,1
dataverse_legacy,polbehavior,r,rdlocrand,1
dataverse_legacy,polbehavior,r,zoo,1
dataverse_legacy,polbehavior,r,dtw,1
dataverse_legacy,polbehavior,r,tseries,1
dataverse_legacy,polbehavior,r,TSclust,1
dataverse_legacy,polbehavior,r,fpp,1
dataverse_legacy,polbehavior,r,fracdiff,1
dataverse_legacy,polbehavior,r,emmeans,1
dataverse_legacy,polbehavior,r,mise,1
dataverse_legacy,polbehavior,r,lsmeans,1
dataverse_legacy,polbehavior,r,ggjoy,1
dataverse_legacy,polbehavior,r,MNP,1
dataverse_legacy,polbehavior,r,pBrackets,1
dataverse_legacy,polbehavior,r,xlsx,1
dataverse_legacy,polbehavior,r,games,1
dataverse_legacy,polbehavior,r,basicspace,1
dataverse_legacy,polbehavior,r,RecordLinkage,1
dataverse_legacy,polbehavior,r,FactoMineR,1
dataverse_legacy,polbehavior,r,gtools,1
dataverse_legacy,polbehavior,r,fuzzyjoin,1
dataverse_legacy,polbehavior,r,stringdist,1
dataverse_legacy,polbehavior,r,optimx,1
dataverse_legacy,polbehavior,r,nloptr,1
dataverse_legacy,polbehavior,r,DataCombine,1
dataverse_legacy,polbehavior,r,memisc,1
dataverse_legacy,polbehavior,r,APCI,1
dataverse_legacy,polbehavior,r,ivreg,1
dataverse_legacy,polbehavior,r,Rcpp,1
dataverse_legacy,polbehavior,r,RcppArmadillo,1
dataverse_legacy,polbehavior,r,dichromat,1
dataverse_legacy,polbehavior,r,missForest,1
dataverse_legacy,polbehavior,r,randomForest,1
dataverse_legacy,polbehavior,r,MALDIquant,1
dataverse_legacy,polbehavior,r,oddsratio,1
dataverse_legacy,polbehavior,r,list,1
dataverse_legacy,polbehavior,r,rddtools,1
dataverse_legacy,polbehavior,r,devtools,1
dataverse_legacy,polbehavior,r,patchwork,1
dataverse_legacy,polbehavior,r,VGAM,1
dataverse_legacy,polbehavior,r,anesrake,1
dataverse_legacy,polbehavior,r,weights,1
dataverse_legacy,polbehavior,r,Rgb,1
dataverse_legacy,polbehavior,r,tidyLPA,1
dataverse_legacy,polbehavior,r,vcd,1
dataverse_legacy,polbehavior,r,erer,1
dataverse_legacy,polbehavior,r,semTools,1
dataverse_legacy,polbehavior,r,irtoys,1
dataverse_legacy,polbehavior,r,ltm,1
dataverse_legacy,polbehavior,r,numform,1
dataverse_legacy,polbehavior,r,gpclib,1
dataverse_legacy,polbehavior,r,robustlmm,1
dataverse_legacy,polbehavior,r,blme,1
dataverse_legacy,polbehavior,r,rstanarm,1
dataverse_legacy,polbehavior,r,tidybayes,1
dataverse_legacy,polbehavior,r,doMC,1
dataverse_legacy,polbehavior,r,bootstrap,1
dataverse_legacy,polbehavior,r,gtrendsR,1
dataverse_legacy,polbehavior,r,msm,1
dataverse_legacy,polbehavior,r,choroplethr,1
dataverse_legacy,polbehavior,r,eiPack,1
dataverse_legacy,polbehavior,r,InteractionPoweR,1
dataverse_legacy,polbehavior,r,svglite,1
dataverse_legacy,polbehavior,r,qvalue,1
dataverse_legacy,polbehavior,r,lazyeval,1
dataverse_legacy,polbehavior,r,polycor,1
dataverse_legacy,polbehavior,r,gtsummary,1
dataverse_legacy,polbehavior,r,simpleboot,1
dataverse_legacy,polbehavior,r,vegan,1
dataverse_legacy,polbehavior,r,spdep,1
dataverse_legacy,polbehavior,r,tmap,1
dataverse_legacy,polbehavior,r,spatialreg,1
dataverse_legacy,polbehavior,r,diagis,1
dataverse_legacy,polbehavior,r,lemon,1
dataverse_legacy,polbehavior,r,ri2,1
dataverse_legacy,polbehavior,r,httpuv,1
dataverse_legacy,polbehavior,r,standardize,1
dataverse_legacy,polbehavior,r,interactions,1
dataverse_legacy,polbehavior,r,classInt,1
dataverse_legacy,polbehavior,r,Rtsne,1
dataverse_legacy,polbehavior,r,geometry,1
dataverse_legacy,polbehavior,r,betareg,1
dataverse_legacy,polbehavior,r,wesanderson,1
dataverse_legacy,polbehavior,r,slam,1
dataverse_legacy,polbehavior,r,topicmodels,1
dataverse_legacy,polbehavior,r,XML,1
dataverse_legacy,polbehavior,r,R2WinBUGS,1
dataverse_legacy,polbehavior,r,rjags,1
dataverse_legacy,polbehavior,r,R2jags,1
dataverse_legacy,polbehavior,r,superdiag,1
dataverse_legacy,polbehavior,r,MCMCpack,1
dataverse_legacy,polbehavior,r,abind,1
dataverse_legacy,polbehavior,r,quanteda,1
dataverse_legacy,polbehavior,r,stringi,1
dataverse_legacy,polbehavior,r,GGally,1
dataverse_legacy,polbehavior,r,psychometric,1
dataverse_legacy,polbehavior,r,psychTools,1
dataverse_legacy,polbehavior,r,zipcode,1
dataverse_legacy,polbehavior,r,lwgeom,1
dataverse_legacy,polbehavior,r,tidycensus,1
dataverse_legacy,polbehavior,r,systemfit,1
dataverse_legacy,polbehavior,r,ipumsr,1
dataverse_legacy,polbehavior,r,OpenMx,1
dataverse_legacy,polbehavior,r,infer,1
dataverse_legacy,polbehavior,r,maps,1
dataverse_legacy,polbehavior,r,mapproj,1
dataverse_legacy,polbehavior,r,nbpMatching,1
dataverse_legacy,polbehavior,r,rgenoud,1
dataverse_legacy,polbehavior,r,penalized,1
dataverse_legacy,polbehavior,r,GPArotation,1
dataverse_legacy,polbehavior,r,random.polychor.pa,1
dataverse_legacy,polbehavior,r,powerMediation,1
dataverse_legacy,polbehavior,r,meta,1
dataverse_legacy,polbehavior,r,qualtRics,1
dataverse_legacy,polbehavior,r,acs,1
dataverse_legacy,polbehavior,r,RJSONIO,1
dataverse_legacy,polbehavior,r,hunspell,1
dataverse_legacy,polbehavior,r,sylcount,1
dataverse_legacy,polbehavior,r,tidytext,1
dataverse_legacy,polbehavior,stata,estout,52
dataverse_legacy,polbehavior,stata,coefplot,42
dataverse_legacy,polbehavior,stata,outreg2,22
dataverse_legacy,polbehavior,stata,combomarginsplot,11
dataverse_legacy,polbehavior,stata,mediation,10
dataverse_legacy,polbehavior,stata,cem,4
dataverse_legacy,polbehavior,stata,outreg,4
dataverse_legacy,polbehavior,stata,xtivreg2,3
dataverse_legacy,polbehavior,stata,parmest,3
dataverse_legacy,polbehavior,stata,ivreg2,3
dataverse_legacy,polbehavior,stata,reghdfe,3
dataverse_legacy,polbehavior,stata,interflex,3
dataverse_legacy,polbehavior,stata,sutex,3
dataverse_legacy,polbehavior,stata,grstyle,3
dataverse_legacy,polbehavior,stata,cibar,3
dataverse_legacy,polbehavior,stata,diff,2
dataverse_legacy,polbehavior,stata,labutil,2
dataverse_legacy,polbehavior,stata,clarify,2
dataverse_legacy,polbehavior,stata,eclplot,2
dataverse_legacy,polbehavior,stata,listtex,2
dataverse_legacy,polbehavior,stata,regsave,2
dataverse_legacy,polbehavior,stata,revrs,2
dataverse_legacy,polbehavior,stata,lincomest,2
dataverse_legacy,polbehavior,stata,mplotoffset,2
dataverse_legacy,polbehavior,stata,binscatter,2
dataverse_legacy,polbehavior,stata,grc1leg2,2
dataverse_legacy,polbehavior,stata,latab,1
dataverse_legacy,polbehavior,stata,rowranks,1
dataverse_legacy,polbehavior,stata,fitstat,1
dataverse_legacy,polbehavior,stata,corr_svy,1
dataverse_legacy,polbehavior,stata,relogit,1
dataverse_legacy,polbehavior,stata,smileplot,1
dataverse_legacy,polbehavior,stata,qqvalue,1
dataverse_legacy,polbehavior,stata,mylabels,1
dataverse_legacy,polbehavior,stata,prtab,1
dataverse_legacy,polbehavior,stata,duncan,1
dataverse_legacy,polbehavior,stata,paran,1
dataverse_legacy,polbehavior,stata,mat2txt,1
dataverse_legacy,polbehavior,stata,multistate,1
dataverse_legacy,polbehavior,stata,difdetect,1
dataverse_legacy,polbehavior,stata,apc,1
dataverse_legacy,polbehavior,stata,overid,1
dataverse_legacy,polbehavior,stata,orth_out,1
dataverse_legacy,polbehavior,stata,gsa,1
dataverse_legacy,polbehavior,stata,univar,1
dataverse_legacy,polbehavior,stata,rdrobust,1
dataverse_legacy,polbehavior,stata,vioplot,1
dataverse_legacy,polbehavior,stata,gtools,1
dataverse_legacy,polbehavior,stata,entropyetc,1
dataverse_legacy,polbehavior,stata,addplot,1
dataverse_legacy,polbehavior,stata,cmp,1
dataverse_legacy,polbehavior,stata,spgrid,1
dataverse_legacy,polbehavior,stata,balancetable,1
dataverse_legacy,polbehavior,stata,outsum,1
dataverse_legacy,polbehavior,stata,msp,1
dataverse_legacy,polbehavior,stata,asrol,1
dataverse_legacy,polbehavior,stata,majority,1
dataverse_legacy,polbehavior,stata,conjoint,1
dataverse_legacy,polbehavior,stata,retrodesign,1
dataverse_legacy,polbehavior,stata,corrtex,1
dataverse_legacy,polbehavior,stata,fre,1
dataverse_legacy,polbehavior,stata,fsum,1
dataverse_legacy,polbehavior,stata,stripplot,1
dataverse_legacy,polbehavior,stata,svret,1
dataverse_legacy,polbehavior,stata,sortobs,1
dataverse_legacy,polbehavior,stata,texsave,1
dataverse_legacy,polbehavior,stata,gologit2,1
dataverse_legacy,polbehavior,stata,mimrgns,1
dataverse_legacy,polbehavior,stata,kpss,1
dataverse_legacy,polbehavior,stata,cortesti,1
dataverse_legacy,polbehavior,stata,unique,1
dataverse_legacy,polbehavior,stata,xtdpdml,1
dataverse_legacy,polbehavior,stata,catplot,1
dataverse_legacy,polbehavior,stata,ciplot,1
dataverse_legacy,politicsandgender,r,foreign,1
dataverse_legacy,politicsandgender,r,plyr,1
dataverse_legacy,politicsandgender,r,optmatch,1
dataverse_legacy,politicsandgender,r,rcbalance,1
dataverse_legacy,politicsandgender,stata,estout,1
dataverse_legacy,politicsandgender,stata,more_clarify,1
dataverse_legacy,politicsandgender,stata,asdoc,1
dataverse_legacy,politicsandgender,stata,coefplot,1
dataverse_legacy,ps,r,ggplot2,19
dataverse_legacy,ps,r,tidyverse,16
dataverse_legacy,ps,r,dplyr,15
dataverse_legacy,ps,r,ggpubr,8
dataverse_legacy,ps,r,stargazer,7
dataverse_legacy,ps,r,stringr,7
dataverse_legacy,ps,r,lubridate,6
dataverse_legacy,ps,r,readxl,6
dataverse_legacy,ps,r,foreign,6
dataverse_legacy,ps,r,tidyr,6
dataverse_legacy,ps,r,haven,6
dataverse_legacy,ps,r,car,5
dataverse_legacy,ps,r,Hmisc,5
dataverse_legacy,ps,r,patchwork,4
dataverse_legacy,ps,r,gridExtra,4
dataverse_legacy,ps,r,reshape2,4
dataverse_legacy,ps,r,broom,4
dataverse_legacy,ps,r,psych,4
dataverse_legacy,ps,r,xtable,4
dataverse_legacy,ps,r,plyr,3
dataverse_legacy,ps,r,readstata13,3
dataverse_legacy,ps,r,RColorBrewer,3
dataverse_legacy,ps,r,here,3
dataverse_legacy,ps,r,readr,3
dataverse_legacy,ps,r,texreg,3
dataverse_legacy,ps,r,arm,3
dataverse_legacy,ps,r,forcats,3
dataverse_legacy,ps,r,data.table,3
dataverse_legacy,ps,r,estimatr,2
dataverse_legacy,ps,r,randomizr,2
dataverse_legacy,ps,r,viridis,2
dataverse_legacy,ps,r,scales,2
dataverse_legacy,ps,r,ggrepel,2
dataverse_legacy,ps,r,survey,2
dataverse_legacy,ps,r,marginaleffects,2
dataverse_legacy,ps,r,modelsummary,2
dataverse_legacy,ps,r,effects,2
dataverse_legacy,ps,r,lmtest,2
dataverse_legacy,ps,r,lme4,2
dataverse_legacy,ps,r,knitr,2
dataverse_legacy,ps,r,kableExtra,2
dataverse_legacy,ps,r,stm,2
dataverse_legacy,ps,r,lfe,2
dataverse_legacy,ps,r,nnet,2
dataverse_legacy,ps,r,weights,2
dataverse_legacy,ps,r,ggeffects,2
dataverse_legacy,ps,r,RCurl,1
dataverse_legacy,ps,r,randomNames,1
dataverse_legacy,ps,r,compositions,1
dataverse_legacy,ps,r,gt,1
dataverse_legacy,ps,r,zeligverse,1
dataverse_legacy,ps,r,apsrtable,1
dataverse_legacy,ps,r,DeclareDesign,1
dataverse_legacy,ps,r,DesignLibrary,1
dataverse_legacy,ps,r,fabricatr,1
dataverse_legacy,ps,r,list,1
dataverse_legacy,ps,r,rio,1
dataverse_legacy,ps,r,rgdal,1
dataverse_legacy,ps,r,magrittr,1
dataverse_legacy,ps,r,Cairo,1
dataverse_legacy,ps,r,tidymodels,1
dataverse_legacy,ps,r,httr,1
dataverse_legacy,ps,r,labelled,1
dataverse_legacy,ps,r,Require,1
dataverse_legacy,ps,r,sjPlot,1
dataverse_legacy,ps,r,sjmisc,1
dataverse_legacy,ps,r,sjlabelled,1
dataverse_legacy,ps,r,DAMisc,1
dataverse_legacy,ps,r,zoo,1
dataverse_legacy,ps,r,gplots,1
dataverse_legacy,ps,r,margins,1
dataverse_legacy,ps,r,MASS,1
dataverse_legacy,ps,r,plm,1
dataverse_legacy,ps,r,multiwayvcov,1
dataverse_legacy,ps,r,base64enc,1
dataverse_legacy,ps,r,MuMIn,1
dataverse_legacy,ps,r,nlme,1
dataverse_legacy,ps,r,htmltab,1
dataverse_legacy,ps,r,SnowballC,1
dataverse_legacy,ps,r,DescTools,1
dataverse_legacy,ps,r,tidytext,1
dataverse_legacy,ps,r,ngram,1
dataverse_legacy,ps,r,quanteda,1
dataverse_legacy,ps,r,diagis,1
dataverse_legacy,ps,r,countrycode,1
dataverse_legacy,ps,r,janitor,1
dataverse_legacy,ps,r,stringi,1
dataverse_legacy,ps,r,ggridges,1
dataverse_legacy,ps,r,usethis,1
dataverse_legacy,ps,r,plotrix,1
dataverse_legacy,ps,r,jsonlite,1
dataverse_legacy,ps,r,latex2exp,1
dataverse_legacy,ps,r,sandwich,1
dataverse_legacy,ps,r,huxtable,1
dataverse_legacy,ps,r,questionr,1
dataverse_legacy,ps,r,AER,1
dataverse_legacy,ps,r,causalweight,1
dataverse_legacy,ps,r,mediation,1
dataverse_legacy,ps,r,multcomp,1
dataverse_legacy,ps,r,ggthemes,1
dataverse_legacy,ps,r,gdata,1
dataverse_legacy,ps,r,boot,1
dataverse_legacy,ps,r,extrafont,1
dataverse_legacy,ps,r,pacman,1
dataverse_legacy,ps,r,statebins,1
dataverse_legacy,ps,r,usmap,1
dataverse_legacy,ps,r,h2o,1
dataverse_legacy,ps,r,ggforce,1
dataverse_legacy,ps,r,ggExtra,1
dataverse_legacy,ps,r,binom,1
dataverse_legacy,ps,r,ggtext,1
dataverse_legacy,ps,r,ggalluvial,1
dataverse_legacy,ps,r,topicmodels,1
dataverse_legacy,ps,r,qdapTools,1
dataverse_legacy,ps,r,rJava,1
dataverse_legacy,ps,r,Rwordseg,1
dataverse_legacy,ps,r,wordcloud,1
dataverse_legacy,ps,r,tm,1
dataverse_legacy,ps,r,tmcn,1
dataverse_legacy,ps,r,sp,1
dataverse_legacy,ps,r,rvest,1
dataverse_legacy,ps,r,showtext,1
dataverse_legacy,ps,r,jtools,1
dataverse_legacy,ps,r,igraph,1
dataverse_legacy,ps,r,purrr,1
dataverse_legacy,ps,r,flextable,1
dataverse_legacy,ps,r,systemfit,1
dataverse_legacy,ps,r,naniar,1
dataverse_legacy,ps,r,lavaan,1
dataverse_legacy,ps,r,mirt,1
dataverse_legacy,ps,r,performance,1
dataverse_legacy,ps,stata,estout,13
dataverse_legacy,ps,stata,coefplot,7
dataverse_legacy,ps,stata,asdoc,2
dataverse_legacy,ps,stata,outreg2,2
dataverse_legacy,ps,stata,fre,1
dataverse_legacy,ps,stata,sutex,1
dataverse_legacy,ps,stata,mplotoffset,1
dataverse_legacy,ps,stata,parmest,1
dataverse_legacy,ps,stata,combomarginsplot,1
dataverse_legacy,ps,stata,cibar,1
dataverse_legacy,ps,stata,mediation,1
dataverse_legacy,ps,stata,revrs,1
dataverse_legacy,ps,stata,balancetable,1
dataverse_legacy,ps,stata,rowranks,1
dataverse_legacy,ps,stata,splitvallabels,1
dataverse_legacy,ps,stata,catplot,1
dataverse_legacy,ps,stata,tabout,1
dataverse_legacy,ps,stata,scatterfit,1
dataverse_legacy,qje,python,pandas,10
dataverse_legacy,qje,python,numpy,7
dataverse_legacy,qje,python,matplotlib,5
dataverse_legacy,qje,python,statsmodels,4
dataverse_legacy,qje,python,scipy,3
dataverse_legacy,qje,python,seaborn,3
dataverse_legacy,qje,python,numba,2
dataverse_legacy,qje,python,jacobian,2
dataverse_legacy,qje,python,utils,2
dataverse_legacy,qje,python,xlsxwriter,2
dataverse_legacy,qje,python,nonlinear,2
dataverse_legacy,qje,python,scikit-learn,1
dataverse_legacy,qje,python,psutil,1
dataverse_legacy,qje,python,polars,1
dataverse_legacy,qje,python,panflute,1
dataverse_legacy,qje,python,pystache,1
dataverse_legacy,qje,python,PyYAML,1
dataverse_legacy,qje,python,parse,1
dataverse_legacy,qje,python,xarray,1
dataverse_legacy,qje,python,joblib,1
dataverse_legacy,qje,python,dask,1
dataverse_legacy,qje,python,setuptools,1
dataverse_legacy,qje,python,fair,1
dataverse_legacy,qje,python,tensorflow,1
dataverse_legacy,qje,python,torch,1
dataverse_legacy,qje,python,transformers,1
dataverse_legacy,qje,python,google-api-python-client,1
dataverse_legacy,qje,python,textacy,1
dataverse_legacy,qje,python,spacy,1
dataverse_legacy,qje,r,dplyr,17
dataverse_legacy,qje,r,ggplot2,14
dataverse_legacy,qje,r,tidyverse,12
dataverse_legacy,qje,r,haven,12
dataverse_legacy,qje,r,lfe,9
dataverse_legacy,qje,r,data.table,8
dataverse_legacy,qje,r,foreign,7
dataverse_legacy,qje,r,scales,7
dataverse_legacy,qje,r,stargazer,6
dataverse_legacy,qje,r,stringr,5
dataverse_legacy,qje,r,devtools,5
dataverse_legacy,qje,r,glue,5
dataverse_legacy,qje,r,RColorBrewer,5
dataverse_legacy,qje,r,lubridate,5
dataverse_legacy,qje,r,readr,5
dataverse_legacy,qje,r,here,4
dataverse_legacy,qje,r,tidyr,4
dataverse_legacy,qje,r,ggthemes,4
dataverse_legacy,qje,r,doParallel,4
dataverse_legacy,qje,r,broom,4
dataverse_legacy,qje,r,purrr,4
dataverse_legacy,qje,r,plyr,4
dataverse_legacy,qje,r,xtable,3
dataverse_legacy,qje,r,pacman,3
dataverse_legacy,qje,r,ggrepel,3
dataverse_legacy,qje,r,Matrix,3
dataverse_legacy,qje,r,sandwich,3
dataverse_legacy,qje,r,yaml,3
dataverse_legacy,qje,r,sf,3
dataverse_legacy,qje,r,lmtest,3
dataverse_legacy,qje,r,rstudioapi,3
dataverse_legacy,qje,r,zoo,3
dataverse_legacy,qje,r,multiwayvcov,3
dataverse_legacy,qje,r,fixest,3
dataverse_legacy,qje,r,readxl,3
dataverse_legacy,qje,r,HonestDiD,3
dataverse_legacy,qje,r,Hmisc,3
dataverse_legacy,qje,r,tibble,2
dataverse_legacy,qje,r,bit64,2
dataverse_legacy,qje,r,matrixStats,2
dataverse_legacy,qje,r,cowplot,2
dataverse_legacy,qje,r,locfit,2
dataverse_legacy,qje,r,ivreg,2
dataverse_legacy,qje,r,foreach,2
dataverse_legacy,qje,r,doSNOW,2
dataverse_legacy,qje,r,viridis,2
dataverse_legacy,qje,r,feather,2
dataverse_legacy,qje,r,fastDummies,2
dataverse_legacy,qje,r,pROC,2
dataverse_legacy,qje,r,testthat,2
dataverse_legacy,qje,r,ggpubr,2
dataverse_legacy,qje,r,magrittr,2
dataverse_legacy,qje,r,remotes,2
dataverse_legacy,qje,r,rjson,2
dataverse_legacy,qje,r,caret,2
dataverse_legacy,qje,r,reshape2,2
dataverse_legacy,qje,r,maptools,2
dataverse_legacy,qje,r,rgeos,2
dataverse_legacy,qje,r,readstata13,2
dataverse_legacy,qje,r,rlang,2
dataverse_legacy,qje,r,webshot,1
dataverse_legacy,qje,r,callr,1
dataverse_legacy,qje,r,matlab,1
dataverse_legacy,qje,r,ivdoctr,1
dataverse_legacy,qje,r,raster,1
dataverse_legacy,qje,r,narray,1
dataverse_legacy,qje,r,xlsx,1
dataverse_legacy,qje,r,openxlsx,1
dataverse_legacy,qje,r,rio,1
dataverse_legacy,qje,r,multtest,1
dataverse_legacy,qje,r,qvalue,1
dataverse_legacy,qje,r,ggtext,1
dataverse_legacy,qje,r,gtools,1
dataverse_legacy,qje,r,deconvolveR,1
dataverse_legacy,qje,r,ExtDist,1
dataverse_legacy,qje,r,numDeriv,1
dataverse_legacy,qje,r,PoissonBinomial,1
dataverse_legacy,qje,r,miceadds,1
dataverse_legacy,qje,r,gmm,1
dataverse_legacy,qje,r,REBayes,1
dataverse_legacy,qje,r,rvalues,1
dataverse_legacy,qje,r,exactRankTests,1
dataverse_legacy,qje,r,testit,1
dataverse_legacy,qje,r,modules,1
dataverse_legacy,qje,r,glmnet,1
dataverse_legacy,qje,r,optparse,1
dataverse_legacy,qje,r,reticulate,1
dataverse_legacy,qje,r,xgboost,1
dataverse_legacy,qje,r,Metrics,1
dataverse_legacy,qje,r,RSQLite,1
dataverse_legacy,qje,r,fastglm,1
dataverse_legacy,qje,r,OneR,1
dataverse_legacy,qje,r,MLmetrics,1
dataverse_legacy,qje,r,lme4,1
dataverse_legacy,qje,r,RLRsim,1
dataverse_legacy,qje,r,ggExtra,1
dataverse_legacy,qje,r,tictoc,1
dataverse_legacy,qje,r,arrow,1
dataverse_legacy,qje,r,argparse,1
dataverse_legacy,qje,r,tidytable,1
dataverse_legacy,qje,r,forcats,1
dataverse_legacy,qje,r,estimatr,1
dataverse_legacy,qje,r,furrr,1
dataverse_legacy,qje,r,AER,1
dataverse_legacy,qje,r,groundhog,1
dataverse_legacy,qje,r,ivpack,1
dataverse_legacy,qje,r,knitr,1
dataverse_legacy,qje,r,margins,1
dataverse_legacy,qje,r,checkmate,1
dataverse_legacy,qje,r,futile.logger,1
dataverse_legacy,qje,r,pBrackets,1
dataverse_legacy,qje,r,httr,1
dataverse_legacy,qje,r,XML,1
dataverse_legacy,qje,r,ggh4x,1
dataverse_legacy,qje,r,viridisLite,1
dataverse_legacy,qje,r,quanteda,1
dataverse_legacy,qje,r,png,1
dataverse_legacy,qje,r,directlabels,1
dataverse_legacy,qje,r,fanplot,1
dataverse_legacy,qje,r,mapproj,1
dataverse_legacy,qje,r,rgdal,1
dataverse_legacy,qje,r,spdep,1
dataverse_legacy,qje,r,Rcpp,1
dataverse_legacy,qje,r,ggfx,1
dataverse_legacy,qje,r,zipfR,1
dataverse_legacy,qje,r,RDHonest,1
dataverse_legacy,qje,r,gbm,1
dataverse_legacy,qje,r,usethis,1
dataverse_legacy,qje,r,caTools,1
dataverse_legacy,qje,r,Rglpk,1
dataverse_legacy,qje,r,imputeTS,1
dataverse_legacy,qje,r,rprojroot,1
dataverse_legacy,qje,r,gt,1
dataverse_legacy,qje,r,survival,1
dataverse_legacy,qje,r,versions,1
dataverse_legacy,qje,r,lpSolveAPI,1
dataverse_legacy,qje,r,sas7bdat,1
dataverse_legacy,qje,r,spatstat,1
dataverse_legacy,qje,r,ipumsr,1
dataverse_legacy,qje,r,nnet,1
dataverse_legacy,qje,r,sp,1
dataverse_legacy,qje,r,rdd,1
dataverse_legacy,qje,r,rdrobust,1
dataverse_legacy,qje,r,tidycensus,1
dataverse_legacy,qje,r,qte,1
dataverse_legacy,qje,r,pracma,1
dataverse_legacy,qje,r,Counterfactual,1
dataverse_legacy,qje,r,extrafont,1
dataverse_legacy,qje,r,fontcm,1
dataverse_legacy,qje,r,latticeExtra,1
dataverse_legacy,qje,r,dtplyr,1
dataverse_legacy,qje,r,gtable,1
dataverse_legacy,qje,r,plm,1
dataverse_legacy,qje,r,R.utils,1
dataverse_legacy,qje,r,ggsignif,1
dataverse_legacy,qje,r,showtext,1
dataverse_legacy,qje,r,weights,1
dataverse_legacy,qje,r,anesrake,1
dataverse_legacy,qje,r,multcomp,1
dataverse_legacy,qje,stata,estout,55
dataverse_legacy,qje,stata,reghdfe,46
dataverse_legacy,qje,stata,coefplot,25
dataverse_legacy,qje,stata,outreg2,20
dataverse_legacy,qje,stata,binscatter,19
dataverse_legacy,qje,stata,gtools,14
dataverse_legacy,qje,stata,ivreg2,13
dataverse_legacy,qje,stata,ivreghdfe,11
dataverse_legacy,qje,stata,unique,9
dataverse_legacy,qje,stata,distinct,9
dataverse_legacy,qje,stata,winsor,8
dataverse_legacy,qje,stata,parmest,7
dataverse_legacy,qje,stata,boottest,6
dataverse_legacy,qje,stata,grstyle,6
dataverse_legacy,qje,stata,spmap,5
dataverse_legacy,qje,stata,outreg,5
dataverse_legacy,qje,stata,ritest,5
dataverse_legacy,qje,stata,tabout,4
dataverse_legacy,qje,stata,texsave,4
dataverse_legacy,qje,stata,labutil,4
dataverse_legacy,qje,stata,ftools,4
dataverse_legacy,qje,stata,winsor2,4
dataverse_legacy,qje,stata,cibar,3
dataverse_legacy,qje,stata,statastates,3
dataverse_legacy,qje,stata,pdslasso,3
dataverse_legacy,qje,stata,rwolf,3
dataverse_legacy,qje,stata,psacalc,3
dataverse_legacy,qje,stata,rangestat,3
dataverse_legacy,qje,stata,rdrobust,3
dataverse_legacy,qje,stata,texdoc,3
dataverse_legacy,qje,stata,qreg2,2
dataverse_legacy,qje,stata,shp2dta,2
dataverse_legacy,qje,stata,keeporder,2
dataverse_legacy,qje,stata,cem,2
dataverse_legacy,qje,stata,addplot,2
dataverse_legacy,qje,stata,ppmlhdfe,2
dataverse_legacy,qje,stata,mat2txt,2
dataverse_legacy,qje,stata,listtex,2
dataverse_legacy,qje,stata,maptile,2
dataverse_legacy,qje,stata,distplot,2
dataverse_legacy,qje,stata,psmatch2,2
dataverse_legacy,qje,stata,mdesc,2
dataverse_legacy,qje,stata,mipolate,2
dataverse_legacy,qje,stata,nnls,2
dataverse_legacy,qje,stata,xtivreg2,2
dataverse_legacy,qje,stata,palettes,2
dataverse_legacy,qje,stata,xtscc,2
dataverse_legacy,qje,stata,carryforward,2
dataverse_legacy,qje,stata,balancetable,2
dataverse_legacy,qje,stata,did_multiplegt,2
dataverse_legacy,qje,stata,regsave,2
dataverse_legacy,qje,stata,outtable,1
dataverse_legacy,qje,stata,sutex,1
dataverse_legacy,qje,stata,ebalance,1
dataverse_legacy,qje,stata,moransi,1
dataverse_legacy,qje,stata,plausexog,1
dataverse_legacy,qje,stata,nnmatch,1
dataverse_legacy,qje,stata,project,1
dataverse_legacy,qje,stata,leebounds,1
dataverse_legacy,qje,stata,twowayfeweights,1
dataverse_legacy,qje,stata,fieldarea,1
dataverse_legacy,qje,stata,strdist,1
dataverse_legacy,qje,stata,groups,1
dataverse_legacy,qje,stata,elasticregress,1
dataverse_legacy,qje,stata,regwls,1
dataverse_legacy,qje,stata,seq,1
dataverse_legacy,qje,stata,geo2xy,1
dataverse_legacy,qje,stata,ssaggregate,1
dataverse_legacy,qje,stata,ereplace,1
dataverse_legacy,qje,stata,vallist,1
dataverse_legacy,qje,stata,revrs,1
dataverse_legacy,qje,stata,reclink,1
dataverse_legacy,qje,stata,rsource,1
dataverse_legacy,qje,stata,mtefe,1
dataverse_legacy,qje,stata,testjfe,1
dataverse_legacy,qje,stata,bacondecomp,1
dataverse_legacy,qje,stata,sxpose,1
dataverse_legacy,qje,stata,freduse,1
dataverse_legacy,qje,stata,fsum,1
dataverse_legacy,qje,stata,mmerge,1
dataverse_legacy,qje,stata,poi2hdfe,1
dataverse_legacy,qje,stata,touch,1
dataverse_legacy,qje,stata,tuples,1
dataverse_legacy,qje,stata,est2tex,1
dataverse_legacy,qje,stata,kappaetc,1
dataverse_legacy,qje,stata,mixlogitwtp,1
dataverse_legacy,qje,stata,prodest,1
dataverse_legacy,qje,stata,capass,1
dataverse_legacy,qje,stata,erepost,1
dataverse_legacy,qje,stata,dataout,1
dataverse_legacy,qje,stata,tab_chi,1
dataverse_legacy,qje,stata,catplot,1
dataverse_legacy,qje,stata,sepscatter,1
dataverse_legacy,qje,stata,onewayplot,1
dataverse_legacy,qje,stata,rdmse,1
dataverse_legacy,qje,stata,heatplot,1
dataverse_legacy,qje,stata,opencagegeo,1
dataverse_legacy,qje,stata,ipfweight,1
dataverse_legacy,qje,stata,estout1,1
dataverse_legacy,qje,stata,randcmd,1
dataverse_legacy,qje,stata,stop,1
dataverse_legacy,qje,stata,geoinpoly,1
dataverse_legacy,qje,stata,synth,1
dataverse_legacy,qje,stata,mergepoly,1
dataverse_legacy,qje,stata,acreg,1
dataverse_legacy,qje,stata,ingap,1
dataverse_legacy,qje,stata,rscript,1
dataverse_legacy,qje,stata,wyoung,1
dataverse_legacy,qje,stata,sortobs,1
dataverse_legacy,qje,stata,cdfplot,1
dataverse_legacy,qje,stata,parallel,1
dataverse_legacy,qje,stata,elabel,1
dataverse_legacy,qje,stata,binscatterhist,1
dataverse_legacy,qje,stata,eclplot,1
dataverse_legacy,qje,stata,center,1
dataverse_legacy,qje,stata,geodist,1
dataverse_legacy,qje,stata,ivreg_ss,1
dataverse_legacy,qje,stata,did_imputation,1
dataverse_legacy,qje,stata,event_plot,1
dataverse_legacy,rac,r,tidyverse,4
dataverse_legacy,rac,r,dplyr,3
dataverse_legacy,rac,r,gmm,2
dataverse_legacy,rac,r,ggplot2,2
dataverse_legacy,rac,r,forecast,2
dataverse_legacy,rac,r,plspm,1
dataverse_legacy,rac,r,epuR,1
dataverse_legacy,rac,r,xts,1
dataverse_legacy,rac,r,wbstats,1
dataverse_legacy,rac,r,gtrendsR,1
dataverse_legacy,rac,r,haven,1
dataverse_legacy,rac,r,stargazer,1
dataverse_legacy,rac,r,lfe,1
dataverse_legacy,rac,r,sandwich,1
dataverse_legacy,rac,r,coefplot,1
dataverse_legacy,rac,r,BatchGetSymbols,1
dataverse_legacy,rac,r,rstudioapi,1
dataverse_legacy,rac,r,cowplot,1
dataverse_legacy,rac,r,GetBCBData,1
dataverse_legacy,rac,r,scales,1
dataverse_legacy,rac,r,knitr,1
dataverse_legacy,rac,r,kableExtra,1
dataverse_legacy,rac,r,writexl,1
dataverse_legacy,rac,r,FinTS,1
dataverse_legacy,rac,r,texreg,1
dataverse_legacy,rac,r,rugarch,1
dataverse_legacy,rac,r,purrr,1
dataverse_legacy,rac,r,tidyr,1
dataverse_legacy,rac,r,ggtext,1
dataverse_legacy,rac,r,dbscan,1
dataverse_legacy,rac,r,fpc,1
dataverse_legacy,rac,r,factoextra,1
dataverse_legacy,rac,r,cluster,1
dataverse_legacy,rac,r,AER,1
dataverse_legacy,rac,r,plm,1
dataverse_legacy,rac,r,car,1
dataverse_legacy,rac,r,readxl,1
dataverse_legacy,rac,r,nortest,1
dataverse_legacy,rac,r,corrplot,1
dataverse_legacy,rac,r,Hmisc,1
dataverse_legacy,rac,r,pastecs,1
dataverse_legacy,rac,r,psych,1
dataverse_legacy,rac,r,FSA,1
dataverse_legacy,rac,r,foreign,1
dataverse_legacy,rac,r,gplots,1
dataverse_legacy,rac,r,lmtest,1
dataverse_legacy,rac,r,RSA,1
dataverse_legacy,rac,r,GetFREData,1
dataverse_legacy,rac,r,igraph,1
dataverse_legacy,rac,r,ggpubr,1
dataverse_legacy,rac,r,data.table,1
dataverse_legacy,rac,r,stringr,1
dataverse_legacy,rac,r,sjmisc,1
dataverse_legacy,rac,r,stringdist,1
dataverse_legacy,rac,r,sna,1
dataverse_legacy,rac,r,keyplayer,1
dataverse_legacy,rac,r,DescTools,1
dataverse_legacy,rac,stata,outreg2,3
dataverse_legacy,rac,stata,estout,2
dataverse_legacy,rac,stata,winsor,2
dataverse_legacy,rac,stata,logout,1
dataverse_legacy,rac,stata,coefplot,1
dataverse_legacy,rac,stata,winsor2,1
dataverse_legacy,rac,stata,asreg,1
dataverse_legacy,rac,stata,asdoc,1
dataverse_legacy,raps,stata,reghdfe,1
dataverse_legacy,rbcp,python,numpy,1
dataverse_legacy,rbcp,python,pandas,1
dataverse_legacy,rbcp,python,scikit-learn,1
dataverse_legacy,rbcp,python,nltk,1
dataverse_legacy,rbcp,r,quanteda,1
dataverse_legacy,rbcp,r,quanteda.textmodels,1
dataverse_legacy,rbcp,r,quanteda.textplots,1
dataverse_legacy,rbcp,r,readtext,1
dataverse_legacy,rbcp,r,tm,1
dataverse_legacy,rbcp,r,NLP,1
dataverse_legacy,rbcp,r,ggplot2,1
dataverse_legacy,rcfs,r,MASS,2
dataverse_legacy,rcfs,r,ggplot2,2
dataverse_legacy,rcfs,r,sandwich,2
dataverse_legacy,rcfs,r,stargazer,2
dataverse_legacy,rcfs,r,car,1
dataverse_legacy,rcfs,r,AER,1
dataverse_legacy,rcfs,r,sjPlot,1
dataverse_legacy,rcfs,r,modelsummary,1
dataverse_legacy,rcfs,r,aod,1
dataverse_legacy,rcfs,r,cowplot,1
dataverse_legacy,rcfs,r,betareg,1
dataverse_legacy,rcfs,r,miceadds,1
dataverse_legacy,rcfs,r,rsq,1
dataverse_legacy,rcfs,r,Matching,1
dataverse_legacy,rcfs,r,MatchIt,1
dataverse_legacy,rcfs,r,lubridate,1
dataverse_legacy,rcfs,r,reshape2,1
dataverse_legacy,rcfs,r,dplyr,1
dataverse_legacy,rcfs,r,scales,1
dataverse_legacy,rcfs,r,pastecs,1
dataverse_legacy,rcfs,r,Hmisc,1
dataverse_legacy,rcfs,r,plyr,1
dataverse_legacy,rcfs,r,foreign,1
dataverse_legacy,rcfs,r,rio,1
dataverse_legacy,rcfs,r,data.table,1
dataverse_legacy,rcfs,r,rmarkdown,1
dataverse_legacy,rcfs,r,textclean,1
dataverse_legacy,rcfs,r,cobalt,1
dataverse_legacy,rcfs,r,lmtest,1
dataverse_legacy,rcfs,r,weights,1
dataverse_legacy,rcfs,r,survival,1
dataverse_legacy,rcfs,stata,reghdfe,19
dataverse_legacy,rcfs,stata,estout,18
dataverse_legacy,rcfs,stata,outreg2,9
dataverse_legacy,rcfs,stata,coefplot,5
dataverse_legacy,rcfs,stata,binscatter,4
dataverse_legacy,rcfs,stata,winsor2,3
dataverse_legacy,rcfs,stata,winsor,3
dataverse_legacy,rcfs,stata,eventstudy2,2
dataverse_legacy,rcfs,stata,carryforward,2
dataverse_legacy,rcfs,stata,maptile,2
dataverse_legacy,rcfs,stata,psmatch2,2
dataverse_legacy,rcfs,stata,unique,2
dataverse_legacy,rcfs,stata,astile,2
dataverse_legacy,rcfs,stata,gtools,2
dataverse_legacy,rcfs,stata,geodist,1
dataverse_legacy,rcfs,stata,rddensity,1
dataverse_legacy,rcfs,stata,rdrobust,1
dataverse_legacy,rcfs,stata,rd,1
dataverse_legacy,rcfs,stata,overlay,1
dataverse_legacy,rcfs,stata,ivreg2,1
dataverse_legacy,rcfs,stata,hdfe,1
dataverse_legacy,rcfs,stata,missings,1
dataverse_legacy,rcfs,stata,renvarlab,1
dataverse_legacy,rcfs,stata,getcensus,1
dataverse_legacy,rcfs,stata,texsave,1
dataverse_legacy,rcfs,stata,outreg,1
dataverse_legacy,rcfs,stata,dups,1
dataverse_legacy,rcfs,stata,tabout,1
dataverse_legacy,rcfs,stata,logout,1
dataverse_legacy,rcfs,stata,center,1
dataverse_legacy,rcfs,stata,mfx2,1
dataverse_legacy,rcfs,stata,parmest,1
dataverse_legacy,rcfs,stata,cluster2,1
dataverse_legacy,rcfs,stata,asgen,1
dataverse_legacy,rcfs,stata,spmap,1
dataverse_legacy,rcfs,stata,mgen,1
dataverse_legacy,rcfs,stata,heatplot,1
dataverse_legacy,rcfs,stata,grstyle,1
dataverse_legacy,rcfs,stata,stop,1
dataverse_legacy,rcfs,stata,statplot,1
dataverse_legacy,rcfs,stata,ivreghdfe,1
dataverse_legacy,researchandpolitics,python,pandas,4
dataverse_legacy,researchandpolitics,python,numpy,3
dataverse_legacy,researchandpolitics,python,nltk,2
dataverse_legacy,researchandpolitics,python,scikit-learn,2
dataverse_legacy,researchandpolitics,python,matplotlib,2
dataverse_legacy,researchandpolitics,python,HTMLParser,1
dataverse_legacy,researchandpolitics,python,articleparse,1
dataverse_legacy,researchandpolitics,python,psycopg2-binary,1
dataverse_legacy,researchandpolitics,python,rpy2,1
dataverse_legacy,researchandpolitics,python,imblearn,1
dataverse_legacy,researchandpolitics,python,scipy,1
dataverse_legacy,researchandpolitics,python,pyLDAvis,1
dataverse_legacy,researchandpolitics,python,gensim,1
dataverse_legacy,researchandpolitics,python,ipython,1
dataverse_legacy,researchandpolitics,python,requests,1
dataverse_legacy,researchandpolitics,python,config,1
dataverse_legacy,researchandpolitics,python,SQLAlchemy,1
dataverse_legacy,researchandpolitics,r,ggplot2,63
dataverse_legacy,researchandpolitics,r,tidyverse,50
dataverse_legacy,researchandpolitics,r,foreign,44
dataverse_legacy,researchandpolitics,r,stargazer,42
dataverse_legacy,researchandpolitics,r,dplyr,40
dataverse_legacy,researchandpolitics,r,gridExtra,27
dataverse_legacy,researchandpolitics,r,xtable,27
dataverse_legacy,researchandpolitics,r,MASS,24
dataverse_legacy,researchandpolitics,r,scales,23
dataverse_legacy,researchandpolitics,r,plyr,21
dataverse_legacy,researchandpolitics,r,car,19
dataverse_legacy,researchandpolitics,r,lmtest,18
dataverse_legacy,researchandpolitics,r,sandwich,18
dataverse_legacy,researchandpolitics,r,reshape2,18
dataverse_legacy,researchandpolitics,r,stringr,18
dataverse_legacy,researchandpolitics,r,Hmisc,15
dataverse_legacy,researchandpolitics,r,texreg,14
dataverse_legacy,researchandpolitics,r,lubridate,14
dataverse_legacy,researchandpolitics,r,ggthemes,13
dataverse_legacy,researchandpolitics,r,haven,13
dataverse_legacy,researchandpolitics,r,readstata13,13
dataverse_legacy,researchandpolitics,r,data.table,13
dataverse_legacy,researchandpolitics,r,estimatr,13
dataverse_legacy,researchandpolitics,r,broom,10
dataverse_legacy,researchandpolitics,r,ggpubr,10
dataverse_legacy,researchandpolitics,r,countrycode,9
dataverse_legacy,researchandpolitics,r,margins,9
dataverse_legacy,researchandpolitics,r,pacman,9
dataverse_legacy,researchandpolitics,r,sjPlot,8
dataverse_legacy,researchandpolitics,r,survey,8
dataverse_legacy,researchandpolitics,r,devtools,8
dataverse_legacy,researchandpolitics,r,RColorBrewer,8
dataverse_legacy,researchandpolitics,r,readxl,8
dataverse_legacy,researchandpolitics,r,psych,8
dataverse_legacy,researchandpolitics,r,stringi,8
dataverse_legacy,researchandpolitics,r,arm,8
dataverse_legacy,researchandpolitics,r,tidyr,8
dataverse_legacy,researchandpolitics,r,nnet,7
dataverse_legacy,researchandpolitics,r,lattice,7
dataverse_legacy,researchandpolitics,r,quanteda,7
dataverse_legacy,researchandpolitics,r,lme4,7
dataverse_legacy,researchandpolitics,r,interplot,6
dataverse_legacy,researchandpolitics,r,rio,6
dataverse_legacy,researchandpolitics,r,cowplot,6
dataverse_legacy,researchandpolitics,r,Zelig,6
dataverse_legacy,researchandpolitics,r,reshape,6
dataverse_legacy,researchandpolitics,r,mediation,6
dataverse_legacy,researchandpolitics,r,magrittr,6
dataverse_legacy,researchandpolitics,r,ggmap,5
dataverse_legacy,researchandpolitics,r,modelsummary,5
dataverse_legacy,researchandpolitics,r,AER,5
dataverse_legacy,researchandpolitics,r,coefplot,5
dataverse_legacy,researchandpolitics,r,list,5
dataverse_legacy,researchandpolitics,r,ordinal,5
dataverse_legacy,researchandpolitics,r,gplots,5
dataverse_legacy,researchandpolitics,r,zoo,5
dataverse_legacy,researchandpolitics,r,lfe,5
dataverse_legacy,researchandpolitics,r,knitr,5
dataverse_legacy,researchandpolitics,r,kableExtra,4
dataverse_legacy,researchandpolitics,r,maptools,4
dataverse_legacy,researchandpolitics,r,rms,4
dataverse_legacy,researchandpolitics,r,multcomp,4
dataverse_legacy,researchandpolitics,r,pwr,4
dataverse_legacy,researchandpolitics,r,effects,4
dataverse_legacy,researchandpolitics,r,sp,4
dataverse_legacy,researchandpolitics,r,tm,4
dataverse_legacy,researchandpolitics,r,tseries,4
dataverse_legacy,researchandpolitics,r,sf,4
dataverse_legacy,researchandpolitics,r,pscl,4
dataverse_legacy,researchandpolitics,r,ggrepel,4
dataverse_legacy,researchandpolitics,r,ltm,4
dataverse_legacy,researchandpolitics,r,DataCombine,3
dataverse_legacy,researchandpolitics,r,gdata,3
dataverse_legacy,researchandpolitics,r,spdep,3
dataverse_legacy,researchandpolitics,r,manifestoR,3
dataverse_legacy,researchandpolitics,r,DeclareDesign,3
dataverse_legacy,researchandpolitics,r,plm,3
dataverse_legacy,researchandpolitics,r,survival,3
dataverse_legacy,researchandpolitics,r,latticeExtra,3
dataverse_legacy,researchandpolitics,r,extrafont,3
dataverse_legacy,researchandpolitics,r,doMC,3
dataverse_legacy,researchandpolitics,r,gtable,3
dataverse_legacy,researchandpolitics,r,fracdiff,3
dataverse_legacy,researchandpolitics,r,MatchIt,3
dataverse_legacy,researchandpolitics,r,purrr,3
dataverse_legacy,researchandpolitics,r,memisc,3
dataverse_legacy,researchandpolitics,r,viridis,3
dataverse_legacy,researchandpolitics,r,patchwork,3
dataverse_legacy,researchandpolitics,r,Matrix,3
dataverse_legacy,researchandpolitics,r,sjmisc,3
dataverse_legacy,researchandpolitics,r,boot,3
dataverse_legacy,researchandpolitics,r,interflex,3
dataverse_legacy,researchandpolitics,r,multiwayvcov,2
dataverse_legacy,researchandpolitics,r,maps,2
dataverse_legacy,researchandpolitics,r,GGally,2
dataverse_legacy,researchandpolitics,r,ggsci,2
dataverse_legacy,researchandpolitics,r,fixest,2
dataverse_legacy,researchandpolitics,r,ggstance,2
dataverse_legacy,researchandpolitics,r,MSBVAR,2
dataverse_legacy,researchandpolitics,r,randomForest,2
dataverse_legacy,researchandpolitics,r,forecast,2
dataverse_legacy,researchandpolitics,r,vtable,2
dataverse_legacy,researchandpolitics,r,srvyr,2
dataverse_legacy,researchandpolitics,r,XLConnect,2
dataverse_legacy,researchandpolitics,r,chron,2
dataverse_legacy,researchandpolitics,r,readr,2
dataverse_legacy,researchandpolitics,r,openxlsx,2
dataverse_legacy,researchandpolitics,r,wesanderson,2
dataverse_legacy,researchandpolitics,r,dotwhisker,2
dataverse_legacy,researchandpolitics,r,arsenal,2
dataverse_legacy,researchandpolitics,r,metafor,2
dataverse_legacy,researchandpolitics,r,rstan,2
dataverse_legacy,researchandpolitics,r,corrplot,2
dataverse_legacy,researchandpolitics,r,RCurl,2
dataverse_legacy,researchandpolitics,r,coda,2
dataverse_legacy,researchandpolitics,r,foreach,2
dataverse_legacy,researchandpolitics,r,Rcpp,2
dataverse_legacy,researchandpolitics,r,wordcloud,2
dataverse_legacy,researchandpolitics,r,SnowballC,2
dataverse_legacy,researchandpolitics,r,stm,2
dataverse_legacy,researchandpolitics,r,forcats,2
dataverse_legacy,researchandpolitics,r,expss,2
dataverse_legacy,researchandpolitics,r,readtext,2
dataverse_legacy,researchandpolitics,r,ngram,2
dataverse_legacy,researchandpolitics,r,pastecs,2
dataverse_legacy,researchandpolitics,r,Rmisc,2
dataverse_legacy,researchandpolitics,r,matrixStats,2
dataverse_legacy,researchandpolitics,r,rgdal,2
dataverse_legacy,researchandpolitics,r,caTools,2
dataverse_legacy,researchandpolitics,r,pROC,2
dataverse_legacy,researchandpolitics,r,tidytext,2
dataverse_legacy,researchandpolitics,r,rlist,2
dataverse_legacy,researchandpolitics,r,urca,2
dataverse_legacy,researchandpolitics,r,rjags,2
dataverse_legacy,researchandpolitics,r,ggeffects,2
dataverse_legacy,researchandpolitics,r,gtools,2
dataverse_legacy,researchandpolitics,r,rstatix,2
dataverse_legacy,researchandpolitics,r,aod,2
dataverse_legacy,researchandpolitics,r,systemfit,2
dataverse_legacy,researchandpolitics,r,plotrix,2
dataverse_legacy,researchandpolitics,r,gmodels,2
dataverse_legacy,researchandpolitics,r,rdrobust,2
dataverse_legacy,researchandpolitics,r,mapproj,1
dataverse_legacy,researchandpolitics,r,unheadr,1
dataverse_legacy,researchandpolitics,r,vroom,1
dataverse_legacy,researchandpolitics,r,bacondecomp,1
dataverse_legacy,researchandpolitics,r,geomtextpath,1
dataverse_legacy,researchandpolitics,r,gtsummary,1
dataverse_legacy,researchandpolitics,r,apsrtable,1
dataverse_legacy,researchandpolitics,r,spatstat,1
dataverse_legacy,researchandpolitics,r,party,1
dataverse_legacy,researchandpolitics,r,psData,1
dataverse_legacy,researchandpolitics,r,repmis,1
dataverse_legacy,researchandpolitics,r,WDI,1
dataverse_legacy,researchandpolitics,r,miceadds,1
dataverse_legacy,researchandpolitics,r,irr,1
dataverse_legacy,researchandpolitics,r,Amelia,1
dataverse_legacy,researchandpolitics,r,weights,1
dataverse_legacy,researchandpolitics,r,hrbrthemes,1
dataverse_legacy,researchandpolitics,r,ellipse,1
dataverse_legacy,researchandpolitics,r,moments,1
dataverse_legacy,researchandpolitics,r,olsrr,1
dataverse_legacy,researchandpolitics,r,usethis,1
dataverse_legacy,researchandpolitics,r,doParallel,1
dataverse_legacy,researchandpolitics,r,doMPI,1
dataverse_legacy,researchandpolitics,r,LSX,1
dataverse_legacy,researchandpolitics,r,rmarkdown,1
dataverse_legacy,researchandpolitics,r,DTK,1
dataverse_legacy,researchandpolitics,r,tmvtnorm,1
dataverse_legacy,researchandpolitics,r,rms.gof,1
dataverse_legacy,researchandpolitics,r,ggalluvial,1
dataverse_legacy,researchandpolitics,r,lda,1
dataverse_legacy,researchandpolitics,r,modeltools,1
dataverse_legacy,researchandpolitics,r,topicmodels,1
dataverse_legacy,researchandpolitics,r,rJava,1
dataverse_legacy,researchandpolitics,r,R.methodsS3,1
dataverse_legacy,researchandpolitics,r,robustlmm,1
dataverse_legacy,researchandpolitics,r,waffle,1
dataverse_legacy,researchandpolitics,r,cshapes,1
dataverse_legacy,researchandpolitics,r,glue,1
dataverse_legacy,researchandpolitics,r,WriteXLS,1
dataverse_legacy,researchandpolitics,r,prediction,1
dataverse_legacy,researchandpolitics,r,rsample,1
dataverse_legacy,researchandpolitics,r,gstat,1
dataverse_legacy,researchandpolitics,r,spacetime,1
dataverse_legacy,researchandpolitics,r,rgeos,1
dataverse_legacy,researchandpolitics,r,RSAGA,1
dataverse_legacy,researchandpolitics,r,ncdf4,1
dataverse_legacy,researchandpolitics,r,kfigr,1
dataverse_legacy,researchandpolitics,r,pander,1
dataverse_legacy,researchandpolitics,r,geosphere,1
dataverse_legacy,researchandpolitics,r,RcppArmadillo,1
dataverse_legacy,researchandpolitics,r,ggExtra,1
dataverse_legacy,researchandpolitics,r,nnetpredint,1
dataverse_legacy,researchandpolitics,r,glm.predict,1
dataverse_legacy,researchandpolitics,r,contrast,1
dataverse_legacy,researchandpolitics,r,PerformanceAnalytics,1
dataverse_legacy,researchandpolitics,r,misreport,1
dataverse_legacy,researchandpolitics,r,mvtnorm,1
dataverse_legacy,researchandpolitics,r,writexl,1
dataverse_legacy,researchandpolitics,r,RStata,1
dataverse_legacy,researchandpolitics,r,concordance,1
dataverse_legacy,researchandpolitics,r,imputeTS,1
dataverse_legacy,researchandpolitics,r,noncensus,1
dataverse_legacy,researchandpolitics,r,tmap,1
dataverse_legacy,researchandpolitics,r,cdlTools,1
dataverse_legacy,researchandpolitics,r,SDMTools,1
dataverse_legacy,researchandpolitics,r,oglmx,1
dataverse_legacy,researchandpolitics,r,vcd,1
dataverse_legacy,researchandpolitics,r,vcdExtra,1
dataverse_legacy,researchandpolitics,r,brglm2,1
dataverse_legacy,researchandpolitics,r,TeachingDemos,1
dataverse_legacy,researchandpolitics,r,coin,1
dataverse_legacy,researchandpolitics,r,mosaic,1
dataverse_legacy,researchandpolitics,r,rworldmap,1
dataverse_legacy,researchandpolitics,r,Rbeast,1
dataverse_legacy,researchandpolitics,r,abind,1
dataverse_legacy,researchandpolitics,r,wnominate,1
dataverse_legacy,researchandpolitics,r,udpipe,1
dataverse_legacy,researchandpolitics,r,tidylog,1
dataverse_legacy,researchandpolitics,r,tsibble,1
dataverse_legacy,researchandpolitics,r,BTM,1
dataverse_legacy,researchandpolitics,r,broom.mixed,1
dataverse_legacy,researchandpolitics,r,MetBrewer,1
dataverse_legacy,researchandpolitics,r,textmineR,1
dataverse_legacy,researchandpolitics,r,janitor,1
dataverse_legacy,researchandpolitics,r,vrtest,1
dataverse_legacy,researchandpolitics,r,ggfittext,1
dataverse_legacy,researchandpolitics,r,gt,1
dataverse_legacy,researchandpolitics,r,webshot2,1
dataverse_legacy,researchandpolitics,r,nplyr,1
dataverse_legacy,researchandpolitics,r,tigerstats,1
dataverse_legacy,researchandpolitics,r,superdiag,1
dataverse_legacy,researchandpolitics,r,rIP,1
dataverse_legacy,researchandpolitics,r,profvis,1
dataverse_legacy,researchandpolitics,r,revgeo,1
dataverse_legacy,researchandpolitics,r,rgeolocate,1
dataverse_legacy,researchandpolitics,r,Rfast,1
dataverse_legacy,researchandpolitics,r,BMA,1
dataverse_legacy,researchandpolitics,r,portes,1
dataverse_legacy,researchandpolitics,r,shinystan,1
dataverse_legacy,researchandpolitics,r,bayesplot,1
dataverse_legacy,researchandpolitics,r,hexbin,1
dataverse_legacy,researchandpolitics,r,conflicted,1
dataverse_legacy,researchandpolitics,r,emmeans,1
dataverse_legacy,researchandpolitics,r,purrrlyr,1
dataverse_legacy,researchandpolitics,r,basicspace,1
dataverse_legacy,researchandpolitics,r,jtools,1
dataverse_legacy,researchandpolitics,r,sm,1
dataverse_legacy,researchandpolitics,r,table1,1
dataverse_legacy,researchandpolitics,r,summarytools,1
dataverse_legacy,researchandpolitics,r,sjlabelled,1
dataverse_legacy,researchandpolitics,r,glmmTMB,1
dataverse_legacy,researchandpolitics,r,nFactors,1
dataverse_legacy,researchandpolitics,r,TOSTER,1
dataverse_legacy,researchandpolitics,r,Formula,1
dataverse_legacy,researchandpolitics,r,gtrendsR,1
dataverse_legacy,researchandpolitics,r,cregg,1
dataverse_legacy,researchandpolitics,r,speedglm,1
dataverse_legacy,researchandpolitics,r,fBasics,1
dataverse_legacy,researchandpolitics,r,grf,1
dataverse_legacy,researchandpolitics,r,geoR,1
dataverse_legacy,researchandpolitics,r,plotly,1
dataverse_legacy,researchandpolitics,r,eurostat,1
dataverse_legacy,researchandpolitics,r,designmatch,1
dataverse_legacy,researchandpolitics,r,exactRankTests,1
dataverse_legacy,researchandpolitics,r,sensitivitymw,1
dataverse_legacy,researchandpolitics,r,sensitivitymv,1
dataverse_legacy,researchandpolitics,r,splitstackshape,1
dataverse_legacy,researchandpolitics,r,caret,1
dataverse_legacy,researchandpolitics,r,caretEnsemble,1
dataverse_legacy,researchandpolitics,r,egcm,1
dataverse_legacy,researchandpolitics,r,tnet,1
dataverse_legacy,researchandpolitics,r,AUCRF,1
dataverse_legacy,researchandpolitics,r,qualtRics,1
dataverse_legacy,researchandpolitics,r,naniar,1
dataverse_legacy,researchandpolitics,r,tikzDevice,1
dataverse_legacy,researchandpolitics,r,httr,1
dataverse_legacy,researchandpolitics,r,geodist,1
dataverse_legacy,researchandpolitics,r,RTextTools,1
dataverse_legacy,researchandpolitics,r,tables,1
dataverse_legacy,researchandpolitics,r,openNLP,1
dataverse_legacy,researchandpolitics,r,NLP,1
dataverse_legacy,researchandpolitics,r,polycor,1
dataverse_legacy,researchandpolitics,r,ri,1
dataverse_legacy,researchandpolitics,r,xlsx,1
dataverse_legacy,researchandpolitics,r,igraph,1
dataverse_legacy,researchandpolitics,r,effsize,1
dataverse_legacy,researchandpolitics,r,dataverse,1
dataverse_legacy,researchandpolitics,r,sciplot,1
dataverse_legacy,researchandpolitics,r,RItools,1
dataverse_legacy,researchandpolitics,r,epibasix,1
dataverse_legacy,researchandpolitics,r,spatstat.geom,1
dataverse_legacy,researchandpolitics,r,radiant.data,1
dataverse_legacy,researchandpolitics,r,gamlss,1
dataverse_legacy,researchandpolitics,r,gamlss.dist,1
dataverse_legacy,researchandpolitics,r,ATE,1
dataverse_legacy,researchandpolitics,r,Matching,1
dataverse_legacy,researchandpolitics,r,renv,1
dataverse_legacy,researchandpolitics,r,mgcv,1
dataverse_legacy,researchandpolitics,r,itsadug,1
dataverse_legacy,researchandpolitics,r,tidymv,1
dataverse_legacy,researchandpolitics,r,GPArotation,1
dataverse_legacy,researchandpolitics,r,rtf,1
dataverse_legacy,researchandpolitics,r,mgcViz,1
dataverse_legacy,researchandpolitics,r,gratia,1
dataverse_legacy,researchandpolitics,r,here,1
dataverse_legacy,researchandpolitics,r,pmr,1
dataverse_legacy,researchandpolitics,r,RDHonest,1
dataverse_legacy,researchandpolitics,r,rdpower,1
dataverse_legacy,researchandpolitics,r,scoring,1
dataverse_legacy,researchandpolitics,r,MLmetrics,1
dataverse_legacy,researchandpolitics,r,png,1
dataverse_legacy,researchandpolitics,r,multicon,1
dataverse_legacy,researchandpolitics,r,cobalt,1
dataverse_legacy,researchandpolitics,r,rdd,1
dataverse_legacy,researchandpolitics,r,scatterplot3d,1
dataverse_legacy,researchandpolitics,r,faraway,1
dataverse_legacy,researchandpolitics,r,sem,1
dataverse_legacy,researchandpolitics,r,dynlm,1
dataverse_legacy,researchandpolitics,r,ade4,1
dataverse_legacy,researchandpolitics,r,mvabund,1
dataverse_legacy,researchandpolitics,r,diptest,1
dataverse_legacy,researchandpolitics,r,spatcounts,1
dataverse_legacy,researchandpolitics,r,HH,1
dataverse_legacy,researchandpolitics,r,truncnorm,1
dataverse_legacy,researchandpolitics,r,blscrapeR,1
dataverse_legacy,researchandpolitics,r,zipcode,1
dataverse_legacy,researchandpolitics,stata,estout,54
dataverse_legacy,researchandpolitics,stata,coefplot,34
dataverse_legacy,researchandpolitics,stata,outreg2,25
dataverse_legacy,researchandpolitics,stata,clarify,9
dataverse_legacy,researchandpolitics,stata,ebalance,5
dataverse_legacy,researchandpolitics,stata,cem,4
dataverse_legacy,researchandpolitics,stata,dsconcat,3
dataverse_legacy,researchandpolitics,stata,listtex,3
dataverse_legacy,researchandpolitics,stata,gllamm,3
dataverse_legacy,researchandpolitics,stata,cibar,3
dataverse_legacy,researchandpolitics,stata,parmest,3
dataverse_legacy,researchandpolitics,stata,outreg,3
dataverse_legacy,researchandpolitics,stata,sutex,3
dataverse_legacy,researchandpolitics,stata,xtabond2,2
dataverse_legacy,researchandpolitics,stata,regsave,2
dataverse_legacy,researchandpolitics,stata,eclplot,2
dataverse_legacy,researchandpolitics,stata,shp2dta,2
dataverse_legacy,researchandpolitics,stata,catplot,2
dataverse_legacy,researchandpolitics,stata,mediation,2
dataverse_legacy,researchandpolitics,stata,reghdfe,2
dataverse_legacy,researchandpolitics,stata,combomarginsplot,2
dataverse_legacy,researchandpolitics,stata,ciplot,2
dataverse_legacy,researchandpolitics,stata,ivreg2,2
dataverse_legacy,researchandpolitics,stata,asdoc,2
dataverse_legacy,researchandpolitics,stata,psmatch2,1
dataverse_legacy,researchandpolitics,stata,betafit,1
dataverse_legacy,researchandpolitics,stata,zoib,1
dataverse_legacy,researchandpolitics,stata,tabout,1
dataverse_legacy,researchandpolitics,stata,rd,1
dataverse_legacy,researchandpolitics,stata,ppmlhdfe,1
dataverse_legacy,researchandpolitics,stata,grc1leg2,1
dataverse_legacy,researchandpolitics,stata,rwolf2,1
dataverse_legacy,researchandpolitics,stata,addplot,1
dataverse_legacy,researchandpolitics,stata,variog,1
dataverse_legacy,researchandpolitics,stata,mat2txt,1
dataverse_legacy,researchandpolitics,stata,labutil2,1
dataverse_legacy,researchandpolitics,stata,mmerge,1
dataverse_legacy,researchandpolitics,stata,stripplot,1
dataverse_legacy,researchandpolitics,stata,mplotoffset,1
dataverse_legacy,researchandpolitics,stata,relogit,1
dataverse_legacy,researchandpolitics,stata,fsum,1
dataverse_legacy,researchandpolitics,stata,tab3way,1
dataverse_legacy,researchandpolitics,stata,metabias,1
dataverse_legacy,researchandpolitics,stata,metareg,1
dataverse_legacy,researchandpolitics,stata,rc_spline,1
dataverse_legacy,researchandpolitics,stata,xtivreg2,1
dataverse_legacy,researchandpolitics,stata,unique,1
dataverse_legacy,researchandpolitics,stata,kountry,1
dataverse_legacy,researchandpolitics,stata,spmap,1
dataverse_legacy,researchandpolitics,stata,labutil,1
dataverse_legacy,researchandpolitics,stata,rdrobust,1
dataverse_legacy,researchandpolitics,stata,center,1
dataverse_legacy,researchandpolitics,stata,mdesc,1
dataverse_legacy,researchandpolitics,stata,interflex,1
dataverse_legacy,researchandpolitics,stata,frameappend,1
dataverse_legacy,researchandpolitics,stata,sensemakr,1
dataverse_legacy,researchandpolitics,stata,revrs,1
dataverse_legacy,researchandpolitics,stata,fre,1
dataverse_legacy,researchandpolitics,stata,conjoint,1
dataverse_legacy,researchandpolitics,stata,outtex,1
dataverse_legacy,researchandpolitics,stata,corrtex,1
dataverse_legacy,researchandpolitics,stata,sutex2,1
dataverse_legacy,researchandpolitics,stata,firthlogit,1
dataverse_legacy,researchandpolitics,stata,mgen,1
dataverse_legacy,researchandpolitics,stata,spineplot,1
dataverse_legacy,restat,python,pandas,21
dataverse_legacy,restat,python,numpy,20
dataverse_legacy,restat,python,matplotlib,11
dataverse_legacy,restat,python,scipy,10
dataverse_legacy,restat,python,scikit-learn,6
dataverse_legacy,restat,python,seaborn,4
dataverse_legacy,restat,python,statsmodels,3
dataverse_legacy,restat,python,numba,2
dataverse_legacy,restat,python,simplejson,1
dataverse_legacy,restat,python,BeautifulSoup,1
dataverse_legacy,restat,python,mechanize,1
dataverse_legacy,restat,python,toolkit,1
dataverse_legacy,restat,python,separable,1
dataverse_legacy,restat,python,SCons,1
dataverse_legacy,restat,python,pywin32,1
dataverse_legacy,restat,python,h5py,1
dataverse_legacy,restat,python,setuptools,1
dataverse_legacy,restat,python,PyYAML,1
dataverse_legacy,restat,python,nltk,1
dataverse_legacy,restat,python,pyscopus,1
dataverse_legacy,restat,python,util,1
dataverse_legacy,restat,python,models,1
dataverse_legacy,restat,python,pyblp,1
dataverse_legacy,restat,python,geopy,1
dataverse_legacy,restat,python,gensim,1
dataverse_legacy,restat,python,networkx,1
dataverse_legacy,restat,python,functions,1
dataverse_legacy,restat,python,snap,1
dataverse_legacy,restat,python,pydot,1
dataverse_legacy,restat,python,pyarrow,1
dataverse_legacy,restat,python,data-helper,1
dataverse_legacy,restat,python,plot-helper,1
dataverse_legacy,restat,python,pycop,1
dataverse_legacy,restat,python,pyreadstat,1
dataverse_legacy,restat,r,ggplot2,36
dataverse_legacy,restat,r,foreign,28
dataverse_legacy,restat,r,dplyr,26
dataverse_legacy,restat,r,data.table,25
dataverse_legacy,restat,r,tidyverse,17
dataverse_legacy,restat,r,lubridate,15
dataverse_legacy,restat,r,stargazer,15
dataverse_legacy,restat,r,haven,14
dataverse_legacy,restat,r,plyr,13
dataverse_legacy,restat,r,scales,13
dataverse_legacy,restat,r,xtable,13
dataverse_legacy,restat,r,sandwich,13
dataverse_legacy,restat,r,stringr,12
dataverse_legacy,restat,r,tidyr,10
dataverse_legacy,restat,r,readstata13,10
dataverse_legacy,restat,r,lfe,9
dataverse_legacy,restat,r,readxl,9
dataverse_legacy,restat,r,lmtest,9
dataverse_legacy,restat,r,readr,9
dataverse_legacy,restat,r,Matrix,8
dataverse_legacy,restat,r,reshape2,8
dataverse_legacy,restat,r,MASS,8
dataverse_legacy,restat,r,rgdal,8
dataverse_legacy,restat,r,RColorBrewer,7
dataverse_legacy,restat,r,fixest,7
dataverse_legacy,restat,r,igraph,6
dataverse_legacy,restat,r,plm,6
dataverse_legacy,restat,r,magrittr,6
dataverse_legacy,restat,r,gridExtra,6
dataverse_legacy,restat,r,ggthemes,6
dataverse_legacy,restat,r,zoo,5
dataverse_legacy,restat,r,doParallel,5
dataverse_legacy,restat,r,maptools,5
dataverse_legacy,restat,r,AER,5
dataverse_legacy,restat,r,forcats,5
dataverse_legacy,restat,r,sp,5
dataverse_legacy,restat,r,sf,4
dataverse_legacy,restat,r,raster,4
dataverse_legacy,restat,r,car,4
dataverse_legacy,restat,r,maps,4
dataverse_legacy,restat,r,lattice,4
dataverse_legacy,restat,r,usmap,4
dataverse_legacy,restat,r,viridis,4
dataverse_legacy,restat,r,ggrepel,4
dataverse_legacy,restat,r,tibble,4
dataverse_legacy,restat,r,Hmisc,4
dataverse_legacy,restat,r,matrixStats,4
dataverse_legacy,restat,r,Matching,3
dataverse_legacy,restat,r,mvtnorm,3
dataverse_legacy,restat,r,kableExtra,3
dataverse_legacy,restat,r,rstudioapi,3
dataverse_legacy,restat,r,rgeos,3
dataverse_legacy,restat,r,broom,3
dataverse_legacy,restat,r,tmap,3
dataverse_legacy,restat,r,miceadds,3
dataverse_legacy,restat,r,purrr,3
dataverse_legacy,restat,r,modelsummary,3
dataverse_legacy,restat,r,rdrobust,3
dataverse_legacy,restat,r,Rsolnp,3
dataverse_legacy,restat,r,knitr,3
dataverse_legacy,restat,r,did,3
dataverse_legacy,restat,r,geosphere,3
dataverse_legacy,restat,r,R.matlab,2
dataverse_legacy,restat,r,Formula,2
dataverse_legacy,restat,r,randomForest,2
dataverse_legacy,restat,r,mapdata,2
dataverse_legacy,restat,r,foreach,2
dataverse_legacy,restat,r,nloptr,2
dataverse_legacy,restat,r,rootSolve,2
dataverse_legacy,restat,r,gplots,2
dataverse_legacy,restat,r,Rcpp,2
dataverse_legacy,restat,r,xlsx,2
dataverse_legacy,restat,r,extrafont,2
dataverse_legacy,restat,r,classInt,2
dataverse_legacy,restat,r,splitstackshape,2
dataverse_legacy,restat,r,multiwayvcov,2
dataverse_legacy,restat,r,chron,2
dataverse_legacy,restat,r,glmnet,2
dataverse_legacy,restat,r,tictoc,2
dataverse_legacy,restat,r,pbapply,2
dataverse_legacy,restat,r,doBy,2
dataverse_legacy,restat,r,Cairo,2
dataverse_legacy,restat,r,digest,2
dataverse_legacy,restat,r,xgboost,2
dataverse_legacy,restat,r,MatchIt,2
dataverse_legacy,restat,r,pracma,2
dataverse_legacy,restat,r,DataCombine,2
dataverse_legacy,restat,r,DescTools,2
dataverse_legacy,restat,r,latex2exp,2
dataverse_legacy,restat,r,remotes,2
dataverse_legacy,restat,r,patchwork,2
dataverse_legacy,restat,r,texreg,2
dataverse_legacy,restat,r,here,2
dataverse_legacy,restat,r,dynlm,2
dataverse_legacy,restat,r,ggpubr,2
dataverse_legacy,restat,r,party,1
dataverse_legacy,restat,r,maxLik,1
dataverse_legacy,restat,r,proto,1
dataverse_legacy,restat,r,e1071,1
dataverse_legacy,restat,r,miscTools,1
dataverse_legacy,restat,r,rgenoud,1
dataverse_legacy,restat,r,snow,1
dataverse_legacy,restat,r,twang,1
dataverse_legacy,restat,r,rpart,1
dataverse_legacy,restat,r,ipred,1
dataverse_legacy,restat,r,micEconAids,1
dataverse_legacy,restat,r,ebal,1
dataverse_legacy,restat,r,class,1
dataverse_legacy,restat,r,strucchange,1
dataverse_legacy,restat,r,coin,1
dataverse_legacy,restat,r,gmm,1
dataverse_legacy,restat,r,spatialreg,1
dataverse_legacy,restat,r,spdep,1
dataverse_legacy,restat,r,splm,1
dataverse_legacy,restat,r,iterators,1
dataverse_legacy,restat,r,fGarch,1
dataverse_legacy,restat,r,tree,1
dataverse_legacy,restat,r,quantreg,1
dataverse_legacy,restat,r,htmlTable,1
dataverse_legacy,restat,r,diagram,1
dataverse_legacy,restat,r,ordinal,1
dataverse_legacy,restat,r,prodlim,1
dataverse_legacy,restat,r,coop,1
dataverse_legacy,restat,r,inline,1
dataverse_legacy,restat,r,RcppArmadillo,1
dataverse_legacy,restat,r,feather,1
dataverse_legacy,restat,r,fuzzyjoin,1
dataverse_legacy,restat,r,RSQLite,1
dataverse_legacy,restat,r,stringdist,1
dataverse_legacy,restat,r,tm,1
dataverse_legacy,restat,r,tabulizer,1
dataverse_legacy,restat,r,latticeExtra,1
dataverse_legacy,restat,r,spatstat,1
dataverse_legacy,restat,r,RecordLinkage,1
dataverse_legacy,restat,r,pastecs,1
dataverse_legacy,restat,r,stringi,1
dataverse_legacy,restat,r,phonics,1
dataverse_legacy,restat,r,doSNOW,1
dataverse_legacy,restat,r,circular,1
dataverse_legacy,restat,r,timeDate,1
dataverse_legacy,restat,r,corrgram,1
dataverse_legacy,restat,r,RcppBDT,1
dataverse_legacy,restat,r,tis,1
dataverse_legacy,restat,r,reporttools,1
dataverse_legacy,restat,r,formula.tools,1
dataverse_legacy,restat,r,functional,1
dataverse_legacy,restat,r,interplot,1
dataverse_legacy,restat,r,margins,1
dataverse_legacy,restat,r,multcomp,1
dataverse_legacy,restat,r,msm,1
dataverse_legacy,restat,r,pacman,1
dataverse_legacy,restat,r,apcluster,1
dataverse_legacy,restat,r,future,1
dataverse_legacy,restat,r,future.apply,1
dataverse_legacy,restat,r,furrr,1
dataverse_legacy,restat,r,basedosdados,1
dataverse_legacy,restat,r,geobr,1
dataverse_legacy,restat,r,rmapshaper,1
dataverse_legacy,restat,r,yaml,1
dataverse_legacy,restat,r,pspearman,1
dataverse_legacy,restat,r,lspline,1
dataverse_legacy,restat,r,dfadjust,1
dataverse_legacy,restat,r,corrplot,1
dataverse_legacy,restat,r,countrycode,1
dataverse_legacy,restat,r,hms,1
dataverse_legacy,restat,r,rddensity,1
dataverse_legacy,restat,r,gt,1
dataverse_legacy,restat,r,beepr,1
dataverse_legacy,restat,r,VennDiagram,1
dataverse_legacy,restat,r,groundhog,1
dataverse_legacy,restat,r,PRROC,1
dataverse_legacy,restat,r,pROC,1
dataverse_legacy,restat,r,paramtest,1
dataverse_legacy,restat,r,rockchalk,1
dataverse_legacy,restat,r,expm,1
dataverse_legacy,restat,r,plotly,1
dataverse_legacy,restat,r,tidymodels,1
dataverse_legacy,restat,r,workflows,1
dataverse_legacy,restat,r,plotROC,1
dataverse_legacy,restat,r,zeallot,1
dataverse_legacy,restat,r,gtools,1
dataverse_legacy,restat,r,openssl,1
dataverse_legacy,restat,r,dbplyr,1
dataverse_legacy,restat,r,DBI,1
dataverse_legacy,restat,r,fasttime,1
dataverse_legacy,restat,r,recipes,1
dataverse_legacy,restat,r,rsample,1
dataverse_legacy,restat,r,dials,1
dataverse_legacy,restat,r,rio,1
dataverse_legacy,restat,r,bbmle,1
dataverse_legacy,restat,r,writexl,1
dataverse_legacy,restat,r,ggm,1
dataverse_legacy,restat,r,dummies,1
dataverse_legacy,restat,r,openxlsx,1
dataverse_legacy,restat,r,survival,1
dataverse_legacy,restat,r,jtools,1
dataverse_legacy,restat,r,robustHD,1
dataverse_legacy,restat,r,dotwhisker,1
dataverse_legacy,restat,r,hdm,1
dataverse_legacy,restat,r,doRNG,1
dataverse_legacy,restat,r,SQUAREM,1
dataverse_legacy,restat,r,randtoolbox,1
dataverse_legacy,restat,r,limSolve,1
dataverse_legacy,restat,r,optparse,1
dataverse_legacy,restat,r,terra,1
dataverse_legacy,restat,r,gbm,1
dataverse_legacy,restat,r,ngspatial,1
dataverse_legacy,restat,r,plot.matrix,1
dataverse_legacy,restat,r,RODBC,1
dataverse_legacy,restat,r,eeptools,1
dataverse_legacy,restat,r,robomit,1
dataverse_legacy,restat,r,reshape,1
dataverse_legacy,restat,r,locfit,1
dataverse_legacy,restat,r,ergm,1
dataverse_legacy,restat,r,network,1
dataverse_legacy,restat,r,optimx,1
dataverse_legacy,restat,r,tigris,1
dataverse_legacy,restat,r,RTextTools,1
dataverse_legacy,restat,r,striprtf,1
dataverse_legacy,restat,r,tikzDevice,1
dataverse_legacy,restat,r,gtable,1
dataverse_legacy,restat,r,mapproj,1
dataverse_legacy,restat,r,folderfun,1
dataverse_legacy,restat,r,bit64,1
dataverse_legacy,restat,r,psych,1
dataverse_legacy,restat,r,KFAS,1
dataverse_legacy,restat,r,glue,1
dataverse_legacy,restat,r,seasonal,1
dataverse_legacy,restat,r,mFilter,1
dataverse_legacy,restat,r,gcdnet,1
dataverse_legacy,restat,r,naivereg,1
dataverse_legacy,restat,r,ggalt,1
dataverse_legacy,restat,r,cobalt,1
dataverse_legacy,restat,r,WeightIt,1
dataverse_legacy,restat,r,DRDID,1
dataverse_legacy,restat,r,BMisc,1
dataverse_legacy,restat,r,fossil,1
dataverse_legacy,restat,r,caret,1
dataverse_legacy,restat,r,fst,1
dataverse_legacy,restat,r,ggsn,1
dataverse_legacy,restat,r,rmarkdown,1
dataverse_legacy,restat,r,ggmap,1
dataverse_legacy,restat,r,rticles,1
dataverse_legacy,restat,r,fBasics,1
dataverse_legacy,restat,r,nleqslv,1
dataverse_legacy,restat,r,estimatr,1
dataverse_legacy,restat,r,conflicted,1
dataverse_legacy,restat,r,testthat,1
dataverse_legacy,restat,r,staggered,1
dataverse_legacy,restat,r,MetricsWeighted,1
dataverse_legacy,restat,r,arrow,1
dataverse_legacy,restat,r,GISTools,1
dataverse_legacy,restat,r,viridisLite,1
dataverse_legacy,restat,r,colorspace,1
dataverse_legacy,restat,r,janitor,1
dataverse_legacy,restat,r,survey,1
dataverse_legacy,restat,r,weights,1
dataverse_legacy,restat,r,rdd,1
dataverse_legacy,restat,r,devtools,1
dataverse_legacy,restat,stata,estout,281
dataverse_legacy,restat,stata,outreg2,189
dataverse_legacy,restat,stata,reghdfe,130
dataverse_legacy,restat,stata,ivreg2,78
dataverse_legacy,restat,stata,coefplot,70
dataverse_legacy,restat,stata,xtivreg2,34
dataverse_legacy,restat,stata,parmest,32
dataverse_legacy,restat,stata,outreg,29
dataverse_legacy,restat,stata,binscatter,26
dataverse_legacy,restat,stata,unique,25
dataverse_legacy,restat,stata,gtools,23
dataverse_legacy,restat,stata,spmap,20
dataverse_legacy,restat,stata,rdrobust,20
dataverse_legacy,restat,stata,boottest,19
dataverse_legacy,restat,stata,distinct,18
dataverse_legacy,restat,stata,winsor2,18
dataverse_legacy,restat,stata,regsave,17
dataverse_legacy,restat,stata,winsor,17
dataverse_legacy,restat,stata,ivreghdfe,17
dataverse_legacy,restat,stata,labutil,16
dataverse_legacy,restat,stata,carryforward,16
dataverse_legacy,restat,stata,tabout,13
dataverse_legacy,restat,stata,xtabond2,13
dataverse_legacy,restat,stata,synth,11
dataverse_legacy,restat,stata,geodist,11
dataverse_legacy,restat,stata,psmatch2,11
dataverse_legacy,restat,stata,stop,10
dataverse_legacy,restat,stata,mat2txt,10
dataverse_legacy,restat,stata,grstyle,9
dataverse_legacy,restat,stata,nnls,8
dataverse_legacy,restat,stata,mmerge,8
dataverse_legacy,restat,stata,outtable,8
dataverse_legacy,restat,stata,cibar,8
dataverse_legacy,restat,stata,geonear,8
dataverse_legacy,restat,stata,mdesc,7
dataverse_legacy,restat,stata,sutex,7
dataverse_legacy,restat,stata,eclplot,7
dataverse_legacy,restat,stata,shp2dta,7
dataverse_legacy,restat,stata,maptile,6
dataverse_legacy,restat,stata,fsum,6
dataverse_legacy,restat,stata,psacalc,6
dataverse_legacy,restat,stata,texsave,6
dataverse_legacy,restat,stata,vincenty,6
dataverse_legacy,restat,stata,acreg,6
dataverse_legacy,restat,stata,ftools,6
dataverse_legacy,restat,stata,cdfplot,6
dataverse_legacy,restat,stata,a2reg,5
dataverse_legacy,restat,stata,weakivtest,5
dataverse_legacy,restat,stata,did_imputation,5
dataverse_legacy,restat,stata,ppmlhdfe,5
dataverse_legacy,restat,stata,matchit,5
dataverse_legacy,restat,stata,wyoung,5
dataverse_legacy,restat,stata,texdoc,5
dataverse_legacy,restat,stata,dataout,5
dataverse_legacy,restat,stata,qqvalue,5
dataverse_legacy,restat,stata,statastates,5
dataverse_legacy,restat,stata,newey2,4
dataverse_legacy,restat,stata,est2tex,4
dataverse_legacy,restat,stata,lincomest,4
dataverse_legacy,restat,stata,listtex,4
dataverse_legacy,restat,stata,center,4
dataverse_legacy,restat,stata,grc1leg2,4
dataverse_legacy,restat,stata,event_plot,4
dataverse_legacy,restat,stata,did_multiplegt,4
dataverse_legacy,restat,stata,reclink,4
dataverse_legacy,restat,stata,cem,4
dataverse_legacy,restat,stata,balancetable,4
dataverse_legacy,restat,stata,ietoolkit,4
dataverse_legacy,restat,stata,sxpose,3
dataverse_legacy,restat,stata,eret2,3
dataverse_legacy,restat,stata,dmerge,3
dataverse_legacy,restat,stata,hprescott,3
dataverse_legacy,restat,stata,cmp,3
dataverse_legacy,restat,stata,rd,3
dataverse_legacy,restat,stata,b1x2,3
dataverse_legacy,restat,stata,reg2hdfe,3
dataverse_legacy,restat,stata,freduse,3
dataverse_legacy,restat,stata,clustse,3
dataverse_legacy,restat,stata,csdid,3
dataverse_legacy,restat,stata,distplot,3
dataverse_legacy,restat,stata,missings,3
dataverse_legacy,restat,stata,lassopack,3
dataverse_legacy,restat,stata,outsum,3
dataverse_legacy,restat,stata,gzsave,3
dataverse_legacy,restat,stata,rwolf,3
dataverse_legacy,restat,stata,semipar,3
dataverse_legacy,restat,stata,mediation,3
dataverse_legacy,restat,stata,fitstat,3
dataverse_legacy,restat,stata,mylabels,3
dataverse_legacy,restat,stata,geoinpoly,3
dataverse_legacy,restat,stata,heatplot,3
dataverse_legacy,restat,stata,ritest,3
dataverse_legacy,restat,stata,graphexportpdf,3
dataverse_legacy,restat,stata,sutex2,3
dataverse_legacy,restat,stata,ereplace,3
dataverse_legacy,restat,stata,dsconcat,3
dataverse_legacy,restat,stata,rscript,3
dataverse_legacy,restat,stata,cluster2,2
dataverse_legacy,restat,stata,sppack,2
dataverse_legacy,restat,stata,xtpqml,2
dataverse_legacy,restat,stata,tabstatmat,2
dataverse_legacy,restat,stata,shufflevar,2
dataverse_legacy,restat,stata,plausexog,2
dataverse_legacy,restat,stata,ssaggregate,2
dataverse_legacy,restat,stata,reg_ss,2
dataverse_legacy,restat,stata,pdslasso,2
dataverse_legacy,restat,stata,opencagegeo,2
dataverse_legacy,restat,stata,robreg,2
dataverse_legacy,restat,stata,oaxaca,2
dataverse_legacy,restat,stata,tidy,2
dataverse_legacy,restat,stata,addplot,2
dataverse_legacy,restat,stata,fs,2
dataverse_legacy,restat,stata,splitvallabels,2
dataverse_legacy,restat,stata,catplot,2
dataverse_legacy,restat,stata,ebalance,2
dataverse_legacy,restat,stata,bacondecomp,2
dataverse_legacy,restat,stata,glcurve,2
dataverse_legacy,restat,stata,randcmd,2
dataverse_legacy,restat,stata,ivreg2h,2
dataverse_legacy,restat,stata,nsplit,2
dataverse_legacy,restat,stata,fuzzydid,2
dataverse_legacy,restat,stata,xtscc,2
dataverse_legacy,restat,stata,univar,2
dataverse_legacy,restat,stata,cmogram,2
dataverse_legacy,restat,stata,ivregress2,2
dataverse_legacy,restat,stata,dmariano,2
dataverse_legacy,restat,stata,charlson,2
dataverse_legacy,restat,stata,latab,2
dataverse_legacy,restat,stata,leebounds,2
dataverse_legacy,restat,stata,erepost,2
dataverse_legacy,restat,stata,stddiff,2
dataverse_legacy,restat,stata,bigtab,1
dataverse_legacy,restat,stata,oddsrisk,1
dataverse_legacy,restat,stata,log2md,1
dataverse_legacy,restat,stata,try,1
dataverse_legacy,restat,stata,estwrite,1
dataverse_legacy,restat,stata,mdensity,1
dataverse_legacy,restat,stata,matwrite,1
dataverse_legacy,restat,stata,tmap,1
dataverse_legacy,restat,stata,ivpois,1
dataverse_legacy,restat,stata,mkcorr,1
dataverse_legacy,restat,stata,statsmat,1
dataverse_legacy,restat,stata,tuples,1
dataverse_legacy,restat,stata,byhist,1
dataverse_legacy,restat,stata,mcenter,1
dataverse_legacy,restat,stata,mfx2,1
dataverse_legacy,restat,stata,insob,1
dataverse_legacy,restat,stata,imperfectiv,1
dataverse_legacy,restat,stata,ihstrans,1
dataverse_legacy,restat,stata,xtdcce2,1
dataverse_legacy,restat,stata,dummies,1
dataverse_legacy,restat,stata,mif2dta,1
dataverse_legacy,restat,stata,skilmack,1
dataverse_legacy,restat,stata,denton,1
dataverse_legacy,restat,stata,tab_chi,1
dataverse_legacy,restat,stata,tabform,1
dataverse_legacy,restat,stata,tolower,1
dataverse_legacy,restat,stata,vioplot,1
dataverse_legacy,restat,stata,clrbound,1
dataverse_legacy,restat,stata,mergepoly,1
dataverse_legacy,restat,stata,xsvmat,1
dataverse_legacy,restat,stata,mipolate,1
dataverse_legacy,restat,stata,nnmatch,1
dataverse_legacy,restat,stata,xtevent,1
dataverse_legacy,restat,stata,genstack,1
dataverse_legacy,restat,stata,ivendog,1
dataverse_legacy,restat,stata,irr,1
dataverse_legacy,restat,stata,sphdist,1
dataverse_legacy,restat,stata,twopm,1
dataverse_legacy,restat,stata,grubbs,1
dataverse_legacy,restat,stata,group_twoway,1
dataverse_legacy,restat,stata,ingap,1
dataverse_legacy,restat,stata,ivhettest,1
dataverse_legacy,restat,stata,seq,1
dataverse_legacy,restat,stata,fese,1
dataverse_legacy,restat,stata,jb6,1
dataverse_legacy,restat,stata,estrat,1
dataverse_legacy,restat,stata,sbbq,1
dataverse_legacy,restat,stata,fastgini,1
dataverse_legacy,restat,stata,quantiles,1
dataverse_legacy,restat,stata,vce2way,1
dataverse_legacy,restat,stata,ttesttable,1
dataverse_legacy,restat,stata,charlist,1
dataverse_legacy,restat,stata,abar,1
dataverse_legacy,restat,stata,xtcd,1
dataverse_legacy,restat,stata,multipurt,1
dataverse_legacy,restat,stata,pescadf,1
dataverse_legacy,restat,stata,xtmg,1
dataverse_legacy,restat,stata,mkest,1
dataverse_legacy,restat,stata,mvdcmp,1
dataverse_legacy,restat,stata,kernreg1,1
dataverse_legacy,restat,stata,lorenz,1
dataverse_legacy,restat,stata,sgini,1
dataverse_legacy,restat,stata,shapley2,1
dataverse_legacy,restat,stata,svylorenz,1
dataverse_legacy,restat,stata,sumdist,1
dataverse_legacy,restat,stata,gb2lfit,1
dataverse_legacy,restat,stata,svygei_svyatk,1
dataverse_legacy,restat,stata,qreg2,1
dataverse_legacy,restat,stata,weakiv,1
dataverse_legacy,restat,stata,findname,1
dataverse_legacy,restat,stata,twowayfeweights,1
dataverse_legacy,restat,stata,rforest,1
dataverse_legacy,restat,stata,plotmatrix,1
dataverse_legacy,restat,stata,plotbeta,1
dataverse_legacy,restat,stata,twostepweakiv,1
dataverse_legacy,restat,stata,bspline,1
dataverse_legacy,restat,stata,krls,1
dataverse_legacy,restat,stata,palettes,1
dataverse_legacy,restat,stata,prodest,1
dataverse_legacy,restat,stata,panels,1
dataverse_legacy,restat,stata,revrs,1
dataverse_legacy,restat,stata,domin,1
dataverse_legacy,restat,stata,xframeappend,1
dataverse_legacy,restat,stata,elasticregress,1
dataverse_legacy,restat,stata,postrcspline,1
dataverse_legacy,restat,stata,grqreg,1
dataverse_legacy,restat,stata,ttable2,1
dataverse_legacy,restat,stata,ranktest,1
dataverse_legacy,restat,stata,listtab,1
dataverse_legacy,restat,stata,sumstats,1
dataverse_legacy,restat,stata,vam,1
dataverse_legacy,restat,stata,project,1
dataverse_legacy,restat,stata,zipsave,1
dataverse_legacy,restat,stata,tolong,1
dataverse_legacy,restat,stata,sdecode,1
dataverse_legacy,restat,stata,logout,1
dataverse_legacy,restat,stata,eventstudy,1
dataverse_legacy,restat,stata,countyfips,1
dataverse_legacy,restat,stata,moss,1
dataverse_legacy,restat,stata,rdcv,1
dataverse_legacy,restat,stata,smileplot,1
dataverse_legacy,restat,stata,safedrop,1
dataverse_legacy,restat,stata,cpigen,1
dataverse_legacy,restat,stata,subsave,1
dataverse_legacy,restat,stata,lars,1
dataverse_legacy,restat,stata,mrtab,1
dataverse_legacy,restat,stata,regife,1
dataverse_legacy,restat,stata,rwolf2,1
dataverse_legacy,restat,stata,ivolsdec,1
dataverse_legacy,restat,stata,keeporder,1
dataverse_legacy,restat,stata,rnd,1
dataverse_legacy,restat,stata,overid,1
dataverse_legacy,restat,stata,fre,1
dataverse_legacy,restat,stata,cltest,1
dataverse_legacy,restat,stata,autofmt,1
dataverse_legacy,restat,stata,rowsort,1
dataverse_legacy,restat,stata,eventstudyinteract,1
dataverse_legacy,restat,stata,strrec,1
dataverse_legacy,restat,stata,ivmediate,1
dataverse_legacy,restat,stata,missing,1
dataverse_legacy,restat,stata,nearest,1
dataverse_legacy,restat,stata,markstat,1
zenodo,restud-replication,python,numpy,51
zenodo,restud-replication,python,pandas,51
zenodo,restud-replication,python,matplotlib,37
zenodo,restud-replication,python,scipy,33
zenodo,restud-replication,python,statsmodels,20
zenodo,restud-replication,python,seaborn,11
zenodo,restud-replication,python,scikit-learn,8
zenodo,restud-replication,python,numba,7
zenodo,restud-replication,python,geopandas,6
zenodo,restud-replication,python,python-dateutil,5
zenodo,restud-replication,python,nltk,4
zenodo,restud-replication,python,requests,4
zenodo,restud-replication,python,Shapely,4
zenodo,restud-replication,python,ipython,4
zenodo,restud-replication,python,gensim,3
zenodo,restud-replication,python,spacy,3
zenodo,restud-replication,python,sobol,3
zenodo,restud-replication,python,linearmodels,3
zenodo,restud-replication,python,functions,3
zenodo,restud-replication,python,plotly,2
zenodo,restud-replication,python,fredapi,2
zenodo,restud-replication,python,pylab,2
zenodo,restud-replication,python,wordcloud,2
zenodo,restud-replication,python,config,2
zenodo,restud-replication,python,openai,2
zenodo,restud-replication,python,rasterio,2
zenodo,restud-replication,python,scikit-image,2
zenodo,restud-replication,python,binsreg,2
zenodo,restud-replication,python,dask,2
zenodo,restud-replication,python,cycler,2
zenodo,restud-replication,python,gurobipy,2
zenodo,restud-replication,python,openpyxl,2
zenodo,restud-replication,python,tqdm,2
zenodo,restud-replication,python,settings,2
zenodo,restud-replication,python,PyYAML,2
zenodo,restud-replication,python,wrds,2
zenodo,restud-replication,python,binscatter,2
zenodo,restud-replication,python,knitro,2
zenodo,restud-replication,python,model,2
zenodo,restud-replication,python,networkx,2
zenodo,restud-replication,python,patsy,2
zenodo,restud-replication,python,otree,2
zenodo,restud-replication,python,Django,2
zenodo,restud-replication,python,swifter,2
zenodo,restud-replication,python,sentence-transformers,2
zenodo,restud-replication,python,models,2
zenodo,restud-replication,python,auxiliary,1
zenodo,restud-replication,python,engine,1
zenodo,restud-replication,python,Figures,1
zenodo,restud-replication,python,turicreate,1
zenodo,restud-replication,python,snap,1
zenodo,restud-replication,python,pandarallel,1
zenodo,restud-replication,python,corextopic,1
zenodo,restud-replication,python,timestamp,1
zenodo,restud-replication,python,mpi4py,1
zenodo,restud-replication,python,beautifulsoup4,1
zenodo,restud-replication,python,sequence-jacobian,1
zenodo,restud-replication,python,numdifftools,1
zenodo,restud-replication,python,cvxopt,1
zenodo,restud-replication,python,simpledbf,1
zenodo,restud-replication,python,prices,1
zenodo,restud-replication,python,panel,1
zenodo,restud-replication,python,counterfactual,1
zenodo,restud-replication,python,stargazer,1
zenodo,restud-replication,python,ghostscript,1
zenodo,restud-replication,python,tabulate,1
zenodo,restud-replication,python,lasso,1
zenodo,restud-replication,python,vaderSentiment,1
zenodo,restud-replication,python,textblob,1
zenodo,restud-replication,python,textstat,1
zenodo,restud-replication,python,googlemaps,1
zenodo,restud-replication,python,src,1
zenodo,restud-replication,python,stata-setup,1
zenodo,restud-replication,python,pystata,1
zenodo,restud-replication,python,packaging,1
zenodo,restud-replication,python,interpolation,1
zenodo,restud-replication,python,modelsettings,1
zenodo,restud-replication,python,montecarlo,1
zenodo,restud-replication,python,rpy2,1
zenodo,restud-replication,python,ipywidgets,1
zenodo,restud-replication,python,pyfixest,1
zenodo,restud-replication,python,pytest,1
zenodo,restud-replication,python,PySDTest,1
zenodo,restud-replication,python,cmdstanpy,1
zenodo,restud-replication,python,arviz,1
zenodo,restud-replication,python,bootstrap,1
zenodo,restud-replication,python,plotting,1
zenodo,restud-replication,python,extra,1
zenodo,restud-replication,python,python-igraph,1
zenodo,restud-replication,python,ugd,1
zenodo,restud-replication,python,sphinx-rtd-theme,1
zenodo,restud-replication,python,objective,1
zenodo,restud-replication,python,nlopt,1
zenodo,restud-replication,python,utils,1
zenodo,restud-replication,python,xlrd,1
zenodo,restud-replication,python,ad,1
zenodo,restud-replication,python,autodiff,1
zenodo,restud-replication,python,eds,1
zenodo,restud-replication,python,compecon,1
zenodo,restud-replication,python,arguments,1
zenodo,restud-replication,python,Jinja2,1
zenodo,restud-replication,python,Geohash,1
zenodo,restud-replication,python,fiona,1
zenodo,restud-replication,python,descartes,1
zenodo,restud-replication,python,misc,1
zenodo,restud-replication,python,pip,1
zenodo,restud-replication,python,decisions,1
zenodo,restud-replication,python,dj-database-url,1
zenodo,restud-replication,python,boto,1
zenodo,restud-replication,python,sympy,1
zenodo,restud-replication,python,econtools,1
zenodo,restud-replication,python,pyarrow,1
zenodo,restud-replication,python,util,1
zenodo,restud-replication,python,nbformat,1
zenodo,restud-replication,python,nbconvert,1
zenodo,restud-replication,python,general,1
zenodo,restud-replication,python,palettable,1
zenodo,restud-replication,python,xlsxwriter,1
zenodo,restud-replication,python,pandas_market_calendars,1
zenodo,restud-replication,python,tikzplotlib,1
zenodo,restud-replication,r,dplyr,59
zenodo,restud-replication,r,ggplot2,55
zenodo,restud-replication,r,haven,47
zenodo,restud-replication,r,tidyverse,45
zenodo,restud-replication,r,data.table,40
zenodo,restud-replication,r,readxl,36
zenodo,restud-replication,r,tidyr,30
zenodo,restud-replication,r,stargazer,27
zenodo,restud-replication,r,stringr,26
zenodo,restud-replication,r,fixest,22
zenodo,restud-replication,r,lfe,21
zenodo,restud-replication,r,scales,20
zenodo,restud-replication,r,xtable,20
zenodo,restud-replication,r,zoo,20
zenodo,restud-replication,r,lubridate,19
zenodo,restud-replication,r,broom,17
zenodo,restud-replication,r,knitr,17
zenodo,restud-replication,r,foreign,16
zenodo,restud-replication,r,gridExtra,16
zenodo,restud-replication,r,doParallel,16
zenodo,restud-replication,r,readstata13,15
zenodo,restud-replication,r,plyr,14
zenodo,restud-replication,r,latex2exp,14
zenodo,restud-replication,r,kableExtra,13
zenodo,restud-replication,r,cowplot,13
zenodo,restud-replication,r,sandwich,12
zenodo,restud-replication,r,Matrix,12
zenodo,restud-replication,r,Hmisc,11
zenodo,restud-replication,r,lmtest,11
zenodo,restud-replication,r,MASS,11
zenodo,restud-replication,r,modelsummary,11
zenodo,restud-replication,r,foreach,11
zenodo,restud-replication,r,readr,11
zenodo,restud-replication,r,purrr,10
zenodo,restud-replication,r,reshape2,9
zenodo,restud-replication,r,RColorBrewer,9
zenodo,restud-replication,r,devtools,9
zenodo,restud-replication,r,remotes,9
zenodo,restud-replication,r,sf,9
zenodo,restud-replication,r,extrafont,9
zenodo,restud-replication,r,plm,8
zenodo,restud-replication,r,magrittr,8
zenodo,restud-replication,r,stringi,8
zenodo,restud-replication,r,here,8
zenodo,restud-replication,r,ggthemes,7
zenodo,restud-replication,r,glmnet,7
zenodo,restud-replication,r,geosphere,7
zenodo,restud-replication,r,openxlsx,7
zenodo,restud-replication,r,ggrepel,7
zenodo,restud-replication,r,rstudioapi,7
zenodo,restud-replication,r,tibble,6
zenodo,restud-replication,r,AER,6
zenodo,restud-replication,r,statar,6
zenodo,restud-replication,r,tictoc,6
zenodo,restud-replication,r,randomForest,6
zenodo,restud-replication,r,car,6
zenodo,restud-replication,r,R.matlab,6
zenodo,restud-replication,r,glue,5
zenodo,restud-replication,r,igraph,5
zenodo,restud-replication,r,rgeos,5
zenodo,restud-replication,r,raster,5
zenodo,restud-replication,r,nleqslv,5
zenodo,restud-replication,r,janitor,5
zenodo,restud-replication,r,fastDummies,5
zenodo,restud-replication,r,rio,5
zenodo,restud-replication,r,ggpubr,5
zenodo,restud-replication,r,mvtnorm,5
zenodo,restud-replication,r,estimatr,5
zenodo,restud-replication,r,forcats,5
zenodo,restud-replication,r,matrixStats,5
zenodo,restud-replication,r,nloptr,5
zenodo,restud-replication,r,rjson,4
zenodo,restud-replication,r,mice,4
zenodo,restud-replication,r,rgdal,4
zenodo,restud-replication,r,sp,4
zenodo,restud-replication,r,gtools,4
zenodo,restud-replication,r,patchwork,4
zenodo,restud-replication,r,rlang,4
zenodo,restud-replication,r,tmap,4
zenodo,restud-replication,r,pracma,4
zenodo,restud-replication,r,Rcpp,4
zenodo,restud-replication,r,gdata,4
zenodo,restud-replication,r,randtoolbox,4
zenodo,restud-replication,r,network,3
zenodo,restud-replication,r,ggmap,3
zenodo,restud-replication,r,optimx,3
zenodo,restud-replication,r,reshape,3
zenodo,restud-replication,r,lattice,3
zenodo,restud-replication,r,ivreg,3
zenodo,restud-replication,r,groundhog,3
zenodo,restud-replication,r,doMC,3
zenodo,restud-replication,r,readtext,3
zenodo,restud-replication,r,pacman,3
zenodo,restud-replication,r,ggh4x,3
zenodo,restud-replication,r,viridis,3
zenodo,restud-replication,r,tikzDevice,3
zenodo,restud-replication,r,futile.logger,3
zenodo,restud-replication,r,caret,3
zenodo,restud-replication,r,RPostgres,3
zenodo,restud-replication,r,DescTools,3
zenodo,restud-replication,r,bbmle,3
zenodo,restud-replication,r,fredr,3
zenodo,restud-replication,r,truncnorm,3
zenodo,restud-replication,r,rootSolve,3
zenodo,restud-replication,r,numDeriv,3
zenodo,restud-replication,r,gtable,3
zenodo,restud-replication,r,texreg,3
zenodo,restud-replication,r,statnet,2
zenodo,restud-replication,r,plotrix,2
zenodo,restud-replication,r,ergm,2
zenodo,restud-replication,r,BB,2
zenodo,restud-replication,r,ipumsr,2
zenodo,restud-replication,r,jsonlite,2
zenodo,restud-replication,r,CVXR,2
zenodo,restud-replication,r,sampleSelection,2
zenodo,restud-replication,r,minpack.lm,2
zenodo,restud-replication,r,Rmisc,2
zenodo,restud-replication,r,multiwayvcov,2
zenodo,restud-replication,r,miceadds,2
zenodo,restud-replication,r,VIM,2
zenodo,restud-replication,r,maptools,2
zenodo,restud-replication,r,XML,2
zenodo,restud-replication,r,mapview,2
zenodo,restud-replication,r,units,2
zenodo,restud-replication,r,rmarkdown,2
zenodo,restud-replication,r,furrr,2
zenodo,restud-replication,r,chron,2
zenodo,restud-replication,r,Rmosek,2
zenodo,restud-replication,r,Formula,2
zenodo,restud-replication,r,nnet,2
zenodo,restud-replication,r,survey,2
zenodo,restud-replication,r,boot,2
zenodo,restud-replication,r,weights,2
zenodo,restud-replication,r,splines2,2
zenodo,restud-replication,r,mfx,2
zenodo,restud-replication,r,HonestDiD,2
zenodo,restud-replication,r,gbm,2
zenodo,restud-replication,r,VGAM,2
zenodo,restud-replication,r,writexl,2
zenodo,restud-replication,r,plotly,2
zenodo,restud-replication,r,RcppArmadillo,2
zenodo,restud-replication,r,abind,2
zenodo,restud-replication,r,fst,2
zenodo,restud-replication,r,R.utils,2
zenodo,restud-replication,r,lme4,2
zenodo,restud-replication,r,ordinal,2
zenodo,restud-replication,r,multcomp,2
zenodo,restud-replication,r,pscl,2
zenodo,restud-replication,r,irr,2
zenodo,restud-replication,r,hdm,2
zenodo,restud-replication,r,ggsignif,1
zenodo,restud-replication,r,humaniformat,1
zenodo,restud-replication,r,bife,1
zenodo,restud-replication,r,dineq,1
zenodo,restud-replication,r,ineq,1
zenodo,restud-replication,r,rms,1
zenodo,restud-replication,r,leaps,1
zenodo,restud-replication,r,diptest,1
zenodo,restud-replication,r,multimode,1
zenodo,restud-replication,r,psych,1
zenodo,restud-replication,r,Amelia,1
zenodo,restud-replication,r,mitools,1
zenodo,restud-replication,r,dfoptim,1
zenodo,restud-replication,r,googleway,1
zenodo,restud-replication,r,mapproj,1
zenodo,restud-replication,r,gganimate,1
zenodo,restud-replication,r,magick,1
zenodo,restud-replication,r,transformr,1
zenodo,restud-replication,r,TSP,1
zenodo,restud-replication,r,tspmeta,1
zenodo,restud-replication,r,osrm,1
zenodo,restud-replication,r,pdftools,1
zenodo,restud-replication,r,png,1
zenodo,restud-replication,r,bitops,1
zenodo,restud-replication,r,spatstat,1
zenodo,restud-replication,r,SCtools,1
zenodo,restud-replication,r,vtable,1
zenodo,restud-replication,r,epitools,1
zenodo,restud-replication,r,fabricatr,1
zenodo,restud-replication,r,leaflet,1
zenodo,restud-replication,r,nngeo,1
zenodo,restud-replication,r,usethis,1
zenodo,restud-replication,r,lwgeom,1
zenodo,restud-replication,r,gmapsdistance,1
zenodo,restud-replication,r,spdep,1
zenodo,restud-replication,r,hablar,1
zenodo,restud-replication,r,slam,1
zenodo,restud-replication,r,pryr,1
zenodo,restud-replication,r,RCurl,1
zenodo,restud-replication,r,terra,1
zenodo,restud-replication,r,EnvStats,1
zenodo,restud-replication,r,GA,1
zenodo,restud-replication,r,Rlab,1
zenodo,restud-replication,r,rmatio,1
zenodo,restud-replication,r,latentnet,1
zenodo,restud-replication,r,spacyr,1
zenodo,restud-replication,r,stringdist,1
zenodo,restud-replication,r,dotwhisker,1
zenodo,restud-replication,r,binom,1
zenodo,restud-replication,r,mondate,1
zenodo,restud-replication,r,gmodels,1
zenodo,restud-replication,r,rdrobust,1
zenodo,restud-replication,r,marginaleffects,1
zenodo,restud-replication,r,RSQLite,1
zenodo,restud-replication,r,doBy,1
zenodo,restud-replication,r,sqldf,1
zenodo,restud-replication,r,bizdays,1
zenodo,restud-replication,r,moments,1
zenodo,restud-replication,r,Rfast,1
zenodo,restud-replication,r,RcppAlgos,1
zenodo,restud-replication,r,BayesianTools,1
zenodo,restud-replication,r,microbenchmark,1
zenodo,restud-replication,r,RCBR,1
zenodo,restud-replication,r,orthopolynom,1
zenodo,restud-replication,r,MatrixModels,1
zenodo,restud-replication,r,tidytext,1
zenodo,restud-replication,r,magicfor,1
zenodo,restud-replication,r,concordance,1
zenodo,restud-replication,r,strucchangeRcpp,1
zenodo,restud-replication,r,logger,1
zenodo,restud-replication,r,corrplot,1
zenodo,restud-replication,r,progress,1
zenodo,restud-replication,r,googlesheets4,1
zenodo,restud-replication,r,readODS,1
zenodo,restud-replication,r,geojsonsf,1
zenodo,restud-replication,r,googledrive,1
zenodo,restud-replication,r,grateful,1
zenodo,restud-replication,r,viridisLite,1
zenodo,restud-replication,r,directlabels,1
zenodo,restud-replication,r,classInt,1
zenodo,restud-replication,r,rasterVis,1
zenodo,restud-replication,r,testthat,1
zenodo,restud-replication,r,fitdistrplus,1
zenodo,restud-replication,r,kernlab,1
zenodo,restud-replication,r,rpart,1
zenodo,restud-replication,r,missForest,1
zenodo,restud-replication,r,systemfit,1
zenodo,restud-replication,r,pbivnorm,1
zenodo,restud-replication,r,lsei,1
zenodo,restud-replication,r,ivmte,1
zenodo,restud-replication,r,brew,1
zenodo,restud-replication,r,ggdist,1
zenodo,restud-replication,r,doSNOW,1
zenodo,restud-replication,r,ks,1
zenodo,restud-replication,r,corpcor,1
zenodo,restud-replication,r,tmaptools,1
zenodo,restud-replication,r,sassy,1
zenodo,restud-replication,r,dtplyr,1
zenodo,restud-replication,r,fda,1
zenodo,restud-replication,r,bit64,1
zenodo,restud-replication,r,ddml,1
zenodo,restud-replication,r,textab,1
zenodo,restud-replication,r,snow,1
zenodo,restud-replication,r,dfadjust,1
zenodo,restud-replication,r,ncdf4,1
zenodo,restud-replication,r,locfdr,1
zenodo,restud-replication,r,smoothr,1
zenodo,restud-replication,r,mle.tools,1
zenodo,restud-replication,r,labelled,1
zenodo,restud-replication,r,paletteer,1
zenodo,restud-replication,r,did,1
zenodo,restud-replication,r,didimputation,1
zenodo,restud-replication,r,DBI,1
zenodo,restud-replication,r,dbplyr,1
zenodo,restud-replication,r,slider,1
zenodo,restud-replication,r,reticulate,1
zenodo,restud-replication,r,osqp,1
zenodo,restud-replication,r,renv,1
zenodo,restud-replication,r,httr,1
zenodo,restud-replication,r,tidylog,1
zenodo,restud-replication,r,Cairo,1
zenodo,restud-replication,r,nlme,1
zenodo,restud-replication,r,conflicted,1
zenodo,restud-replication,r,e1071,1
zenodo,restud-replication,r,feather,1
zenodo,restud-replication,r,recipes,1
zenodo,restud-replication,r,duckdb,1
zenodo,restud-replication,r,arrow,1
zenodo,restud-replication,r,fuzzyjoin,1
zenodo,restud-replication,r,svglite,1
zenodo,restud-replication,r,likert,1
zenodo,restud-replication,r,memisc,1
zenodo,restud-replication,r,MatchIt,1
zenodo,restud-replication,r,pso,1
zenodo,restud-replication,r,lpSolve,1
zenodo,restud-replication,r,NlcOptim,1
zenodo,restud-replication,r,alabama,1
zenodo,restud-replication,r,entropy,1
zenodo,restud-replication,r,qs,1
zenodo,restud-replication,r,RStata,1
zenodo,restud-replication,r,pbmcapply,1
zenodo,restud-replication,r,mlogit,1
zenodo,restud-replication,r,survival,1
zenodo,restud-replication,r,survminer,1
zenodo,restud-replication,r,yaml,1
zenodo,restud-replication,r,randomcoloR,1
zenodo,restud-replication,r,zipcode,1
zenodo,restud-replication,r,pwr,1
zenodo,restud-replication,r,IDPmisc,1
zenodo,restud-replication,r,FixedPoint,1
zenodo,restud-replication,r,gmm,1
zenodo,restud-replication,r,cubature,1
zenodo,restud-replication,r,hypergeo,1
zenodo,restud-replication,r,skewt,1
zenodo,restud-replication,r,robustbase,1
zenodo,restud-replication,r,R.devices,1
zenodo,restud-replication,r,cairoDevice,1
zenodo,restud-replication,r,MultiRNG,1
zenodo,restud-replication,r,snowfall,1
zenodo,restud-replication,r,TMB,1
zenodo,restud-replication,r,sjPlot,1
zenodo,restud-replication,r,lmeresampler,1
zenodo,restud-replication,r,modelr,1
zenodo,restud-replication,r,tmvtnorm,1
zenodo,restud-replication,r,scatterpie,1
zenodo,restud-replication,r,quantreg,1
zenodo,restud-replication,r,rngWELL,1
zenodo,restud-replication,r,mgcv,1
zenodo,restud-replication,r,countrycode,1
zenodo,restud-replication,r,distr,1
zenodo,restud-replication,r,TruncatedNormal,1
zenodo,restud-replication,r,lpSolveAPI,1
zenodo,restud-replication,r,ROI,1
zenodo,restud-replication,r,Rglpk,1
zenodo,restud-replication,r,intervals,1
zenodo,restud-replication,r,formatR,1
zenodo,restud-replication,r,doRNG,1
zenodo,restud-replication,r,corrr,1
zenodo,restud-replication,r,maps,1
zenodo,restud-replication,r,hrbrthemes,1
zenodo,restud-replication,r,mfp,1
zenodo,restud-replication,r,tidygeocoder,1
zenodo,restud-replication,r,callr,1
zenodo,restud-replication,r,dint,1
zenodo,restud-replication,r,kSamples,1
zenodo,restud-replication,r,matrixcalc,1
zenodo,restud-replication,r,clubSandwich,1
zenodo,restud-replication,r,ROCR,1
zenodo,restud-replication,r,dummies,1
zenodo,restud-replication,r,glmnetUtils,1
zenodo,restud-replication,r,msm,1
zenodo,restud-replication,r,alr4,1
zenodo,restud-replication,r,rsample,1
zenodo,restud-replication,r,wbstats,1
zenodo,restud-replication,r,thematic,1
zenodo,restud-replication,r,showtext,1
zenodo,restud-replication,r,RcppRoll,1
zenodo,restud-replication,r,doFuture,1
zenodo,restud-replication,r,OpenMPController,1
zenodo,restud-replication,r,progressr,1
zenodo,restud-replication,r,batchtools,1
zenodo,restud-replication,r,roll,1
zenodo,restud-replication,r,textclean,1
zenodo,restud-replication,r,dqrng,1
zenodo,restud-replication,r,backports,1
zenodo,restud-replication,r,crayon,1
zenodo,restud-replication,r,modi,1
zenodo,restud-replication,r,cli,1
zenodo,restud-replication,stata,estout,209
zenodo,restud-replication,stata,reghdfe,126
zenodo,restud-replication,stata,outreg2,76
zenodo,restud-replication,stata,coefplot,49
zenodo,restud-replication,stata,binscatter,43
zenodo,restud-replication,stata,ivreghdfe,36
zenodo,restud-replication,stata,ivreg2,36
zenodo,restud-replication,stata,gtools,34
zenodo,restud-replication,stata,winsor2,34
zenodo,restud-replication,stata,unique,33
zenodo,restud-replication,stata,distinct,32
zenodo,restud-replication,stata,spmap,31
zenodo,restud-replication,stata,winsor,24
zenodo,restud-replication,stata,carryforward,19
zenodo,restud-replication,stata,shp2dta,17
zenodo,restud-replication,stata,grstyle,15
zenodo,restud-replication,stata,labutil,15
zenodo,restud-replication,stata,regsave,15
zenodo,restud-replication,stata,geodist,15
zenodo,restud-replication,stata,ftools,12
zenodo,restud-replication,stata,ppmlhdfe,10
zenodo,restud-replication,stata,parmest,10
zenodo,restud-replication,stata,outreg,9
zenodo,restud-replication,stata,listtab,9
zenodo,restud-replication,stata,texsave,9
zenodo,restud-replication,stata,rdrobust,9
zenodo,restud-replication,stata,xtivreg2,8
zenodo,restud-replication,stata,mdesc,8
zenodo,restud-replication,stata,boottest,8
zenodo,restud-replication,stata,mat2txt,7
zenodo,restud-replication,stata,stop,7
zenodo,restud-replication,stata,acreg,7
zenodo,restud-replication,stata,xtscc,7
zenodo,restud-replication,stata,event_plot,6
zenodo,restud-replication,stata,matchit,6
zenodo,restud-replication,stata,ereplace,6
zenodo,restud-replication,stata,rangestat,6
zenodo,restud-replication,stata,maptile,6
zenodo,restud-replication,stata,mmerge,5
zenodo,restud-replication,stata,ietoolkit,5
zenodo,restud-replication,stata,outtable,5
zenodo,restud-replication,stata,astile,5
zenodo,restud-replication,stata,palettes,5
zenodo,restud-replication,stata,texdoc,5
zenodo,restud-replication,stata,vincenty,5
zenodo,restud-replication,stata,ssaggregate,5
zenodo,restud-replication,stata,eventstudyinteract,4
zenodo,restud-replication,stata,did_imputation,4
zenodo,restud-replication,stata,rscript,4
zenodo,restud-replication,stata,sutex,4
zenodo,restud-replication,stata,did_multiplegt,4
zenodo,restud-replication,stata,geoinpoly,4
zenodo,restud-replication,stata,heatplot,4
zenodo,restud-replication,stata,leebounds,4
zenodo,restud-replication,stata,weakivtest,4
zenodo,restud-replication,stata,weakiv,4
zenodo,restud-replication,stata,psmatch2,4
zenodo,restud-replication,stata,missings,4
zenodo,restud-replication,stata,grc1leg2,4
zenodo,restud-replication,stata,reclink,4
zenodo,restud-replication,stata,center,4
zenodo,restud-replication,stata,fs,4
zenodo,restud-replication,stata,xtabond2,4
zenodo,restud-replication,stata,mipolate,4
zenodo,restud-replication,stata,keeporder,4
zenodo,restud-replication,stata,lassopack,3
zenodo,restud-replication,stata,ritest,3
zenodo,restud-replication,stata,eclplot,3
zenodo,restud-replication,stata,listtex,3
zenodo,restud-replication,stata,asdoc,3
zenodo,restud-replication,stata,addplot,3
zenodo,restud-replication,stata,sxpose,3
zenodo,restud-replication,stata,mylabels,3
zenodo,restud-replication,stata,fsum,3
zenodo,restud-replication,stata,strdist,3
zenodo,restud-replication,stata,frameappend,3
zenodo,restud-replication,stata,rddensity,3
zenodo,restud-replication,stata,dataout,3
zenodo,restud-replication,stata,kountry,3
zenodo,restud-replication,stata,tabstatmat,3
zenodo,restud-replication,stata,lincomest,3
zenodo,restud-replication,stata,asgen,3
zenodo,restud-replication,stata,pshare,3
zenodo,restud-replication,stata,psacalc,3
zenodo,restud-replication,stata,qreg2,3
zenodo,restud-replication,stata,psidtools,2
zenodo,restud-replication,stata,outtex,2
zenodo,restud-replication,stata,swindex,2
zenodo,restud-replication,stata,strrec,2
zenodo,restud-replication,stata,parallel,2
zenodo,restud-replication,stata,tsegen,2
zenodo,restud-replication,stata,asreg,2
zenodo,restud-replication,stata,icw_index,2
zenodo,restud-replication,stata,sdid,2
zenodo,restud-replication,stata,mtefe,2
zenodo,restud-replication,stata,prodest,2
zenodo,restud-replication,stata,stripplot,2
zenodo,restud-replication,stata,pdslasso,2
zenodo,restud-replication,stata,labutil2,2
zenodo,restud-replication,stata,savesome,2
zenodo,restud-replication,stata,qqvalue,2
zenodo,restud-replication,stata,rwolf2,2
zenodo,restud-replication,stata,rforest,2
zenodo,restud-replication,stata,personage,2
zenodo,restud-replication,stata,honestdid,2
zenodo,restud-replication,stata,sutex2,2
zenodo,restud-replication,stata,fastxtile,2
zenodo,restud-replication,stata,xsvmat,2
zenodo,restud-replication,stata,ebalance,2
zenodo,restud-replication,stata,erepost,2
zenodo,restud-replication,stata,reg2hdfe,2
zenodo,restud-replication,stata,nysiis,2
zenodo,restud-replication,stata,jarowinkler,2
zenodo,restud-replication,stata,statastates,2
zenodo,restud-replication,stata,ineqdec0,2
zenodo,restud-replication,stata,geonear,2
zenodo,restud-replication,stata,balancetable,2
zenodo,restud-replication,stata,hprescott,2
zenodo,restud-replication,stata,tabout,2
zenodo,restud-replication,stata,rsource,2
zenodo,restud-replication,stata,hdfe,2
zenodo,restud-replication,stata,crossvalidate2,2
zenodo,restud-replication,stata,varcase,2
zenodo,restud-replication,stata,bacondecomp,2
zenodo,restud-replication,stata,inequal7,2
zenodo,restud-replication,stata,csdid,1
zenodo,restud-replication,stata,find,1
zenodo,restud-replication,stata,statsmat,1
zenodo,restud-replication,stata,orth_out,1
zenodo,restud-replication,stata,boost,1
zenodo,restud-replication,stata,distcomp,1
zenodo,restud-replication,stata,rcd,1
zenodo,restud-replication,stata,nytimes,1
zenodo,restud-replication,stata,ciplot,1
zenodo,restud-replication,stata,tolower,1
zenodo,restud-replication,stata,marktouse,1
zenodo,restud-replication,stata,nnls,1
zenodo,restud-replication,stata,xttrans2,1
zenodo,restud-replication,stata,shapley2,1
zenodo,restud-replication,stata,findname,1
zenodo,restud-replication,stata,pcacoefsave,1
zenodo,restud-replication,stata,matsort,1
zenodo,restud-replication,stata,tab_chi,1
zenodo,restud-replication,stata,cltest,1
zenodo,restud-replication,stata,splitvallabels,1
zenodo,restud-replication,stata,wyoung,1
zenodo,restud-replication,stata,poi2hdfe,1
zenodo,restud-replication,stata,xtpsse,1
zenodo,restud-replication,stata,expandby,1
zenodo,restud-replication,stata,spearman2,1
zenodo,restud-replication,stata,kdens2,1
zenodo,restud-replication,stata,clrbound,1
zenodo,restud-replication,stata,nmissing,1
zenodo,restud-replication,stata,dlist,1
zenodo,restud-replication,stata,ivgmm0,1
zenodo,restud-replication,stata,overid,1
zenodo,restud-replication,stata,ivendog,1
zenodo,restud-replication,stata,ashell,1
zenodo,restud-replication,stata,movestay,1
zenodo,restud-replication,stata,synth,1
zenodo,restud-replication,stata,setroot,1
zenodo,restud-replication,stata,akdensity,1
zenodo,restud-replication,stata,silhouette,1
zenodo,restud-replication,stata,paretofit,1
zenodo,restud-replication,stata,renvarlab,1
zenodo,restud-replication,stata,weibullfit,1
zenodo,restud-replication,stata,testjfe,1
zenodo,restud-replication,stata,sicff,1
zenodo,restud-replication,stata,bgshade,1
zenodo,restud-replication,stata,ihstrans,1
zenodo,restud-replication,stata,fastreshape,1
zenodo,restud-replication,stata,xtqptest,1
zenodo,restud-replication,stata,xtistest,1
zenodo,restud-replication,stata,charlson,1
zenodo,restud-replication,stata,txttool,1
zenodo,restud-replication,stata,fastgini,1
zenodo,restud-replication,stata,lorenz,1
zenodo,restud-replication,stata,extreme,1
zenodo,restud-replication,stata,colorscatter,1
zenodo,restud-replication,stata,sppack,1
zenodo,restud-replication,stata,twostepweakiv,1
zenodo,restud-replication,stata,spellutil,1
zenodo,restud-replication,stata,charlist,1
zenodo,restud-replication,stata,readreplace,1
zenodo,restud-replication,stata,leftalign,1
zenodo,restud-replication,stata,qpfit,1
zenodo,restud-replication,stata,sepscatter,1
zenodo,restud-replication,stata,usesome,1
zenodo,restud-replication,stata,ivreg_ss,1
zenodo,restud-replication,stata,reset,1
zenodo,restud-replication,stata,ddml,1
zenodo,restud-replication,stata,cibar,1
zenodo,restud-replication,stata,cmogram,1
zenodo,restud-replication,stata,require,1
zenodo,restud-replication,stata,quantiles,1
zenodo,restud-replication,stata,glcurve,1
zenodo,restud-replication,stata,weaver,1
zenodo,restud-replication,stata,moss,1
zenodo,restud-replication,stata,clustse,1
zenodo,restud-replication,stata,kwstat,1
zenodo,restud-replication,stata,b1x2,1
zenodo,restud-replication,stata,cmp,1
zenodo,restud-replication,stata,cluster2,1
zenodo,restud-replication,stata,tidy,1
zenodo,restud-replication,stata,partpred,1
zenodo,restud-replication,stata,touch,1
zenodo,restud-replication,stata,lowyseattleb,1
zenodo,restud-replication,stata,splagvar,1
zenodo,restud-replication,stata,iscogen,1
zenodo,restud-replication,stata,cem,1
zenodo,restud-replication,stata,robbox,1
zenodo,restud-replication,stata,which_version,1
zenodo,restud-replication,stata,corrtex,1
zenodo,restud-replication,stata,cdfplot,1
zenodo,restud-replication,stata,tuples,1
zenodo,restud-replication,stata,radar,1
zenodo,restud-replication,stata,insheetjson,1
zenodo,restud-replication,stata,rd,1
zenodo,restud-replication,stata,graphexportpdf,1
zenodo,restud-replication,stata,strgroup,1
zenodo,restud-replication,stata,sphdist,1
zenodo,restud-replication,stata,estwrite,1
zenodo,restud-replication,stata,cipolate,1
zenodo,restud-replication,stata,sdmxuse,1
zenodo,restud-replication,stata,eurostatuse,1
zenodo,restud-replication,stata,rcsgen,1
zenodo,restud-replication,stata,gsample,1
zenodo,restud-replication,stata,wid,1
zenodo,restud-replication,stata,dsconcat,1
zenodo,restud-replication,stata,cic,1
zenodo,restud-replication,stata,betafit,1
zenodo,restud-replication,stata,latab,1
zenodo,restud-replication,stata,todummy,1
zenodo,restud-replication,stata,hamiltonfilter,1
zenodo,restud-replication,stata,eret2,1
zenodo,restud-replication,stata,project,1
zenodo,restud-replication,stata,a2reg,1
zenodo,restud-replication,stata,byhist,1
zenodo,restud-replication,stata,rowsort,1
zenodo,restud-replication,stata,groups,1
zenodo,restud-replication,stata,ppml,1
zenodo,restud-replication,stata,xtbreak,1
zenodo,restud-replication,stata,hplogit,1
zenodo,restud-replication,stata,matamatrix,1
zenodo,restud-replication,stata,valuesof,1
zenodo,restud-replication,stata,randomize,1
zenodo,restud-replication,stata,irr,1
zenodo,restud-replication,stata,distplot,1
zenodo,restud-replication,stata,mrprobit,1
dataverse_legacy,revistadados,python,pandas,1
dataverse_legacy,revistadados,python,numpy,1
dataverse_legacy,revistadados,python,scipy,1
dataverse_legacy,revistadados,python,rpy2,1
dataverse_legacy,revistadados,r,tidyverse,10
dataverse_legacy,revistadados,r,scales,5
dataverse_legacy,revistadados,r,ggplot2,5
dataverse_legacy,revistadados,r,janitor,4
dataverse_legacy,revistadados,r,dplyr,4
dataverse_legacy,revistadados,r,ggrepel,4
dataverse_legacy,revistadados,r,pacman,4
dataverse_legacy,revistadados,r,stargazer,4
dataverse_legacy,revistadados,r,haven,4
dataverse_legacy,revistadados,r,gridExtra,4
dataverse_legacy,revistadados,r,hrbrthemes,3
dataverse_legacy,revistadados,r,patchwork,3
dataverse_legacy,revistadados,r,rio,3
dataverse_legacy,revistadados,r,broom,3
dataverse_legacy,revistadados,r,ggthemes,3
dataverse_legacy,revistadados,r,kableExtra,3
dataverse_legacy,revistadados,r,sjPlot,3
dataverse_legacy,revistadados,r,reshape2,2
dataverse_legacy,revistadados,r,ggridges,2
dataverse_legacy,revistadados,r,directlabels,2
dataverse_legacy,revistadados,r,ggpubr,2
dataverse_legacy,revistadados,r,memisc,2
dataverse_legacy,revistadados,r,forcats,2
dataverse_legacy,revistadados,r,tidyr,2
dataverse_legacy,revistadados,r,mice,2
dataverse_legacy,revistadados,r,knitr,2
dataverse_legacy,revistadados,r,here,2
dataverse_legacy,revistadados,r,ggalt,2
dataverse_legacy,revistadados,r,lme4,2
dataverse_legacy,revistadados,r,widyr,1
dataverse_legacy,revistadados,r,paletteer,1
dataverse_legacy,revistadados,r,openxlsx,1
dataverse_legacy,revistadados,r,gplots,1
dataverse_legacy,revistadados,r,corrplot,1
dataverse_legacy,revistadados,r,vcd,1
dataverse_legacy,revistadados,r,plyr,1
dataverse_legacy,revistadados,r,descr,1
dataverse_legacy,revistadados,r,stringr,1
dataverse_legacy,revistadados,r,foreign,1
dataverse_legacy,revistadados,r,nnet,1
dataverse_legacy,revistadados,r,EMT,1
dataverse_legacy,revistadados,r,DescTools,1
dataverse_legacy,revistadados,r,pscl,1
dataverse_legacy,revistadados,r,mlogit,1
dataverse_legacy,revistadados,r,gt,1
dataverse_legacy,revistadados,r,Amelia,1
dataverse_legacy,revistadados,r,webshot,1
dataverse_legacy,revistadados,r,summarytools,1
dataverse_legacy,revistadados,r,miceadds,1
dataverse_legacy,revistadados,r,modelsummary,1
dataverse_legacy,revistadados,r,readr,1
dataverse_legacy,revistadados,r,sitools,1
dataverse_legacy,revistadados,r,rvest,1
dataverse_legacy,revistadados,r,urltools,1
dataverse_legacy,revistadados,r,lubridate,1
dataverse_legacy,revistadados,r,MASS,1
dataverse_legacy,revistadados,r,readxl,1
dataverse_legacy,revistadados,r,chron,1
dataverse_legacy,revistadados,r,gganimate,1
dataverse_legacy,revistadados,r,ggstance,1
dataverse_legacy,revistadados,r,sjlabelled,1
dataverse_legacy,revistadados,r,psych,1
dataverse_legacy,revistadados,r,table1,1
dataverse_legacy,revistadados,r,InformationValue,1
dataverse_legacy,revistadados,r,ggeffects,1
dataverse_legacy,revistadados,r,survival,1
dataverse_legacy,revistadados,r,sjmisc,1
dataverse_legacy,revistadados,r,ggcorrplot,1
dataverse_legacy,revistadados,r,ggfortify,1
dataverse_legacy,revistadados,r,vroom,1
dataverse_legacy,revistadados,r,fst,1
dataverse_legacy,revistadados,r,survminer,1
dataverse_legacy,revistadados,r,simPH,1
dataverse_legacy,revistadados,r,coxed,1
dataverse_legacy,revistadados,r,rms,1
dataverse_legacy,revistadados,r,flexsurv,1
dataverse_legacy,revistadados,r,Rcpp,1
dataverse_legacy,revistadados,r,inline,1
dataverse_legacy,revistadados,r,geepack,1
dataverse_legacy,revistadados,r,MESS,1
dataverse_legacy,revistadados,r,plm,1
dataverse_legacy,revistadados,r,rsq,1
dataverse_legacy,revistadados,r,lfe,1
dataverse_legacy,revistadados,r,geobr,1
dataverse_legacy,revistadados,r,purrr,1
dataverse_legacy,revistadados,r,tibble,1
dataverse_legacy,revistadados,r,ggsci,1
dataverse_legacy,revistadados,r,Cairo,1
dataverse_legacy,revistadados,r,sf,1
dataverse_legacy,revistadados,r,margins,1
dataverse_legacy,revistadados,r,Hmisc,1
dataverse_legacy,revistadados,r,lmtest,1
dataverse_legacy,revistadados,r,lmerTest,1
dataverse_legacy,revistadados,r,estimatr,1
dataverse_legacy,revistadados,r,caret,1
dataverse_legacy,revistadados,r,performance,1
dataverse_legacy,revistadados,r,rstatix,1
dataverse_legacy,revistadados,r,MetBrewer,1
dataverse_legacy,revistadados,r,ggstatsplot,1
dataverse_legacy,revistadados,stata,estout,2
dataverse_legacy,revistadados,stata,xtabond2,1
dataverse_legacy,revistadados,stata,coefplot,1
dataverse_legacy,rfs,python,pandas,10
dataverse_legacy,rfs,python,matplotlib,7
dataverse_legacy,rfs,python,numpy,6
dataverse_legacy,rfs,python,statsmodels,5
dataverse_legacy,rfs,python,scipy,5
dataverse_legacy,rfs,python,scikit-learn,3
dataverse_legacy,rfs,python,nltk,2
dataverse_legacy,rfs,python,scoring,1
dataverse_legacy,rfs,python,joblib,1
dataverse_legacy,rfs,python,seaborn,1
dataverse_legacy,rfs,python,numba,1
dataverse_legacy,rfs,python,distributed,1
dataverse_legacy,rfs,python,dask,1
dataverse_legacy,rfs,python,dask-jobqueue,1
dataverse_legacy,rfs,python,ipca,1
dataverse_legacy,rfs,python,PyLaTeX,1
dataverse_legacy,rfs,python,shap,1
dataverse_legacy,rfs,python,ray,1
dataverse_legacy,rfs,python,lightgbm,1
dataverse_legacy,rfs,python,pandas-datareader,1
dataverse_legacy,rfs,python,data-loading,1
dataverse_legacy,rfs,python,early-stopping,1
dataverse_legacy,rfs,python,callbacks,1
dataverse_legacy,rfs,python,torch,1
dataverse_legacy,rfs,python,openpyxl,1
dataverse_legacy,rfs,python,pyspark,1
dataverse_legacy,rfs,python,hark,1
dataverse_legacy,rfs,python,ipywidgets,1
dataverse_legacy,rfs,python,tabulate,1
dataverse_legacy,rfs,python,tqdm,1
dataverse_legacy,rfs,python,gspread,1
dataverse_legacy,rfs,python,oauth2client,1
dataverse_legacy,rfs,python,linearmodels,1
dataverse_legacy,rfs,python,gensim,1
dataverse_legacy,rfs,python,pyLDAvis,1
dataverse_legacy,rfs,python,lmfit,1
dataverse_legacy,rfs,r,data.table,5
dataverse_legacy,rfs,r,stargazer,5
dataverse_legacy,rfs,r,ggplot2,4
dataverse_legacy,rfs,r,sandwich,4
dataverse_legacy,rfs,r,scales,4
dataverse_legacy,rfs,r,dplyr,4
dataverse_legacy,rfs,r,zoo,3
dataverse_legacy,rfs,r,readxl,3
dataverse_legacy,rfs,r,lubridate,3
dataverse_legacy,rfs,r,haven,3
dataverse_legacy,rfs,r,lfe,3
dataverse_legacy,rfs,r,nleqslv,2
dataverse_legacy,rfs,r,rstudioapi,2
dataverse_legacy,rfs,r,lmtest,2
dataverse_legacy,rfs,r,tseries,2
dataverse_legacy,rfs,r,gmm,2
dataverse_legacy,rfs,r,foreign,2
dataverse_legacy,rfs,r,AER,2
dataverse_legacy,rfs,r,reshape2,2
dataverse_legacy,rfs,r,latex2exp,2
dataverse_legacy,rfs,r,knitr,2
dataverse_legacy,rfs,r,stringr,2
dataverse_legacy,rfs,r,gridExtra,2
dataverse_legacy,rfs,r,timeDate,2
dataverse_legacy,rfs,r,car,1
dataverse_legacy,rfs,r,writexl,1
dataverse_legacy,rfs,r,R.matlab,1
dataverse_legacy,rfs,r,scam,1
dataverse_legacy,rfs,r,roll,1
dataverse_legacy,rfs,r,forecast,1
dataverse_legacy,rfs,r,plyr,1
dataverse_legacy,rfs,r,tsoutliers,1
dataverse_legacy,rfs,r,fda,1
dataverse_legacy,rfs,r,tidyverse,1
dataverse_legacy,rfs,r,readr,1
dataverse_legacy,rfs,r,magrittr,1
dataverse_legacy,rfs,r,multiwayvcov,1
dataverse_legacy,rfs,r,readstata13,1
dataverse_legacy,rfs,r,glmnet,1
dataverse_legacy,rfs,r,texreg,1
dataverse_legacy,rfs,r,lm.beta,1
dataverse_legacy,rfs,r,DescTools,1
dataverse_legacy,rfs,r,plm,1
dataverse_legacy,rfs,r,reshape,1
dataverse_legacy,rfs,r,svMisc,1
dataverse_legacy,rfs,r,derivmkts,1
dataverse_legacy,rfs,r,bizdays,1
dataverse_legacy,rfs,r,mvtnorm,1
dataverse_legacy,rfs,r,lazyeval,1
dataverse_legacy,rfs,r,xtable,1
dataverse_legacy,rfs,r,grf,1
dataverse_legacy,rfs,r,tictoc,1
dataverse_legacy,rfs,r,dtplyr,1
dataverse_legacy,rfs,r,openxlsx,1
dataverse_legacy,rfs,r,taRifx,1
dataverse_legacy,rfs,r,sqldf,1
dataverse_legacy,rfs,r,gtools,1
dataverse_legacy,rfs,r,devtools,1
dataverse_legacy,rfs,r,Hmisc,1
dataverse_legacy,rfs,r,tikzDevice,1
dataverse_legacy,rfs,r,fixest,1
dataverse_legacy,rfs,r,alpaca,1
dataverse_legacy,rfs,r,ggthemes,1
dataverse_legacy,rfs,r,bookdown,1
dataverse_legacy,rfs,r,kableExtra,1
dataverse_legacy,rfs,r,pracma,1
dataverse_legacy,rfs,r,RQuantLib,1
dataverse_legacy,rfs,r,estimatr,1
dataverse_legacy,rfs,stata,estout,50
dataverse_legacy,rfs,stata,reghdfe,46
dataverse_legacy,rfs,stata,outreg2,14
dataverse_legacy,rfs,stata,winsor2,14
dataverse_legacy,rfs,stata,winsor,11
dataverse_legacy,rfs,stata,coefplot,10
dataverse_legacy,rfs,stata,binscatter,8
dataverse_legacy,rfs,stata,ivreghdfe,6
dataverse_legacy,rfs,stata,ivreg2,5
dataverse_legacy,rfs,stata,gtools,5
dataverse_legacy,rfs,stata,distinct,5
dataverse_legacy,rfs,stata,tsegen,3
dataverse_legacy,rfs,stata,unique,3
dataverse_legacy,rfs,stata,maptile,2
dataverse_legacy,rfs,stata,grstyle,2
dataverse_legacy,rfs,stata,asreg,2
dataverse_legacy,rfs,stata,spmap,2
dataverse_legacy,rfs,stata,mmerge,2
dataverse_legacy,rfs,stata,rdrobust,2
dataverse_legacy,rfs,stata,rddensity,2
dataverse_legacy,rfs,stata,oaxaca,1
dataverse_legacy,rfs,stata,keepvar,1
dataverse_legacy,rfs,stata,newey2,1
dataverse_legacy,rfs,stata,qreg2,1
dataverse_legacy,rfs,stata,weakivtest,1
dataverse_legacy,rfs,stata,lgraph,1
dataverse_legacy,rfs,stata,psmatch2,1
dataverse_legacy,rfs,stata,gziputil,1
dataverse_legacy,rfs,stata,xtqreg,1
dataverse_legacy,rfs,stata,logout,1
dataverse_legacy,rfs,stata,outtable,1
dataverse_legacy,rfs,stata,ereplace,1
dataverse_legacy,rfs,stata,rdcv,1
dataverse_legacy,rfs,stata,xtivreg2,1
dataverse_legacy,rfs,stata,bgshade,1
dataverse_legacy,rfs,stata,parmest,1
dataverse_legacy,rfs,stata,listtex,1
dataverse_legacy,rfs,stata,nnmatch,1
dataverse_legacy,rfs,stata,labutil,1
dataverse_legacy,rfs,stata,freduse,1
dataverse_legacy,rfs,stata,mat2txt,1
dataverse_legacy,rfs,stata,rangestat,1
dataverse_legacy,rfs,stata,grc1leg2,1
dataverse_legacy,rfs,stata,hhi,1
dataverse_legacy,rfs,stata,asdoc,1
dataverse_legacy,rfs,stata,boottest,1
dataverse_legacy,rfs,stata,ivmediate,1
dataverse_legacy,rfs,stata,shufflevar,1
dataverse_legacy,rfs,stata,asgen,1
dataverse_legacy,rfs,stata,sepscatter,1
dataverse_legacy,rfs,stata,astile,1
dataverse_legacy,rfs,stata,carryforward,1
dataverse_legacy,rfs,stata,regsave,1
dataverse_legacy,rfs,stata,mahapick,1
dataverse_legacy,rfs,stata,geodist,1
dataverse_legacy,rfs,stata,asrol,1
dataverse_legacy,rfs,stata,weaver,1
dataverse_legacy,rfs,stata,outreg,1
dataverse_legacy,rfs,stata,clustse,1
dataverse_legacy,rfs,stata,rdexo,1
dataverse_legacy,rfs,stata,center,1
dataverse_legacy,rfs,stata,revrs,1
dataverse_legacy,rfs,stata,ihstrans,1
dataverse_legacy,rfs,stata,mdesc,1
dataverse_legacy,rfs,stata,pdslasso,1
dataverse_legacy,rfs,stata,diff,1
dataverse_legacy,securitystudies,r,ggplot2,6
dataverse_legacy,securitystudies,r,stargazer,5
dataverse_legacy,securitystudies,r,dplyr,4
dataverse_legacy,securitystudies,r,MASS,4
dataverse_legacy,securitystudies,r,lmtest,3
dataverse_legacy,securitystudies,r,scales,3
dataverse_legacy,securitystudies,r,plyr,3
dataverse_legacy,securitystudies,r,showtext,3
dataverse_legacy,securitystudies,r,xtable,2
dataverse_legacy,securitystudies,r,sandwich,2
dataverse_legacy,securitystudies,r,countrycode,2
dataverse_legacy,securitystudies,r,effects,2
dataverse_legacy,securitystudies,r,mediation,2
dataverse_legacy,securitystudies,r,car,2
dataverse_legacy,securitystudies,r,gridExtra,2
dataverse_legacy,securitystudies,r,readr,1
dataverse_legacy,securitystudies,r,readstata13,1
dataverse_legacy,securitystudies,r,splitstackshape,1
dataverse_legacy,securitystudies,r,zoo,1
dataverse_legacy,securitystudies,r,tibble,1
dataverse_legacy,securitystudies,r,ggrepel,1
dataverse_legacy,securitystudies,r,data.table,1
dataverse_legacy,securitystudies,r,foreign,1
dataverse_legacy,securitystudies,r,memisc,1
dataverse_legacy,securitystudies,r,vtable,1
dataverse_legacy,securitystudies,r,cowplot,1
dataverse_legacy,securitystudies,r,likert,1
dataverse_legacy,securitystudies,r,arm,1
dataverse_legacy,securitystudies,r,ltm,1
dataverse_legacy,securitystudies,r,lattice,1
dataverse_legacy,securitystudies,r,psych,1
dataverse_legacy,securitystudies,r,pastecs,1
dataverse_legacy,securitystudies,r,arules,1
dataverse_legacy,securitystudies,r,Rmisc,1
dataverse_legacy,securitystudies,r,GPArotation,1
dataverse_legacy,securitystudies,r,gdata,1
dataverse_legacy,securitystudies,r,qpcR,1
dataverse_legacy,securitystudies,r,gtools,1
dataverse_legacy,securitystudies,r,Hmisc,1
dataverse_legacy,securitystudies,r,glm.predict,1
dataverse_legacy,securitystudies,r,quanteda,1
dataverse_legacy,securitystudies,r,readtext,1
dataverse_legacy,securitystudies,r,extrafont,1
dataverse_legacy,securitystudies,r,RColorBrewer,1
dataverse_legacy,securitystudies,r,wordcloud,1
dataverse_legacy,securitystudies,r,tm,1
dataverse_legacy,securitystudies,r,tidyverse,1
dataverse_legacy,securitystudies,r,ggeffects,1
dataverse_legacy,securitystudies,r,texreg,1
dataverse_legacy,securitystudies,r,doBy,1
dataverse_legacy,securitystudies,r,gmodels,1
dataverse_legacy,securitystudies,r,XLConnect,1
dataverse_legacy,securitystudies,r,xlsx,1
dataverse_legacy,securitystudies,r,aod,1
dataverse_legacy,securitystudies,r,descr,1
dataverse_legacy,securitystudies,r,DescTools,1
dataverse_legacy,securitystudies,r,ggpubr,1
dataverse_legacy,securitystudies,r,rlang,1
dataverse_legacy,securitystudies,r,forcats,1
dataverse_legacy,securitystudies,r,corrplot,1
dataverse_legacy,securitystudies,stata,outreg,2
dataverse_legacy,securitystudies,stata,estout,2
dataverse_legacy,securitystudies,stata,coefplot,2
dataverse_legacy,securitystudies,stata,combomarginsplot,1
dataverse_legacy,securitystudies,stata,outreg2,1
dataverse_legacy,securitystudies,stata,sutex,1
dataverse_legacy,securitystudies,stata,asdoc,1
dataverse_legacy,securitystudies,stata,firthlogit,1
dataverse_legacy,securitystudies,stata,estwrite,1
dataverse_legacy,securitystudies,stata,mplotoffset,1
dataverse_legacy,securitystudies,stata,xtabond2,1
dataverse_legacy,securitystudies,stata,cem,1
dataverse_legacy,the_review,python,pandas,7
dataverse_legacy,the_review,python,numpy,5
dataverse_legacy,the_review,python,joblib,3
dataverse_legacy,the_review,python,matplotlib,2
dataverse_legacy,the_review,python,setuptools,1
dataverse_legacy,the_review,python,seaborn,1
dataverse_legacy,the_review,python,geopandas,1
dataverse_legacy,the_review,python,rtree,1
dataverse_legacy,the_review,python,Shapely,1
dataverse_legacy,the_review,python,ipython,1
dataverse_legacy,the_review,python,Pillow,1
dataverse_legacy,the_review,python,contextily,1
dataverse_legacy,the_review,python,nltk,1
dataverse_legacy,the_review,python,requests,1
dataverse_legacy,the_review,python,opencv-python,1
dataverse_legacy,the_review,python,cognitive-face,1
dataverse_legacy,the_review,python,parselmouth,1
dataverse_legacy,the_review,python,jsonlines,1
dataverse_legacy,the_review,python,wordcloud,1
dataverse_legacy,the_review,python,autocorrect,1
dataverse_legacy,the_review,python,scipy,1
dataverse_legacy,the_review,python,tqdm,1
dataverse_legacy,the_review,python,nameparser,1
dataverse_legacy,the_review,python,beautifulsoup4,1
dataverse_legacy,the_review,python,selenium,1
dataverse_legacy,the_review,python,HTMLParser,1
dataverse_legacy,the_review,python,Unidecode,1
dataverse_legacy,the_review,r,ggplot2,149
dataverse_legacy,the_review,r,dplyr,147
dataverse_legacy,the_review,r,stargazer,134
dataverse_legacy,the_review,r,tidyverse,113
dataverse_legacy,the_review,r,foreign,98
dataverse_legacy,the_review,r,xtable,89
dataverse_legacy,the_review,r,stringr,70
dataverse_legacy,the_review,r,plyr,66
dataverse_legacy,the_review,r,lmtest,60
dataverse_legacy,the_review,r,scales,57
dataverse_legacy,the_review,r,haven,56
dataverse_legacy,the_review,r,sandwich,55
dataverse_legacy,the_review,r,gridExtra,54
dataverse_legacy,the_review,r,data.table,51
dataverse_legacy,the_review,r,readstata13,50
dataverse_legacy,the_review,r,reshape2,50
dataverse_legacy,the_review,r,tidyr,49
dataverse_legacy,the_review,r,MASS,47
dataverse_legacy,the_review,r,car,44
dataverse_legacy,the_review,r,readxl,41
dataverse_legacy,the_review,r,broom,40
dataverse_legacy,the_review,r,lfe,40
dataverse_legacy,the_review,r,lubridate,39
dataverse_legacy,the_review,r,texreg,37
dataverse_legacy,the_review,r,lme4,32
dataverse_legacy,the_review,r,RColorBrewer,32
dataverse_legacy,the_review,r,sf,30
dataverse_legacy,the_review,r,psych,30
dataverse_legacy,the_review,r,Hmisc,30
dataverse_legacy,the_review,r,rgdal,29
dataverse_legacy,the_review,r,estimatr,28
dataverse_legacy,the_review,r,ggpubr,28
dataverse_legacy,the_review,r,kableExtra,27
dataverse_legacy,the_review,r,plm,26
dataverse_legacy,the_review,r,cowplot,26
dataverse_legacy,the_review,r,readr,23
dataverse_legacy,the_review,r,knitr,22
dataverse_legacy,the_review,r,ggrepel,22
dataverse_legacy,the_review,r,modelsummary,21
dataverse_legacy,the_review,r,pacman,20
dataverse_legacy,the_review,r,magrittr,19
dataverse_legacy,the_review,r,devtools,19
dataverse_legacy,the_review,r,rdrobust,19
dataverse_legacy,the_review,r,maptools,18
dataverse_legacy,the_review,r,rstudioapi,17
dataverse_legacy,the_review,r,openxlsx,17
dataverse_legacy,the_review,r,AER,17
dataverse_legacy,the_review,r,arm,16
dataverse_legacy,the_review,r,maps,16
dataverse_legacy,the_review,r,here,16
dataverse_legacy,the_review,r,survey,16
dataverse_legacy,the_review,r,extrafont,16
dataverse_legacy,the_review,r,purrr,15
dataverse_legacy,the_review,r,ggthemes,15
dataverse_legacy,the_review,r,multiwayvcov,15
dataverse_legacy,the_review,r,zoo,14
dataverse_legacy,the_review,r,fixest,14
dataverse_legacy,the_review,r,sp,14
dataverse_legacy,the_review,r,ggmap,14
dataverse_legacy,the_review,r,patchwork,13
dataverse_legacy,the_review,r,raster,13
dataverse_legacy,the_review,r,sjPlot,13
dataverse_legacy,the_review,r,interplot,13
dataverse_legacy,the_review,r,margins,12
dataverse_legacy,the_review,r,forcats,12
dataverse_legacy,the_review,r,stringi,12
dataverse_legacy,the_review,r,ggeffects,12
dataverse_legacy,the_review,r,reshape,12
dataverse_legacy,the_review,r,quanteda,11
dataverse_legacy,the_review,r,rgeos,11
dataverse_legacy,the_review,r,corrplot,11
dataverse_legacy,the_review,r,doBy,11
dataverse_legacy,the_review,r,viridis,11
dataverse_legacy,the_review,r,tibble,11
dataverse_legacy,the_review,r,lattice,10
dataverse_legacy,the_review,r,igraph,10
dataverse_legacy,the_review,r,boot,10
dataverse_legacy,the_review,r,countrycode,10
dataverse_legacy,the_review,r,dotwhisker,10
dataverse_legacy,the_review,r,Zelig,10
dataverse_legacy,the_review,r,geosphere,10
dataverse_legacy,the_review,r,GGally,10
dataverse_legacy,the_review,r,gtools,10
dataverse_legacy,the_review,r,stm,9
dataverse_legacy,the_review,r,tm,9
dataverse_legacy,the_review,r,caret,9
dataverse_legacy,the_review,r,MatchIt,9
dataverse_legacy,the_review,r,coda,9
dataverse_legacy,the_review,r,ggridges,9
dataverse_legacy,the_review,r,Matching,9
dataverse_legacy,the_review,r,rdd,9
dataverse_legacy,the_review,r,fastDummies,9
dataverse_legacy,the_review,r,Amelia,8
dataverse_legacy,the_review,r,jtools,8
dataverse_legacy,the_review,r,weights,8
dataverse_legacy,the_review,r,glmnet,8
dataverse_legacy,the_review,r,did,7
dataverse_legacy,the_review,r,lavaan,7
dataverse_legacy,the_review,r,rddensity,7
dataverse_legacy,the_review,r,sjmisc,7
dataverse_legacy,the_review,r,spdep,7
dataverse_legacy,the_review,r,doParallel,7
dataverse_legacy,the_review,r,rms,7
dataverse_legacy,the_review,r,gsynth,6
dataverse_legacy,the_review,r,apsrtable,6
dataverse_legacy,the_review,r,pscl,6
dataverse_legacy,the_review,r,mediation,6
dataverse_legacy,the_review,r,rjags,6
dataverse_legacy,the_review,r,Matrix,6
dataverse_legacy,the_review,r,mgcv,6
dataverse_legacy,the_review,r,interactions,6
dataverse_legacy,the_review,r,gdata,6
dataverse_legacy,the_review,r,miceadds,6
dataverse_legacy,the_review,r,foreach,6
dataverse_legacy,the_review,r,coefplot,6
dataverse_legacy,the_review,r,survival,6
dataverse_legacy,the_review,r,SnowballC,6
dataverse_legacy,the_review,r,Cairo,6
dataverse_legacy,the_review,r,glue,5
dataverse_legacy,the_review,r,tictoc,5
dataverse_legacy,the_review,r,rio,5
dataverse_legacy,the_review,r,janitor,5
dataverse_legacy,the_review,r,panelView,5
dataverse_legacy,the_review,r,randomForest,5
dataverse_legacy,the_review,r,tigris,5
dataverse_legacy,the_review,r,sjlabelled,5
dataverse_legacy,the_review,r,mapview,5
dataverse_legacy,the_review,r,metafor,5
dataverse_legacy,the_review,r,ebal,5
dataverse_legacy,the_review,r,optmatch,5
dataverse_legacy,the_review,r,tidycensus,5
dataverse_legacy,the_review,r,cem,5
dataverse_legacy,the_review,r,nnet,5
dataverse_legacy,the_review,r,wordcloud,5
dataverse_legacy,the_review,r,effects,5
dataverse_legacy,the_review,r,cjoint,5
dataverse_legacy,the_review,r,vroom,5
dataverse_legacy,the_review,r,splitstackshape,5
dataverse_legacy,the_review,r,irr,5
dataverse_legacy,the_review,r,CBPS,5
dataverse_legacy,the_review,r,gt,5
dataverse_legacy,the_review,r,tmap,4
dataverse_legacy,the_review,r,ggcorrplot,4
dataverse_legacy,the_review,r,DataCombine,4
dataverse_legacy,the_review,r,e1071,4
dataverse_legacy,the_review,r,wnominate,4
dataverse_legacy,the_review,r,grf,4
dataverse_legacy,the_review,r,webshot,4
dataverse_legacy,the_review,r,ltm,4
dataverse_legacy,the_review,r,factoextra,4
dataverse_legacy,the_review,r,mvtnorm,4
dataverse_legacy,the_review,r,tidytext,4
dataverse_legacy,the_review,r,MCMCpack,4
dataverse_legacy,the_review,r,broom.mixed,4
dataverse_legacy,the_review,r,wesanderson,4
dataverse_legacy,the_review,r,hrbrthemes,4
dataverse_legacy,the_review,r,cregg,4
dataverse_legacy,the_review,r,marginaleffects,4
dataverse_legacy,the_review,r,emmeans,4
dataverse_legacy,the_review,r,rvest,4
dataverse_legacy,the_review,r,sensemakr,4
dataverse_legacy,the_review,r,runjags,4
dataverse_legacy,the_review,r,furrr,4
dataverse_legacy,the_review,r,plotrix,4
dataverse_legacy,the_review,r,modelr,4
dataverse_legacy,the_review,r,rmarkdown,4
dataverse_legacy,the_review,r,pbapply,4
dataverse_legacy,the_review,r,ggsignif,4
dataverse_legacy,the_review,r,cobalt,4
dataverse_legacy,the_review,r,dummies,4
dataverse_legacy,the_review,r,readtext,4
dataverse_legacy,the_review,r,brms,4
dataverse_legacy,the_review,r,PanelMatch,3
dataverse_legacy,the_review,r,fst,3
dataverse_legacy,the_review,r,vtable,3
dataverse_legacy,the_review,r,usmap,3
dataverse_legacy,the_review,r,effectsize,3
dataverse_legacy,the_review,r,doMC,3
dataverse_legacy,the_review,r,mapdata,3
dataverse_legacy,the_review,r,systemfit,3
dataverse_legacy,the_review,r,gplots,3
dataverse_legacy,the_review,r,arsenal,3
dataverse_legacy,the_review,r,ri,3
dataverse_legacy,the_review,r,httr,3
dataverse_legacy,the_review,r,RCurl,3
dataverse_legacy,the_review,r,rlang,3
dataverse_legacy,the_review,r,clusterSEs,3
dataverse_legacy,the_review,r,stringdist,3
dataverse_legacy,the_review,r,digest,3
dataverse_legacy,the_review,r,RItools,3
dataverse_legacy,the_review,r,gmodels,3
dataverse_legacy,the_review,r,egg,3
dataverse_legacy,the_review,r,srvyr,3
dataverse_legacy,the_review,r,mapproj,3
dataverse_legacy,the_review,r,colorspace,3
dataverse_legacy,the_review,r,clubSandwich,3
dataverse_legacy,the_review,r,lm.beta,3
dataverse_legacy,the_review,r,RSQLite,3
dataverse_legacy,the_review,r,latex2exp,3
dataverse_legacy,the_review,r,Rcpp,3
dataverse_legacy,the_review,r,mfx,3
dataverse_legacy,the_review,r,descr,3
dataverse_legacy,the_review,r,ri2,3
dataverse_legacy,the_review,r,ggraph,3
dataverse_legacy,the_review,r,remotes,3
dataverse_legacy,the_review,r,ranger,3
dataverse_legacy,the_review,r,rpart,3
dataverse_legacy,the_review,r,labelled,3
dataverse_legacy,the_review,r,mice,3
dataverse_legacy,the_review,r,Rmisc,3
dataverse_legacy,the_review,r,formattable,3
dataverse_legacy,the_review,r,rworldmap,3
dataverse_legacy,the_review,r,emIRT,3
dataverse_legacy,the_review,r,DeclareDesign,3
dataverse_legacy,the_review,r,pastecs,3
dataverse_legacy,the_review,r,xlsx,3
dataverse_legacy,the_review,r,ggmcmc,3
dataverse_legacy,the_review,r,tikzDevice,3
dataverse_legacy,the_review,r,directlabels,3
dataverse_legacy,the_review,r,strucchange,3
dataverse_legacy,the_review,r,ggstance,3
dataverse_legacy,the_review,r,ordinal,2
dataverse_legacy,the_review,r,dagitty,2
dataverse_legacy,the_review,r,corpcor,2
dataverse_legacy,the_review,r,psycho,2
dataverse_legacy,the_review,r,robustHD,2
dataverse_legacy,the_review,r,geometry,2
dataverse_legacy,the_review,r,Rtsne,2
dataverse_legacy,the_review,r,rsvd,2
dataverse_legacy,the_review,r,reporttools,2
dataverse_legacy,the_review,r,memisc,2
dataverse_legacy,the_review,r,assertthat,2
dataverse_legacy,the_review,r,tables,2
dataverse_legacy,the_review,r,this.path,2
dataverse_legacy,the_review,r,topicmodels,2
dataverse_legacy,the_review,r,hdm,2
dataverse_legacy,the_review,r,matrixStats,2
dataverse_legacy,the_review,r,gtable,2
dataverse_legacy,the_review,r,statnet,2
dataverse_legacy,the_review,r,network,2
dataverse_legacy,the_review,r,spatstat,2
dataverse_legacy,the_review,r,parameters,2
dataverse_legacy,the_review,r,numDeriv,2
dataverse_legacy,the_review,r,questionr,2
dataverse_legacy,the_review,r,xts,2
dataverse_legacy,the_review,r,TOSTER,2
dataverse_legacy,the_review,r,merTools,2
dataverse_legacy,the_review,r,pdftools,2
dataverse_legacy,the_review,r,DIDmultiplegt,2
dataverse_legacy,the_review,r,designmatch,2
dataverse_legacy,the_review,r,snow,2
dataverse_legacy,the_review,r,rgenoud,2
dataverse_legacy,the_review,r,ivpack,2
dataverse_legacy,the_review,r,mlogit,2
dataverse_legacy,the_review,r,RStata,2
dataverse_legacy,the_review,r,fields,2
dataverse_legacy,the_review,r,fwildclusterboot,2
dataverse_legacy,the_review,r,logr,2
dataverse_legacy,the_review,r,huxtable,2
dataverse_legacy,the_review,r,dataverse,2
dataverse_legacy,the_review,r,spatialreg,2
dataverse_legacy,the_review,r,gstat,2
dataverse_legacy,the_review,r,sqldf,2
dataverse_legacy,the_review,r,jsonlite,2
dataverse_legacy,the_review,r,png,2
dataverse_legacy,the_review,r,spData,2
dataverse_legacy,the_review,r,survminer,2
dataverse_legacy,the_review,r,leaflet,2
dataverse_legacy,the_review,r,DescTools,2
dataverse_legacy,the_review,r,plotly,2
dataverse_legacy,the_review,r,translateR,2
dataverse_legacy,the_review,r,Jmisc,2
dataverse_legacy,the_review,r,qwraps2,2
dataverse_legacy,the_review,r,papeR,2
dataverse_legacy,the_review,r,REdaS,2
dataverse_legacy,the_review,r,tidygraph,2
dataverse_legacy,the_review,r,stopwords,2
dataverse_legacy,the_review,r,yardstick,2
dataverse_legacy,the_review,r,MLmetrics,2
dataverse_legacy,the_review,r,pBrackets,2
dataverse_legacy,the_review,r,shape,2
dataverse_legacy,the_review,r,rpart.plot,2
dataverse_legacy,the_review,r,groundhog,2
dataverse_legacy,the_review,r,GPArotation,2
dataverse_legacy,the_review,r,bit64,2
dataverse_legacy,the_review,r,optimx,2
dataverse_legacy,the_review,r,dfoptim,2
dataverse_legacy,the_review,r,ggpattern,2
dataverse_legacy,the_review,r,doRNG,2
dataverse_legacy,the_review,r,tidyselect,2
dataverse_legacy,the_review,r,classInt,2
dataverse_legacy,the_review,r,WDI,2
dataverse_legacy,the_review,r,ggExtra,2
dataverse_legacy,the_review,r,FactoMineR,2
dataverse_legacy,the_review,r,interflex,2
dataverse_legacy,the_review,r,randomizr,2
dataverse_legacy,the_review,r,quanteda.textstats,2
dataverse_legacy,the_review,r,wfe,2
dataverse_legacy,the_review,r,FindIt,2
dataverse_legacy,the_review,r,future,2
dataverse_legacy,the_review,r,multcomp,2
dataverse_legacy,the_review,r,list,2
dataverse_legacy,the_review,r,ggtext,2
dataverse_legacy,the_review,r,DirectEffects,2
dataverse_legacy,the_review,r,tinytex,2
dataverse_legacy,the_review,r,rddtools,2
dataverse_legacy,the_review,r,gam,2
dataverse_legacy,the_review,r,msm,2
dataverse_legacy,the_review,r,cluster,2
dataverse_legacy,the_review,r,quanteda.textmodels,2
dataverse_legacy,the_review,r,ggbeeswarm,2
dataverse_legacy,the_review,r,lazyeval,2
dataverse_legacy,the_review,r,showtext,2
dataverse_legacy,the_review,r,fs,2
dataverse_legacy,the_review,r,statar,2
dataverse_legacy,the_review,r,lmerTest,2
dataverse_legacy,the_review,r,googleway,2
dataverse_legacy,the_review,r,lemon,2
dataverse_legacy,the_review,r,bife,2
dataverse_legacy,the_review,r,summarytools,2
dataverse_legacy,the_review,r,collapse,2
dataverse_legacy,the_review,r,rstan,2
dataverse_legacy,the_review,r,eiCompare,2
dataverse_legacy,the_review,r,Metrics,2
dataverse_legacy,the_review,r,RPushbullet,1
dataverse_legacy,the_review,r,ggdag,1
dataverse_legacy,the_review,r,swfscMisc,1
dataverse_legacy,the_review,r,locfit,1
dataverse_legacy,the_review,r,epicalc,1
dataverse_legacy,the_review,r,erer,1
dataverse_legacy,the_review,r,rdlocrand,1
dataverse_legacy,the_review,r,bartCause,1
dataverse_legacy,the_review,r,bacondecomp,1
dataverse_legacy,the_review,r,tsne,1
dataverse_legacy,the_review,r,corpus,1
dataverse_legacy,the_review,r,cld3,1
dataverse_legacy,the_review,r,urltools,1
dataverse_legacy,the_review,r,longurl,1
dataverse_legacy,the_review,r,usdata,1
dataverse_legacy,the_review,r,aod,1
dataverse_legacy,the_review,r,tableone,1
dataverse_legacy,the_review,r,ergm,1
dataverse_legacy,the_review,r,optiscale,1
dataverse_legacy,the_review,r,overlapping,1
dataverse_legacy,the_review,r,BEST,1
dataverse_legacy,the_review,r,r2glmm,1
dataverse_legacy,the_review,r,reghelper,1
dataverse_legacy,the_review,r,glmmTMB,1
dataverse_legacy,the_review,r,PrettyCols,1
dataverse_legacy,the_review,r,monochromeR,1
dataverse_legacy,the_review,r,InteractionPoweR,1
dataverse_legacy,the_review,r,pwr,1
dataverse_legacy,the_review,r,dygraphs,1
dataverse_legacy,the_review,r,tokenizers,1
dataverse_legacy,the_review,r,glarma,1
dataverse_legacy,the_review,r,nlme,1
dataverse_legacy,the_review,r,ei,1
dataverse_legacy,the_review,r,mosaic,1
dataverse_legacy,the_review,r,imputeTS,1
dataverse_legacy,the_review,r,ggsn,1
dataverse_legacy,the_review,r,PowerUpR,1
dataverse_legacy,the_review,r,tidymodels,1
dataverse_legacy,the_review,r,BMS,1
dataverse_legacy,the_review,r,butcher,1
dataverse_legacy,the_review,r,VGAM,1
dataverse_legacy,the_review,r,nleqslv,1
dataverse_legacy,the_review,r,lqmm,1
dataverse_legacy,the_review,r,evd,1
dataverse_legacy,the_review,r,rmutil,1
dataverse_legacy,the_review,r,visreg,1
dataverse_legacy,the_review,r,treatSens,1
dataverse_legacy,the_review,r,ivmodel,1
dataverse_legacy,the_review,r,corrgram,1
dataverse_legacy,the_review,r,abind,1
dataverse_legacy,the_review,r,glmmML,1
dataverse_legacy,the_review,r,logistf,1
dataverse_legacy,the_review,r,wordcloud2,1
dataverse_legacy,the_review,r,missForest,1
dataverse_legacy,the_review,r,vietnameseConverter,1
dataverse_legacy,the_review,r,akima,1
dataverse_legacy,the_review,r,TwoWayFEWeights,1
dataverse_legacy,the_review,r,PBSmapping,1
dataverse_legacy,the_review,r,gcookbook,1
dataverse_legacy,the_review,r,standardize,1
dataverse_legacy,the_review,r,gamlss,1
dataverse_legacy,the_review,r,nFactors,1
dataverse_legacy,the_review,r,fastLink,1
dataverse_legacy,the_review,r,bartMachine,1
dataverse_legacy,the_review,r,paletteer,1
dataverse_legacy,the_review,r,rethnicity,1
dataverse_legacy,the_review,r,SearchTrees,1
dataverse_legacy,the_review,r,gtrendsR,1
dataverse_legacy,the_review,r,gganimate,1
dataverse_legacy,the_review,r,gapminder,1
dataverse_legacy,the_review,r,gifski,1
dataverse_legacy,the_review,r,transformr,1
dataverse_legacy,the_review,r,stars,1
dataverse_legacy,the_review,r,units,1
dataverse_legacy,the_review,r,udunits2,1
dataverse_legacy,the_review,r,htmlTable,1
dataverse_legacy,the_review,r,compareDF,1
dataverse_legacy,the_review,r,SPEI,1
dataverse_legacy,the_review,r,expss,1
dataverse_legacy,the_review,r,factorEx,1
dataverse_legacy,the_review,r,poweRlaw,1
dataverse_legacy,the_review,r,freqtables,1
dataverse_legacy,the_review,r,ggplotify,1
dataverse_legacy,the_review,r,RTextTools,1
dataverse_legacy,the_review,r,qdap,1
dataverse_legacy,the_review,r,qdapDictionaries,1
dataverse_legacy,the_review,r,textir,1
dataverse_legacy,the_review,r,kernlab,1
dataverse_legacy,the_review,r,rbounds,1
dataverse_legacy,the_review,r,USAboundaries,1
dataverse_legacy,the_review,r,rnaturalearth,1
dataverse_legacy,the_review,r,GSODR,1
dataverse_legacy,the_review,r,eiPack,1
dataverse_legacy,the_review,r,rsample,1
dataverse_legacy,the_review,r,twitteR,1
dataverse_legacy,the_review,r,slam,1
dataverse_legacy,the_review,r,LiblineaR,1
dataverse_legacy,the_review,r,monkeylearn,1
dataverse_legacy,the_review,r,EBglmnet,1
dataverse_legacy,the_review,r,bayesreg,1
dataverse_legacy,the_review,r,monomvn,1
dataverse_legacy,the_review,r,xgboost,1
dataverse_legacy,the_review,r,fontcm,1
dataverse_legacy,the_review,r,tidycat,1
dataverse_legacy,the_review,r,manifestoR,1
dataverse_legacy,the_review,r,bcaboot,1
dataverse_legacy,the_review,r,ipumsr,1
dataverse_legacy,the_review,r,RPtests,1
dataverse_legacy,the_review,r,diagis,1
dataverse_legacy,the_review,r,FDRestimation,1
dataverse_legacy,the_review,r,ids,1
dataverse_legacy,the_review,r,LARF,1
dataverse_legacy,the_review,r,SuperLearner,1
dataverse_legacy,the_review,r,truncnorm,1
dataverse_legacy,the_review,r,skimr,1
dataverse_legacy,the_review,r,tidycomm,1
dataverse_legacy,the_review,r,water,1
dataverse_legacy,the_review,r,gfcanalysis,1
dataverse_legacy,the_review,r,exactextractr,1
dataverse_legacy,the_review,r,heavy,1
dataverse_legacy,the_review,r,rlist,1
dataverse_legacy,the_review,r,fuzzyjoin,1
dataverse_legacy,the_review,r,fmsb,1
dataverse_legacy,the_review,r,doMPI,1
dataverse_legacy,the_review,r,oc,1
dataverse_legacy,the_review,r,meta,1
dataverse_legacy,the_review,r,caTools,1
dataverse_legacy,the_review,r,tidylog,1
dataverse_legacy,the_review,r,dismo,1
dataverse_legacy,the_review,r,BBmisc,1
dataverse_legacy,the_review,r,alluvial,1
dataverse_legacy,the_review,r,lmom,1
dataverse_legacy,the_review,r,Lmoments,1
dataverse_legacy,the_review,r,robomit,1
dataverse_legacy,the_review,r,sna,1
dataverse_legacy,the_review,r,calibrate,1
dataverse_legacy,the_review,r,textstem,1
dataverse_legacy,the_review,r,lexicon,1
dataverse_legacy,the_review,r,ggforce,1
dataverse_legacy,the_review,r,BayesFM,1
dataverse_legacy,the_review,r,rayshader,1
dataverse_legacy,the_review,r,random,1
dataverse_legacy,the_review,r,ineq,1
dataverse_legacy,the_review,r,BayesTree,1
dataverse_legacy,the_review,r,SemiPar,1
dataverse_legacy,the_review,r,dgo,1
dataverse_legacy,the_review,r,R2jags,1
dataverse_legacy,the_review,r,cocor,1
dataverse_legacy,the_review,r,plot3D,1
dataverse_legacy,the_review,r,renv,1
dataverse_legacy,the_review,r,rmeta,1
dataverse_legacy,the_review,r,mapDK,1
dataverse_legacy,the_review,r,speedglm,1
dataverse_legacy,the_review,r,fastglm,1
dataverse_legacy,the_review,r,SDMTools,1
dataverse_legacy,the_review,r,formula.tools,1
dataverse_legacy,the_review,r,rsq,1
dataverse_legacy,the_review,r,geofacet,1
dataverse_legacy,the_review,r,lpSolve,1
dataverse_legacy,the_review,r,ggh4x,1
dataverse_legacy,the_review,r,brglm2,1
dataverse_legacy,the_review,r,leaps,1
dataverse_legacy,the_review,r,DiagrammeR,1
dataverse_legacy,the_review,r,rsvg,1
dataverse_legacy,the_review,r,DiagrammeRsvg,1
dataverse_legacy,the_review,r,reticulate,1
dataverse_legacy,the_review,r,progress,1
dataverse_legacy,the_review,r,conText,1
dataverse_legacy,the_review,r,text2vec,1
dataverse_legacy,the_review,r,hunspell,1
dataverse_legacy,the_review,r,utf8,1
dataverse_legacy,the_review,r,RcppParallel,1
dataverse_legacy,the_review,r,peacesciencer,1
dataverse_legacy,the_review,r,broomExtra,1
dataverse_legacy,the_review,r,RgoogleMaps,1
dataverse_legacy,the_review,r,koRpus,1
dataverse_legacy,the_review,r,syuzhet,1
dataverse_legacy,the_review,r,hms,1
dataverse_legacy,the_review,r,tidygeocoder,1
dataverse_legacy,the_review,r,circglmbayes,1
dataverse_legacy,the_review,r,ComplexHeatmap,1
dataverse_legacy,the_review,r,gridBase,1
dataverse_legacy,the_review,r,circlize,1
dataverse_legacy,the_review,r,smoothr,1
dataverse_legacy,the_review,r,nloptr,1
dataverse_legacy,the_review,r,fANCOVA,1
dataverse_legacy,the_review,r,fastNaiveBayes,1
dataverse_legacy,the_review,r,BayesFactor,1
dataverse_legacy,the_review,r,rworldxtra,1
dataverse_legacy,the_review,r,instaR,1
dataverse_legacy,the_review,r,varhandle,1
dataverse_legacy,the_review,r,texteffect,1
dataverse_legacy,the_review,r,quantmod,1
dataverse_legacy,the_review,r,gridGraphics,1
dataverse_legacy,the_review,r,glm.predict,1
dataverse_legacy,the_review,r,googlesheets,1
dataverse_legacy,the_review,r,gsheet,1
dataverse_legacy,the_review,r,pander,1
dataverse_legacy,the_review,r,ggalt,1
dataverse_legacy,the_review,r,qualCI,1
dataverse_legacy,the_review,r,blscrapeR,1
dataverse_legacy,the_review,r,itsadug,1
dataverse_legacy,the_review,r,beepr,1
dataverse_legacy,the_review,r,rdpower,1
dataverse_legacy,the_review,r,flextable,1
dataverse_legacy,the_review,r,officer,1
dataverse_legacy,the_review,r,WeightIt,1
dataverse_legacy,the_review,r,irlba,1
dataverse_legacy,the_review,r,CCA,1
dataverse_legacy,the_review,r,forecast,1
dataverse_legacy,the_review,r,geepack,1
dataverse_legacy,the_review,r,colorRamps,1
dataverse_legacy,the_review,r,prettyR,1
dataverse_legacy,the_review,r,KRLS,1
dataverse_legacy,the_review,r,gnorm,1
dataverse_legacy,the_review,r,EnvStats,1
dataverse_legacy,the_review,r,versions,1
dataverse_legacy,the_review,r,brglm,1
dataverse_legacy,the_review,r,genderBR,1
dataverse_legacy,the_review,r,aroma.light,1
dataverse_legacy,the_review,r,reldist,1
dataverse_legacy,the_review,r,ggtern,1
dataverse_legacy,the_review,r,multidplyr,1
dataverse_legacy,the_review,r,shades,1
dataverse_legacy,the_review,r,MplusAutomation,1
dataverse_legacy,the_review,r,semPlot,1
dataverse_legacy,the_review,r,simsem,1
dataverse_legacy,the_review,r,discursive,1
dataverse_legacy,the_review,r,cld2,1
dataverse_legacy,the_review,r,preText,1
dataverse_legacy,the_review,r,VennDiagram,1
dataverse_legacy,the_review,r,icsw,1
dataverse_legacy,the_review,r,sem,1
dataverse_legacy,the_review,r,biglm,1
dataverse_legacy,the_review,r,pryr,1
dataverse_legacy,the_review,r,geodist,1
dataverse_legacy,the_review,r,geobr,1
dataverse_legacy,the_review,r,googlesheets4,1
dataverse_legacy,the_review,r,xfun,1
dataverse_legacy,the_review,r,writexl,1
dataverse_legacy,the_review,r,lmridge,1
dataverse_legacy,the_review,r,effsize,1
dataverse_legacy,the_review,r,RATest,1
dataverse_legacy,the_review,r,gmp,1
dataverse_legacy,the_review,r,gdalUtils,1
dataverse_legacy,the_review,r,BradleyTerry2,1
dataverse_legacy,the_review,r,XML,1
dataverse_legacy,the_review,r,htmltab,1
dataverse_legacy,the_review,r,gtsummary,1
dataverse_legacy,the_review,r,magick,1
dataverse_legacy,the_review,r,peRspective,1
dataverse_legacy,the_review,r,usethis,1
dataverse_legacy,the_review,r,GADMTools,1
dataverse_legacy,the_review,r,rmapshaper,1
dataverse_legacy,the_review,r,tidybayes,1
dataverse_legacy,the_review,r,RWmisc,1
dataverse_legacy,the_review,r,rstantools,1
dataverse_legacy,the_review,r,rstanarm,1
dataverse_legacy,the_review,r,brant,1
dataverse_legacy,the_review,r,BayesPostEst,1
dataverse_legacy,the_review,r,bayesplot,1
dataverse_legacy,the_review,r,shinystan,1
dataverse_legacy,the_review,r,sessioninfo,1
dataverse_legacy,the_review,r,santoku,1
dataverse_legacy,the_review,r,dtplyr,1
dataverse_legacy,the_review,r,wacolors,1
dataverse_legacy,the_review,r,QCA,1
dataverse_legacy,the_review,r,venn,1
dataverse_legacy,the_review,r,cartography,1
dataverse_legacy,the_review,r,conleyreg,1
dataverse_legacy,the_review,r,naniar,1
dataverse_legacy,the_review,r,tseries,1
dataverse_legacy,the_review,r,ape,1
dataverse_legacy,the_review,r,mefa4,1
dataverse_legacy,the_review,r,retry,1
dataverse_legacy,the_review,r,checkpoint,1
dataverse_legacy,the_review,r,osfr,1
dataverse_legacy,the_review,r,mi,1
dataverse_legacy,the_review,r,mitools,1
dataverse_legacy,the_review,r,DCPO,1
dataverse_legacy,the_review,r,superheat,1
dataverse_legacy,the_review,r,Formula,1
dataverse_legacy,the_review,r,tmaptools,1
dataverse_legacy,the_review,r,NetSwan,1
dataverse_legacy,the_review,r,networktools,1
dataverse_legacy,the_review,r,systemfonts,1
dataverse_legacy,the_review,r,fpp,1
dataverse_legacy,the_review,r,pcse,1
dataverse_legacy,the_review,r,blockTools,1
dataverse_legacy,the_review,r,PolicyPortfolios,1
dataverse_legacy,the_review,r,prefmod,1
dataverse_legacy,the_review,r,CPC,1
dataverse_legacy,the_review,stata,estout,109
dataverse_legacy,the_review,stata,coefplot,57
dataverse_legacy,the_review,stata,outreg2,39
dataverse_legacy,the_review,stata,reghdfe,18
dataverse_legacy,the_review,stata,parmest,12
dataverse_legacy,the_review,stata,unique,10
dataverse_legacy,the_review,stata,rdrobust,9
dataverse_legacy,the_review,stata,grstyle,8
dataverse_legacy,the_review,stata,binscatter,7
dataverse_legacy,the_review,stata,asdoc,7
dataverse_legacy,the_review,stata,clarify,6
dataverse_legacy,the_review,stata,sutex,6
dataverse_legacy,the_review,stata,spmap,6
dataverse_legacy,the_review,stata,ritest,6
dataverse_legacy,the_review,stata,carryforward,6
dataverse_legacy,the_review,stata,center,6
dataverse_legacy,the_review,stata,ivreg2,6
dataverse_legacy,the_review,stata,cibar,6
dataverse_legacy,the_review,stata,eclplot,5
dataverse_legacy,the_review,stata,mediation,5
dataverse_legacy,the_review,stata,cem,5
dataverse_legacy,the_review,stata,labutil,4
dataverse_legacy,the_review,stata,boottest,4
dataverse_legacy,the_review,stata,ebalance,4
dataverse_legacy,the_review,stata,interflex,4
dataverse_legacy,the_review,stata,psacalc,4
dataverse_legacy,the_review,stata,psmatch2,4
dataverse_legacy,the_review,stata,mat2txt,4
dataverse_legacy,the_review,stata,orth_out,4
dataverse_legacy,the_review,stata,shp2dta,4
dataverse_legacy,the_review,stata,tabout,3
dataverse_legacy,the_review,stata,outtable,3
dataverse_legacy,the_review,stata,project,3
dataverse_legacy,the_review,stata,mplotoffset,3
dataverse_legacy,the_review,stata,rddensity,3
dataverse_legacy,the_review,stata,firthlogit,3
dataverse_legacy,the_review,stata,kountry,3
dataverse_legacy,the_review,stata,revrs,3
dataverse_legacy,the_review,stata,fre,3
dataverse_legacy,the_review,stata,relogit,2
dataverse_legacy,the_review,stata,marhis,2
dataverse_legacy,the_review,stata,rowsort,2
dataverse_legacy,the_review,stata,covbal,2
dataverse_legacy,the_review,stata,did_multiplegt,2
dataverse_legacy,the_review,stata,lgraph,2
dataverse_legacy,the_review,stata,metareg,2
dataverse_legacy,the_review,stata,lincomest,2
dataverse_legacy,the_review,stata,xtivreg2,2
dataverse_legacy,the_review,stata,eventdd,2
dataverse_legacy,the_review,stata,geodist,2
dataverse_legacy,the_review,stata,ietoolkit,2
dataverse_legacy,the_review,stata,splitvallabels,2
dataverse_legacy,the_review,stata,catplot,2
dataverse_legacy,the_review,stata,distinct,2
dataverse_legacy,the_review,stata,texsave,2
dataverse_legacy,the_review,stata,mdesc,2
dataverse_legacy,the_review,stata,mylabels,2
dataverse_legacy,the_review,stata,leebounds,2
dataverse_legacy,the_review,stata,stop,2
dataverse_legacy,the_review,stata,outreg,2
dataverse_legacy,the_review,stata,ciplot,2
dataverse_legacy,the_review,stata,diff,2
dataverse_legacy,the_review,stata,sensemakr,2
dataverse_legacy,the_review,stata,wyoung,2
dataverse_legacy,the_review,stata,regsave,2
dataverse_legacy,the_review,stata,randomtag,1
dataverse_legacy,the_review,stata,univar,1
dataverse_legacy,the_review,stata,ellip,1
dataverse_legacy,the_review,stata,fs,1
dataverse_legacy,the_review,stata,twowayfeweights,1
dataverse_legacy,the_review,stata,multiline,1
dataverse_legacy,the_review,stata,nearstat,1
dataverse_legacy,the_review,stata,xtscc,1
dataverse_legacy,the_review,stata,ppmlhdfe,1
dataverse_legacy,the_review,stata,logout,1
dataverse_legacy,the_review,stata,ihstrans,1
dataverse_legacy,the_review,stata,gtools,1
dataverse_legacy,the_review,stata,pdslasso,1
dataverse_legacy,the_review,stata,geonear,1
dataverse_legacy,the_review,stata,nnls,1
dataverse_legacy,the_review,stata,misum,1
dataverse_legacy,the_review,stata,tuples,1
dataverse_legacy,the_review,stata,fitstat,1
dataverse_legacy,the_review,stata,mmerge,1
dataverse_legacy,the_review,stata,reclink,1
dataverse_legacy,the_review,stata,texdoc,1
dataverse_legacy,the_review,stata,matsort,1
dataverse_legacy,the_review,stata,codebookout,1
dataverse_legacy,the_review,stata,xtqptest,1
dataverse_legacy,the_review,stata,grc1leg2,1
dataverse_legacy,the_review,stata,xtabond2,1
dataverse_legacy,the_review,stata,konfound,1
dataverse_legacy,the_review,stata,gsample,1
dataverse_legacy,the_review,stata,drarea,1
dataverse_legacy,the_review,stata,chaidforest,1
dataverse_legacy,the_review,stata,synth,1
dataverse_legacy,the_review,stata,balancetable,1
dataverse_legacy,the_review,stata,acreg,1
dataverse_legacy,the_review,stata,dyads,1
dataverse_legacy,the_review,stata,spineplot,1
dataverse_legacy,the_review,stata,savesome,1
dataverse_legacy,the_review,stata,ivreghdfe,1
dataverse_legacy,the_review,stata,marginscontplot2,1
dataverse_legacy,the_review,stata,combomarginsplot,1
dataverse_legacy,the_review,stata,wbopendata,1
dataverse_legacy,the_review,stata,dataout,1
dataverse_legacy,the_review,stata,mgen,1
dataverse_legacy,the_review,stata,rangestat,1
dataverse_legacy,the_review,stata,latab,1
dataverse_legacy,the_review,stata,svret,1
dataverse_legacy,the_review,stata,addplot,1
dataverse_legacy,the_review,stata,fsum,1
dataverse_legacy,the_review,stata,reshape8,1
dataverse_legacy,the_review,stata,rd,1
dataverse_legacy,the_review,stata,matchit,1
dataverse_legacy,the_review,stata,txttool,1
dataverse_legacy,the_review,stata,clustse,1
dataverse_legacy,the_review,stata,sxpose,1
dataverse_legacy,the_review,stata,listtex,1
dataverse_legacy,the_review,stata,sppack,1
dataverse_legacy,the_review,stata,countyfips,1
dataverse_legacy,the_review,stata,xtqreg,1
dataverse_legacy,the_review,stata,mipolate,1
dataverse_legacy,the_review,stata,seq,1
dataverse_legacy,tpmnewsletter,r,ggplot2,3
dataverse_legacy,tpmnewsletter,r,dplyr,2
dataverse_legacy,tpmnewsletter,r,factoextra,1
dataverse_legacy,tpmnewsletter,r,dendextend,1
dataverse_legacy,tpmnewsletter,r,cluster,1
dataverse_legacy,tpmnewsletter,r,Rtsne,1
dataverse_legacy,tpmnewsletter,r,gower,1
dataverse_legacy,tpmnewsletter,r,readstata13,1
dataverse_legacy,tpmnewsletter,r,TraMineR,1
dataverse_legacy,tpmnewsletter,r,foreign,1
dataverse_legacy,tpmnewsletter,r,nnet,1
dataverse_legacy,tpmnewsletter,r,texreg,1
dataverse_legacy,tpmnewsletter,r,MASS,1
dataverse_legacy,tpmnewsletter,r,Hmisc,1
dataverse_legacy,tpmnewsletter,r,reshape2,1
dataverse_legacy,tpmnewsletter,r,WeightedCluster,1
dataverse_legacy,tpmnewsletter,r,Rgraphviz,1
dataverse_legacy,tpmnewsletter,r,TraMineRextras,1
dataverse_legacy,tpmnewsletter,r,readxl,1
dataverse_legacy,tpmnewsletter,r,plyr,1
dataverse_legacy,tpmnewsletter,r,plm,1
dataverse_legacy,tpmnewsletter,r,lmtest,1
dataverse_legacy,tpmnewsletter,r,futile.logger,1
dataverse_legacy,tpmnewsletter,r,data.table,1
dataverse_legacy,tpmnewsletter,r,gplots,1
dataverse_legacy,tpmnewsletter,r,np,1
dataverse_legacy,tpmnewsletter,r,xlsx,1
dataverse_legacy,tpmnewsletter,r,entropy,1
dataverse_legacy,tpmnewsletter,r,reshape,1
dataverse_legacy,tpmnewsletter,r,RColorBrewer,1
dataverse_legacy,tpmnewsletter,stata,estout,1
dataverse_legacy,tpmnewsletter,stata,boottest,1
dataverse_legacy,tpmnewsletter,stata,outreg2,1
dataverse_legacy,uidergisi,python,beautifulsoup4,1
dataverse_legacy,uidergisi,python,requests,1
dataverse_legacy,uidergisi,python,requests-html,1
dataverse_legacy,uidergisi,r,ggplot2,2
dataverse_legacy,uidergisi,r,foreign,1
dataverse_legacy,uidergisi,r,readstata13,1
dataverse_legacy,uidergisi,r,stargazer,1
dataverse_legacy,uidergisi,r,sjPlot,1
dataverse_legacy,uidergisi,r,ggpubr,1
dataverse_legacy,uidergisi,r,sampleSelection,1
dataverse_legacy,uidergisi,r,mediation,1
dataverse_legacy,uidergisi,r,tidyverse,1
dataverse_legacy,uidergisi,r,here,1
dataverse_legacy,uidergisi,r,lubridate,1
dataverse_legacy,uidergisi,r,stopwords,1
dataverse_legacy,uidergisi,r,tidytext,1
dataverse_legacy,uidergisi,r,tm,1
dataverse_legacy,uidergisi,r,RColorBrewer,1
dataverse_legacy,uidergisi,r,wordcloud,1
dataverse_legacy,uidergisi,r,ggwordcloud,1
dataverse_legacy,uidergisi,r,plyr,1
dataverse_legacy,uidergisi,r,dplyr,1
dataverse_legacy,uidergisi,r,stringr,1
dataverse_legacy,uidergisi,r,gridExtra,1
dataverse_legacy,uidergisi,r,knitr,1
dataverse_legacy,uidergisi,r,ZeligChoice,1
dataverse_legacy,uidergisi,r,rstudioapi,1
dataverse_legacy,uidergisi,r,mgcv,1
dataverse_legacy,uidergisi,r,lfe,1
dataverse_legacy,uidergisi,r,sandwich,1
dataverse_legacy,uidergisi,r,pcse,1
dataverse_legacy,uidergisi,r,Lmoments,1
dataverse_legacy,uidergisi,r,lmtest,1
dataverse_legacy,uidergisi,r,doParallel,1
dataverse_legacy,uidergisi,stata,estout,2
dataverse_legacy,uidergisi,stata,sutex,1
dataverse_legacy,uidergisi,stata,clarify,1
dataverse_legacy,world-politics,python,statsmodels,1
dataverse_legacy,world-politics,python,scipy,1
dataverse_legacy,world-politics,python,matplotlib,1
dataverse_legacy,world-politics,python,numpy,1
dataverse_legacy,world-politics,r,ggplot2,23
dataverse_legacy,world-politics,r,foreign,23
dataverse_legacy,world-politics,r,dplyr,22
dataverse_legacy,world-politics,r,stargazer,22
dataverse_legacy,world-politics,r,lmtest,14
dataverse_legacy,world-politics,r,xtable,14
dataverse_legacy,world-politics,r,data.table,12
dataverse_legacy,world-politics,r,plyr,10
dataverse_legacy,world-politics,r,readstata13,10
dataverse_legacy,world-politics,r,haven,9
dataverse_legacy,world-politics,r,sandwich,9
dataverse_legacy,world-politics,r,gridExtra,9
dataverse_legacy,world-politics,r,MASS,9
dataverse_legacy,world-politics,r,lfe,8
dataverse_legacy,world-politics,r,AER,7
dataverse_legacy,world-politics,r,rgdal,7
dataverse_legacy,world-politics,r,RColorBrewer,7
dataverse_legacy,world-politics,r,reshape2,6
dataverse_legacy,world-politics,r,multiwayvcov,6
dataverse_legacy,world-politics,r,tidyverse,6
dataverse_legacy,world-politics,r,magrittr,6
dataverse_legacy,world-politics,r,Hmisc,6
dataverse_legacy,world-politics,r,broom,5
dataverse_legacy,world-politics,r,readxl,5
dataverse_legacy,world-politics,r,survival,5
dataverse_legacy,world-politics,r,texreg,5
dataverse_legacy,world-politics,r,scales,5
dataverse_legacy,world-politics,r,maptools,5
dataverse_legacy,world-politics,r,rgeos,5
dataverse_legacy,world-politics,r,tidyr,4
dataverse_legacy,world-politics,r,estimatr,4
dataverse_legacy,world-politics,r,car,4
dataverse_legacy,world-politics,r,stringr,4
dataverse_legacy,world-politics,r,mediation,4
dataverse_legacy,world-politics,r,pacman,4
dataverse_legacy,world-politics,r,ggthemes,4
dataverse_legacy,world-politics,r,Rmisc,3
dataverse_legacy,world-politics,r,janitor,3
dataverse_legacy,world-politics,r,pscl,3
dataverse_legacy,world-politics,r,lme4,3
dataverse_legacy,world-politics,r,reshape,3
dataverse_legacy,world-politics,r,sf,3
dataverse_legacy,world-politics,r,raster,3
dataverse_legacy,world-politics,r,ggpubr,3
dataverse_legacy,world-politics,r,geosphere,3
dataverse_legacy,world-politics,r,memisc,3
dataverse_legacy,world-politics,r,plm,3
dataverse_legacy,world-politics,r,arm,3
dataverse_legacy,world-politics,r,rms,3
dataverse_legacy,world-politics,r,dotwhisker,2
dataverse_legacy,world-politics,r,rstudioapi,2
dataverse_legacy,world-politics,r,Zelig,2
dataverse_legacy,world-politics,r,devtools,2
dataverse_legacy,world-politics,r,Cairo,2
dataverse_legacy,world-politics,r,lubridate,2
dataverse_legacy,world-politics,r,jtools,2
dataverse_legacy,world-politics,r,zoo,2
dataverse_legacy,world-politics,r,Amelia,2
dataverse_legacy,world-politics,r,RItools,2
dataverse_legacy,world-politics,r,mlogit,2
dataverse_legacy,world-politics,r,nnet,2
dataverse_legacy,world-politics,r,erer,2
dataverse_legacy,world-politics,r,margins,2
dataverse_legacy,world-politics,r,interplot,2
dataverse_legacy,world-politics,r,openxlsx,2
dataverse_legacy,world-politics,r,readr,2
dataverse_legacy,world-politics,r,lm.beta,2
dataverse_legacy,world-politics,r,maps,2
dataverse_legacy,world-politics,r,sensemakr,2
dataverse_legacy,world-politics,r,list,2
dataverse_legacy,world-politics,r,cobalt,2
dataverse_legacy,world-politics,r,interflex,2
dataverse_legacy,world-politics,r,dummies,2
dataverse_legacy,world-politics,r,ggmap,2
dataverse_legacy,world-politics,r,gtools,2
dataverse_legacy,world-politics,r,ggstance,2
dataverse_legacy,world-politics,r,patchwork,2
dataverse_legacy,world-politics,r,rtf,1
dataverse_legacy,world-politics,r,naniar,1
dataverse_legacy,world-politics,r,Matching,1
dataverse_legacy,world-politics,r,extrafont,1
dataverse_legacy,world-politics,r,ivtools,1
dataverse_legacy,world-politics,r,ivprobit,1
dataverse_legacy,world-politics,r,miceadds,1
dataverse_legacy,world-politics,r,igraph,1
dataverse_legacy,world-politics,r,sp,1
dataverse_legacy,world-politics,r,extrafontdb,1
dataverse_legacy,world-politics,r,broom.mixed,1
dataverse_legacy,world-politics,r,fixest,1
dataverse_legacy,world-politics,r,glmnet,1
dataverse_legacy,world-politics,r,measurements,1
dataverse_legacy,world-politics,r,geonames,1
dataverse_legacy,world-politics,r,ineq,1
dataverse_legacy,world-politics,r,groundhog,1
dataverse_legacy,world-politics,r,DataCombine,1
dataverse_legacy,world-politics,r,hrbrthemes,1
dataverse_legacy,world-politics,r,huxtable,1
dataverse_legacy,world-politics,r,ggrepel,1
dataverse_legacy,world-politics,r,lattice,1
dataverse_legacy,world-politics,r,coda,1
dataverse_legacy,world-politics,r,R2WinBUGS,1
dataverse_legacy,world-politics,r,mcmcplots,1
dataverse_legacy,world-politics,r,rddtools,1
dataverse_legacy,world-politics,r,MatchIt,1
dataverse_legacy,world-politics,r,BSDA,1
dataverse_legacy,world-politics,r,psych,1
dataverse_legacy,world-politics,r,coefplot,1
dataverse_legacy,world-politics,r,apsrtable,1
dataverse_legacy,world-politics,r,viridis,1
dataverse_legacy,world-politics,r,geometry,1
dataverse_legacy,world-politics,r,mapdata,1
dataverse_legacy,world-politics,r,mapview,1
dataverse_legacy,world-politics,r,spData,1
dataverse_legacy,world-politics,r,estout,1
dataverse_legacy,world-politics,r,interactions,1
dataverse_legacy,world-politics,r,mi,1
dataverse_legacy,world-politics,r,purrr,1
dataverse_legacy,world-politics,r,here,1
dataverse_legacy,world-politics,r,kableExtra,1
dataverse_legacy,world-politics,r,knitr,1
dataverse_legacy,world-politics,r,Matrix,1
dataverse_legacy,world-politics,r,HistData,1
dataverse_legacy,world-politics,r,robustbase,1
dataverse_legacy,world-politics,r,fields,1
dataverse_legacy,world-politics,r,shapefiles,1
dataverse_legacy,world-politics,r,plotKML,1
dataverse_legacy,world-politics,r,MuMIn,1
dataverse_legacy,world-politics,r,BMA,1
dataverse_legacy,world-politics,r,egg,1
dataverse_legacy,world-politics,r,boot,1
dataverse_legacy,world-politics,r,CBPS,1
dataverse_legacy,world-politics,r,survey,1
dataverse_legacy,world-politics,r,cem,1
dataverse_legacy,world-politics,r,ri,1
dataverse_legacy,world-politics,r,Synth,1
dataverse_legacy,world-politics,r,gmodels,1
dataverse_legacy,world-politics,r,ggfortify,1
dataverse_legacy,world-politics,r,survminer,1
dataverse_legacy,world-politics,r,tidylog,1
dataverse_legacy,world-politics,r,DeclareDesign,1
dataverse_legacy,world-politics,r,pryr,1
dataverse_legacy,world-politics,r,fastDummies,1
dataverse_legacy,world-politics,r,PBSmapping,1
dataverse_legacy,world-politics,r,rdrobust,1
dataverse_legacy,world-politics,r,rdd,1
dataverse_legacy,world-politics,r,gtable,1
dataverse_legacy,world-politics,r,countrycode,1
dataverse_legacy,world-politics,r,plotrix,1
dataverse_legacy,world-politics,r,ivpack,1
dataverse_legacy,world-politics,r,glm2,1
dataverse_legacy,world-politics,r,stringi,1
dataverse_legacy,world-politics,r,dfadjust,1
dataverse_legacy,world-politics,r,forcats,1
dataverse_legacy,world-politics,r,modelsummary,1
dataverse_legacy,world-politics,r,ggsci,1
dataverse_legacy,world-politics,r,gt,1
dataverse_legacy,world-politics,r,tibble,1
dataverse_legacy,world-politics,r,infotheo,1
dataverse_legacy,world-politics,r,prediction,1
dataverse_legacy,world-politics,r,glm.predict,1
dataverse_legacy,world-politics,r,multcomp,1
dataverse_legacy,world-politics,r,mfx,1
dataverse_legacy,world-politics,stata,estout,26
dataverse_legacy,world-politics,stata,coefplot,14
dataverse_legacy,world-politics,stata,outreg2,8
dataverse_legacy,world-politics,stata,sutex,3
dataverse_legacy,world-politics,stata,ivreg2,2
dataverse_legacy,world-politics,stata,xtabond2,2
dataverse_legacy,world-politics,stata,mediation,2
dataverse_legacy,world-politics,stata,psacalc,2
dataverse_legacy,world-politics,stata,reghdfe,2
dataverse_legacy,world-politics,stata,glmcorr,1
dataverse_legacy,world-politics,stata,cem,1
dataverse_legacy,world-politics,stata,ebalance,1
dataverse_legacy,world-politics,stata,diff,1
dataverse_legacy,world-politics,stata,distinct,1
dataverse_legacy,world-politics,stata,splagvar,1
dataverse_legacy,world-politics,stata,corrtab,1
dataverse_legacy,world-politics,stata,clarify,1
dataverse_legacy,world-politics,stata,corrtex,1
dataverse_legacy,world-politics,stata,boottest,1
dataverse_legacy,world-politics,stata,labutil,1
dataverse_legacy,world-politics,stata,fitstat,1
dataverse_legacy,world-politics,stata,xtscc,1
dataverse_legacy,world-politics,stata,outtable,1
dataverse_legacy,world-politics,stata,interflex,1
dataverse_legacy,world-politics,stata,bacondecomp,1
dataverse_legacy,world-politics,stata,mat2txt,1
dataverse_legacy,world-politics,stata,leebounds,1
dataverse_legacy,world-politics,stata,mmerge,1
dataverse_legacy,world-politics,stata,geodist,1
dataverse_legacy,world-politics,stata,tabout,1
dataverse_legacy,world-politics,stata,fre,1
dataverse_legacy,world-politics,stata,sutex2,1
dataverse_legacy,world-politics,stata,listtex,1
dataverse_legacy,world-politics,stata,xtcsd,1
dataverse_legacy,world-politics,stata,xtab,1
dataverse_legacy,world-politics,stata,acreg,1
dataverse_legacy,world-politics,stata,combomarginsplot,1
dataverse_legacy,world-politics,stata,oaxaca,1
dataverse_legacy,world-politics,stata,metaan,1
dataverse_legacy,world-politics,stata,metareg,1
dataverse_legacy,xps,python,networkx,1
dataverse_legacy,xps,python,pandas,1
dataverse_legacy,xps,r,ggplot2,40
dataverse_legacy,xps,r,stargazer,34
dataverse_legacy,xps,r,dplyr,34
dataverse_legacy,xps,r,tidyverse,28
dataverse_legacy,xps,r,foreign,20
dataverse_legacy,xps,r,plyr,17
dataverse_legacy,xps,r,car,16
dataverse_legacy,xps,r,lmtest,15
dataverse_legacy,xps,r,xtable,15
dataverse_legacy,xps,r,estimatr,14
dataverse_legacy,xps,r,MASS,11
dataverse_legacy,xps,r,texreg,11
dataverse_legacy,xps,r,sandwich,11
dataverse_legacy,xps,r,gridExtra,11
dataverse_legacy,xps,r,haven,11
dataverse_legacy,xps,r,data.table,10
dataverse_legacy,xps,r,reshape2,10
dataverse_legacy,xps,r,ggpubr,10
dataverse_legacy,xps,r,broom,9
dataverse_legacy,xps,r,psych,9
dataverse_legacy,xps,r,multiwayvcov,8
dataverse_legacy,xps,r,scales,8
dataverse_legacy,xps,r,pwr,8
dataverse_legacy,xps,r,rio,7
dataverse_legacy,xps,r,stringr,7
dataverse_legacy,xps,r,readstata13,7
dataverse_legacy,xps,r,AER,7
dataverse_legacy,xps,r,tidyr,7
dataverse_legacy,xps,r,mediation,7
dataverse_legacy,xps,r,readr,6
dataverse_legacy,xps,r,readxl,6
dataverse_legacy,xps,r,lubridate,5
dataverse_legacy,xps,r,interplot,5
dataverse_legacy,xps,r,cowplot,5
dataverse_legacy,xps,r,here,5
dataverse_legacy,xps,r,lattice,4
dataverse_legacy,xps,r,TOSTER,4
dataverse_legacy,xps,r,plm,4
dataverse_legacy,xps,r,ggrepel,4
dataverse_legacy,xps,r,sjPlot,4
dataverse_legacy,xps,r,survey,4
dataverse_legacy,xps,r,magrittr,4
dataverse_legacy,xps,r,forcats,4
dataverse_legacy,xps,r,Hmisc,4
dataverse_legacy,xps,r,lme4,4
dataverse_legacy,xps,r,ri,3
dataverse_legacy,xps,r,jtools,3
dataverse_legacy,xps,r,broom.mixed,3
dataverse_legacy,xps,r,ggstance,3
dataverse_legacy,xps,r,BayesFactor,3
dataverse_legacy,xps,r,ggthemes,3
dataverse_legacy,xps,r,RColorBrewer,3
dataverse_legacy,xps,r,sjmisc,3
dataverse_legacy,xps,r,glmnet,3
dataverse_legacy,xps,r,factoextra,3
dataverse_legacy,xps,r,dotwhisker,3
dataverse_legacy,xps,r,extrafont,3
dataverse_legacy,xps,r,margins,3
dataverse_legacy,xps,r,plotrix,3
dataverse_legacy,xps,r,randomizr,3
dataverse_legacy,xps,r,nnet,3
dataverse_legacy,xps,r,kableExtra,3
dataverse_legacy,xps,r,sp,3
dataverse_legacy,xps,r,rgdal,3
dataverse_legacy,xps,r,cregg,3
dataverse_legacy,xps,r,boot,3
dataverse_legacy,xps,r,brms,3
dataverse_legacy,xps,r,modelsummary,3
dataverse_legacy,xps,r,logr,3
dataverse_legacy,xps,r,DeclareDesign,3
dataverse_legacy,xps,r,gtools,2
dataverse_legacy,xps,r,rstudioapi,2
dataverse_legacy,xps,r,Rmisc,2
dataverse_legacy,xps,r,equivalence,2
dataverse_legacy,xps,r,coefplot,2
dataverse_legacy,xps,r,lfe,2
dataverse_legacy,xps,r,corrplot,2
dataverse_legacy,xps,r,multcomp,2
dataverse_legacy,xps,r,lavaan,2
dataverse_legacy,xps,r,labelled,2
dataverse_legacy,xps,r,mice,2
dataverse_legacy,xps,r,rdrobust,2
dataverse_legacy,xps,r,RItools,2
dataverse_legacy,xps,r,fastDummies,2
dataverse_legacy,xps,r,weights,2
dataverse_legacy,xps,r,ggmap,2
dataverse_legacy,xps,r,maptools,2
dataverse_legacy,xps,r,rstatix,2
dataverse_legacy,xps,r,cjoint,2
dataverse_legacy,xps,r,ltm,2
dataverse_legacy,xps,r,coin,2
dataverse_legacy,xps,r,FindIt,2
dataverse_legacy,xps,r,stm,2
dataverse_legacy,xps,r,interactions,2
dataverse_legacy,xps,r,emmeans,2
dataverse_legacy,xps,r,metafor,1
dataverse_legacy,xps,r,XML,1
dataverse_legacy,xps,r,varhandle,1
dataverse_legacy,xps,r,matrixStats,1
dataverse_legacy,xps,r,lm.beta,1
dataverse_legacy,xps,r,tidyBF,1
dataverse_legacy,xps,r,tm,1
dataverse_legacy,xps,r,tikzDevice,1
dataverse_legacy,xps,r,rsq,1
dataverse_legacy,xps,r,irr,1
dataverse_legacy,xps,r,ggforce,1
dataverse_legacy,xps,r,lemon,1
dataverse_legacy,xps,r,rmeta,1
dataverse_legacy,xps,r,RCurl,1
dataverse_legacy,xps,r,BBmisc,1
dataverse_legacy,xps,r,mfx,1
dataverse_legacy,xps,r,interflex,1
dataverse_legacy,xps,r,sciplot,1
dataverse_legacy,xps,r,psy,1
dataverse_legacy,xps,r,polycor,1
dataverse_legacy,xps,r,GPArotation,1
dataverse_legacy,xps,r,nFactors,1
dataverse_legacy,xps,r,ggExtra,1
dataverse_legacy,xps,r,Zelig,1
dataverse_legacy,xps,r,zeligverse,1
dataverse_legacy,xps,r,purrr,1
dataverse_legacy,xps,r,tidyselect,1
dataverse_legacy,xps,r,ordinal,1
dataverse_legacy,xps,r,qdap,1
dataverse_legacy,xps,r,rdlocrand,1
dataverse_legacy,xps,r,rddensity,1
dataverse_legacy,xps,r,lpdensity,1
dataverse_legacy,xps,r,demoGraphic,1
dataverse_legacy,xps,r,descr,1
dataverse_legacy,xps,r,tmap,1
dataverse_legacy,xps,r,rgeos,1
dataverse_legacy,xps,r,Matching,1
dataverse_legacy,xps,r,ebal,1
dataverse_legacy,xps,r,survminer,1
dataverse_legacy,xps,r,knitr,1
dataverse_legacy,xps,r,aod,1
dataverse_legacy,xps,r,likert,1
dataverse_legacy,xps,r,latticeExtra,1
dataverse_legacy,xps,r,egg,1
dataverse_legacy,xps,r,rddtools,1
dataverse_legacy,xps,r,pander,1
dataverse_legacy,xps,r,arm,1
dataverse_legacy,xps,r,fixest,1
dataverse_legacy,xps,r,memisc,1
dataverse_legacy,xps,r,hrbrthemes,1
dataverse_legacy,xps,r,mc2d,1
dataverse_legacy,xps,r,rstan,1
dataverse_legacy,xps,r,coda,1
dataverse_legacy,xps,r,stminsights,1
dataverse_legacy,xps,r,pscl,1
dataverse_legacy,xps,r,statip,1
dataverse_legacy,xps,r,bit64,1
dataverse_legacy,xps,r,rockchalk,1
dataverse_legacy,xps,r,pastecs,1
dataverse_legacy,xps,r,VGAM,1
dataverse_legacy,xps,r,censReg,1
dataverse_legacy,xps,r,bcf,1
dataverse_legacy,xps,r,dbarts,1
dataverse_legacy,xps,r,effectsize,1
dataverse_legacy,xps,r,rms,1
dataverse_legacy,xps,r,devtools,1
dataverse_legacy,xps,r,glue,1
dataverse_legacy,xps,r,tidylog,1
dataverse_legacy,xps,r,gghighlight,1
dataverse_legacy,xps,r,tidysynth,1
dataverse_legacy,xps,r,furrr,1
dataverse_legacy,xps,r,foreach,1
dataverse_legacy,xps,r,digest,1
dataverse_legacy,xps,r,stringi,1
dataverse_legacy,xps,r,CBPS,1
dataverse_legacy,xps,r,spdep,1
dataverse_legacy,xps,r,maps,1
dataverse_legacy,xps,r,mapdata,1
dataverse_legacy,xps,r,patchwork,1
dataverse_legacy,xps,r,ggh4x,1
dataverse_legacy,xps,r,future,1
dataverse_legacy,xps,r,SDMTools,1
dataverse_legacy,xps,r,formatR,1
dataverse_legacy,xps,r,googlesheets,1
dataverse_legacy,xps,r,countrycode,1
dataverse_legacy,xps,r,conflicted,1
dataverse_legacy,xps,r,ggsignif,1
dataverse_legacy,xps,r,visreg,1
dataverse_legacy,xps,r,miceadds,1
dataverse_legacy,xps,r,rmarkdown,1
dataverse_legacy,xps,r,ks,1
dataverse_legacy,xps,r,clusterSEs,1
dataverse_legacy,xps,r,gt,1
dataverse_legacy,xps,r,bookdown,1
dataverse_legacy,xps,r,huxtable,1
dataverse_legacy,xps,r,tabulator,1
dataverse_legacy,xps,r,gmodels,1
dataverse_legacy,xps,r,tidybayes,1
dataverse_legacy,xps,r,papaja,1
dataverse_legacy,xps,r,zTree,1
dataverse_legacy,xps,r,lsmeans,1
dataverse_legacy,xps,r,effects,1
dataverse_legacy,xps,r,ATE,1
dataverse_legacy,xps,r,table1,1
dataverse_legacy,xps,r,ggeffects,1
dataverse_legacy,xps,r,esc,1
dataverse_legacy,xps,r,cobalt,1
dataverse_legacy,xps,r,rdd,1
dataverse_legacy,xps,r,writexl,1
dataverse_legacy,xps,stata,estout,36
dataverse_legacy,xps,stata,coefplot,20
dataverse_legacy,xps,stata,outreg2,16
dataverse_legacy,xps,stata,outreg,4
dataverse_legacy,xps,stata,ietoolkit,3
dataverse_legacy,xps,stata,parmest,3
dataverse_legacy,xps,stata,cibar,3
dataverse_legacy,xps,stata,clarify,3
dataverse_legacy,xps,stata,ivreg2,3
dataverse_legacy,xps,stata,sutex,3
dataverse_legacy,xps,stata,regsave,2
dataverse_legacy,xps,stata,rangestat,2
dataverse_legacy,xps,stata,oparallel,2
dataverse_legacy,xps,stata,balancetable,2
dataverse_legacy,xps,stata,ritest,2
dataverse_legacy,xps,stata,combomarginsplot,2
dataverse_legacy,xps,stata,reghdfe,2
dataverse_legacy,xps,stata,clustse,2
dataverse_legacy,xps,stata,asdoc,2
dataverse_legacy,xps,stata,mediation,2
dataverse_legacy,xps,stata,orth_out,2
dataverse_legacy,xps,stata,smileplot,1
dataverse_legacy,xps,stata,outsum,1
dataverse_legacy,xps,stata,vioplot,1
dataverse_legacy,xps,stata,lgraph,1
dataverse_legacy,xps,stata,grc1leg2,1
dataverse_legacy,xps,stata,lincomest,1
dataverse_legacy,xps,stata,outtex,1
dataverse_legacy,xps,stata,cem,1
dataverse_legacy,xps,stata,ci2,1
dataverse_legacy,xps,stata,spgrid,1
dataverse_legacy,xps,stata,mplotoffset,1
dataverse_legacy,xps,stata,catplot,1
dataverse_legacy,xps,stata,betterbar,1
dataverse_legacy,xps,stata,ice,1
dataverse_legacy,xps,stata,misum,1
dataverse_legacy,xps,stata,kdens,1
dataverse_legacy,xps,stata,qqvalue,1
dataverse_legacy,xps,stata,ciplot,1
dataverse_legacy,xps,stata,eclplot,1
dataverse_legacy,xps,stata,fsum,1
dataverse_legacy,xps,stata,mat2txt,1
dataverse_legacy,xps,stata,leebounds,1
