ecosystem,package,version,version_source,n_deposits
base_r,parallel,3.6.0,install,1
cran,ADtools,0.5.5,renv_lock,1
cran,AER,1.2-10,description,3
cran,AER,1.2-12,renv_lock,3
cran,AER,1.2-10,renv_lock,3
cran,AER,1.2-9,description,3
cran,AER,1.2-16,renv_lock,2
cran,AER,1.2-15,renv_lock,2
cran,AER,1.2-16,description,1
cran,AER,1.2-14,renv_lock,1
cran,AICcmodavg,2.3-4,renv_lock,1
cran,Amelia,1.8.1,renv_lock,2
cran,Amelia,1.8.1,description,1
cran,Amelia,1.8.3,renv_lock,1
cran,AnnotationModelsR,0.1.2,renv_lock,1
cran,AsioHeaders,1.22.1-2,description,4
cran,AsioHeaders,1.22.1-2,renv_lock,1
cran,BART,2.9.4,install,1
cran,BART,2.9,description,1
cran,BART,2.9,renv_lock,1
cran,BAS,1.7.5,renv_lock,1
cran,BB,2019.10-1,renv_lock,1
cran,BBmisc,1.11,renv_lock,1
cran,BBmisc,1.11,description,1
cran,BH,1.87.0-1,renv_lock,12
cran,BH,1.81.0-1,renv_lock,9
cran,BH,1.75.0-0,renv_lock,6
cran,BH,1.84.0-0,renv_lock,5
cran,BH,1.90.0-1,renv_lock,5
cran,BH,1.75.0-0,description,2
cran,BH,1.69.0-1,renv_lock,2
cran,BH,1.72.0-3,renv_lock,2
cran,BH,1.81.0-1,description,2
cran,BH,1.60.0-2,description,1
cran,BH,1.78.0-0,renv_lock,1
cran,BH,1.72.0-3,description,1
cran,BH,1.87.0-1,description,1
cran,BH,1.66.0-1,description,1
cran,BLPestimatoR,0.3.2,description,1
cran,BMisc,1.4.8,renv_lock,2
cran,BMisc,1.4.9,renv_lock,1
cran,BMisc,1.4.6,description,1
cran,BMisc,1.4.7,description,1
cran,BRS,0.0.0.9006,description,1
cran,BTM,0.3.6,renv_lock,1
cran,BaM,1.0.3,renv_lock,1
cran,BayesTree,0.3-1.4,description,1
cran,Biobase,2.43.1,description,1
cran,BiocManager,1.30.27,renv_lock,1
cran,BiocManager,1.30.22,renv_lock,1
cran,BiocVersion,3.22.0,renv_lock,1
cran,BoostGraph,0.2.0.9000,description,1
cran,BradleyTerry2,1.1-2,description,1
cran,Brobdingnag,1.2-9,renv_lock,3
cran,Brobdingnag,1.2-6,renv_lock,1
cran,Brobdingnag,1.2-7,renv_lock,1
cran,Brobdingnag,1.2-9,description,1
cran,Bullock,1.19,description,1
cran,CBPS,0.23,renv_lock,3
cran,CBPS,0.24,renv_lock,1
cran,CBPS,0.23,description,1
cran,CBPS,0.23,install,1
cran,CLmisc,0.0.0.9017,renv_lock,1
cran,COGugaison,1.0.8,renv_lock,1
cran,CVXR,1.0-15,renv_lock,2
cran,CVXR,1.0-12,description,1
cran,CVXR,1.0-14,renv_lock,1
cran,CVXR,1.0-15,description,1
cran,CVXR,1.0-11,description,1
cran,Cairo,1.6-2,renv_lock,2
cran,Cairo,1.7-0,renv_lock,1
cran,Cairo,1.6-2,description,1
cran,Cairo,1.6-0,renv_lock,1
cran,CircSpatial,1.0-1,description,1
cran,ClusterR,1.3.1,description,1
cran,CompQuadForm,1.4.3,description,1
cran,Cubist,0.4.4,description,1
cran,DBI,1.2.3,renv_lock,52
cran,DBI,1.1.3,renv_lock,18
cran,DBI,1.1.3,description,8
cran,DBI,1.3.0,renv_lock,7
cran,DBI,1.1.2,renv_lock,7
cran,DBI,1.1.1,renv_lock,7
cran,DBI,1.2.3,description,6
cran,DBI,1.2.2,renv_lock,5
cran,DBI,1.1.0,description,3
cran,DBI,1.1.1,description,3
cran,DBI,1.0.0,renv_lock,2
cran,DBI,1.1.0,renv_lock,2
cran,DBI,1.2.0,renv_lock,2
cran,DBI,1.1.2,description,2
cran,DBI,1.2.0,description,1
cran,DBI,1.2.3,install,1
cran,DBI,1.2.2,description,1
cran,DBI,1.2.1,description,1
cran,DBI,0.5-1,description,1
cran,DCPOtools,0.1.0.9000,renv_lock,1
cran,DEoptimR,1.1-3-1,renv_lock,2
cran,DEoptimR,1.1-4,renv_lock,2
cran,DEoptimR,1.1-3,renv_lock,1
cran,DEoptimR,1.1-2,description,1
cran,DEoptimR,1.0-14,renv_lock,1
cran,DEoptimR,1.1-3-1,description,1
cran,DIDmultiplegtDYN,2.1.2,description,2
cran,DIDmultiplegtDYN,1.0.15,description,1
cran,DIDmultiplegtDYN,2.3.2,renv_lock,1
cran,DRDID,1.2.3,renv_lock,1
cran,DRDID,1.3.0,renv_lock,1
cran,DRDID,1.2.0,renv_lock,1
cran,DRDID,1.2.0,description,1
cran,DT,0.33,renv_lock,4
cran,DT,0.34.0,renv_lock,2
cran,DT,0.32,description,1
cran,DT,0.27,renv_lock,1
cran,DT,0.17,renv_lock,1
cran,DT,0.19,renv_lock,1
cran,DT,0.32,renv_lock,1
cran,DT,0.25,renv_lock,1
cran,DT,0.29,description,1
cran,DT,0.28,renv_lock,1
cran,DeclareDesign,0.30.0,renv_lock,1
cran,Deriv,4.2.0,renv_lock,15
cran,Deriv,4.1.6,renv_lock,5
cran,Deriv,4.1.3,renv_lock,4
cran,Deriv,4.1.6,description,1
cran,Deriv,4.2.0,description,1
cran,DescTools,0.99.60,renv_lock,4
cran,DescTools,0.99.39,install,1
cran,DescTools,0.99.54,renv_lock,1
cran,DescTools,0.99.50,renv_lock,1
cran,DesignLibrary,0.1.10,renv_lock,1
cran,DiSCos,0.1.2,description,1
cran,DiagrammeR,1.0.11,description,2
cran,DiagrammeRsvg,0.1,description,1
cran,DiceDesign,1.9,renv_lock,1
cran,DiceDesign,1.9,description,1
cran,DiceDesign,1.10,renv_lock,1
cran,DiceDesign,1.10,description,1
cran,DiceKriging,1.6.0,renv_lock,3
cran,DiceKriging,1.6.0,description,1
cran,DiceKriging,1.6.1,renv_lock,1
cran,DoseFinding,1.2-1,renv_lock,1
cran,DoubleML,1.0.1,description,1
cran,DoubleML,1.0.1,renv_lock,1
cran,ECOSolveR,0.5.5,description,3
cran,ECOSolveR,0.5.5,renv_lock,2
cran,ECOSolveR,0.6.1,renv_lock,1
cran,Epi,2.40,description,1
cran,Exact,3.3,renv_lock,4
cran,Exact,3.2,renv_lock,2
cran,FAOSTAT,2.2.3,renv_lock,1
cran,FDI,1.0,description,1
cran,FNN,1.1.4.1,renv_lock,2
cran,FNN,1.1.3,description,2
cran,FNN,1.1.3.2,renv_lock,1
cran,FNN,1.1.3,renv_lock,1
cran,FNN,1.1.3.1,description,1
cran,FNN,1.1.3.1,renv_lock,1
cran,FRD,1.0,description,1
cran,FactoClass,1.2.8,renv_lock,1
cran,FactoMineR,2.10,renv_lock,1
cran,FactoMineR,2.10,description,1
cran,FactoMineR,2.12,renv_lock,1
cran,Formula,1.2-5,renv_lock,82
cran,Formula,1.2-4,renv_lock,15
cran,Formula,1.2-5,description,14
cran,Formula,1.2-4,description,9
cran,Formula,1.2-3,description,4
cran,Formula,1.2-3,renv_lock,2
cran,Formula,1.2-6,renv_lock,1
cran,Formula,1.2-4,install,1
cran,Formula,1.2-5,install,1
cran,GGUM,0.4-2,description,1
cran,GGally,2.2.1,renv_lock,3
cran,GGally,2.1.2,renv_lock,2
cran,GGally,1.4.0,description,1
cran,GGally,1.4.0,renv_lock,1
cran,GGally,2.2.1,description,1
cran,GGally,2.1.0,description,1
cran,GGally,2.1.1,install,1
cran,GGally,2.4.0,renv_lock,1
cran,GPArotation,2025.3-1,renv_lock,4
cran,GPArotation,2024.3-1,renv_lock,1
cran,GPArotation,2014.11-1,renv_lock,1
cran,GPfit,1.0-8,description,2
cran,GPfit,1.0-8,renv_lock,2
cran,GPfit,1.0-9,description,1
cran,GPfit,1.0-9,renv_lock,1
cran,GVEC,1.0,description,1
cran,GenSA,1.1.14.1,description,1
cran,GenSA,1.1.14.1,renv_lock,1
cran,GenericML,0.2.2,renv_lock,1
cran,GenericML,0.2.2,description,1
cran,HDInterval,0.2.2,renv_lock,1
cran,HDInterval,0.2.4,renv_lock,1
cran,Hmisc,5.2-5,renv_lock,3
cran,Hmisc,5.2-2,renv_lock,3
cran,Hmisc,4.7-0,renv_lock,2
cran,Hmisc,4.4-1,renv_lock,2
cran,Hmisc,5.1-0,renv_lock,2
cran,Hmisc,5.1-3,renv_lock,2
cran,Hmisc,5.2-3,renv_lock,2
cran,Hmisc,5.1-1,renv_lock,2
cran,Hmisc,5.1-1,description,2
cran,Hmisc,5.1-1,install,1
cran,Hmisc,4.8-0,renv_lock,1
cran,Hmisc,4.8-0,description,1
cran,Hmisc,4.6-0,description,1
cran,Hmisc,4.1-1,description,1
cran,Hmisc,5.1-0,description,1
cran,Hmisc,4.4-2,description,1
cran,Hmisc,5.1-3,description,1
cran,Hmisc,4.5-0,description,1
cran,Hmisc,5.2-4,renv_lock,1
cran,Hmisc,5.2-0,renv_lock,1
cran,Hmisc,5.1-2,renv_lock,1
cran,Hmisc,5.0-1,renv_lock,1
cran,HonestDiD,0.2.6,description,3
cran,HonestDiD,0.2.6,renv_lock,1
cran,HonestDiDFEct,0.2.6,description,1
cran,Hotelling,1.0-8,renv_lock,1
cran,Hotelling,1.0-8,description,1
cran,ICC,2.4.0,renv_lock,1
cran,IRTM,0.0.0.9000,description,1
cran,ISOcodes,2024.02.12,renv_lock,5
cran,ISOcodes,2021.02.24,renv_lock,2
cran,ISOcodes,2024.02.12,description,1
cran,ISOcodes,2022.09.29,renv_lock,1
cran,ISOweek,0.6-2,renv_lock,1
cran,ISwR,2.0-10,description,1
cran,InformalRedistributionThroughWork,1.0,description,1
cran,InteractionPoweR,0.2.1,renv_lock,1
cran,JuliaConnectoR,1.1.4,renv_lock,1
cran,JuliaConnectoR,1.1.1,renv_lock,1
cran,KRMSBVAR,0.1,description,1
cran,KernSmooth,2.23-26,renv_lock,18
cran,KernSmooth,2.23-20,renv_lock,14
cran,KernSmooth,2.23-24,renv_lock,10
cran,KernSmooth,2.23-22,renv_lock,8
cran,KernSmooth,2.23-20,description,2
cran,KernSmooth,2.23-26,description,1
cran,KernSmooth,2.23-16,renv_lock,1
cran,KernSmooth,2.23-15,renv_lock,1
cran,KernSmooth,2.23-20,install,1
cran,Kmisc,0.2.0,renv_lock,4
cran,Lahman,14.0-0,description,1
cran,LandUseR,0.0.0.9000,description,1
cran,LearnBayes,2.15.1,description,3
cran,LearnBayes,2.15.1,renv_lock,1
cran,Lmoments,1.3-1,renv_lock,4
cran,Lmoments,1.3-2,renv_lock,2
cran,MARSS,3.11.9,install,1
cran,MASS,7.3-65,renv_lock,29
cran,MASS,7.3-60.2,renv_lock,17
cran,MASS,7.3-60,renv_lock,16
cran,MASS,7.3-54,renv_lock,10
cran,MASS,7.3-64,renv_lock,9
cran,MASS,7.3-58.1,renv_lock,7
cran,MASS,7.3-61,renv_lock,7
cran,MASS,7.3-60.0.1,renv_lock,6
cran,MASS,7.3-58.4,renv_lock,3
cran,MASS,7.3-60,description,3
cran,MASS,7.3-58.1,description,3
cran,MASS,7.3-55,renv_lock,3
cran,MASS,7.3-57,renv_lock,3
cran,MASS,7.3-58,renv_lock,2
cran,MASS,7.3-51.4,renv_lock,2
cran,MASS,7.3-58.3,renv_lock,2
cran,MASS,7.3-65,description,2
cran,MASS,7.3-50,description,2
cran,MASS,7.3-51.6,renv_lock,2
cran,MASS,7.3-56,renv_lock,1
cran,MASS,7.3-58.1,install,1
cran,MASS,7.3-54,description,1
cran,MASS,7.3-53.1,description,1
cran,MASS,7.3-39,description,1
cran,MASS,7.3-51.5,renv_lock,1
cran,MASS,7.3-61,install,1
cran,MASS,7.3-53,renv_lock,1
cran,MASS,7.3-45,install,1
cran,MASS,7.3-59,renv_lock,1
cran,MASS,7.3-60.0.1,description,1
cran,MASS,7.3-58.4,description,1
cran,MASS,7.3-58.3,description,1
cran,MASS,7.3-51,description,1
cran,MASS,7.3-58.2,renv_lock,1
cran,MASS,7.3-56,description,1
cran,MASS,7.3-58.2,description,1
cran,MCMCpack,1.7-1,renv_lock,1
cran,MCMCpack,1.4-0,description,1
cran,MCPanel,0.0,renv_lock,1
cran,MDEI,1.0,description,1
cran,MLmetrics,1.1.3,description,1
cran,MLmetrics,1.1.3,renv_lock,1
cran,MLmetrics,1.1.1,renv_lock,1
cran,MLmetrics,1.1.1,description,1
cran,MQX,1.0,description,1
cran,MatchIt,4.5.5,renv_lock,3
cran,MatchIt,4.7.1,renv_lock,3
cran,MatchIt,4.5.4,renv_lock,1
cran,MatchIt,4.7.0,description,1
cran,MatchIt,4.7.2,renv_lock,1
cran,MatchIt,4.1.0,description,1
cran,Matching,4.9-7,description,2
cran,Matching,4.9-9,renv_lock,2
cran,Matching,4.9-9,description,1
cran,Matching,4.10-14,install,1
cran,Matching,4.10-15,renv_lock,1
cran,Matrix,1.7-0,renv_lock,17
cran,Matrix,1.7-4,renv_lock,14
cran,Matrix,1.7-3,renv_lock,12
cran,Matrix,1.3-4,renv_lock,9
cran,Matrix,1.7-1,renv_lock,9
cran,Matrix,1.6-1.1,renv_lock,8
cran,Matrix,1.6-5,renv_lock,8
cran,Matrix,1.5-1,renv_lock,7
cran,Matrix,1.7-2,renv_lock,6
cran,Matrix,1.6-0,renv_lock,5
cran,Matrix,1.5-4,renv_lock,4
cran,Matrix,1.6-1.1,description,3
cran,Matrix,1.6-1,renv_lock,3
cran,Matrix,1.5-4.1,renv_lock,3
cran,Matrix,1.3-3,renv_lock,3
cran,Matrix,1.2-18,renv_lock,3
cran,Matrix,1.6-5,description,3
cran,Matrix,1.4-1,renv_lock,2
cran,Matrix,1.6-0,description,2
cran,Matrix,1.2-17,renv_lock,2
cran,Matrix,1.7-5,renv_lock,2
cran,Matrix,1.4-0,renv_lock,2
cran,Matrix,1.6-5,install,2
cran,Matrix,1.6-4,description,2
cran,Matrix,1.2-14,description,2
cran,Matrix,1.6-1.1,install,1
cran,Matrix,1.7-4,description,1
cran,Matrix,1.3.4,install,1
cran,Matrix,1.3-2,renv_lock,1
cran,Matrix,1.6-3,renv_lock,1
cran,Matrix,1.7-4,install,1
cran,Matrix,1.3-3,description,1
cran,Matrix,1.3-4,description,1
cran,Matrix,1.5-1,install,1
cran,Matrix,1.2-18,description,1
cran,Matrix,1.5-4,description,1
cran,MatrixExtra,0.1.15,renv_lock,2
cran,MatrixExtra,0.1.15,description,1
cran,MatrixExtra,0.1.9-1,renv_lock,1
cran,MatrixModels,0.5-4,renv_lock,17
cran,MatrixModels,0.5-3,renv_lock,12
cran,MatrixModels,0.5-1,renv_lock,6
cran,MatrixModels,0.4-1,description,5
cran,MatrixModels,0.5-3,description,4
cran,MatrixModels,0.5-0,renv_lock,4
cran,MatrixModels,0.5-2,renv_lock,4
cran,MatrixModels,0.5-1,description,2
cran,MatrixModels,0.5-2,description,2
cran,MatrixModels,0.5-0,description,1
cran,MetBrewer,0.2.0,renv_lock,1
cran,MetBrewer,0.2.0,description,1
cran,MetBrewer,0.1.0,renv_lock,1
cran,Metrics,0.1.4,description,2
cran,Metrics,0.1.4,renv_lock,1
cran,Misconduct,1.0,description,1
cran,ModelMetrics,1.2.2.2,renv_lock,15
cran,ModelMetrics,1.2.2.2,description,5
cran,NLP,0.3-2,renv_lock,3
cran,NLP,0.2-1,renv_lock,3
cran,NLP,0.2-1,description,1
cran,NLP,0.2-0,description,1
cran,NPC,1.1.0,renv_lock,1
cran,OOmisc,1.2,description,1
cran,OOmisc,1.2,renv_lock,1
cran,OpenMx,2.21.11,install,1
cran,OpenStreetMap,0.4.0,renv_lock,1
cran,PDQutils,0.1.6,renv_lock,1
cran,PFCRE,0.1.0,description,1
cran,PLMIX,2.1.1,renv_lock,1
cran,PRROC,1.3.1,renv_lock,3
cran,PRROC,1.4,description,1
cran,PRROC,1.3.1,description,1
cran,PRROC,1.4,renv_lock,1
cran,PanelMatch,2.2.0,install,3
cran,PanelMatch,2.2.0,description,2
cran,PanelMatch,2.0.1,description,1
cran,PanelMatch,3.1.3,renv_lock,1
cran,PanelMatch,2.0.1,renv_lock,1
cran,PanelMatch,3.0.0,renv_lock,1
cran,PanelMatch,2.2.0,renv_lock,1
cran,ParamHelpers,1.14,description,1
cran,ParamHelpers,1.14,renv_lock,1
cran,PlackettLuce,0.4.3,renv_lock,1
cran,QuickJSR,1.1.3,renv_lock,2
cran,QuickJSR,1.6.0,renv_lock,2
cran,QuickJSR,1.0.7,renv_lock,2
cran,QuickJSR,1.8.0,renv_lock,2
cran,QuickJSR,1.7.0,renv_lock,2
cran,QuickJSR,1.3.1,renv_lock,1
cran,QuickJSR,1.0.5,description,1
cran,QuickJSR,1.0.7,description,1
cran,QuickJSR,1.0.6,renv_lock,1
cran,R.cache,0.16.0,renv_lock,3
cran,R.cache,0.16.0,description,2
cran,R.cache,0.17.0,description,1
cran,R.cache,0.17.0,renv_lock,1
cran,R.cache,0.15.0,renv_lock,1
cran,R.cache,0.14.0,description,1
cran,R.matlab,3.7.0,renv_lock,2
cran,R.methodsS3,1.8.2,renv_lock,13
cran,R.methodsS3,1.8.2,description,5
cran,R.methodsS3,1.8.1,description,1
cran,R.methodsS3,1.7.1,renv_lock,1
cran,R.methodsS3,1.8.1,renv_lock,1
cran,R.methodsS3,1.8.2,install,1
cran,R.oo,1.27.1,renv_lock,5
cran,R.oo,1.27.0,renv_lock,3
cran,R.oo,1.26.0,renv_lock,3
cran,R.oo,1.25.0,renv_lock,2
cran,R.oo,1.27.1,description,2
cran,R.oo,1.27.0,description,2
cran,R.oo,1.22.0,renv_lock,1
cran,R.oo,1.25.0,description,1
cran,R.oo,1.27.0,install,1
cran,R.oo,1.24.0,renv_lock,1
cran,R.oo,1.23.0,description,1
cran,R.oo,1.24.0,description,1
cran,R.rsp,0.46.0,renv_lock,1
cran,R.rsp,0.43.2,description,1
cran,R.utils,2.12.3,renv_lock,8
cran,R.utils,2.13.0,renv_lock,5
cran,R.utils,2.12.3,description,2
cran,R.utils,2.13.0,description,2
cran,R.utils,2.11.0,description,1
cran,R.utils,2.12.2,description,1
cran,R.utils,2.11.0,renv_lock,1
cran,R.utils,2.12.3,install,1
cran,R6,2.5.1,renv_lock,68
cran,R6,2.6.1,renv_lock,61
cran,R6,2.5.1,description,20
cran,R6,2.5.0,renv_lock,4
cran,R6,2.6.1,description,4
cran,R6,2.4.1,description,4
cran,R6,2.4.1,renv_lock,3
cran,R6,2.2.2,description,2
cran,R6,2.5.0,description,1
cran,R6,2.6.1,install,1
cran,R6,2.1.3,description,1
cran,R6,2.4.0,renv_lock,1
cran,RANN,2.6.1,renv_lock,1
cran,RANN,2.6.2,description,1
cran,RANN,2.6.1,description,1
cran,RApiSerialize,0.1.4,renv_lock,2
cran,RApiSerialize,0.1.0,renv_lock,1
cran,RCBR,0.5.9,description,1
cran,RColorBrewer,1.1-3,renv_lock,115
cran,RColorBrewer,1.1-3,description,19
cran,RColorBrewer,1.1-2,renv_lock,17
cran,RColorBrewer,1.1-2,description,11
cran,RColorBrewer,1.1-3,install,2
cran,RColorBrewer,1.1.3,install,1
cran,RColorBrewer,1.1.2,install,1
cran,RCurl,1.98-1.5,renv_lock,2
cran,RCurl,1.98-1.3,renv_lock,1
cran,RCurl,1.98-1.14,renv_lock,1
cran,RCurl,1.98-1.19,renv_lock,1
cran,RCurl,1.98-1.14,install,1
cran,RDHonest,0.4.1,description,1
cran,RGISTools,1.0.2,description,1
cran,RGISTools,1.0.2,renv_lock,1
cran,RItools,0.3-5,renv_lock,1
cran,RItools,0.1-12,description,1
cran,RJSONIO,1.3-1.6,renv_lock,2
cran,RMySQL,0.11.2,description,1
cran,RNetCDF,2.6-1,renv_lock,1
cran,RNetCDF,2.6-1,description,1
cran,ROCR,1.0-11,renv_lock,5
cran,ROCR,1.0-11,description,2
cran,ROI,1.0-1,renv_lock,1
cran,ROI.plugin.alabama,1.0-2,renv_lock,1
cran,ROSE,0.0-4,description,2
cran,ROSE,0.0-4,renv_lock,1
cran,RPostgreSQL,0.7-8,description,1
cran,RPostgres,1.4.8,renv_lock,1
cran,RSQLite,2.3.6,renv_lock,2
cran,RSQLite,2.4.5,renv_lock,2
cran,RSQLite,2.3.9,renv_lock,1
cran,RSQLite,2.3.1,renv_lock,1
cran,RSQLite,2.4.2,renv_lock,1
cran,RSelenium,1.7.9,renv_lock,4
cran,RSelenium,1.7.7,renv_lock,1
cran,RSiena,1.1-276,description,1
cran,RSpectra,0.16-2,renv_lock,1
cran,RSpectra,0.16-2,description,1
cran,RSpectra,0.16-0,renv_lock,1
cran,RStanTest,0.0.0.9000,description,1
cran,RStata,1.1.1,renv_lock,3
cran,RStata,1.1.1,description,3
cran,RUnit,0.4.33.1,description,2
cran,RUnit,0.4.32,description,1
cran,Rcampdf,0.0-1,description,1
cran,Rcpp,1.1.0,renv_lock,20
cran,Rcpp,1.0.14,renv_lock,19
cran,Rcpp,1.1.1,renv_lock,15
cran,Rcpp,1.0.12,renv_lock,13
cran,Rcpp,1.0.11,renv_lock,13
cran,Rcpp,1.0.13,renv_lock,12
cran,Rcpp,1.0.10,renv_lock,9
cran,Rcpp,1.0.7,renv_lock,7
cran,Rcpp,1.0.11,description,5
cran,Rcpp,1.0.9,renv_lock,5
cran,Rcpp,1.0.12,description,4
cran,Rcpp,1.0.9,description,4
cran,Rcpp,1.0.6,renv_lock,3
cran,Rcpp,1.0.14,description,3
cran,Rcpp,1.0.10,description,3
cran,Rcpp,0.12.16,description,2
cran,Rcpp,1.0.7,description,2
cran,Rcpp,1.1.1,description,2
cran,Rcpp,1.0.8.3,renv_lock,2
cran,Rcpp,1.0.5,renv_lock,2
cran,Rcpp,1.0.8,renv_lock,2
cran,Rcpp,1.1.0,description,2
cran,Rcpp,1.1.2,renv_lock,2
cran,Rcpp,0.12.7,install,1
cran,Rcpp,1.0.8.3,description,1
cran,Rcpp,1.0.5,description,1
cran,Rcpp,1.0.12,install,1
cran,Rcpp,1.0.11,install,1
cran,Rcpp,1.0.2,renv_lock,1
cran,Rcpp,0.12.7,description,1
cran,Rcpp,1.0.3,renv_lock,1
cran,Rcpp,1.1.1-1.1,renv_lock,1
cran,Rcpp,1.0.4.6,description,1
cran,Rcpp,0.12.17,description,1
cran,Rcpp,1.1.1-1,renv_lock,1
cran,Rcpp,1.0.6,description,1
cran,Rcpp,1.0.13-1,renv_lock,1
cran,Rcpp,1.0.13,description,1
cran,RcppArmadillo,15.2.3-1,renv_lock,11
cran,RcppArmadillo,0.12.6.4.0,renv_lock,4
cran,RcppArmadillo,14.4.2-1,renv_lock,4
cran,RcppArmadillo,14.2.3-1,renv_lock,3
cran,RcppArmadillo,14.0.2-1,renv_lock,3
cran,RcppArmadillo,14.0.0-1,renv_lock,2
cran,RcppArmadillo,0.12.6.1.0,renv_lock,2
cran,RcppArmadillo,0.10.5.0.0,renv_lock,2
cran,RcppArmadillo,0.12.8.1.0,renv_lock,2
cran,RcppArmadillo,0.12.6.4.0,description,1
cran,RcppArmadillo,0.12.8.3.0,renv_lock,1
cran,RcppArmadillo,14.4.1-1,renv_lock,1
cran,RcppArmadillo,14.2.2-1,renv_lock,1
cran,RcppArmadillo,15.2.2-1,renv_lock,1
cran,RcppArmadillo,0.12.6.1.0,description,1
cran,RcppArmadillo,0.9.900.3.0,install,1
cran,RcppArmadillo,0.11.1.1.0,renv_lock,1
cran,RcppArmadillo,15.0.2-2,renv_lock,1
cran,RcppArmadillo,14.6.0-1,renv_lock,1
cran,RcppArmadillo,15.4.0-1,renv_lock,1
cran,RcppArmadillo,0.11.4.2.1,description,1
cran,RcppArmadillo,0.10.2.1.0,description,1
cran,RcppArmadillo,0.12.8.4.0,renv_lock,1
cran,RcppArmadillo,15.2.6-1,renv_lock,1
cran,RcppArmadillo,0.12.4.0.0,renv_lock,1
cran,RcppArmadillo,0.7.500.0.0,install,1
cran,RcppArmadillo,0.10.5.0.0,description,1
cran,RcppArmadillo,0.10.2.2.0,renv_lock,1
cran,RcppArmadillo,14.2.2-1,description,1
cran,RcppArmadillo,0.10.7.3.0,renv_lock,1
cran,RcppArmadillo,0.12.8.2.1,renv_lock,1
cran,RcppCCTZ,0.2.14,description,1
cran,RcppCCTZ,0.2.10,description,1
cran,RcppDate,0.0.6,description,1
cran,RcppDate,0.0.3,description,1
cran,RcppEigen,0.3.4.0.2,renv_lock,48
cran,RcppEigen,0.3.3.9.3,renv_lock,14
cran,RcppEigen,0.3.4.0.0,renv_lock,12
cran,RcppEigen,0.3.3.9.1,renv_lock,8
cran,RcppEigen,0.3.3.9.3,description,6
cran,RcppEigen,0.3.3.9.2,renv_lock,4
cran,RcppEigen,0.3.3.9.1,description,3
cran,RcppEigen,0.3.4.0.0,description,2
cran,RcppEigen,0.3.4.0.2,description,2
cran,RcppEigen,0.3.3.5.0,renv_lock,2
cran,RcppEigen,0.3.3.7.0,renv_lock,2
cran,RcppEigen,0.3.2.9.0,description,1
cran,RcppEigen,0.3.4.0.1,install,1
cran,RcppEigen,0.3.3.4.0,description,1
cran,RcppEigen,0.3.2.9.0,install,1
cran,RcppEigen,0.3.3.7.0,description,1
cran,RcppEigen,0.3.3.9.2,description,1
cran,RcppGSL,0.3.13,renv_lock,1
cran,RcppGSL,0.3.13,description,1
cran,RcppGSLExample,0.0.3,description,1
cran,RcppParallel,5.1.7,renv_lock,8
cran,RcppParallel,5.1.10,renv_lock,7
cran,RcppParallel,5.1.11-1,renv_lock,4
cran,RcppParallel,5.1.9,renv_lock,3
cran,RcppParallel,5.1.4,renv_lock,3
cran,RcppParallel,5.1.5,renv_lock,2
cran,RcppParallel,5.1.7,description,2
cran,RcppParallel,5.1.10,description,1
cran,RcppProgress,0.4.2,renv_lock,9
cran,RcppProgress,0.4.2,description,1
cran,RcppProgressArmadillo,0.2,description,1
cran,RcppProgressETA,0.1,description,1
cran,RcppProgressExample,0.2,description,1
cran,RcppRoll,0.3.1,renv_lock,1
cran,RcppTOML,0.2.3,renv_lock,2
cran,RcppTOML,0.2.2,renv_lock,1
cran,RcppThread,2.2.0,renv_lock,2
cran,RcppThread,2.1.5,renv_lock,1
cran,RcppThread,1.0.0,renv_lock,1
cran,RcppZiggurat,0.1.6,description,1
cran,Rdpack,2.6.4,renv_lock,15
cran,Rdpack,2.6.6,renv_lock,9
cran,Rdpack,2.6.2,renv_lock,5
cran,Rdpack,2.5,renv_lock,3
cran,Rdpack,2.4,renv_lock,3
cran,Rdpack,2.6.1,renv_lock,2
cran,Rdpack,2.6,renv_lock,2
cran,Rdpack,2.4,description,2
cran,Rdpack,2.5,description,2
cran,Rdpack,2.6.2,description,1
cran,Rdpack,2.6.4,description,1
cran,Rdpack,2.3,description,1
cran,Rdpack,2.1.3,description,1
cran,Rdpack,2.1.3,renv_lock,1
cran,Rdpack,2.6.3,renv_lock,1
cran,Rdpack,2.6.5,renv_lock,1
cran,RdpackTester,1.0,description,7
cran,ReadMe,0.99837,description,1
cran,RefManageR,1.4.0,renv_lock,2
cran,Renext,3.1-5,renv_lock,1
cran,Rfast,2.0.8,description,1
cran,Rforestry,0.9.0.40,renv_lock,1
cran,Rglpk,0.6-5.1,description,2
cran,Rglpk,0.6-5.1,renv_lock,1
cran,Rhdf5lib,1.32.0,renv_lock,1
cran,RhpcBLASctl,0.23-42,renv_lock,3
cran,RhpcBLASctl,0.21-247.1,renv_lock,1
cran,RhpcBLASctl,0.23-42,description,1
cran,Rmisc,1.5.1,renv_lock,3
cran,Rmisc,1.5.1,description,2
cran,Rmpfr,1.1-2,renv_lock,2
cran,Rmpfr,0.9-4,description,1
cran,Rmpfr,1.0-0,description,1
cran,Rmpfr,0.8-9,install,1
cran,Rmpfr,0.8-4,renv_lock,1
cran,Rmpfr,0.9-5,description,1
cran,Rmpfr,0.9-5,renv_lock,1
cran,Rmpi,0.7-2,description,1
cran,Rmtcd,1.0,description,1
cran,Rsolnp,1.16,install,1
cran,Rtsne,0.15,install,1
cran,Rttf2pt1,1.3.12,renv_lock,8
cran,Rttf2pt1,1.3.8,renv_lock,2
cran,Rttf2pt1,1.3.14,renv_lock,2
cran,Rttf2pt1,1.3.9,renv_lock,1
cran,S7,0.2.1,renv_lock,22
cran,S7,0.2.0,renv_lock,9
cran,S7,0.2.2,renv_lock,3
cran,S7,0.2.1,description,2
cran,SEL,1.0-4,renv_lock,1
cran,SHAPforxgboost,0.0.4,install,1
cran,SPDDD,0.14,description,1
cran,SQUAREM,2021.1,renv_lock,13
cran,SQUAREM,2021.1,description,5
cran,SQUAREM,2026.1,description,1
cran,SQUAREM,2026.1,renv_lock,1
cran,SRP,0.0.0.9000,description,1
cran,SaveData,0.0.0.9000,description,1
cran,SentimentAnalysis,1.3-5,renv_lock,1
cran,ShiftShareIV,1.0,description,1
cran,SimDesign,2.22,renv_lock,1
cran,Simulation,0.1.0,description,1
cran,SnowballC,0.7.1,renv_lock,9
cran,SnowballC,0.7.0,renv_lock,2
cran,SnowballC,0.7.1,description,1
cran,SnowballC,0.7.0,install,1
cran,SparseM,1.84-2,renv_lock,24
cran,SparseM,1.81,renv_lock,18
cran,SparseM,1.81,description,7
cran,SparseM,1.78,description,3
cran,SparseM,1.84-2,description,2
cran,SparseM,1.84,renv_lock,1
cran,SparseM,1.77,description,1
cran,SparseM,1.72,description,1
cran,SparseM,1.82,renv_lock,1
cran,StanHeaders,2.32.10,renv_lock,7
cran,StanHeaders,2.26.28,renv_lock,3
cran,StanHeaders,2.21.0-7,renv_lock,2
cran,StanHeaders,2.26.28,description,2
cran,StanHeaders,2.32.6,renv_lock,1
cran,StanHeaders,2.26.13,renv_lock,1
cran,StanHeaders,2.32.8,renv_lock,1
cran,StanHeaders,2.26.28,install,1
cran,StatMatch,1.4.3,renv_lock,1
cran,StatRank,0.0.6,renv_lock,1
cran,SuperLearner,2.0-29,renv_lock,1
cran,SuppDists,1.1-9.9,renv_lock,1
cran,Synth,1.1-9,renv_lock,1
cran,TH.data,1.1-2,renv_lock,3
cran,TH.data,1.1-3,renv_lock,2
cran,TH.data,1.1-0,renv_lock,1
cran,TH.data,1.1-0,description,1
cran,TH.data,1.1-5,description,1
cran,TH.data,1.1-1,renv_lock,1
cran,TH.data,1.1-1,description,1
cran,TMB,1.7.15,renv_lock,2
cran,TMB,1.7.22,renv_lock,1
cran,TMB,1.9.17,renv_lock,1
cran,TOSTER,0.8.4,renv_lock,1
cran,TRmaps,0.0.0.9000,renv_lock,1
cran,TSP,1.2-4,renv_lock,1
cran,TSP,1.2-4,description,1
cran,TTR,0.24.4,renv_lock,4
cran,TTR,0.24.3,description,2
cran,TTR,0.24.2,renv_lock,1
cran,TTR,0.24.3,renv_lock,1
cran,TeXCheckR,0.8.1,renv_lock,1
cran,TeachingDemos,2.10,install,1
cran,TruncatedNormal,2.3,description,1
cran,TruncatedNormal,2.3,renv_lock,1
cran,TruncatedNormal,2.2.2,renv_lock,1
cran,TruncatedNormal,2.2.2,description,1
cran,TwoWayFEWeights,0.1.0,renv_lock,1
cran,UberLibraries,0.1.0,description,1
cran,UpSetR,1.4.0,renv_lock,5
cran,V8,8.0.1,renv_lock,2
cran,V8,6.0.5,renv_lock,2
cran,V8,4.2.2,description,2
cran,V8,4.3.3,renv_lock,2
cran,V8,4.4.2,renv_lock,2
cran,V8,6.0.3,renv_lock,2
cran,V8,6.0.4,renv_lock,1
cran,V8,3.6.0,renv_lock,1
cran,V8,6.0.0,description,1
cran,V8,4.4.1,renv_lock,1
cran,V8,8.2.0,renv_lock,1
cran,V8,4.1.0,description,1
cran,V8,4.4.0,renv_lock,1
cran,V8,3.0.2,description,1
cran,VA,0.9-2.12,description,1
cran,VGAM,1.1-13,renv_lock,2
cran,VGAM,1.0-2,install,1
cran,VGAM,1.1-12,renv_lock,1
cran,VIM,6.2.2,renv_lock,1
cran,VIM,7.0.0,renv_lock,1
cran,VizTest,0.1,renv_lock,1
cran,WDI,2.7.8,renv_lock,1
cran,WDI,2.7.9,renv_lock,1
cran,WDI,2.7.4,renv_lock,1
cran,WeightIt,1.1.0,install,1
cran,XML,3.99-0.17,renv_lock,3
cran,XML,3.99-0.14,renv_lock,2
cran,XML,3.99-0.18,renv_lock,2
cran,XML,3.99-0.14,description,2
cran,XML,3.99-0.20,renv_lock,2
cran,XML,3.98-1.20,renv_lock,2
cran,XML,3.99-0.6,renv_lock,1
cran,XML,3.99-0.10,renv_lock,1
cran,XML,3.99-0.8,description,1
cran,XML,3.99-0.8,renv_lock,1
cran,XML,3.99-0.23,renv_lock,1
cran,Zelig,3.5.4,description,1
cran,Zelig,5.1.7,description,1
cran,abind,1.4-8,renv_lock,33
cran,abind,1.4-5,renv_lock,30
cran,abind,1.4-5,description,15
cran,abind,1.4-8,description,2
cran,acepack,1.4.1,description,1
cran,acs,2.1.4,description,1
cran,acs,2.1.4,renv_lock,1
cran,activeEMtext,0.0.0.9000,description,1
cran,adaR,0.3.4,renv_lock,1
cran,adagio,0.9.2,renv_lock,2
cran,adagio,0.8.5,renv_lock,1
cran,ade4,1.7-22,renv_lock,1
cran,admisc,0.30,description,1
cran,alabama,2023.1.0,renv_lock,2
cran,alabama,2023.1.0,description,2
cran,alabama,2025.1.0,renv_lock,1
cran,alarmdata,0.2.1,renv_lock,1
cran,alpaca,0.3.4,renv_lock,1
cran,alpaca,0.3.5,description,1
cran,alpaca,0.3.4,description,1
cran,amen,1.3,install,1
cran,anesrake,0.80,renv_lock,3
cran,anesrake,0.80,description,1
cran,antiword,1.3.5,description,1
cran,antiword,1.3,renv_lock,1
cran,anytime,0.3.9,renv_lock,3
cran,anytime,0.3.11,renv_lock,1
cran,archive,1.1.12.1,renv_lock,1
cran,arm,1.14-4,renv_lock,3
cran,arm,1.12-2,renv_lock,2
cran,arm,1.13.1,install,2
cran,arm,1.13-1,description,1
cran,arm,1.12-2,description,1
cran,arm,1.13-1,renv_lock,1
cran,arm,1.9-3,description,1
cran,arm,1.10-1,renv_lock,1
cran,arm,1.7-07,description,1
cran,arrayhelpers,1.1-0,renv_lock,3
cran,arrow,20.0.0.2,renv_lock,2
cran,arrow,22.0.0,renv_lock,2
cran,arrow,19.0.1.1,renv_lock,1
cran,arrow,23.0.1.1,renv_lock,1
cran,arrow,22.0.0.1,renv_lock,1
cran,arrow,18.1.0.1,description,1
cran,arrow,4.0.0,description,1
cran,arrow,15.0.1,renv_lock,1
cran,arrow,20.0.0,renv_lock,1
cran,arrow,16.1.0,renv_lock,1
cran,arrow,24.0.0,renv_lock,1
cran,arrow,13.0.0.1,renv_lock,1
cran,arrow,8.0.0,renv_lock,1
cran,arsenal,3.6.3,renv_lock,2
cran,arsenal,3.6.3,description,2
cran,ash,1.0-15,renv_lock,1
cran,ashr,2.2-47,install,1
cran,askpass,1.2.1,renv_lock,52
cran,askpass,1.1,renv_lock,31
cran,askpass,1.2.0,renv_lock,24
cran,askpass,1.1,description,11
cran,askpass,1.2.1,description,5
cran,askpass,1.2.0,description,5
cran,askpass,1.2.0,install,1
cran,assertr,3.0.0,renv_lock,1
cran,assertthat,0.2.1,renv_lock,41
cran,assertthat,0.2.1,description,12
cran,assertthat,0.2.0,description,3
cran,assertthat,0.1,description,1
cran,assortnet,0.20,description,1
cran,assortnet,0.20,renv_lock,1
cran,attrition,0.0.0.9000,description,1
cran,audio,0.1-11,renv_lock,2
cran,audio,0.1-11,description,2
cran,audio,0.1-12,renv_lock,1
cran,augsynth,0.2.0,description,1
cran,autumn,0.1,renv_lock,1
cran,backports,1.5.0,renv_lock,63
cran,backports,1.4.1,renv_lock,40
cran,backports,1.4.1,description,16
cran,backports,1.2.1,renv_lock,7
cran,backports,1.5.0,description,6
cran,backports,1.5.1,renv_lock,4
cran,backports,1.2.1,description,3
cran,backports,1.1.5,renv_lock,2
cran,backports,1.1.9,renv_lock,2
cran,backports,1.3.0,renv_lock,1
cran,backports,1.1.5,description,1
cran,backports,1.1.6,description,1
cran,backports,1.1.7,description,1
cran,backports,1.4.1,install,1
cran,backports,1.1.2,description,1
cran,bacondecomp,0.1.1,description,2
cran,bamlss,1.1-9,description,1
cran,bapvar,0.0.0.9000,description,1
cran,barebones.FishSET,0.0.0.9000,description,1
cran,bartik.weight,0.1.0,description,1
cran,base,4.1.1,description,1
cran,base64enc,0.1-3,renv_lock,103
cran,base64enc,0.1-3,description,23
cran,base64enc,0.1-6,renv_lock,14
cran,base64enc,0.1-6,description,1
cran,base64enc,0.1-3,install,1
cran,base64url,1.4,renv_lock,6
cran,bayeslist,0.0.1.4,description,1
cran,bayeslist,0.0.1.1,description,1
cran,bayeslist,0.0.1.0,description,1
cran,bayesplot,1.13.0,renv_lock,3
cran,bayesplot,1.11.1,renv_lock,1
cran,bayesplot,1.9.0,renv_lock,1
cran,bayesplot,1.10.0,description,1
cran,bayesplot,1.12.0,renv_lock,1
cran,bayesplot,1.8.1,renv_lock,1
cran,bayestestR,0.17.0,renv_lock,11
cran,bayestestR,0.13.2,renv_lock,6
cran,bayestestR,0.14.0,renv_lock,3
cran,bayestestR,0.16.0,renv_lock,3
cran,bayestestR,0.13.1,renv_lock,3
cran,bayestestR,0.16.1,renv_lock,3
cran,bayestestR,0.13.0,renv_lock,2
cran,bayestestR,0.13.0,description,2
cran,bayestestR,0.3.0,renv_lock,2
cran,bayestestR,0.15.3,renv_lock,2
cran,bayestestR,0.15.1,renv_lock,1
cran,bayestestR,0.15.1,description,1
cran,bayestestR,0.15.2,renv_lock,1
cran,bayestestR,0.18.1,renv_lock,1
cran,bayestestR,0.11.5,renv_lock,1
cran,bbmle,1.0.25,description,1
cran,bbmle,1.0.25,renv_lock,1
cran,bbotk,1.5.0,renv_lock,2
cran,bbotk,1.8.1,renv_lock,1
cran,bbotk,1.5.0,description,1
cran,bdsmatrix,1.3-7,renv_lock,7
cran,bdsmatrix,1.3-6,renv_lock,5
cran,bdsmatrix,1.3-4,description,2
cran,bdsmatrix,1.3-7,description,2
cran,bdsmatrix,1.3-6,description,2
cran,bdsmatrix,1.3-4,renv_lock,1
cran,beepr,2.0,renv_lock,2
cran,beepr,1.3,description,1
cran,beepr,1.3,renv_lock,1
cran,beepr,2.0,description,1
cran,beeswarm,0.4.0,renv_lock,4
cran,bench,1.1.4,description,1
cran,bench,1.1.3,description,1
cran,bench,1.1.3,renv_lock,1
cran,benchmarkme,1.0.8,install,3
cran,bergr,0.0.0.9000,renv_lock,1
cran,berryFunctions,1.22.13,renv_lock,1
cran,betareg,3.1-4,renv_lock,2
cran,betareg,3.1-4,description,1
cran,bib2df,1.1.2,renv_lock,1
cran,bib2df,1.1.1,renv_lock,1
cran,bibtex,0.5.1,renv_lock,2
cran,bigD,0.3.1,renv_lock,6
cran,bigD,0.2.0,renv_lock,5
cran,bigD,0.2.0,description,2
cran,bigD,0.3.0,description,1
cran,bigalgebra,1.0.1,install,1
cran,biglm,0.9-2.1,description,1
cran,biglm,0.9-3,renv_lock,1
cran,bigmemory,4.6.4,renv_lock,2
cran,bigmemory,4.6.6,renv_lock,1
cran,bigmemory,4.6.4,description,1
cran,bigmemory.sri,0.1.8,renv_lock,3
cran,bigmemory.sri,0.1.8,description,1
cran,bindr,0.1.1,description,1
cran,bindrcpp,0.2.2,description,1
cran,binman,0.1.3,renv_lock,4
cran,binman,0.1.2,renv_lock,1
cran,binsmooth,0.2.2,description,1
cran,binsreg,1.1,description,1
cran,binsreg,1.1,renv_lock,1
cran,binsreg,0.9,renv_lock,1
cran,bit,4.6.0,renv_lock,47
cran,bit,4.0.5,renv_lock,41
cran,bit,4.0.5,description,15
cran,bit,4.0.4,renv_lock,14
cran,bit,4.5.0.1,renv_lock,8
cran,bit,4.0.4,description,5
cran,bit,4.5.0,renv_lock,4
cran,bit,4.6.0,description,3
cran,bit,4.0.5,install,2
cran,bit,4.5.0.1,description,1
cran,bit,4.5.0,description,1
cran,bit64,4.0.5,renv_lock,55
cran,bit64,4.6.0-1,renv_lock,52
cran,bit64,4.0.5,description,19
cran,bit64,4.5.2,renv_lock,5
cran,bit64,4.6.0-1,description,4
cran,bit64,4.0.5,install,2
cran,bit64,4.8.0,renv_lock,1
cran,bit64,4.8.2,renv_lock,1
cran,bitops,1.0-7,renv_lock,12
cran,bitops,1.0-9,renv_lock,11
cran,bitops,1.0-8,renv_lock,4
cran,bitops,1.0-7,description,3
cran,bitops,1.1-0,renv_lock,1
cran,bitops,1.0-9,description,1
cran,bitops,1.0-7,install,1
cran,bizdays,1.0.17,renv_lock,1
cran,blme,1.0-4,renv_lock,1
cran,blob,1.2.4,renv_lock,59
cran,blob,1.3.0,renv_lock,13
cran,blob,1.2.2,renv_lock,7
cran,blob,1.2.4,description,6
cran,blob,1.2.1,renv_lock,5
cran,blob,1.2.3,renv_lock,5
cran,blob,1.2.3,description,3
cran,blob,1.2.2,description,2
cran,blob,1.3.0,description,1
cran,blob,1.2.1,description,1
cran,blocs,0.1.1,renv_lock,1
cran,blopmatching,0.14.9.5,description,1
cran,blscrapeR,3.2.2,renv_lock,1
cran,bml,0.2.0,description,1
cran,bokner,0.0.0.9001,renv_lock,1
cran,bonn,1.0.2,renv_lock,1
cran,bookdown,0.24,renv_lock,1
cran,bookdown,0.38,renv_lock,1
cran,bookdown,0.30,renv_lock,1
cran,bookdown,0.43,renv_lock,1
cran,boot,1.3-31,renv_lock,15
cran,boot,1.3-28,renv_lock,14
cran,boot,1.3-32,renv_lock,14
cran,boot,1.3-30,renv_lock,13
cran,boot,1.3-28.1,renv_lock,10
cran,boot,1.3-28.1,description,3
cran,boot,1.3-28,description,3
cran,boot,1.3-22,renv_lock,2
cran,boot,1.3-28,install,1
cran,boot,1.3-30,description,1
cran,bootstrap,2019.6,renv_lock,3
cran,bootstrap,2019.6,description,2
cran,bpCausal,0.0.9,description,1
cran,bpNet,0.0.4,description,1
cran,bread,1.0.0,description,53
cran,breakfast,1.0.0,description,53
cran,brew,1.0-10,renv_lock,8
cran,brew,1.0-10,description,6
cran,brew,1.0-6,description,3
cran,brew,1.0-8,renv_lock,3
cran,brew,1.0-10,install,1
cran,brew,1.0-6,renv_lock,1
cran,brew,1.0-8,description,1
cran,brglm,0.7.2,install,2
cran,brglm,0.7.2,description,1
cran,bridgesampling,1.1-2,renv_lock,4
cran,bridgesampling,1.2-1,renv_lock,1
cran,bridgesampling,1.1-2,description,1
cran,brio,1.1.3,renv_lock,14
cran,brio,1.1.5,renv_lock,12
cran,brio,1.1.3,description,7
cran,brio,1.1.4,renv_lock,5
cran,brio,1.1.5,description,3
cran,brio,1.1.4,description,2
cran,brio,1.1.1,description,1
cran,brio,1.1.2,renv_lock,1
cran,brio,1.1.5,install,1
cran,brio,1.1.2,description,1
cran,brms,2.22.0,renv_lock,2
cran,brms,2.16.1,renv_lock,1
cran,brms,2.20.1,description,1
cran,brms,2.23.0,renv_lock,1
cran,brms,2.18.0,renv_lock,1
cran,broom,1.0.5,renv_lock,25
cran,broom,1.0.8,renv_lock,15
cran,broom,1.0.12,renv_lock,12
cran,broom,1.0.6,renv_lock,11
cran,broom,1.0.5,description,8
cran,broom,1.0.10,renv_lock,7
cran,broom,1.0.7,renv_lock,7
cran,broom,1.0.11,renv_lock,6
cran,broom,1.0.4,renv_lock,5
cran,broom,1.0.9,renv_lock,3
cran,broom,0.7.10,renv_lock,3
cran,broom,1.0.3,description,3
cran,broom,0.8.0,renv_lock,3
cran,broom,1.0.6,description,2
cran,broom,0.7.10,description,2
cran,broom,0.5.2,renv_lock,2
cran,broom,0.7.9,renv_lock,2
cran,broom,0.7.0,renv_lock,2
cran,broom,1.0.3,renv_lock,2
cran,broom,1.0.13,renv_lock,2
cran,broom,0.7.11,renv_lock,1
cran,broom,0.7.12,renv_lock,1
cran,broom,1.0.1,renv_lock,1
cran,broom,0.5.6,description,1
cran,broom,0.7.0,description,1
cran,broom,1.0.8,description,1
cran,broom,1.0.12,description,1
cran,broom,0.7.7,renv_lock,1
cran,broom,0.7.9,description,1
cran,broom,1.0.5,install,1
cran,broom,1.0.0,renv_lock,1
cran,broom,1.0.8,install,1
cran,broom,1.0.11,description,1
cran,broom,0.7.6,install,1
cran,broom,1.0.2,renv_lock,1
cran,broom,0.7.6,renv_lock,1
cran,broom,0.7.5,description,1
cran,broom,1.0.3,install,1
cran,broom,1.0.7,description,1
cran,broom,0.7.5,renv_lock,1
cran,broom,1.0.2,description,1
cran,broom.helpers,1.14.0,renv_lock,2
cran,broom.helpers,1.17.0,renv_lock,1
cran,broom.helpers,1.15.0,renv_lock,1
cran,broom.mixed,0.2.9.6,renv_lock,5
cran,broom.mixed,0.2.9.4,renv_lock,1
cran,broom.mixed,0.2.7,renv_lock,1
cran,brunch,1.0.0,description,50
cran,bs4Dash,2.3.0,renv_lock,1
cran,bs4Dash,2.0.3,renv_lock,1
cran,bslib,0.9.0,renv_lock,34
cran,bslib,0.8.0,renv_lock,16
cran,bslib,0.10.0,renv_lock,12
cran,bslib,0.5.1,renv_lock,10
cran,bslib,0.4.2,renv_lock,7
cran,bslib,0.7.0,renv_lock,5
cran,bslib,0.9.0,description,5
cran,bslib,0.4.2,description,5
cran,bslib,0.3.1,renv_lock,4
cran,bslib,0.6.1,description,3
cran,bslib,0.5.0,renv_lock,3
cran,bslib,0.6.1,renv_lock,3
cran,bslib,0.6.2,renv_lock,2
cran,bslib,0.4.1,renv_lock,2
cran,bslib,0.8.0,description,2
cran,bslib,0.4.0,renv_lock,2
cran,bslib,0.5.1,description,2
cran,bslib,0.2.4,renv_lock,1
cran,bslib,0.10.0,description,1
cran,bslib,0.3.1,description,1
cran,bslib,0.9.0,install,1
cran,bslib,0.12.0,renv_lock,1
cran,bslib,0.11.0,renv_lock,1
cran,bsmds,0.1,description,1
cran,btergm,1.10.12,renv_lock,1
cran,btergm,1.10.10,description,1
cran,btergm,1.9.0,description,1
cran,btergm,1.9.3,install,1
cran,bunching,0.8.6,renv_lock,1
cran,ca,0.71.1,renv_lock,1
cran,ca,0.71.1,description,1
cran,caTools,1.18.3,renv_lock,6
cran,caTools,1.18.2,renv_lock,6
cran,caTools,1.18.3,description,1
cran,caTools,1.18.2,description,1
cran,cachem,1.1.0,renv_lock,66
cran,cachem,1.0.8,renv_lock,25
cran,cachem,1.0.6,renv_lock,10
cran,cachem,1.1.0,description,8
cran,cachem,1.0.6,description,7
cran,cachem,1.0.8,description,6
cran,cachem,1.0.7,renv_lock,2
cran,cachem,1.0.5,description,1
cran,cachem,1.0.5,renv_lock,1
cran,cachem,1.1.0,install,1
cran,cachem,1.0.7,description,1
cran,cachem,1.0.4,renv_lock,1
cran,callr,3.7.6,renv_lock,64
cran,callr,3.7.3,renv_lock,25
cran,callr,3.7.0,renv_lock,12
cran,callr,3.7.3,description,11
cran,callr,3.7.6,description,7
cran,callr,3.7.0,description,3
cran,callr,3.4.4,renv_lock,2
cran,callr,3.4.3,description,2
cran,callr,3.3.2,renv_lock,2
cran,callr,3.7.1,renv_lock,1
cran,callr,3.5.1,description,1
cran,callr,3.7.5,description,1
cran,callr,3.7.5,renv_lock,1
cran,callr,3.7.2,renv_lock,1
cran,callr,3.7.6,install,1
cran,callr,3.5.1,renv_lock,1
cran,callr,3.8.0,renv_lock,1
cran,cancensus,0.5.7,renv_lock,1
cran,car,3.1-2,renv_lock,14
cran,car,3.1-3,renv_lock,13
cran,car,3.1-5,renv_lock,6
cran,car,3.1-2,description,5
cran,car,3.1-1,renv_lock,3
cran,car,3.1-1,description,2
cran,car,3.1-2,install,2
cran,car,3.0-0,description,1
cran,car,2.1-3,description,1
cran,car,3.0-12,renv_lock,1
cran,car,3.1-3,description,1
cran,car,3.0-7,description,1
cran,car,3.0-13,renv_lock,1
cran,car,3.0-10,description,1
cran,car,3.0-8,description,1
cran,car,3.0-10,renv_lock,1
cran,carData,3.0-5,renv_lock,33
cran,carData,3.0-5,description,8
cran,carData,3.0-6,renv_lock,6
cran,carData,3.0-4,description,2
cran,carData,3.0-4,renv_lock,1
cran,carData,3.0-3,description,1
cran,carData,3.0-1,description,1
cran,cards,0.2.2,renv_lock,1
cran,cards,0.6.0,renv_lock,1
cran,cards,0.7.1,renv_lock,1
cran,cardx,0.3.2,renv_lock,1
cran,caret,6.0-94,renv_lock,5
cran,caret,7.0-1,renv_lock,4
cran,caret,7.0-1,description,3
cran,caret,6.0-90,install,1
cran,caret,6.0-88,renv_lock,1
cran,caret,7.0-1,install,1
cran,caret,6.0-94,install,1
cran,caret,6.0-92,description,1
cran,caret,6.0-94,description,1
cran,caret,6.0-93,renv_lock,1
cran,causalToolbox,0.0.2.000,renv_lock,1
cran,causalToolbox,0.0.2.000,description,1
cran,causalsens,0.1,description,1
cran,causalweight,0.1.0,install,1
cran,ccesMRPprep,0.1.11,description,2
cran,ccesMRPrun,0.0.8,description,1
cran,ccesMRPviz,0.0.2,description,1
cran,cdlTools,1.13,renv_lock,1
cran,cellranger,1.1.0,renv_lock,105
cran,cellranger,1.1.0,description,20
cran,cellranger,1.1.0,install,1
cran,censable,0.0.5,renv_lock,2
cran,censable,0.0.8,renv_lock,1
cran,censusapi,0.8.0,renv_lock,2
cran,censusapi,0.9.0,renv_lock,1
cran,cgmunf,0.9.2,description,1
cran,checkmate,2.3.2,renv_lock,26
cran,checkmate,2.3.1,renv_lock,10
cran,checkmate,2.3.4,renv_lock,9
cran,checkmate,2.2.0,renv_lock,7
cran,checkmate,2.1.0,renv_lock,6
cran,checkmate,2.0.0,renv_lock,5
cran,checkmate,2.0.0,description,5
cran,checkmate,2.3.3,renv_lock,4
cran,checkmate,2.1.0,description,4
cran,checkmate,2.3.2,description,3
cran,checkmate,2.3.1,description,3
cran,checkmate,2.2.0,description,2
cran,checkmate,2.3.0,description,1
cran,checkmate,1.8.5,description,1
cran,checkmate,2.3.1,install,1
cran,checkpoint,1.0.2,description,1
cran,chibal,1.2.1,description,1
cran,chk,0.10.0,renv_lock,4
cran,chk,0.9.2,renv_lock,3
cran,chk,0.9.1,description,1
cran,chk,0.9.1,renv_lock,1
cran,chk,0.10.0,description,1
cran,chk,0.9.0,renv_lock,1
cran,chngpt,2023.11-29,renv_lock,1
cran,chromote,0.1.1,description,2
cran,chromote,0.4.0,description,1
cran,chron,2.3-62,renv_lock,1
cran,chron,2.3-62,description,1
cran,cjbart,0.3.1,description,1
cran,cjoint,2.0.6,description,2
cran,cjoint,2.1.0,install,1
cran,cjoint,2.1.1,renv_lock,1
cran,cjoint,2.1.0,renv_lock,1
cran,clarabel,0.9.0.1,renv_lock,1
cran,clarify,0.2.1,renv_lock,1
cran,class,7.3-23,renv_lock,19
cran,class,7.3-22,renv_lock,18
cran,class,7.3-20,renv_lock,7
cran,class,7.3-19,renv_lock,6
cran,class,7.3-21,renv_lock,1
cran,class,7.3-23,description,1
cran,class,7.3-19,description,1
cran,class,7.3-20,install,1
cran,class,7.3-15,renv_lock,1
cran,class,7.3-20,description,1
cran,classInt,0.4-11,renv_lock,19
cran,classInt,0.4-10,renv_lock,9
cran,classInt,0.4-3,description,5
cran,classInt,0.4-9,renv_lock,4
cran,classInt,0.4-10,description,3
cran,classInt,0.4-3,renv_lock,3
cran,classInt,0.4-9,description,2
cran,classInt,0.4-7,renv_lock,2
cran,classInt,0.4-10,install,1
cran,classInt,0.4-2,description,1
cran,classInt,0.4-11,description,1
cran,cld2,1.2.4,renv_lock,1
cran,cli,3.6.5,renv_lock,50
cran,cli,3.6.1,renv_lock,21
cran,cli,3.6.3,renv_lock,19
cran,cli,3.6.2,renv_lock,13
cran,cli,3.6.2,description,6
cran,cli,3.6.1,description,5
cran,cli,3.6.4,renv_lock,5
cran,cli,3.6.6,renv_lock,5
cran,cli,3.6.5,description,4
cran,cli,3.3.0,renv_lock,4
cran,cli,3.6.3,description,4
cran,cli,3.6.0,renv_lock,3
cran,cli,3.6.0,description,3
cran,cli,1.0.0,description,3
cran,cli,3.1.0,renv_lock,3
cran,cli,3.2.0,renv_lock,2
cran,cli,3.4.0,description,2
cran,cli,2.0.2,renv_lock,2
cran,cli,2.5.0,renv_lock,2
cran,cli,2.0.2,description,2
cran,cli,1.1.0,renv_lock,2
cran,cli,3.0.1,renv_lock,2
cran,cli,3.4.1,renv_lock,2
cran,cli,2.0.0,description,1
cran,cli,3.4.0,renv_lock,1
cran,cli,3.2.0,description,1
cran,cli,2.3.1,description,1
cran,cli,3.6.2,install,1
cran,cli,3.1.0,description,1
cran,cli,2.3.1,renv_lock,1
cran,cli,3.5.0,description,1
cran,clipr,0.8.0,renv_lock,104
cran,clipr,0.8.0,description,17
cran,clipr,0.7.1,renv_lock,12
cran,clipr,0.7.0,renv_lock,4
cran,clipr,0.7.1,description,4
cran,clipr,0.7.0,description,2
cran,clipr,0.8.1,renv_lock,1
cran,clipr,0.8.0,install,1
cran,clisymbols,1.2.0,renv_lock,9
cran,clock,0.7.0,renv_lock,3
cran,clock,0.7.4,renv_lock,3
cran,clock,0.7.1,renv_lock,2
cran,clock,0.7.3,renv_lock,2
cran,clock,0.7.0,description,1
cran,clock,0.7.1,description,1
cran,clock,0.6.1,renv_lock,1
cran,clock,0.7.2,description,1
cran,clock,0.7.4,description,1
cran,clubSandwich,0.5.3,renv_lock,1
cran,clubSandwich,0.5.3,description,1
cran,clue,0.3-66,renv_lock,2
cran,clue,0.3-66,description,1
cran,cluster,2.1.4,renv_lock,8
cran,cluster,2.1.6,renv_lock,6
cran,cluster,2.1.8.1,renv_lock,5
cran,cluster,2.1.8,renv_lock,3
cran,cluster,2.1.2,renv_lock,3
cran,cluster,2.1.8.2,renv_lock,2
cran,cluster,2.1.0,renv_lock,2
cran,cluster,2.1.4,description,2
cran,cluster,2.1.2,description,1
cran,cluster,2.1.0,description,1
cran,cluster,2.1.4,install,1
cran,cluster,2.1.3,renv_lock,1
cran,clusterGeneration,1.3.8,renv_lock,1
cran,clusterGeneration,1.3.8,description,1
cran,clusterSEs,2.6.5,renv_lock,1
cran,clusterSEs,2.6.2,description,1
cran,clustermq,0.9.0,renv_lock,1
cran,clustermq,0.8.95.2,renv_lock,1
cran,cmdstanr,0.7.1,renv_lock,1
cran,cmdstanr,0.9.0,renv_lock,1
cran,cmdstanr,0.6.0.9000,renv_lock,1
cran,cmdstanr,0.3.0.9000,renv_lock,1
cran,cobalt,4.6.0,renv_lock,2
cran,cobalt,4.5.1,description,1
cran,coda,0.19-4.1,renv_lock,14
cran,coda,0.19-4,renv_lock,10
cran,coda,0.19-4,description,5
cran,coda,0.19-3,description,2
cran,coda,0.17-1,description,1
cran,coda,0.19-3,renv_lock,1
cran,coda,0.19-4.1,description,1
cran,codebookr,0.1.9,renv_lock,1
cran,codetools,0.2-20,renv_lock,38
cran,codetools,0.2-18,renv_lock,20
cran,codetools,0.2-19,renv_lock,15
cran,codetools,0.2-19,description,3
cran,codetools,0.2-18,description,2
cran,codetools,0.2-16,renv_lock,2
cran,codetools,0.2-18,install,1
cran,codetools,0.2-20,description,1
cran,coefplot,1.2.8,renv_lock,1
cran,coin,1.4-2,renv_lock,1
cran,coin,1.4-3,renv_lock,1
cran,coler,0.2.0,renv_lock,1
cran,collapse,2.1.6,renv_lock,3
cran,collapse,1.9.2,description,2
cran,collapse,1.9.2,renv_lock,2
cran,collapse,2.0.13,renv_lock,2
cran,collapse,1.9.6,renv_lock,2
cran,collapse,1.7.6,install,1
cran,collapse,1.8.9,renv_lock,1
cran,collapse,2.0.19,description,1
cran,collapse,2.1.7,renv_lock,1
cran,collapse,1.7.6,description,1
cran,collapse,2.0.11,renv_lock,1
cran,collapse,2.0.3,renv_lock,1
cran,collapse,2.1.2,renv_lock,1
cran,collapse,2.1.5,description,1
cran,collapse,1.8.8,renv_lock,1
cran,collapse,2.1.1,renv_lock,1
cran,collapse,1.8.8,description,1
cran,collapse,2.0.9,renv_lock,1
cran,collapse,2.1.5,renv_lock,1
cran,collections,0.3.7,description,2
cran,collections,0.3.7,renv_lock,2
cran,collections,0.3.11,description,1
cran,colorspace,2.1-0,renv_lock,38
cran,colorspace,2.1-1,renv_lock,23
cran,colorspace,2.1-0,description,13
cran,colorspace,2.1-2,renv_lock,10
cran,colorspace,2.0-3,renv_lock,8
cran,colorspace,2.0-2,renv_lock,7
cran,colorspace,1.4-1,description,4
cran,colorspace,1.4-1,renv_lock,4
cran,colorspace,2.0-1,renv_lock,3
cran,colorspace,2.0-2,description,3
cran,colorspace,1.3-2,description,3
cran,colorspace,2.0-3,description,3
cran,colorspace,2.1-1,description,2
cran,colorspace,1.2-6,description,1
cran,colorspace,2.0.2,install,1
cran,colorspace,2.0-0,description,1
cran,colorspace,2.1-0,install,1
cran,colorspace,2.0-0,renv_lock,1
cran,colourpicker,1.3.0,renv_lock,5
cran,colourpicker,1.1.1,renv_lock,2
cran,colourpicker,1.3.0,description,1
cran,colourvalues,0.3.4,description,1
cran,cols4all,0.8,renv_lock,2
cran,cols4all,0.10,renv_lock,2
cran,combinat,0.0-8,install,1
cran,combinat,0.0-8,renv_lock,1
cran,combinat,0.0-8,description,1
cran,commarobust,0.1.0,description,1
cran,common,1.1.3,renv_lock,1
cran,common,1.1.4,description,1
cran,commonmark,1.9.0,renv_lock,9
cran,commonmark,2.0.0,renv_lock,8
cran,commonmark,1.9.5,renv_lock,8
cran,commonmark,1.9.1,renv_lock,6
cran,commonmark,1.7,renv_lock,3
cran,commonmark,1.9.2,description,3
cran,commonmark,1.7,description,3
cran,commonmark,1.9.0,description,2
cran,commonmark,1.9.2,renv_lock,2
cran,commonmark,2.0.0,description,2
cran,commonmark,1.8.1,renv_lock,2
cran,commonmark,1.8.1,description,2
cran,commonmark,1.9.1,install,1
cran,commonmark,1.9.1,description,1
cran,commonmark,1.8.0,renv_lock,1
cran,commonmark,1.8.0,description,1
cran,compareK,1.0,description,1
cran,compiler,3.5.0,description,2
cran,compiler,3.6.3,description,1
cran,compiler,4.1.1,description,1
cran,compiler,4.0.2,description,1
cran,conText,1.4.3,renv_lock,1
cran,concordance,2.0.0,description,1
cran,config,0.3.2,renv_lock,1
cran,confintr,1.0.2,renv_lock,2
cran,conflicted,1.2.0,renv_lock,70
cran,conflicted,1.2.0,description,9
cran,conflicted,1.1.0,description,1
cran,conflicted,1.1.0,renv_lock,1
cran,conleyreg,0.1.7,renv_lock,1
cran,conquer,1.0.1,description,1
cran,conquer,1.0.2,description,1
cran,conquer,1.0.2,renv_lock,1
cran,consumer1000,0.0.0.9000s,description,1
cran,consumer500,0.0.0.9000s,description,1
cran,contfrac,1.1-12,renv_lock,1
cran,corpcor,1.6.10,renv_lock,3
cran,corpcor,1.6.10,description,2
cran,corrplot,0.95,renv_lock,14
cran,corrplot,0.92,renv_lock,13
cran,corrplot,0.92,description,3
cran,corrplot,0.84,description,2
cran,corrplot,0.94,renv_lock,2
cran,corrplot,0.89,renv_lock,1
cran,corrplot,0.95,description,1
cran,corrr,0.4.4,description,1
cran,corrr,0.4.4,renv_lock,1
cran,countrycode,1.6.1,renv_lock,5
cran,countrycode,1.5.0,renv_lock,4
cran,countrycode,1.4.0,renv_lock,3
cran,countrycode,1.3.0,renv_lock,2
cran,countrycode,1.2.0,renv_lock,2
cran,countrycode,1.6.0,renv_lock,2
cran,countrycode,1.3.0,description,1
cran,countrycode,1.7.0,renv_lock,1
cran,countrycode,1.00.0,description,1
cran,countrycode,0.19,description,1
cran,countrycode,1.5.0,description,1
cran,countrycode,1.6.0,description,1
cran,countrycode,1.8.0,renv_lock,1
cran,countrycode,0.16,install,1
cran,countrycode,1.6.0,install,1
cran,covr,3.6.5,description,1
cran,covr,3.5.1,description,1
cran,cowplot,1.1.3,renv_lock,20
cran,cowplot,1.2.0,renv_lock,19
cran,cowplot,1.1.1,renv_lock,15
cran,cowplot,1.1.1,description,4
cran,cowplot,1.1.3,description,2
cran,cowplot,1.0.0,description,2
cran,cowplot,1.0.0,renv_lock,1
cran,cowplot,0.9.2,description,1
cran,coxme,2.2-18.1,description,1
cran,cpp11,0.5.2,renv_lock,44
cran,cpp11,0.4.7,renv_lock,19
cran,cpp11,0.4.6,renv_lock,10
cran,cpp11,0.5.0,renv_lock,9
cran,cpp11,0.4.2,renv_lock,9
cran,cpp11,0.5.3,renv_lock,8
cran,cpp11,0.5.1,renv_lock,8
cran,cpp11,0.4.3,renv_lock,7
cran,cpp11,0.4.7,description,6
cran,cpp11,0.4.2,description,5
cran,cpp11,0.5.5,renv_lock,4
cran,cpp11,0.4.6,description,3
cran,cpp11,0.4.3,description,3
cran,cpp11,0.5.1,description,3
cran,cpp11,0.5.2,description,2
cran,cpp11,0.5.3,description,2
cran,cpp11,0.2.1,renv_lock,2
cran,cpp11,0.2.7,renv_lock,2
cran,cpp11,0.5.4,renv_lock,2
cran,cpp11,0.4.5,renv_lock,2
cran,cpp11,0.2.6,renv_lock,1
cran,cpp11,0.3.1,renv_lock,1
cran,cpp11,0.4.0,renv_lock,1
cran,cpp11,0.5.0,description,1
cran,cpp11,0.2.6,description,1
cran,cpp11,0.5.1,install,1
cran,cpp11,0.4.1,renv_lock,1
cran,cragg,0.0.1,install,1
cran,crayon,1.5.3,renv_lock,74
cran,crayon,1.5.2,renv_lock,32
cran,crayon,1.5.2,description,11
cran,crayon,1.5.1,renv_lock,8
cran,crayon,1.5.3,description,8
cran,crayon,1.3.4,description,6
cran,crayon,1.4.1,renv_lock,6
cran,crayon,1.3.4,renv_lock,4
cran,crayon,1.4.2,renv_lock,4
cran,crayon,1.4.1,description,3
cran,crayon,1.5.0,renv_lock,1
cran,crayon,1.5.3,install,1
cran,crayon,1.5.1,description,1
cran,crayon,1.4.2,description,1
cran,crayon,1.5.3.9000,renv_lock,1
cran,credentials,1.3.2,renv_lock,3
cran,credentials,2.0.1,renv_lock,2
cran,credentials,2.0.3,renv_lock,2
cran,credentials,2.0.2,description,2
cran,credentials,2.0.2,renv_lock,2
cran,credentials,2.0.1,description,1
cran,credentials,2.0.3,description,1
cran,credentials,1.3.2,description,1
cran,credentials,1.3.1,description,1
cran,credentials,2.0.2,install,1
cran,cregg,0.4.0,description,1
cran,cregg,0.4.0,renv_lock,1
cran,crosstalk,1.2.1,renv_lock,9
cran,crosstalk,1.2.0,renv_lock,6
cran,crosstalk,1.2.2,renv_lock,4
cran,crosstalk,1.1.1,renv_lock,1
cran,crosstalk,1.2.0,description,1
cran,crosstalk,1.1.0.1,description,1
cran,crosstalk,1.2.1,description,1
cran,crosstalk,1.0.0,renv_lock,1
cran,crul,1.4.0,renv_lock,1
cran,crul,0.9.0,description,1
cran,crul,1.3,description,1
cran,cshapes,2.0,description,1
cran,csomag,0.0.0.9999,description,1
cran,cubature,2.0.4,description,1
cran,cubature,2.1.4-1,description,1
cran,cubelyr,1.0.1,renv_lock,1
cran,curl,7.0.0,renv_lock,24
cran,curl,5.2.1,renv_lock,12
cran,curl,4.3.2,renv_lock,11
cran,curl,6.2.2,renv_lock,10
cran,curl,6.4.0,renv_lock,7
cran,curl,5.0.2,renv_lock,5
cran,curl,5.1.0,renv_lock,5
cran,curl,5.2.0,renv_lock,4
cran,curl,4.3,renv_lock,4
cran,curl,4.3,description,4
cran,curl,5.0.0,renv_lock,3
cran,curl,6.2.1,renv_lock,3
cran,curl,5.0.1,renv_lock,3
cran,curl,4.3.1,renv_lock,3
cran,curl,5.2.3,renv_lock,3
cran,curl,5.2.0,description,3
cran,curl,4.3.2,description,3
cran,curl,5.1.0,description,3
cran,curl,4.3.3,renv_lock,2
cran,curl,6.0.1,description,2
cran,curl,5.2.2,renv_lock,2
cran,curl,4.3.3,description,2
cran,curl,7.0.0,description,2
cran,curl,6.2.0,description,2
cran,curl,7.1.0,renv_lock,2
cran,curl,6.2.0,renv_lock,2
cran,curl,5.0.0,description,2
cran,curl,6.1.0,renv_lock,2
cran,curl,6.2.3,renv_lock,2
cran,curl,6.0.1,renv_lock,1
cran,curl,4.2,renv_lock,1
cran,curl,5.2.3,description,1
cran,curl,5.0.2,description,1
cran,curl,6.3.0,description,1
cran,curl,6.2.0,install,1
cran,curl,5.2.1,description,1
cran,cvAUC,1.1.4,renv_lock,1
cran,cvar,0.6,renv_lock,1
cran,cyclocomp,1.1.1,description,2
cran,cyclocomp,1.1.1,renv_lock,2
cran,cyra4cm,0.1.0,description,1
cran,czzg,1.0,description,1
cran,dagitty,0.3.1,install,1
cran,data.table,1.14.8,renv_lock,18
cran,data.table,1.17.8,renv_lock,14
cran,data.table,1.15.4,renv_lock,13
cran,data.table,1.14.2,renv_lock,11
cran,data.table,1.18.2.1,renv_lock,11
cran,data.table,1.17.0,renv_lock,8
cran,data.table,1.18.0,renv_lock,6
cran,data.table,1.14.2,description,5
cran,data.table,1.17.2,renv_lock,5
cran,data.table,1.14.8,description,5
cran,data.table,1.16.4,renv_lock,5
cran,data.table,1.15.2,renv_lock,4
cran,data.table,1.14.0,renv_lock,4
cran,data.table,1.16.0,renv_lock,4
cran,data.table,1.15.4,description,3
cran,data.table,1.18.4,renv_lock,3
cran,data.table,1.14.2,install,2
cran,data.table,1.14.6,description,2
cran,data.table,1.15.4,install,2
cran,data.table,1.14.6,renv_lock,2
cran,data.table,1.13.0,renv_lock,2
cran,data.table,1.12.8,description,1
cran,data.table,1.17.8,description,1
cran,data.table,1.14.0,description,1
cran,data.table,1.14.6,install,1
cran,data.table,1.12.8,renv_lock,1
cran,data.table,1.14.10,renv_lock,1
cran,data.table,1.15.0,renv_lock,1
cran,data.table,1.14.0,install,1
cran,data.table,1.15.0,description,1
cran,data.table,1.15.2,description,1
cran,data.table,1.18.2.1,description,1
cran,data.table,1.16.0,description,1
cran,data.table,1.17.6,description,1
cran,data.table,1.13.6,description,1
cran,data.table,1.16.4,description,1
cran,data.table,1.13.0,description,1
cran,data.table,1.12.2,renv_lock,1
cran,data.table,1.16.2,renv_lock,1
cran,data.table,1.11.4,description,1
cran,data.table,1.13.6,install,1
cran,data.table,1.17.6,renv_lock,1
cran,data.table,1.17.4,renv_lock,1
cran,data.tree,1.0.0,description,1
cran,datasets,4.1.1,description,1
cran,dataverse,0.3.14,renv_lock,3
cran,dataverse,0.3.13,renv_lock,2
cran,datawizard,1.3.0,renv_lock,12
cran,datawizard,1.1.0,renv_lock,4
cran,datawizard,0.10.0,renv_lock,3
cran,datawizard,1.2.0,renv_lock,3
cran,datawizard,0.6.5,description,2
cran,datawizard,0.11.0,renv_lock,2
cran,datawizard,1.0.0,renv_lock,2
cran,datawizard,0.12.2,renv_lock,2
cran,datawizard,0.6.5,renv_lock,2
cran,datawizard,0.12.1,renv_lock,1
cran,datawizard,0.9.0,description,1
cran,datawizard,0.9.0,renv_lock,1
cran,datawizard,0.9.1,renv_lock,1
cran,datawizard,1.0.1,renv_lock,1
cran,datawizard,0.9.1,install,1
cran,datawizard,0.7.1,renv_lock,1
cran,datawizard,1.3.1,renv_lock,1
cran,datawizard,0.8.0,renv_lock,1
cran,datawizard,1.0.2,renv_lock,1
cran,datawizard,0.12.3,renv_lock,1
cran,datawizard,0.2.1,renv_lock,1
cran,datawizard,1.0.0,description,1
cran,dbarts,0.9-19,description,1
cran,dbarts,0.9-19,renv_lock,1
cran,dbarts,0.9-32,renv_lock,1
cran,dbplyr,2.5.0,renv_lock,34
cran,dbplyr,2.5.1,renv_lock,14
cran,dbplyr,2.1.1,renv_lock,12
cran,dbplyr,2.5.2,renv_lock,8
cran,dbplyr,2.3.3,renv_lock,6
cran,dbplyr,2.3.2,renv_lock,5
cran,dbplyr,2.5.0,description,3
cran,dbplyr,2.3.4,renv_lock,3
cran,dbplyr,2.4.0,renv_lock,2
cran,dbplyr,2.4.0,description,2
cran,dbplyr,1.4.2,renv_lock,2
cran,dbplyr,2.1.1,description,2
cran,dbplyr,1.4.4,renv_lock,2
cran,dbplyr,2.2.1,renv_lock,1
cran,dbplyr,2.3.1,description,1
cran,dbplyr,2.2.1,description,1
cran,dbplyr,2.5.1,description,1
cran,dbplyr,2.1.0,renv_lock,1
cran,dbplyr,1.4.3,description,1
cran,dbplyr,2.3.3,description,1
cran,dbplyr,2.6.0,renv_lock,1
cran,dbplyr,2.5.2,description,1
cran,dbplyr,1.4.4,description,1
cran,dbplyr,2.3.4,description,1
cran,dcurver,0.9.3,renv_lock,1
cran,deSolve,1.40,renv_lock,1
cran,deflateBR,1.1.2,description,1
cran,deldir,1.0-6,description,3
cran,deldir,0.1-28,renv_lock,2
cran,deldir,1.0-9,renv_lock,2
cran,deldir,2.0-4,renv_lock,2
cran,deldir,1.0-6,renv_lock,2
cran,deldir,0.1-25,description,1
cran,deldir,0.2-9,description,1
cran,deldir,0.1-23,description,1
cran,deming,1.4,install,1
cran,dendextend,1.17.1,renv_lock,1
cran,dendextend,1.19.1,renv_lock,1
cran,dendextend,1.13.4,description,1
cran,dendextend,1.17.1,description,1
cran,densEstBayes,1.0-2.2,renv_lock,1
cran,desc,1.4.3,renv_lock,25
cran,desc,1.4.2,renv_lock,13
cran,desc,1.4.3,description,7
cran,desc,1.4.2,description,6
cran,desc,1.2.0,description,2
cran,desc,1.4.0,renv_lock,2
cran,desc,1.4.1,renv_lock,2
cran,desc,1.2.0,renv_lock,2
cran,desc,1.3.0,description,1
cran,desc,1.4.1,description,1
cran,desc,1.0.0,description,1
cran,desc,1.4.3,install,1
cran,desc,1.4.0,description,1
cran,designmatch,0.5.4,renv_lock,1
cran,detectseparation,0.2,install,1
cran,devtools,2.4.5,renv_lock,6
cran,devtools,2.4.5,description,4
cran,devtools,2.4.3,description,2
cran,devtools,2.5.2,renv_lock,1
cran,devtools,2.4.5,install,1
cran,devtools,2.4.3,renv_lock,1
cran,devtools,2.4.6,renv_lock,1
cran,devtools,2.4.6,description,1
cran,devtools,1.13.3,install,1
cran,dfadjust,1.0.5,renv_lock,1
cran,dfidx,0.1-0,renv_lock,1
cran,dfidx,0.2-0,renv_lock,1
cran,dfidx,0.0-5,renv_lock,1
cran,dfidx,0.0-5,description,1
cran,diagram,1.6.5,renv_lock,10
cran,diagram,1.6.5,description,4
cran,dials,1.4.2,description,1
cran,dials,1.4.2,renv_lock,1
cran,dials,0.0.10,renv_lock,1
cran,dials,0.0.10,description,1
cran,dichromat,2.0-0,description,4
cran,dichromat,2.0-0.1,renv_lock,4
cran,did,2.1.2,description,4
cran,did,2.5.0,renv_lock,1
cran,did,2.3.0,renv_lock,1
cran,did,2.1.2,renv_lock,1
cran,did2s,1.2.1,renv_lock,1
cran,did2s,1.0.2,renv_lock,1
cran,did2s,1.0.2,description,1
cran,didimputation,0.3.0,description,1
cran,didimputation,0.5.0,renv_lock,1
cran,didimputation,0.3.0,renv_lock,1
cran,diffobj,0.3.5,renv_lock,26
cran,diffobj,0.3.5,description,11
cran,diffobj,0.3.6,renv_lock,6
cran,diffobj,0.3.5,install,1
cran,diffobj,0.3.6,description,1
cran,diffobj,0.3.3,description,1
cran,diffobj,0.3.4,description,1
cran,diffobj,0.2.3,description,1
cran,digest,0.6.37,renv_lock,41
cran,digest,0.6.39,renv_lock,20
cran,digest,0.6.33,renv_lock,14
cran,digest,0.6.31,renv_lock,10
cran,digest,0.6.35,renv_lock,8
cran,digest,0.6.29,renv_lock,8
cran,digest,0.6.27,renv_lock,8
cran,digest,0.6.37,description,6
cran,digest,0.6.31,description,5
cran,digest,0.6.36,renv_lock,5
cran,digest,0.6.33,description,4
cran,digest,0.6.15,description,3
cran,digest,0.6.39,description,3
cran,digest,0.6.27,description,3
cran,digest,0.6.28,renv_lock,3
cran,digest,0.6.29,description,3
cran,digest,0.6.25,renv_lock,2
cran,digest,0.6.34,description,2
cran,digest,0.6.21,renv_lock,2
cran,digest,0.6.25,description,2
cran,digest,0.6.34,renv_lock,2
cran,digest,0.6.35,install,1
cran,digest,0.6.38,renv_lock,1
cran,digest,0.6.23,description,1
cran,digest,0.6.10,description,1
cran,diptest,0.77-1,renv_lock,2
cran,diptest,0.77-1,description,1
cran,directlabels,2025.5.20,renv_lock,1
cran,discSurv,2.0.0,renv_lock,1
cran,distances,0.1.8,renv_lock,1
cran,distances,0.1.8,description,1
cran,distillery,1.2-2,renv_lock,1
cran,distr,2.6,install,1
cran,distributional,0.5.0,renv_lock,8
cran,distributional,0.4.0,renv_lock,2
cran,distributional,0.3.2,description,1
cran,distributional,0.3.2,renv_lock,1
cran,distributional,0.2.2,renv_lock,1
cran,distributional,0.6.0,renv_lock,1
cran,distributional,0.3.1,renv_lock,1
cran,doBy,4.7.1,renv_lock,8
cran,doBy,4.7.0,renv_lock,6
cran,doBy,4.6.22,renv_lock,3
cran,doBy,4.6.25,renv_lock,3
cran,doBy,4.6.27,renv_lock,2
cran,doBy,4.6.25,description,1
cran,doBy,4.7.1,description,1
cran,doFuture,1.1.2,renv_lock,1
cran,doFuture,1.0.0,description,1
cran,doMC,1.3.8,description,1
cran,doMPI,0.2.2,description,1
cran,doParallel,1.0.17,renv_lock,21
cran,doParallel,1.0.17,description,7
cran,doParallel,1.0.17,install,4
cran,doParallel,1.0.16,description,4
cran,doParallel,1.0.16,renv_lock,3
cran,doParallel,1.0.15,description,1
cran,doParallel,1.0.16,install,1
cran,doParallel,1.0.15,install,1
cran,doParallel,1.0.15,renv_lock,1
cran,doRNG,1.8.6,renv_lock,5
cran,doRNG,1.8.6.1,renv_lock,2
cran,doRNG,1.8.6,install,2
cran,doRNG,1.7.1,description,1
cran,doRNG,1.8.2,install,1
cran,doRNG,1.8.6.1,description,1
cran,doRNG,1.8.6,description,1
cran,doRNG,1.8.6.2,renv_lock,1
cran,doSNOW,1.0.20,renv_lock,1
cran,doSNOW,1.0.20,description,1
cran,dotCall64,1.0-1,renv_lock,2
cran,dotCall64,1.0-1,description,1
cran,dotwhisker,0.8.4,renv_lock,2
cran,dotwhisker,0.7.4,renv_lock,2
cran,dotwhisker,0.6,install,1
cran,dotwhisker,0.7.4,install,1
cran,downlit,0.4.4,renv_lock,5
cran,downlit,0.4.4,description,4
cran,downlit,0.4.5,renv_lock,2
cran,downlit,0.4.0,description,1
cran,downlit,0.4.4,install,1
cran,downlit,0.4.2,renv_lock,1
cran,downlit,0.4.5,description,1
cran,downlit,0.4.3,renv_lock,1
cran,downloader,0.4,renv_lock,1
cran,dpirt,0.1,description,1
cran,dplyr,1.1.4,renv_lock,72
cran,dplyr,1.1.4,description,13
cran,dplyr,1.1.2,renv_lock,12
cran,dplyr,1.1.4,install,8
cran,dplyr,1.0.7,renv_lock,7
cran,dplyr,1.2.0,renv_lock,7
cran,dplyr,1.1.3,renv_lock,6
cran,dplyr,1.2.1,renv_lock,6
cran,dplyr,1.0.10,renv_lock,5
cran,dplyr,1.1.0,renv_lock,4
cran,dplyr,1.0.10,description,3
cran,dplyr,1.0.9,renv_lock,3
cran,dplyr,1.1.0,description,3
cran,dplyr,1.0.2,renv_lock,2
cran,dplyr,1.1.1,renv_lock,2
cran,dplyr,1.1.3,install,2
cran,dplyr,1.0.8,renv_lock,2
cran,dplyr,1.1.2,description,2
cran,dplyr,0.8.3,renv_lock,2
cran,dplyr,1.1.3,description,2
cran,dplyr,1.0.9,install,1
cran,dplyr,1.0.6,renv_lock,1
cran,dplyr,0.8.5,description,1
cran,dplyr,1.1.1,install,1
cran,dplyr,1.0.5,renv_lock,1
cran,dplyr,1.0.7,description,1
cran,dplyr,1.0.4,description,1
cran,dplyr,1.0.5,install,1
cran,dplyr,1.0.7,install,1
cran,dplyr,1.0.8,description,1
cran,dplyr,1.1.1,description,1
cran,dplyr,0.5.0,description,1
cran,dplyr,1.0.0,description,1
cran,dplyr,0.7.5,description,1
cran,dplyr,1.2.0,description,1
cran,dqrng,0.4.1,renv_lock,1
cran,dqrng,0.3.0,renv_lock,1
cran,dreamerr,1.5.0,renv_lock,27
cran,dreamerr,1.4.0,renv_lock,16
cran,dreamerr,1.2.3,renv_lock,5
cran,dreamerr,1.4.0,description,5
cran,dreamerr,1.2.3,description,4
cran,dreamerr,1.3.0,renv_lock,2
cran,dreamerr,1.3.0,description,1
cran,dsl,0.1.0,renv_lock,1
cran,dtplyr,1.3.1,renv_lock,50
cran,dtplyr,1.3.2,renv_lock,12
cran,dtplyr,1.3.3,renv_lock,9
cran,dtplyr,1.2.1,renv_lock,6
cran,dtplyr,1.3.1,description,5
cran,dtplyr,1.1.0,renv_lock,5
cran,dtplyr,1.2.2,description,2
cran,dtplyr,1.2.0,renv_lock,2
cran,dtplyr,1.2.0,description,1
cran,dtplyr,1.3.0,description,1
cran,dtplyr,1.2.2,renv_lock,1
cran,dtplyr,1.1.0,description,1
cran,dtplyr,1.3.2,description,1
cran,dtplyr,1.3.3,description,1
cran,duckdb,1.4.1,renv_lock,1
cran,duckdb,1.4.3,description,1
cran,duckdbfs,0.1.2,renv_lock,1
cran,dummy,0.1.3,renv_lock,1
cran,dups,0.1.0,description,1
cran,dyadEffect,0.1,description,1
cran,dygraphs,1.1.1.6,renv_lock,6
cran,dygraphs,1.1.1.6,description,2
cran,dynLogitPA,1.00,description,1
cran,e1071,1.7-16,renv_lock,12
cran,e1071,1.7-13,renv_lock,10
cran,e1071,1.7-17,renv_lock,10
cran,e1071,1.7-14,renv_lock,10
cran,e1071,1.7-13,description,4
cran,e1071,1.7-3,description,3
cran,e1071,1.7-16,description,2
cran,e1071,1.7-11,renv_lock,2
cran,e1071,1.7-7,renv_lock,2
cran,e1071,1.7-7,description,1
cran,e1071,1.7-14,install,1
cran,e1071,1.7-9,description,1
cran,e1071,1.7-12,renv_lock,1
cran,e1071,1.7-8,renv_lock,1
cran,e1071,1.7-14,description,1
cran,e1071,1.7-9,renv_lock,1
cran,e1071,1.7-4,description,1
cran,earth,5.3.4,description,1
cran,easyalluvial,0.3.2,renv_lock,1
cran,eatDB,0.5.0,renv_lock,1
cran,eatGADS,1.1.0,renv_lock,1
cran,eatTools,0.7.4,renv_lock,1
cran,ebal,0.1-6,description,2
cran,ebal,0.01,description,1
cran,effects,4.2-2,renv_lock,4
cran,effects,4.2-2,description,2
cran,effectsize,1.0.1,renv_lock,2
cran,effectsize,0.8.9,renv_lock,1
cran,egg,1.0.0,description,50
cran,egg,0.4.5,description,1
cran,egoTERGM,0.3.0,description,1
cran,eiPack,0.2-2,renv_lock,1
cran,eiPartialID,0.1.0,description,1
cran,electoral,0.1.3,renv_lock,1
cran,eliot,0.1,description,1
cran,ellipse,0.5.0,description,2
cran,ellipse,0.5.0,renv_lock,2
cran,ellipsis,0.3.2,renv_lock,58
cran,ellipsis,0.3.2,description,19
cran,ellipsis,0.3.1,renv_lock,3
cran,ellipsis,0.3.0,renv_lock,2
cran,ellipsis,0.3.0,description,2
cran,ellipsis,0.3.1,description,2
cran,ellipsis,0.3.2,install,1
cran,ellipsis,0.3.3,renv_lock,1
cran,elliptic,1.4-0,renv_lock,1
cran,emmeans,1.4.1,renv_lock,2
cran,emmeans,1.8.4-1,renv_lock,2
cran,emmeans,2.0.1,renv_lock,1
cran,emmeans,1.11.1,renv_lock,1
cran,emmeans,1.10.7,renv_lock,1
cran,emmeans,1.7.0,renv_lock,1
cran,emmeans,1.10.0,renv_lock,1
cran,emmeans,1.11.2-8,renv_lock,1
cran,emmeans,1.10.0,description,1
cran,emmeans,1.8.4-1,description,1
cran,emoji,0.2.0,renv_lock,1
cran,endorse,1.4.1,description,1
cran,ergm,2.5-11408-11410.1-2012.02.29-15.24.57,description,1
cran,ergm,4.6.0,renv_lock,1
cran,ergm,3.10.1,install,1
cran,ergm,4.2.1,install,1
cran,ergm,3.9.4,install,1
cran,ergm,3.8.0,description,1
cran,ergm,4.5.0,description,1
cran,ergm,3.10.4,description,1
cran,ergm.count,4.1.2,renv_lock,1
cran,ergm.multi,0.2.1,renv_lock,1
cran,ergm.sign,1.0,description,1
cran,esci,1.0.7,renv_lock,1
cran,essurvey,1.0.8,renv_lock,1
cran,estimability,1.5.1,renv_lock,5
cran,estimability,1.3,renv_lock,3
cran,estimability,1.4.1,renv_lock,3
cran,estimability,1.4.1,description,2
cran,estimability,1.5,renv_lock,1
cran,estimability,1.5,description,1
cran,estimatr,1.0.6,renv_lock,13
cran,estimatr,1.0.4,renv_lock,5
cran,estimatr,1.0.0,renv_lock,3
cran,estimatr,0.30.2,renv_lock,3
cran,estimatr,0.26.0,renv_lock,2
cran,estimatr,1.0.2,renv_lock,2
cran,estimatr,1.0.0,install,1
cran,estimatr,1.0.2,install,1
cran,estimatr,1.0.0,description,1
cran,estimatr,0.30.6,renv_lock,1
cran,estimatr,0.22.0,description,1
cran,etm,1.0.5,description,1
cran,etwfe,0.6.0,renv_lock,1
cran,evaluate,1.0.5,renv_lock,27
cran,evaluate,1.0.3,renv_lock,22
cran,evaluate,0.14,renv_lock,12
cran,evaluate,0.21,renv_lock,11
cran,evaluate,0.23,renv_lock,11
cran,evaluate,0.24.0,renv_lock,8
cran,evaluate,1.0.4,renv_lock,6
cran,evaluate,0.15,renv_lock,6
cran,evaluate,1.0.1,renv_lock,5
cran,evaluate,0.14,description,5
cran,evaluate,0.22,renv_lock,5
cran,evaluate,0.20,renv_lock,4
cran,evaluate,1.0.5,description,4
cran,evaluate,0.23,description,3
cran,evaluate,1.0.3,description,3
cran,evaluate,0.22,description,2
cran,evaluate,0.20,description,2
cran,evaluate,0.19,description,2
cran,evaluate,1.0.1,description,1
cran,evaluate,0.16,renv_lock,1
cran,evaluate,0.10.1,description,1
cran,evaluate,0.21,description,1
cran,evaluate,1.0.4,description,1
cran,evaluate,1.0.0,renv_lock,1
cran,evaluate,1.0.0,description,1
cran,evaluate,0.10,description,1
cran,evaluate,0.18,renv_lock,1
cran,evaluate,1.0.3,install,1
cran,evaluate,0.15,description,1
cran,evaluate,0.19,renv_lock,1
cran,evd,2.3-7,renv_lock,1
cran,evd,2.3-7.1,renv_lock,1
cran,evir,1.7-4,renv_lock,1
cran,exactextractr,0.10.0,renv_lock,4
cran,exactextractr,0.10.1,renv_lock,2
cran,exactextractr,0.10.0,install,1
cran,exactt,1.0.0,description,1
cran,expm,1.0-0,renv_lock,4
cran,expm,0.999-7,renv_lock,3
cran,expm,0.999-6,description,3
cran,expm,0.999-9,renv_lock,2
cran,expm,0.999-4,description,2
cran,expm,0.999-6,renv_lock,1
cran,extRemes,2.2-1,renv_lock,1
cran,extrafont,0.19,renv_lock,9
cran,extrafont,0.17,renv_lock,3
cran,extrafont,0.20,renv_lock,1
cran,extrafontdb,1.0,renv_lock,11
cran,extrafontdb,1.1,renv_lock,2
cran,extremeStat,1.5.11,renv_lock,1
cran,f1dataR,1.5.3,description,1
cran,fBasics,4052.98,renv_lock,1
cran,fExtremes,4032.84,renv_lock,1
cran,fGarch,4052.93,renv_lock,1
cran,fabricatr,0.16.0,renv_lock,1
cran,facetscales,0.1.0.9000,renv_lock,1
cran,factoextra,1.0.7,renv_lock,2
cran,factoextra,1.0.7,description,1
cran,familyenrollment,2024.02.15,description,1
cran,fansi,1.0.6,renv_lock,49
cran,fansi,1.0.4,renv_lock,18
cran,fansi,1.0.3,renv_lock,11
cran,fansi,1.0.6,description,9
cran,fansi,0.5.0,renv_lock,7
cran,fansi,1.0.3,description,5
cran,fansi,1.0.5,renv_lock,4
cran,fansi,1.0.5,description,3
cran,fansi,1.0.7,renv_lock,3
cran,fansi,1.0.4,description,3
cran,fansi,0.5.0,description,2
cran,fansi,0.4.1,renv_lock,2
cran,fansi,0.4.0,renv_lock,2
cran,fansi,0.4.1,description,2
cran,fansi,1.0.7,description,1
cran,fansi,1.0.0,renv_lock,1
cran,fansi,0.4.0,description,1
cran,fansi,1.0.2,renv_lock,1
cran,fansi,1.0.6,install,1
cran,fansi,0.4.2,description,1
cran,fansi,0.4.2,renv_lock,1
cran,farver,2.1.2,renv_lock,78
cran,farver,2.1.1,renv_lock,35
cran,farver,2.1.0,renv_lock,15
cran,farver,2.1.1,description,13
cran,farver,2.1.2,description,7
cran,farver,2.1.0,description,4
cran,farver,2.0.3,description,3
cran,farver,2.0.3,renv_lock,2
cran,farver,2.1.2,install,1
cran,farver,2.0.1,description,1
cran,fastDummies,1.7.5,renv_lock,4
cran,fastDummies,1.7.3,description,3
cran,fastDummies,1.7.3,renv_lock,2
cran,fastDummies,1.7.4,renv_lock,2
cran,fastDummies,1.6.1,renv_lock,2
cran,fastDummies,1.6.3,description,1
cran,fastDummies,1.7.4,description,1
cran,fastDummies,1.7.3,install,1
cran,fastDummies,1.7.5,description,1
cran,fastDummies,1.6.1,description,1
cran,fastDyadRobust,0.0.0.9000,description,1
cran,fastICA,1.2-3,renv_lock,1
cran,fastICA,1.2-7,renv_lock,1
cran,fastICA,1.2-5.1,description,1
cran,fastLink,0.6.1,renv_lock,2
cran,fastLink,0.6.0,renv_lock,1
cran,fastglm,0.0.4,renv_lock,2
cran,fastglm,0.1.1,renv_lock,1
cran,fastglm,0.0.3,description,1
cran,fastmap,1.2.0,renv_lock,67
cran,fastmap,1.1.1,renv_lock,29
cran,fastmap,1.1.0,renv_lock,16
cran,fastmap,1.1.1,description,9
cran,fastmap,1.2.0,description,8
cran,fastmap,1.1.0,description,6
cran,fastmap,1.0.1,description,1
cran,fastmap,1.2.0,install,1
cran,fastmatch,1.1-4,renv_lock,3
cran,fastmatch,1.1-6,renv_lock,2
cran,fastmatch,1.1-0,renv_lock,2
cran,fastmatch,1.1-3,description,1
cran,fastmatch,1.1-8,renv_lock,1
cran,fastmatch,1.1-3,renv_lock,1
cran,fastplm,1.0.8,description,1
cran,fcrat,0.1.1,description,1
cran,feather,0.4.0,description,1
cran,feather,0.3.4,description,1
cran,feather,0.3.5,description,1
cran,fect,1.0.0,renv_lock,2
cran,fect,2.0.1,description,1
cran,fect,0.4.1,description,1
cran,fect,1.0.0,description,1
cran,fields,12.5,renv_lock,1
cran,fields,12.5,description,1
cran,fields,13.3,renv_lock,1
cran,filehash,2.4-5,renv_lock,3
cran,filehash,2.4-5,description,3
cran,filehash,2.4-6,renv_lock,2
cran,filehash,2.4-6,description,1
cran,filelock,1.0.3,description,1
cran,filesstrings,3.4.0,renv_lock,2
cran,filesstrings,3.2.4,description,2
cran,filesstrings,3.4.0,install,1
cran,filesstrings,3.2.3,description,1
cran,filesstrings,3.4.0,description,1
cran,filesstrings,3.2.4,renv_lock,1
cran,fillMatrix,0.1,description,1
cran,fixest,0.12.1,renv_lock,21
cran,fixest,0.13.2,renv_lock,9
cran,fixest,0.11.2,renv_lock,3
cran,fixest,0.11.1,renv_lock,3
cran,fixest,0.12.1,description,3
cran,fixest,0.12.0,renv_lock,3
cran,fixest,0.14.0,renv_lock,3
cran,fixest,0.10.4,description,2
cran,fixest,0.10.4,renv_lock,2
cran,fixest,0.12.0,description,2
cran,fixest,0.14.1,renv_lock,2
cran,fixest,0.11.2,description,2
cran,fixest,0.11.1,install,1
cran,fixest,0.10.1,description,1
cran,fixest,0.4.1,description,1
cran,fixest,0.10.1,renv_lock,1
cran,fixest,0.11.0,description,1
cran,fixest,0.12.0,install,1
cran,fixest,0.11.1,description,1
cran,fixest,0.13.3,renv_lock,1
cran,fixest,0.14.2,renv_lock,1
cran,fixest,0.12.1,install,1
cran,flashClust,1.01-2,renv_lock,2
cran,flashClust,1.01-2,description,1
cran,flexmix,2.3-19,renv_lock,2
cran,flexmix,2.3-19,description,1
cran,flexmix,2.3-18,description,1
cran,flexmix,2.3-18,renv_lock,1
cran,flexmix,2.3-17,renv_lock,1
cran,flextable,0.9.11,renv_lock,1
cran,flextable,0.6.9,renv_lock,1
cran,float,0.3-3,renv_lock,2
cran,float,0.2-6,renv_lock,1
cran,float,0.3-2,description,1
cran,fontBitstreamVera,0.1.1,renv_lock,3
cran,fontBitstreamVera,0.1.1,description,1
cran,fontLiberation,0.1.0,renv_lock,3
cran,fontLiberation,0.1.0,description,1
cran,fontawesome,0.5.3,renv_lock,52
cran,fontawesome,0.5.2,renv_lock,28
cran,fontawesome,0.5.1,renv_lock,9
cran,fontawesome,0.5.3,description,7
cran,fontawesome,0.5.2,description,5
cran,fontawesome,0.2.2,renv_lock,1
cran,fontawesome,0.4.0,renv_lock,1
cran,fontawesome,0.5.3,install,1
cran,fontawesome,0.2.2,description,1
cran,fontawesome,0.5.0,renv_lock,1
cran,fontawesome,0.3.0,renv_lock,1
cran,fontcm,1.1,renv_lock,4
cran,fontquiver,0.2.1,renv_lock,3
cran,fontquiver,0.2.1,description,1
cran,foo,1.0.0,description,1
cran,forcats,1.0.0,renv_lock,70
cran,forcats,1.0.1,renv_lock,22
cran,forcats,0.5.1,renv_lock,16
cran,forcats,1.0.0,description,12
cran,forcats,0.5.1,description,4
cran,forcats,1.0.0,install,3
cran,forcats,1.0.1,description,2
cran,forcats,0.5.0,description,2
cran,forcats,0.4.0,renv_lock,2
cran,forcats,0.5.2,description,2
cran,forcats,0.5.0,renv_lock,2
cran,forcats,0.5.2,renv_lock,1
cran,forcats,0.3.0,description,1
cran,foreach,1.5.2,renv_lock,44
cran,foreach,1.5.2,description,13
cran,foreach,1.5.2,install,5
cran,foreach,1.5.1,description,4
cran,foreach,1.5.1,renv_lock,4
cran,foreach,1.4.7,renv_lock,2
cran,foreach,1.4.7,description,1
cran,foreach,1.5.0,description,1
cran,forecast,9.0.1,renv_lock,6
cran,forecast,9.0.0,renv_lock,2
cran,forecast,8.23.0,renv_lock,1
cran,forecast,8.21.1,description,1
cran,forecast,9.0.2,description,1
cran,foreign,0.8-86,renv_lock,9
cran,foreign,0.8-90,renv_lock,6
cran,foreign,0.8-91,renv_lock,3
cran,foreign,0.8-80,renv_lock,3
cran,foreign,0.8-83,renv_lock,3
cran,foreign,0.8-87,renv_lock,3
cran,foreign,0.8-82,renv_lock,3
cran,foreign,0.8-88,renv_lock,3
cran,foreign,0.8-81,renv_lock,3
cran,foreign,0.8-85,renv_lock,2
cran,foreign,0.8-84,renv_lock,2
cran,foreign,0.8-86,install,2
cran,foreign,0.8-67,description,2
cran,foreign,0.8-86,description,2
cran,foreign,0.8-81,description,2
cran,foreign,0.8-71,renv_lock,2
cran,foreign,0.8-83,install,1
cran,foreign,0.8-84,description,1
cran,foreign,0.8.81,install,1
cran,foreign,0.8-83,description,1
cran,forestry,0.8.1.0,description,1
cran,formatR,1.14,renv_lock,1
cran,formatR,1.14,description,1
cran,formattable,0.2.1,description,2
cran,formattable,0.2.1,renv_lock,1
cran,formula.tools,1.7.1,renv_lock,2
cran,fpc,2.2-13,renv_lock,2
cran,fpc,2.2-13,description,1
cran,fracdiff,1.5-3,renv_lock,9
cran,fracdiff,1.5-3,description,1
cran,fracdiff,1.5-2,description,1
cran,fredr,2.1.0,renv_lock,2
cran,freetypeharfbuzz,0.2.5,description,1
cran,frenchdata,0.2.0,renv_lock,1
cran,fresh,0.2.0,renv_lock,2
cran,fs,1.6.6,renv_lock,41
cran,fs,1.6.3,renv_lock,20
cran,fs,1.6.4,renv_lock,14
cran,fs,1.5.2,renv_lock,11
cran,fs,1.6.5,renv_lock,11
cran,fs,1.5.0,renv_lock,9
cran,fs,1.6.3,description,6
cran,fs,1.6.2,renv_lock,6
cran,fs,1.6.6,description,5
cran,fs,1.6.5,description,4
cran,fs,2.1.0,renv_lock,4
cran,fs,1.5.2,description,4
cran,fs,1.6.1,description,3
cran,fs,1.6.1,renv_lock,3
cran,fs,1.3.1,renv_lock,2
cran,fs,1.5.0,description,1
cran,fs,1.6.6,install,1
cran,fs,1.4.1,description,1
cran,fs,1.4.2,description,1
cran,fs,1.6.4,description,1
cran,fs,1.6.4,install,1
cran,fst,0.9.8,renv_lock,8
cran,fst,0.9.4,renv_lock,1
cran,fstcore,0.10.0,renv_lock,4
cran,fstcore,0.9.14,renv_lock,3
cran,fstcore,0.9.8,renv_lock,1
cran,functional,0.6,renv_lock,3
cran,furrr,0.3.1,renv_lock,14
cran,furrr,0.4.0,renv_lock,3
cran,furrr,0.2.3,renv_lock,2
cran,furrr,0.3.1,description,1
cran,furrr,0.3.0,renv_lock,1
cran,furrr,0.2.2,renv_lock,1
cran,furrr,0.3.1,install,1
cran,furrr,0.2.3,description,1
cran,futile.logger,1.4.3,renv_lock,1
cran,futile.options,1.0.1,renv_lock,1
cran,future,1.0.0,description,23
cran,future,1.34.0,renv_lock,7
cran,future,1.67.0,renv_lock,5
cran,future,1.33.0,renv_lock,5
cran,future,1.70.0,renv_lock,4
cran,future,1.69.0,renv_lock,4
cran,future,1.40.0,renv_lock,3
cran,future,1.32.0,renv_lock,3
cran,future,1.33.2,renv_lock,3
cran,future,1.49.0,renv_lock,3
cran,future,1.23.0,renv_lock,2
cran,future,1.28.0,renv_lock,2
cran,future,1.34.0,description,2
cran,future,1.75.0,renv_lock,1
cran,future,1.69.0,description,1
cran,future,1.23.0,description,1
cran,future,1.26.1,description,1
cran,future,1.25.0,renv_lock,1
cran,future,1.58.0,description,1
cran,future,1.33.0,description,1
cran,future,1.26.1,renv_lock,1
cran,future,1.24.0,renv_lock,1
cran,future.apply,1.11.3,renv_lock,5
cran,future.apply,1.20.2,renv_lock,4
cran,future.apply,1.20.0,renv_lock,4
cran,future.apply,1.11.0,renv_lock,3
cran,future.apply,1.11.2,renv_lock,3
cran,future.apply,1.11.3,description,2
cran,future.apply,1.20.1,renv_lock,2
cran,future.apply,1.8.1,renv_lock,2
cran,future.apply,1.11.0,description,1
cran,future.apply,1.20.2,description,1
cran,future.apply,1.9.1,renv_lock,1
cran,future.apply,1.10.0,renv_lock,1
cran,future.apply,1.8.1,description,1
cran,future.apply,1.20.0,description,1
cran,future.apply,1.9.0,description,1
cran,future.callr,0.8.2,renv_lock,3
cran,future.callr,0.10.1,renv_lock,1
cran,future.callr,0.8.2,description,1
cran,future.callr,0.10.2,renv_lock,1
cran,future.callr,0.8.1,renv_lock,1
cran,fuzzyforest,1.0.6,description,1
cran,fuzzyjoin,0.1.6,renv_lock,2
cran,fuzzyjoin,0.1.6.1,description,1
cran,fuzzyjoin,0.1.6,description,1
cran,fwildclusterboot,0.14.3,renv_lock,1
cran,fwildclusterboot,0.13.0,renv_lock,1
cran,gam,1.22-5,description,1
cran,gam,1.22-5,renv_lock,1
cran,gam,1.19,description,1
cran,gamlss,5.4-12,renv_lock,2
cran,gamlss,5.4-12,description,2
cran,gamlss,5.4-22,renv_lock,1
cran,gamlss.data,6.0-2,description,2
cran,gamlss.data,6.0-2,renv_lock,2
cran,gamlss.data,6.0-6,renv_lock,1
cran,gamlss.dist,6.0-5,renv_lock,2
cran,gamlss.dist,6.0-5,description,2
cran,gamlss.dist,6.1-1,renv_lock,1
cran,gamm4,0.2-6,renv_lock,1
cran,gamm4,0.2-5,renv_lock,1
cran,gamsr,0.0.6.1,renv_lock,1
cran,gapminder,1.0.1,renv_lock,1
cran,gargle,1.5.2,renv_lock,44
cran,gargle,1.2.0,renv_lock,11
cran,gargle,1.6.1,renv_lock,10
cran,gargle,1.6.0,renv_lock,9
cran,gargle,1.5.2,description,5
cran,gargle,1.4.0,renv_lock,4
cran,gargle,1.1.0,renv_lock,2
cran,gargle,1.2.1,description,2
cran,gargle,1.2.0,description,2
cran,gargle,1.6.1,description,1
cran,gargle,1.2.1,renv_lock,1
cran,gargle,1.5.1,renv_lock,1
cran,gargle,1.6.0,description,1
cran,gargle,1.3.0,description,1
cran,gaussquad,1.0-3,renv_lock,1
cran,gbm,2.2.2,description,1
cran,gbutils,0.5.1,renv_lock,1
cran,gclus,1.3.2,renv_lock,1
cran,gclus,1.3.2,description,1
cran,gcookbook,2.0.1,description,1
cran,gdalUtils,2.0.3.2,renv_lock,1
cran,gdalUtils,2.0.3.2,description,1
cran,gdata,2.18.0,description,3
cran,gdata,3.0.1,renv_lock,2
cran,gdata,2.18.0.1,renv_lock,2
cran,gdata,2.18.0,renv_lock,2
cran,gdata,2.18.0.1,description,1
cran,gdata,2.18.0,install,1
cran,gdistance,1.6.5,renv_lock,1
cran,gdtools,0.4.2,renv_lock,2
cran,gdtools,0.2.2,description,1
cran,gdtools,0.2.1,description,1
cran,gdtools,0.2.3,renv_lock,1
cran,gdtools,0.5.0,renv_lock,1
cran,gdxrrw,1.0.5,description,1
cran,gdxrrw,1.0.10,renv_lock,1
cran,geepack,1.3.12,renv_lock,1
cran,genderBR,1.1.0,description,1
cran,generics,0.1.3,renv_lock,71
cran,generics,0.1.4,renv_lock,44
cran,generics,0.1.3,description,17
cran,generics,0.1.0,renv_lock,5
cran,generics,0.1.1,renv_lock,4
cran,generics,0.1.2,renv_lock,4
cran,generics,0.0.2,renv_lock,4
cran,generics,0.1.4,description,3
cran,generics,0.0.2,description,2
cran,generics,0.1.0,description,2
cran,generics,0.1.2,description,1
cran,generics,0.1.1,description,1
cran,generics,0.1.3,install,1
cran,geobr,1.6.1,renv_lock,1
cran,geodata,0.6-2,renv_lock,1
cran,geodist,0.1.0,renv_lock,1
cran,geodist,0.1.1,renv_lock,1
cran,geodist,0.1.0,description,1
cran,geojson,0.3.4,description,1
cran,geojson,0.3.2,description,1
cran,geojsonio,0.9.2,description,1
cran,geojsonio,0.10.0,description,1
cran,geojsonlint,0.4.0,description,2
cran,geojsonsf,2.0.3,renv_lock,8
cran,geojsonsf,2.0.5,renv_lock,3
cran,geojsonsf,2.0.3,description,1
cran,geojsonsf,1.3.3,description,1
cran,geomander,2.3.0,renv_lock,2
cran,geomander,2.2.1,renv_lock,1
cran,geometries,0.2.4,renv_lock,5
cran,geometries,0.2.5,renv_lock,3
cran,geometries,0.2.3,renv_lock,3
cran,geometries,0.2.2,description,1
cran,geometry,0.4.5,install,1
cran,geomtextpath,0.1.4,renv_lock,1
cran,geomtextpath,0.1.5,renv_lock,1
cran,geos,0.2.4,renv_lock,2
cran,geos,0.2.3,renv_lock,1
cran,geosphere,1.5-18,renv_lock,4
cran,geosphere,1.5-18,description,2
cran,geosphere,1.5-20,description,2
cran,geosphere,1.5-20,renv_lock,2
cran,geosphere,1.5-18,install,1
cran,gert,2.1.4,description,2
cran,gert,2.0.1,renv_lock,2
cran,gert,2.3.1,renv_lock,2
cran,gert,1.4.3,renv_lock,1
cran,gert,2.1.5,renv_lock,1
cran,gert,1.4.3,description,1
cran,gert,1.9.3,renv_lock,1
cran,gert,2.1.0,description,1
cran,gert,1.9.2,renv_lock,1
cran,gert,1.4.0,description,1
cran,gert,2.0.1,install,1
cran,gert,2.1.1,renv_lock,1
cran,gert,2.3.1,description,1
cran,gesisdata,0.1.2,renv_lock,1
cran,ggExtra,0.10.1,renv_lock,2
cran,ggalluvial,0.12.5,renv_lock,2
cran,ggbeeswarm,0.7.2,renv_lock,4
cran,ggbrace,0.1.0,description,1
cran,ggbrace,0.1.0,renv_lock,1
cran,ggcorrplot,0.1.4.1,renv_lock,2
cran,ggcorrplot,0.1.4,renv_lock,1
cran,ggdist,3.3.3,renv_lock,3
cran,ggdist,3.3.2,renv_lock,1
cran,ggdist,3.0.0,renv_lock,1
cran,ggeffects,2.3.2,renv_lock,2
cran,ggeffects,2.3.1,renv_lock,2
cran,ggeffects,0.12.0,renv_lock,2
cran,ggeffects,1.7.0,renv_lock,1
cran,ggeffects,1.5.0,renv_lock,1
cran,ggeffects,1.5.0,description,1
cran,ggeffects,1.7.1,renv_lock,1
cran,ggfixest,0.3.0,renv_lock,1
cran,ggforce,0.5.0,renv_lock,3
cran,ggforce,0.4.2,renv_lock,2
cran,ggforce,0.3.3,renv_lock,1
cran,ggfun,0.1.8,renv_lock,1
cran,ggh4x,0.3.1,renv_lock,3
cran,ggh4x,0.2.3,install,1
cran,ggh4x,0.2.8,renv_lock,1
cran,ggh4x,0.2.5,renv_lock,1
cran,ggh4x,0.3.0,description,1
cran,gghalves,0.1.4,description,2
cran,gghalves,0.1.4,renv_lock,2
cran,gghighlight,0.4.1,renv_lock,1
cran,ggimage,0.3.3,renv_lock,1
cran,gginnards,0.1.1,description,2
cran,gginnards,0.2.0-1,description,1
cran,ggmap,4.0.2,renv_lock,1
cran,ggmcmc,1.5.1.1,renv_lock,1
cran,ggparliament,2.0.0,renv_lock,1
cran,ggpattern,1.3.0-1,renv_lock,1
cran,ggpattern,1.2.1,renv_lock,1
cran,ggpattern,1.1.4,renv_lock,1
cran,ggplot2,3.5.2,renv_lock,24
cran,ggplot2,3.5.1,renv_lock,23
cran,ggplot2,4.0.1,renv_lock,11
cran,ggplot2,4.0.2,renv_lock,11
cran,ggplot2,3.4.2,renv_lock,9
cran,ggplot2,3.4.3,renv_lock,7
cran,ggplot2,4.0.0,renv_lock,7
cran,ggplot2,3.3.5,renv_lock,7
cran,ggplot2,3.4.4,renv_lock,7
cran,ggplot2,3.3.6,install,6
cran,ggplot2,3.5.1,description,6
cran,ggplot2,3.4.4,description,6
cran,ggplot2,3.5.0,renv_lock,5
cran,ggplot2,3.3.6,renv_lock,4
cran,ggplot2,4.0.3,renv_lock,4
cran,ggplot2,3.5.1,install,4
cran,ggplot2,3.3.5,description,4
cran,ggplot2,2.2.1,description,3
cran,ggplot2,3.4.0,renv_lock,2
cran,ggplot2,3.2.1,description,2
cran,ggplot2,3.4.3,install,2
cran,ggplot2,3.5.2,description,2
cran,ggplot2,3.4.2,description,2
cran,ggplot2,3.2.1,renv_lock,2
cran,ggplot2,3.4.1,renv_lock,2
cran,ggplot2,3.3.3,renv_lock,2
cran,ggplot2,3.3.2,renv_lock,2
cran,ggplot2,3.4.4,install,2
cran,ggplot2,3.3.2,description,1
cran,ggplot2,3.5.0,description,1
cran,ggplot2,3.3.3,description,1
cran,ggplot2,3.5.2,install,1
cran,ggplot2,4.0.1,install,1
cran,ggplot2,3.5.1.9000,renv_lock,1
cran,ggplot2,4.0.1,description,1
cran,ggplot2,3.4.1,description,1
cran,ggplot2,3.4.3,description,1
cran,ggplot2,2.1.0,description,1
cran,ggplot2,4.0.2,description,1
cran,ggplot2,3.3.0,description,1
cran,ggplot2,3.3.4,renv_lock,1
cran,ggplot2,3.3.0,install,1
cran,ggplot2,3.4.0,description,1
cran,ggplot2movies,0.0.1,description,3
cran,ggplotify,0.1.2,renv_lock,5
cran,ggplotify,0.1.3,renv_lock,1
cran,ggpmisc,0.7.0,renv_lock,1
cran,ggpolypath,0.1.0,description,1
cran,ggpp,0.6.1,renv_lock,1
cran,ggprism,1.0.6,renv_lock,1
cran,ggprism,1.0.4,renv_lock,1
cran,ggpubr,0.6.0,renv_lock,16
cran,ggpubr,0.6.2,renv_lock,6
cran,ggpubr,0.6.0,description,5
cran,ggpubr,0.4.0,renv_lock,3
cran,ggpubr,0.6.0,install,3
cran,ggpubr,0.4.0,install,2
cran,ggpubr,0.6.1,renv_lock,2
cran,ggpubr,0.6.3,renv_lock,2
cran,ggpubr,0.1.6,description,1
cran,ggraph,2.2.1,renv_lock,1
cran,ggraph,2.0.5,install,1
cran,ggrastr,1.0.2,renv_lock,1
cran,ggredist,0.0.3,renv_lock,1
cran,ggrepel,0.9.6,renv_lock,19
cran,ggrepel,0.9.5,renv_lock,9
cran,ggrepel,0.9.3,renv_lock,8
cran,ggrepel,0.9.1,renv_lock,3
cran,ggrepel,0.9.8,renv_lock,2
cran,ggrepel,0.8.2,renv_lock,2
cran,ggrepel,0.9.6,description,2
cran,ggrepel,0.9.7,renv_lock,2
cran,ggrepel,0.8.1,renv_lock,2
cran,ggrepel,0.9.3,description,2
cran,ggrepel,0.8.0,description,1
cran,ggrepel,0.9.3,install,1
cran,ggrepel,0.9.7,description,1
cran,ggrepel,0.9.5,description,1
cran,ggrepel,0.9.2,renv_lock,1
cran,ggridges,0.5.6,renv_lock,9
cran,ggridges,0.5.4,renv_lock,3
cran,ggridges,0.5.3,renv_lock,2
cran,ggridges,0.5.4,description,1
cran,ggridges,0.5.6,description,1
cran,ggridges,0.5.3,install,1
cran,ggsankey,0.0.99999,renv_lock,1
cran,ggsci,3.2.0,renv_lock,6
cran,ggsci,2.9,renv_lock,6
cran,ggsci,4.2.0,renv_lock,6
cran,ggsci,3.0.0,renv_lock,3
cran,ggsci,2.9,description,3
cran,ggsci,3.0.3,renv_lock,3
cran,ggsci,4.1.0,renv_lock,2
cran,ggsci,3.0.1,description,1
cran,ggsci,5.0.0,renv_lock,1
cran,ggsci,3.0.1,renv_lock,1
cran,ggsci,3.1.0,renv_lock,1
cran,ggsci,3.2.0,description,1
cran,ggsflabel,0.0.1,renv_lock,1
cran,ggsignif,0.6.4,renv_lock,26
cran,ggsignif,0.6.4,description,5
cran,ggsignif,0.6.3,renv_lock,2
cran,ggsignif,0.4.0,description,1
cran,ggsignif,0.6.1,renv_lock,1
cran,ggspatial,1.1.9,renv_lock,3
cran,ggstance,0.3.6,renv_lock,2
cran,ggstance,0.3.7,renv_lock,2
cran,ggstance,0.3.5,renv_lock,1
cran,ggstats,0.6.0,renv_lock,2
cran,ggstats,0.8.0,description,1
cran,ggstats,0.5.1,renv_lock,1
cran,ggstats,0.8.0,renv_lock,1
cran,ggtext,0.1.2,renv_lock,6
cran,ggtext,0.1.1,renv_lock,1
cran,ggthemes,4.2.4,renv_lock,9
cran,ggthemes,5.1.0,renv_lock,7
cran,ggthemes,4.2.4,description,5
cran,ggthemes,4.2.0,description,3
cran,ggthemes,5.2.0,renv_lock,2
cran,ggthemes,5.1.0,description,1
cran,ggthemes,3.5.0,description,1
cran,gh,1.4.1,renv_lock,4
cran,gh,1.4.1,description,3
cran,gh,1.5.0,renv_lock,2
cran,gh,1.3.0,description,2
cran,gh,1.4.0,renv_lock,2
cran,gh,1.5.0,description,1
cran,gh,1.4.1,install,1
cran,gh,1.3.0,renv_lock,1
cran,git2r,0.33.0,description,1
cran,gitcreds,0.1.2,renv_lock,8
cran,gitcreds,0.1.2,description,4
cran,gitcreds,0.1.1,description,2
cran,gitcreds,0.1.1,renv_lock,1
cran,gitcreds,0.1.2,install,1
cran,gld,2.6.8,renv_lock,3
cran,gld,2.6.6,renv_lock,2
cran,gld,2.6.7,renv_lock,1
cran,glm.predict,4.2-0,renv_lock,1
cran,glm.predict,4.2-0,description,1
cran,glmmTMB,0.2.3,renv_lock,2
cran,glmnet,4.1-8,renv_lock,10
cran,glmnet,4.1-10,renv_lock,7
cran,glmnet,4.1-8,description,5
cran,glmnet,4.1-3,renv_lock,2
cran,glmnet,4.1-1,description,2
cran,glmnet,4.1-7,renv_lock,2
cran,glmnet,4.1-3,description,1
cran,glmnet,4.1-1,renv_lock,1
cran,glmnet,2.0-18,install,1
cran,glmnet,4.1-10,install,1
cran,glmnet,4.1-9,description,1
cran,globals,0.16.3,renv_lock,11
cran,globals,0.18.0,renv_lock,8
cran,globals,0.16.2,renv_lock,8
cran,globals,0.19.1,renv_lock,6
cran,globals,0.19.0,renv_lock,4
cran,globals,0.14.0,renv_lock,3
cran,globals,0.16.1,renv_lock,2
cran,globals,0.15.0,renv_lock,2
cran,globals,0.16.3,description,2
cran,globals,0.17.0,renv_lock,2
cran,globals,0.18.0,description,1
cran,globals,0.14.0,description,1
cran,globals,0.15.0,description,1
cran,globals,0.16.2,description,1
cran,globals,0.19.1,description,1
cran,glue,1.8.0,renv_lock,62
cran,glue,1.6.2,renv_lock,36
cran,glue,1.7.0,renv_lock,24
cran,glue,1.6.2,description,13
cran,glue,1.8.0,description,7
cran,glue,1.4.2,renv_lock,7
cran,glue,1.7.0,description,6
cran,glue,1.8.1,renv_lock,3
cran,glue,1.2.0,description,3
cran,glue,1.3.1,renv_lock,2
cran,glue,1.6.0,renv_lock,2
cran,glue,1.4.2,install,1
cran,glue,1.5.0,renv_lock,1
cran,glue,1.4.1,description,1
cran,glue,1.4.2,description,1
cran,glue,1.3.1,description,1
cran,glue,1.6.0,description,1
cran,glue,1.4.0,description,1
cran,glue,1.7.0,install,1
cran,gmodels,2.18.1,description,3
cran,gmp,0.7-5,renv_lock,2
cran,gmp,0.7-4,description,1
cran,gmp,0.6-2,renv_lock,1
cran,gmp,0.7-5,description,1
cran,gmp,0.7-3,description,1
cran,gmp,0.7-5.1,renv_lock,1
cran,gmp,0.7-2,description,1
cran,gnm,1.1-5,renv_lock,1
cran,goftest,1.2-2,renv_lock,2
cran,goftest,1.2-3,renv_lock,2
cran,googlePolylines,0.7.2,description,1
cran,googledrive,2.1.1,renv_lock,45
cran,googledrive,2.1.2,renv_lock,19
cran,googledrive,2.0.0,renv_lock,12
cran,googledrive,2.0.0,description,5
cran,googledrive,2.1.1,description,5
cran,googledrive,2.1.0,renv_lock,4
cran,googledrive,1.0.1,renv_lock,2
cran,googledrive,2.1.2,description,2
cran,googlesheets4,1.1.1,renv_lock,45
cran,googlesheets4,1.1.2,renv_lock,19
cran,googlesheets4,1.0.0,renv_lock,10
cran,googlesheets4,1.1.1,description,5
cran,googlesheets4,1.1.0,renv_lock,4
cran,googlesheets4,1.0.1,description,3
cran,googlesheets4,1.0.0,description,2
cran,googlesheets4,1.0.1,renv_lock,2
cran,googlesheets4,0.3.0,renv_lock,2
cran,googlesheets4,1.1.2,description,2
cran,gower,1.0.2,renv_lock,6
cran,gower,1.0.1,renv_lock,5
cran,gower,0.2.2,renv_lock,2
cran,gower,1.0.2,description,2
cran,gower,1.0.1,description,2
cran,gower,1.0.0,description,1
cran,gower,1.0.0,renv_lock,1
cran,gower,0.2.2,description,1
cran,gplots,3.2.0,renv_lock,3
cran,gplots,3.1.3,renv_lock,2
cran,gplots,3.1.3.1,renv_lock,1
cran,gplots,3.1.3,description,1
cran,gplots,3.2.0,description,1
cran,grDevices,4.1.1,description,1
cran,graphics,4.1.1,description,1
cran,graphlayouts,1.1.1,renv_lock,1
cran,grateful,0.2.10,renv_lock,1
cran,grateful,0.2.10,description,1
cran,gratia,0.2-8,renv_lock,1
cran,gretlR,0.1.4,renv_lock,1
cran,grf,2.4.0,renv_lock,1
cran,grf,2.5.0,description,1
cran,grf,2.3.1,install,1
cran,grf,2.5.0,renv_lock,1
cran,grf,2.0.2,renv_lock,1
cran,grf,1.2.0,renv_lock,1
cran,grf,2.3.2,install,1
cran,grid,4.1.1,description,1
cran,gridExtra,2.3,renv_lock,78
cran,gridExtra,2.3,description,20
cran,gridExtra,2.2.1,description,2
cran,gridExtra,2.3,install,2
cran,gridExtra,0.9.1,description,1
cran,gridGraphics,0.5-1,renv_lock,6
cran,gridSVG,1.7-5,description,1
cran,gridpattern,1.3.1,renv_lock,3
cran,gridtext,0.1.5,renv_lock,6
cran,gridtext,0.1.4,renv_lock,1
cran,gss,2.2-10,renv_lock,1
cran,gstat,2.0-8,renv_lock,1
cran,gstat,2.0-5,description,1
cran,gstat,2.0-8,description,1
cran,gsubfn,0.7,renv_lock,1
cran,gsynth,1.2.1,renv_lock,1
cran,gsynth,1.1.7,description,1
cran,gsynth,1.0.2,install,1
cran,gsynth,1.0,description,1
cran,gsynth,1.0.9,description,1
cran,gt,1.0.0,renv_lock,3
cran,gt,0.9.0,renv_lock,3
cran,gt,1.3.0,renv_lock,2
cran,gt,0.8.0,description,2
cran,gt,0.3.1,renv_lock,1
cran,gt,1.1.0,renv_lock,1
cran,gt,0.11.0,renv_lock,1
cran,gt,0.2.0.5,description,1
cran,gt,0.10.1,install,1
cran,gt,0.11.1,description,1
cran,gt,0.10.0,renv_lock,1
cran,gt,0.11.0,install,1
cran,gtable,0.3.6,renv_lock,65
cran,gtable,0.3.0,renv_lock,19
cran,gtable,0.3.4,renv_lock,18
cran,gtable,0.3.5,renv_lock,16
cran,gtable,0.3.3,renv_lock,8
cran,gtable,0.3.4,description,8
cran,gtable,0.3.0,description,8
cran,gtable,0.3.6,description,6
cran,gtable,0.2.0,description,4
cran,gtable,0.3.1,renv_lock,4
cran,gtable,0.3.1,description,3
cran,gtable,0.3.5,description,2
cran,gtable,0.3.6,install,1
cran,gtable,0.3.3,description,1
cran,gtools,3.9.5,renv_lock,17
cran,gtools,3.9.4,renv_lock,8
cran,gtools,3.9.4,description,4
cran,gtools,3.8.2,renv_lock,2
cran,gtools,3.9.2,renv_lock,2
cran,gtools,3.9.3,renv_lock,2
cran,gtools,3.8.2,description,2
cran,gtools,3.9.5,description,1
cran,gtools,3.9.2,description,1
cran,gtools,3.8.1,description,1
cran,gtsummary,2.2.0,renv_lock,1
cran,gtsummary,1.7.2,renv_lock,1
cran,gtsummary,2.5.0,renv_lock,1
cran,gtsummary,1.7.2,install,1
cran,gurobi,12.0-2,renv_lock,1
cran,h2o,3.40.0.4,renv_lock,1
cran,halloween,1.0.0,description,50
cran,hapr,0.0.0.9000,description,1
cran,hardhat,1.4.2,renv_lock,4
cran,hardhat,1.4.0,renv_lock,3
cran,hardhat,1.2.0,renv_lock,2
cran,hardhat,1.3.0,renv_lock,2
cran,hardhat,1.4.2,description,2
cran,hardhat,0.2.0,description,1
cran,hardhat,1.4.3,renv_lock,1
cran,hardhat,0.1.6,description,1
cran,hardhat,1.3.0,description,1
cran,hardhat,0.1.6,renv_lock,1
cran,hardhat,1.4.1,description,1
cran,hash,2.2.6.3,renv_lock,1
cran,haven,2.5.4,renv_lock,42
cran,haven,2.5.5,renv_lock,28
cran,haven,2.5.3,renv_lock,11
cran,haven,2.4.3,renv_lock,7
cran,haven,2.5.4,description,6
cran,haven,2.5.0,renv_lock,5
cran,haven,2.5.5,description,4
cran,haven,2.5.2,renv_lock,4
cran,haven,2.4.3,description,4
cran,haven,2.3.1,renv_lock,3
cran,haven,2.5.4,install,3
cran,haven,2.5.1,description,2
cran,haven,2.5.3,description,2
cran,haven,2.4.1,renv_lock,2
cran,haven,2.5.1,renv_lock,2
cran,haven,2.3.1,description,2
cran,haven,2.2.0,renv_lock,1
cran,haven,1.1.0,install,1
cran,haven,2.2.0,description,1
cran,haven,2.5.2,description,1
cran,haven,2.5.3,install,1
cran,haven,2.3.0,install,1
cran,haven,2.5.1,install,1
cran,haven,1.1.1,description,1
cran,haven,2.4.2,renv_lock,1
cran,haven,2.5.0,description,1
cran,haven,2.1.0,install,1
cran,haven,2.1.1,renv_lock,1
cran,hbal,f9c21e858df8347bf25c7dc48cab534340b90805,install,1
cran,hbamr,1.0.1,description,1
cran,hdm,0.3.2,renv_lock,2
cran,here,1.0.1,renv_lock,32
cran,here,1.0.2,renv_lock,8
cran,here,0.1,renv_lock,2
cran,here,1.0.1,description,1
cran,hexbin,1.28.5,description,1
cran,hexbin,1.28.4,renv_lock,1
cran,hexbin,1.28.2,description,1
cran,highr,0.11,renv_lock,63
cran,highr,0.10,renv_lock,27
cran,highr,0.9,renv_lock,16
cran,highr,0.10,description,9
cran,highr,0.11,description,9
cran,highr,0.12,renv_lock,6
cran,highr,0.8,renv_lock,5
cran,highr,0.8,description,3
cran,highr,0.9,description,3
cran,highr,0.6,description,2
cran,highr,0.12,description,1
cran,highr,0.11,install,1
cran,highs,1.10.0-3,renv_lock,1
cran,hipread,0.2.4,renv_lock,1
cran,hlc,0.1.0,description,1
cran,hms,1.1.3,renv_lock,75
cran,hms,1.1.4,renv_lock,25
cran,hms,1.1.3,description,11
cran,hms,1.1.1,renv_lock,9
cran,hms,1.1.2,renv_lock,5
cran,hms,1.1.0,renv_lock,5
cran,hms,1.1.2,description,4
cran,hms,0.5.3,renv_lock,3
cran,hms,1.1.0,description,2
cran,hms,1.1.1,description,2
cran,hms,1.1.4,description,2
cran,hms,0.5.3,description,2
cran,hms,1.0.0,description,1
cran,hms,1.0.0,renv_lock,1
cran,hms,1.1.3,install,1
cran,hms,0.5.1,renv_lock,1
cran,hms,0.4.2,description,1
cran,hot.deck,1.2,renv_lock,2
cran,hot.deck,1.2,description,1
cran,housingData,0.3.0,renv_lock,1
cran,hrbrthemes,0.8.7,renv_lock,2
cran,hrbrthemes,0.8.0,description,1
cran,htmlTable,2.4.3,renv_lock,10
cran,htmlTable,2.4.1,renv_lock,5
cran,htmlTable,2.4.1,description,3
cran,htmlTable,2.4.2,renv_lock,3
cran,htmlTable,2.0.1,renv_lock,2
cran,htmlTable,2.4.0,description,1
cran,htmlTable,2.2.1,renv_lock,1
cran,htmlTable,1.12,description,1
cran,htmlTable,2.2.1,description,1
cran,htmlTable,2.5.0,renv_lock,1
cran,htmlTable,2.1.0,description,1
cran,htmlTable,2.4.2,description,1
cran,htmlTable,2.4.0,renv_lock,1
cran,htmlTable,2.4.3,description,1
cran,htmltools,0.5.8.1,renv_lock,49
cran,htmltools,0.5.9,renv_lock,20
cran,htmltools,0.5.2,renv_lock,8
cran,htmltools,0.5.5,renv_lock,8
cran,htmltools,0.5.6,renv_lock,7
cran,htmltools,0.5.8.1,description,6
cran,htmltools,0.5.4,description,5
cran,htmltools,0.5.4,renv_lock,5
cran,htmltools,0.5.1.1,renv_lock,4
cran,htmltools,0.5.7,renv_lock,4
cran,htmltools,0.5.3,renv_lock,3
cran,htmltools,0.5.2,description,3
cran,htmltools,0.5.7,description,3
cran,htmltools,0.5.8,renv_lock,3
cran,htmltools,0.3.6,renv_lock,2
cran,htmltools,0.5.9,description,2
cran,htmltools,0.5.6.1,description,2
cran,htmltools,0.5.0,renv_lock,2
cran,htmltools,0.5.6.1,renv_lock,2
cran,htmltools,0.4.0,description,1
cran,htmltools,0.5.0,description,1
cran,htmltools,0.5.8.1,install,1
cran,htmltools,0.5.6,description,1
cran,htmltools,0.5.1.1,description,1
cran,htmltools,0.3.6,description,1
cran,htmlwidgets,1.6.4,renv_lock,36
cran,htmlwidgets,1.6.2,renv_lock,9
cran,htmlwidgets,1.5.4,renv_lock,5
cran,htmlwidgets,1.6.4,description,5
cran,htmlwidgets,1.5.3,renv_lock,3
cran,htmlwidgets,1.6.2,description,3
cran,htmlwidgets,1.5.1,renv_lock,2
cran,htmlwidgets,1.5.3,description,2
cran,htmlwidgets,1.5.4,description,2
cran,htmlwidgets,1.6.4,install,1
cran,htmlwidgets,1.3,renv_lock,1
cran,htmlwidgets,1.6.1,description,1
cran,htmlwidgets,1.5.1,description,1
cran,htmlwidgets,1.2,description,1
cran,htmlwidgets,1.6.1,renv_lock,1
cran,httpcode,0.3.0,description,2
cran,httpcode,0.3.0,renv_lock,1
cran,httpgd,2.0.2,renv_lock,1
cran,httpgd,2.0.2,description,1
cran,httpuv,1.6.16,renv_lock,9
cran,httpuv,1.6.15,renv_lock,7
cran,httpuv,1.6.15,description,3
cran,httpuv,1.6.6,renv_lock,2
cran,httpuv,1.6.17,renv_lock,2
cran,httpuv,1.6.9,renv_lock,2
cran,httpuv,1.6.11,renv_lock,2
cran,httpuv,1.5.2,renv_lock,2
cran,httpuv,1.6.12,install,1
cran,httpuv,1.6.5,description,1
cran,httpuv,1.6.14,renv_lock,1
cran,httpuv,1.6.14,description,1
cran,httpuv,1.6.13,renv_lock,1
cran,httpuv,1.6.3,renv_lock,1
cran,httpuv,1.6.16,description,1
cran,httpuv,1.6.12,renv_lock,1
cran,httpuv,1.5.5,renv_lock,1
cran,httpuv,1.5.2,description,1
cran,httpuv,1.6.11,description,1
cran,httpuv,1.6.15,install,1
cran,httr,1.4.7,renv_lock,72
cran,httr,1.4.2,renv_lock,12
cran,httr,1.4.7,description,12
cran,httr,1.4.8,renv_lock,10
cran,httr,1.4.6,renv_lock,5
cran,httr,1.4.2,description,4
cran,httr,1.4.4,renv_lock,3
cran,httr,1.4.3,renv_lock,3
cran,httr,1.4.1,renv_lock,2
cran,httr,1.4.4,description,2
cran,httr,1.4.5,renv_lock,1
cran,httr,1.4.1,description,1
cran,httr,1.4.5,description,1
cran,httr,1.4.7,install,1
cran,httr,1.4.8,description,1
cran,httr2,1.1.0,description,2
cran,httr2,1.2.2,renv_lock,2
cran,httr2,1.1.2,renv_lock,2
cran,httr2,1.0.3,renv_lock,1
cran,httr2,1.2.2,description,1
cran,httr2,0.2.3,renv_lock,1
cran,httr2,1.0.2,description,1
cran,httr2,1.1.0,install,1
cran,httr2,1.0.1,renv_lock,1
cran,httr2,1.1.0,renv_lock,1
cran,httr2,1.0.7,description,1
cran,httr2,0.2.2,renv_lock,1
cran,humaniformat,0.6.0,renv_lock,2
cran,hunspell,3.0.1,renv_lock,1
cran,hunspell,3.0.6,renv_lock,1
cran,hutils,2.0.0,renv_lock,1
cran,huxtable,5.5.2,renv_lock,2
cran,huxtable,5.5.3,description,1
cran,huxtable,5.4.0,renv_lock,1
cran,huxtable,5.5.2,description,1
cran,hypergeo,1.2-14,renv_lock,1
cran,icpsrdata,0.6.1,description,1
cran,icpsrdata,0.6.1,renv_lock,1
cran,idealstan,0.99,renv_lock,1
cran,ids,1.0.1,renv_lock,81
cran,ids,1.0.1,description,11
cran,igoR,0.1.5,description,1
cran,igraph,2.0.3,renv_lock,8
cran,igraph,2.1.4,renv_lock,7
cran,igraph,1.5.1,renv_lock,1
cran,igraph,2.3.3,renv_lock,1
cran,igraph,2.2.1,renv_lock,1
cran,igraph,2.3.0,renv_lock,1
cran,igraph,1.3.4,description,1
cran,igraph,1.4.0,renv_lock,1
cran,igraph,2.1.2,description,1
cran,igraph,1.2.6,install,1
cran,igraph,1.5.0.1,renv_lock,1
cran,igraph,1.3.4,renv_lock,1
cran,igraph,1.2.8,renv_lock,1
cran,igraph,1.6.0,renv_lock,1
cran,iml,0.11.3,renv_lock,1
cran,iml,0.11.3,description,1
cran,imputeTS,3.3,renv_lock,1
cran,ineq,0.2-13,description,1
cran,ineq,0.2-13,renv_lock,1
cran,infdisauction,2025.07.15,description,1
cran,infer,1.0.7,description,1
cran,infer,1.0.7,renv_lock,1
cran,infer,1.0.0,renv_lock,1
cran,infer,1.0.0,description,1
cran,ini,0.3.1,renv_lock,9
cran,ini,0.3.1,description,5
cran,ini,0.3.1,install,1
cran,inline,0.3.19,renv_lock,9
cran,inline,0.3.21,renv_lock,6
cran,inline,0.3.19,description,2
cran,insight,1.4.6,renv_lock,5
cran,insight,1.3.0,renv_lock,4
cran,insight,1.4.2,renv_lock,3
cran,insight,0.19.10,renv_lock,3
cran,insight,0.20.4,renv_lock,3
cran,insight,1.3.1,renv_lock,3
cran,insight,1.4.4,renv_lock,3
cran,insight,1.2.0,renv_lock,3
cran,insight,0.5.0,renv_lock,2
cran,insight,0.19.6,description,2
cran,insight,0.20.1,renv_lock,2
cran,insight,0.20.2,renv_lock,2
cran,insight,1.4.5,renv_lock,1
cran,insight,0.19.3,renv_lock,1
cran,insight,1.0.2,renv_lock,1
cran,insight,0.15.0,renv_lock,1
cran,insight,0.20.5,renv_lock,1
cran,insight,0.19.8,renv_lock,1
cran,insight,0.14.5,renv_lock,1
cran,insight,0.20.3,renv_lock,1
cran,insight,0.19.7,renv_lock,1
cran,insight,1.1.0,renv_lock,1
cran,insight,0.18.8,renv_lock,1
cran,insight,0.19.2,renv_lock,1
cran,insight,1.5.2,renv_lock,1
cran,insight,0.18.8,description,1
cran,insight,0.19.5,renv_lock,1
cran,insight,0.19.6,renv_lock,1
cran,insight,0.20.5,description,1
cran,insight,0.19.8,description,1
cran,insight,1.0.1,renv_lock,1
cran,insight,0.19.0,renv_lock,1
cran,insight,1.0.1,description,1
cran,insight,0.19.0,description,1
cran,interactionTest,1.2,description,1
cran,interactions,1.2.0,renv_lock,1
cran,interactions,1.1.5,renv_lock,1
cran,interflex,1.2.6,renv_lock,4
cran,interflex,1.2.8,renv_lock,1
cran,interflex,1.1.4,description,1
cran,intergraph,2.0-2,renv_lock,1
cran,intergraph,2.0.2,install,1
cran,intergraph,2.0-2,description,1
cran,interp,1.1-3,renv_lock,2
cran,interp,1.1-3,description,2
cran,interp,1.0-33,description,1
cran,interp,1.1-6,renv_lock,1
cran,intervals,0.15.2,description,2
cran,intervals,0.15.2,renv_lock,1
cran,inum,1.0-5,renv_lock,1
cran,invalidpkg,1.0.0,description,1
cran,iotools,0.3-5,renv_lock,1
cran,ipfp,1.0.2,renv_lock,1
cran,ipred,0.9-15,renv_lock,7
cran,ipred,0.9-14,renv_lock,3
cran,ipred,0.9-15,description,3
cran,ipred,0.9-12,description,2
cran,ipred,0.9-13,renv_lock,2
cran,ipred,0.9-12,renv_lock,1
cran,ipred,0.9-14,description,1
cran,ipred,0.9-11,renv_lock,1
cran,ipumsr,0.8.2,renv_lock,1
cran,irr,0.84.1,renv_lock,2
cran,ismev,1.43,renv_lock,1
cran,isoband,0.2.7,renv_lock,85
cran,isoband,0.3.0,renv_lock,24
cran,isoband,0.2.7,description,16
cran,isoband,0.2.5,renv_lock,11
cran,isoband,0.2.4,renv_lock,5
cran,isoband,0.2.5,description,3
cran,isoband,0.3.0,description,2
cran,isoband,0.2.2,renv_lock,2
cran,isoband,0.2.2,description,1
cran,isoband,0.2.4,description,1
cran,isoband,0.2.7,install,1
cran,isoband,0.2.6,renv_lock,1
cran,isoband,0.2.3,description,1
cran,isoband,0.2.1,description,1
cran,iterators,1.0.14,renv_lock,44
cran,iterators,1.0.14,description,13
cran,iterators,1.0.13,renv_lock,4
cran,iterators,1.0.13,description,4
cran,iterators,1.0.14,install,3
cran,iterators,1.0.12,renv_lock,2
cran,iterators,1.0.12,description,1
cran,itertools,0.1-3,description,3
cran,itertools,0.1-3,renv_lock,1
cran,itsadug,2.3,renv_lock,2
cran,ivdesc,1.0.0,description,1
cran,ivpack,1.2,description,1
cran,ivreg,0.6-3,install,1
cran,ivreg,0.6-2,renv_lock,1
cran,ivreg,0.6-5,renv_lock,1
cran,ivreg,0.6-6,renv_lock,1
cran,jamie,1.0.0,description,39
cran,janeaustenr,1.0.0,renv_lock,5
cran,janeaustenr,1.0.0,description,2
cran,janeaustenr,0.1.5,renv_lock,1
cran,janitor,2.2.1,renv_lock,11
cran,janitor,2.2.0,renv_lock,11
cran,janitor,2.1.0,renv_lock,2
cran,janitor,2.2.0,description,1
cran,janitor,2.2.1,description,1
cran,jmvcore,2.6.3,renv_lock,1
cran,jmvcore,2.7.7,renv_lock,1
cran,jomo,2.7-6,renv_lock,7
cran,jpeg,0.1-10,renv_lock,9
cran,jpeg,0.1-11,renv_lock,4
cran,jpeg,0.1-8.1,description,3
cran,jpeg,0.1-8.1,renv_lock,3
cran,jpeg,0.1-9,description,2
cran,jpeg,0.1-10,description,2
cran,jpeg,0.1-9,renv_lock,2
cran,jqr,1.2.3,description,1
cran,jqr,1.1.0,description,1
cran,jquerylib,0.1.4,renv_lock,106
cran,jquerylib,0.1.4,description,19
cran,jquerylib,0.1.3,renv_lock,1
cran,jquerylib,0.1.4,install,1
cran,jsonify,1.2.2,renv_lock,8
cran,jsonify,1.2.3,renv_lock,3
cran,jsonify,1.2.2,description,1
cran,jsonify,1.1.1,description,1
cran,jsonlite,2.0.0,renv_lock,46
cran,jsonlite,1.8.8,renv_lock,22
cran,jsonlite,1.8.7,renv_lock,16
cran,jsonlite,1.7.2,renv_lock,9
cran,jsonlite,1.8.4,renv_lock,8
cran,jsonlite,1.8.9,renv_lock,8
cran,jsonlite,1.8.0,renv_lock,6
cran,jsonlite,1.8.4,description,5
cran,jsonlite,2.0.0,description,4
cran,jsonlite,1.8.8,description,4
cran,jsonlite,1.7.2,description,3
cran,jsonlite,1.8.9,description,3
cran,jsonlite,1.9.1,renv_lock,3
cran,jsonlite,1.8.7,description,3
cran,jsonlite,1.7.1,renv_lock,2
cran,jsonlite,1.6,renv_lock,2
cran,jsonlite,1.8.0,description,1
cran,jsonlite,1.9.0,renv_lock,1
cran,jsonlite,1.8.8,install,1
cran,jsonlite,1.7.2,install,1
cran,jsonlite,1.6.1,description,1
cran,jsonlite,1.7.0,description,1
cran,jsonvalidate,1.1.0,description,1
cran,jsonvalidate,1.3.2,description,1
cran,jtools,2.3.0,renv_lock,2
cran,jtools,2.1.4,renv_lock,1
cran,jtools,2.2.2,install,1
cran,jtools,2.3.1,renv_lock,1
cran,juicyjuice,0.1.0,renv_lock,11
cran,juicyjuice,0.1.0,description,3
cran,kSamples,1.2-10,renv_lock,1
cran,kableExtra,1.4.0,renv_lock,38
cran,kableExtra,1.3.4,renv_lock,14
cran,kableExtra,1.3.4,description,5
cran,kableExtra,1.3.4,install,3
cran,kableExtra,1.4.0,description,2
cran,kableExtra,1.4.1,renv_lock,1
cran,kableExtra,1.4.0,install,1
cran,kableExtra,1.3.2,install,1
cran,katex,1.4.0,description,1
cran,kernlab,0.9-33,renv_lock,5
cran,kernlab,0.9-32,renv_lock,2
cran,kernlab,0.9-33,description,1
cran,kernlab,0.9-32,description,1
cran,kevin,1.0.0,description,39
cran,keyATM,0.5.2,renv_lock,1
cran,kinship2,1.9.6.2,description,1
cran,kit,0.0.21,renv_lock,1
cran,klaR,1.7-3,description,1
cran,knitr,1.50,renv_lock,28
cran,knitr,1.51,renv_lock,18
cran,knitr,1.49,renv_lock,12
cran,knitr,1.48,renv_lock,10
cran,knitr,1.43,renv_lock,9
cran,knitr,1.45,renv_lock,8
cran,knitr,1.44,renv_lock,5
cran,knitr,1.39,renv_lock,5
cran,knitr,1.49,description,4
cran,knitr,1.45,description,3
cran,knitr,1.33,renv_lock,3
cran,knitr,1.42,renv_lock,3
cran,knitr,1.41,renv_lock,3
cran,knitr,1.37,renv_lock,3
cran,knitr,1.51,description,3
cran,knitr,1.50,description,2
cran,knitr,1.41,description,2
cran,knitr,1.36,renv_lock,2
cran,knitr,1.42,description,2
cran,knitr,1.44,description,2
cran,knitr,1.46,renv_lock,2
cran,knitr,1.29,renv_lock,2
cran,knitr,1.25,renv_lock,2
cran,knitr,1.15.1,description,1
cran,knitr,1.47,renv_lock,1
cran,knitr,1.48,description,1
cran,knitr,1.41,install,1
cran,knitr,1.29,description,1
cran,knitr,1.20,description,1
cran,knitr,1.48,install,1
cran,knitr,1.33,install,1
cran,knitr,1.34,description,1
cran,knitr,1.28,description,1
cran,knitr,1.37,description,1
cran,knitr,1.31,renv_lock,1
cran,knitr,1.49,install,1
cran,knitr,1.38,description,1
cran,knitr,1.40,renv_lock,1
cran,knitr,1.31,description,1
cran,ks,1.14.0,description,1
cran,ks,1.14.0,renv_lock,1
cran,ks,1.14.1,renv_lock,1
cran,kyotil,2024.1-30,renv_lock,1
cran,l1hbal,1.2.1,description,1
cran,label.switching,1.8,renv_lock,1
cran,labeling,0.4.3,renv_lock,94
cran,labeling,0.4.2,renv_lock,34
cran,labeling,0.4.3,description,13
cran,labeling,0.4.2,description,11
cran,labeling,0.3,description,7
cran,labeling,0.3,renv_lock,4
cran,labeling,0.4.3,install,1
cran,labelled,2.12.0,renv_lock,4
cran,labelled,2.13.0,renv_lock,4
cran,labelled,2.14.1,renv_lock,2
cran,labelled,2.14.0,renv_lock,2
cran,labelled,2.13.0,description,1
cran,labelled,2.14.1,description,1
cran,labelled,2.12.0,description,1
cran,labelled,2.9.0,renv_lock,1
cran,labelled,2.11.0,renv_lock,1
cran,labelled,2.16.0,renv_lock,1
cran,laeken,0.5.3,renv_lock,1
cran,laeken,0.5.2,renv_lock,1
cran,lambda.r,1.2.4,renv_lock,1
cran,languageserver,0.3.16,description,3
cran,languageserver,0.0.0.9000,description,3
cran,languageserver,0.3.16,renv_lock,2
cran,lars,1.3,renv_lock,1
cran,latentnet,2.10.5,install,1
cran,latentnet,2.7.1,description,1
cran,later,1.4.2,renv_lock,7
cran,later,1.3.2,renv_lock,6
cran,later,1.3.0,renv_lock,5
cran,later,1.3.0,description,3
cran,later,1.3.1,renv_lock,3
cran,later,1.3.2,description,2
cran,later,1.4.8,renv_lock,2
cran,later,0.8.0,renv_lock,2
cran,later,1.4.1,renv_lock,2
cran,later,1.4.4,renv_lock,2
cran,later,1.4.1,description,2
cran,later,1.4.5,renv_lock,2
cran,later,1.3.1,description,1
cran,later,1.0.0,description,1
cran,later,1.3.2,install,1
cran,later,1.1.0.1,renv_lock,1
cran,later,1.4.5,description,1
cran,latex2exp,0.9.6,renv_lock,4
cran,latex2exp,0.9.6,description,2
cran,latex2exp,0.9.8,renv_lock,2
cran,latex2exp,0.5.0,description,1
cran,latex2exp,0.9.4,renv_lock,1
cran,latex2exp,0.5.0,renv_lock,1
cran,latex2exp,0.9.6,install,1
cran,lattice,0.22-6,renv_lock,40
cran,lattice,0.22-7,renv_lock,27
cran,lattice,0.20-45,renv_lock,19
cran,lattice,0.21-8,renv_lock,15
cran,lattice,0.20-44,renv_lock,7
cran,lattice,0.21-9,renv_lock,6
cran,lattice,0.22-9,renv_lock,6
cran,lattice,0.20-45,description,3
cran,lattice,0.20-41,renv_lock,3
cran,lattice,0.22-5,renv_lock,3
cran,lattice,0.21-8,description,3
cran,lattice,0.22-7,description,2
cran,lattice,0.20-35,description,2
cran,lattice,0.20-44,description,2
cran,lattice,0.22-5,description,2
cran,lattice,0.20-38,renv_lock,2
cran,lattice,0.20-41,description,1
cran,lattice,0.20-45,install,1
cran,lattice,0.21-9,description,1
cran,lattice,0.20-40,renv_lock,1
cran,latticeExtra,0.6-29,description,4
cran,latticeExtra,0.6-29,renv_lock,4
cran,latticeExtra,0.6-30,renv_lock,3
cran,latticeExtra,0.6-30,description,2
cran,latticeExtra,0.6-28,description,1
cran,lava,1.8.2,renv_lock,3
cran,lava,1.8.1,renv_lock,3
cran,lava,1.6.10,renv_lock,2
cran,lava,1.6.10,description,2
cran,lava,1.7.2.1,renv_lock,2
cran,lava,1.8.0,renv_lock,2
cran,lava,1.7.1,renv_lock,1
cran,lava,1.9.0,description,1
cran,lava,1.8.1,description,1
cran,lava,1.6.9,renv_lock,1
cran,lava,1.8.2,description,1
cran,lava,1.8.0,description,1
cran,lava,1.7.2.1,description,1
cran,lavaan,0.6-14,renv_lock,2
cran,lavaan,0.6-14,description,2
cran,lavaan,0.5-23.1097,install,1
cran,lavaan,0.6-19,renv_lock,1
cran,lavaan,0.6-16,install,1
cran,lavaanEPC,0.5-10.1,description,1
cran,lazyeval,0.2.2,renv_lock,26
cran,lazyeval,0.2.2,description,10
cran,lazyeval,0.2.1,description,3
cran,lazyeval,0.2.3,renv_lock,2
cran,lazyeval,0.2.0,description,1
cran,lda,1.5.2,renv_lock,1
cran,lda,1.5.2,description,1
cran,lda,1.4.2,renv_lock,1
cran,ldatuning,1.0.2,renv_lock,1
cran,leafem,0.2.4,renv_lock,3
cran,leafem,0.2.5,renv_lock,2
cran,leafem,0.2.0,renv_lock,1
cran,leafem,0.2.3,renv_lock,1
cran,leafem,0.1.1,description,1
cran,leafgl,0.2.2,renv_lock,3
cran,leafgl,0.2.4,renv_lock,1
cran,leaflegend,1.2.1,renv_lock,4
cran,leaflet,2.2.2,renv_lock,3
cran,leaflet,2.2.3,renv_lock,2
cran,leaflet,2.1.2,renv_lock,1
cran,leaflet,2.0.3,description,1
cran,leaflet,2.2.0,renv_lock,1
cran,leaflet.providers,2.0.0,renv_lock,5
cran,leaflet.providers,1.9.0,description,1
cran,leaflet.providers,1.9.0,renv_lock,1
cran,leaflet.providers,3.0.0,renv_lock,1
cran,leafpop,0.0.5,description,1
cran,leafpop,0.1.0,renv_lock,1
cran,leafsync,0.1.0,renv_lock,7
cran,leaps,3.2,renv_lock,2
cran,leaps,3.1,description,1
cran,leaps,3.1,renv_lock,1
cran,legendry,0.2.1,renv_lock,1
cran,legendry,0.2.2,renv_lock,1
cran,lemon,0.4.9,renv_lock,2
cran,lemon,0.5.1,renv_lock,1
cran,lfe,3.1.1,renv_lock,10
cran,lfe,3.0-0,renv_lock,5
cran,lfe,2.8-5,description,3
cran,lfe,2.9-0,description,2
cran,lfe,2.8-5.1,renv_lock,2
cran,lfe,2.9-0,renv_lock,2
cran,lfe,2.8-6,renv_lock,2
cran,lfe,2.8-5.1,description,1
cran,lfe,3.0-0,description,1
cran,lfe,2.8-6,description,1
cran,lfe,3.1.0,renv_lock,1
cran,lfe,3.1.0,description,1
cran,lfe,2.8-8,renv_lock,1
cran,lfe,2.8-4,description,1
cran,lfe,2.8-8,install,1
cran,lgr,0.4.4,renv_lock,4
cran,lgr,0.4.4,description,2
cran,lgr,0.5.2,renv_lock,1
cran,lgr,0.4.3,renv_lock,1
cran,lhs,1.1.3,description,1
cran,lhs,1.1.1,description,1
cran,lhs,1.1.1,renv_lock,1
cran,lhs,1.1.3,renv_lock,1
cran,lhs,1.2.1,description,1
cran,lhs,1.2.1,renv_lock,1
cran,libcoin,1.0-10,renv_lock,2
cran,libcoin,1.0-9,renv_lock,1
cran,libgeos,3.11.1-1,renv_lock,1
cran,libgeos,3.11.1-2,renv_lock,1
cran,libgeos,3.11.1-3,renv_lock,1
cran,lifecycle,1.0.4,renv_lock,77
cran,lifecycle,1.0.3,renv_lock,25
cran,lifecycle,1.0.5,renv_lock,17
cran,lifecycle,1.0.4,description,12
cran,lifecycle,1.0.1,renv_lock,9
cran,lifecycle,1.0.3,description,8
cran,lifecycle,1.0.0,renv_lock,4
cran,lifecycle,0.2.0,renv_lock,2
cran,lifecycle,1.0.5,description,2
cran,lifecycle,1.0.2,description,2
cran,lifecycle,0.1.0,renv_lock,2
cran,lifecycle,1.0.1,description,2
cran,lifecycle,0.2.0,description,2
cran,lifecycle,1.0.4,install,1
cran,lifecycle,0.1.0,description,1
cran,lifecycle,1.0.0,description,1
cran,lifecycle,1.0.2,renv_lock,1
cran,limSolve,1.5.7,description,1
cran,linkXTS,1.0,description,6
cran,lintr,3.1.0,description,1
cran,lintr,3.1.0,renv_lock,1
cran,lintr,3.1.2,renv_lock,1
cran,lintr,3.3.0-1,description,1
cran,lintr,3.1.2,description,1
cran,list,4.2,description,1
cran,list,7.1,description,1
cran,list,9.1,description,1
cran,listenv,0.9.1,renv_lock,20
cran,listenv,0.9.0,renv_lock,8
cran,listenv,0.8.0,renv_lock,7
cran,listenv,0.10.1,renv_lock,5
cran,listenv,0.10.0,renv_lock,4
cran,listenv,0.9.1,description,3
cran,listenv,0.8.0,description,2
cran,listenv,0.9.0,description,1
cran,listenv,1.0.0,renv_lock,1
cran,listenv,0.10.1,description,1
cran,litedown,0.7,renv_lock,8
cran,litedown,0.9,renv_lock,2
cran,lme4,1.1-37,renv_lock,12
cran,lme4,1.1-38,renv_lock,8
cran,lme4,1.1-34,renv_lock,7
cran,lme4,1.1-35.5,renv_lock,4
cran,lme4,1.1-35.1,renv_lock,4
cran,lme4,1.1-31,renv_lock,3
cran,lme4,1.1-35.3,renv_lock,3
cran,lme4,2.0-1,renv_lock,3
cran,lme4,1.1-34,description,3
cran,lme4,1.1-36,renv_lock,3
cran,lme4,1.1-12,description,2
cran,lme4,1.1-31,description,2
cran,lme4,1.1-23,description,2
cran,lme4,1.1-35.1,description,2
cran,lme4,1.1-21,renv_lock,2
cran,lme4,1.1-27.1,renv_lock,2
cran,lme4,1.1-27.1,description,1
cran,lme4,1.1-35.2,renv_lock,1
cran,lme4,1.1-26,description,1
cran,lme4,1.1-29,renv_lock,1
cran,lme4,1.1-17,description,1
cran,lme4,1.1-32,renv_lock,1
cran,lme4,1.1-33,renv_lock,1
cran,lme4,1.1-35.4,renv_lock,1
cran,lme4,1.1-27,renv_lock,1
cran,lme4,1.1-7,description,1
cran,lme4,1.1-36,description,1
cran,lme4,1.1.35.1,install,1
cran,lme4,1.1-28,renv_lock,1
cran,lme4,1.1-35.1,install,1
cran,lmerTest,3.1-3,renv_lock,2
cran,lmom,3.2,renv_lock,3
cran,lmom,3.0,renv_lock,2
cran,lmom,3.3,renv_lock,1
cran,lmomco,2.5.3,renv_lock,1
cran,lmtest,0.9-40,renv_lock,40
cran,lmtest,0.9-40,description,13
cran,lmtest,0.9-36,description,3
cran,lmtest,0.9-39,renv_lock,3
cran,lmtest,0.9-38,renv_lock,2
cran,lmtest,0.9-40,install,2
cran,lmtest,0.9-37,description,2
cran,lmtest,0.9-39,description,1
cran,lmtest,0.9-38,description,1
cran,lmtest,0.9-34,description,1
cran,lobstr,1.2.1,description,1
cran,localforecastrep,0.0.0.9000,description,1
cran,logbal,1.2.1,description,1
cran,logger,0.4.0,renv_lock,3
cran,logger,0.4.1,renv_lock,2
cran,logitnorm,0.8.39,renv_lock,1
cran,logr,1.3.3,description,2
cran,logr,1.3.9,renv_lock,1
cran,logr,1.3.9,description,1
cran,loo,2.8.0,renv_lock,7
cran,loo,2.6.0,renv_lock,4
cran,loo,2.7.0,renv_lock,2
cran,loo,2.6.0,description,2
cran,loo,2.5.1,renv_lock,1
cran,loo,2.4.1,renv_lock,1
cran,lpSimPack,1.3,description,1
cran,lpSolve,5.6.23,renv_lock,5
cran,lpSolve,5.6.20,renv_lock,4
cran,lpSolve,5.6.20,description,2
cran,lpSolve,5.6.18,renv_lock,1
cran,lpSolve,5.6.23,description,1
cran,lpSolve,5.6.19,renv_lock,1
cran,lpSolve,5.6.21,renv_lock,1
cran,lpSolveAPI,5.5.2.0-17.12,renv_lock,1
cran,lpSolveAPI,5.5.2.0-17.10,description,1
cran,lpSolveAPI,5.5.2.0-17.11,description,1
cran,lpSolveAPI,5.5.2.0-17.12,description,1
cran,lpSolveAPI,5.5.2.0-17.15,renv_lock,1
cran,lpdensity,2.4,description,1
cran,lpdensity,2.5,description,1
cran,lpdensity,2.4,renv_lock,1
cran,lpdid,0.6.1,description,1
cran,lsa,0.73.4,description,1
cran,lsa,0.73.3,install,1
cran,lsmeans,2.30-0,renv_lock,1
cran,lsmeans,2.30-0,description,1
cran,ltm,1.2-0,description,1
cran,lubridate,1.9.4,renv_lock,35
cran,lubridate,1.9.3,renv_lock,26
cran,lubridate,1.9.2,renv_lock,16
cran,lubridate,1.9.5,renv_lock,12
cran,lubridate,1.8.0,renv_lock,8
cran,lubridate,1.7.10,renv_lock,7
cran,lubridate,1.9.2,description,4
cran,lubridate,1.9.3,description,4
cran,lubridate,1.8.0,description,3
cran,lubridate,1.9.4,description,3
cran,lubridate,1.9.3,install,2
cran,lubridate,1.7.10,description,2
cran,lubridate,1.7.4,renv_lock,2
cran,lubridate,1.7.9,renv_lock,2
cran,lubridate,1.9.0,renv_lock,1
cran,lubridate,1.7.4,description,1
cran,lubridate,1.7.10,install,1
cran,lubridate,1.9.0,description,1
cran,lubridate,1.9.5,description,1
cran,lubridate,1.7.4,install,1
cran,lubridate,1.7.9,description,1
cran,lubridate,1.9.4,install,1
cran,lubridate,1.7.8,description,1
cran,lvplot,0.2.1,renv_lock,1
cran,lwgeom,0.2-14,renv_lock,4
cran,lwgeom,0.2-13,renv_lock,3
cran,lwgeom,0.2-15,renv_lock,2
cran,lwgeom,0.2-16,renv_lock,1
cran,lwgeom,0.2-6,renv_lock,1
cran,lwgeom,0.2-3,description,1
cran,lwgeom,0.2-8,renv_lock,1
cran,lwgeom,0.2-6,description,1
cran,mFilter,0.1-5,renv_lock,1
cran,magick,2.8.5,renv_lock,1
cran,magick,2.8.0,renv_lock,1
cran,magrittr,2.0.3,renv_lock,94
cran,magrittr,2.0.4,renv_lock,24
cran,magrittr,2.0.3,description,20
cran,magrittr,2.0.1,renv_lock,8
cran,magrittr,1.5,description,7
cran,magrittr,2.0.5,renv_lock,5
cran,magrittr,1.5,renv_lock,4
cran,magrittr,2.0.4,description,3
cran,magrittr,2.0.3,install,2
cran,magrittr,2.0.1,description,2
cran,magrittr,2.0.4,install,1
cran,manifestoR,1.6.0,renv_lock,1
cran,manifestoR,1.5.0,renv_lock,1
cran,manifestos,0.7-1,description,1
cran,manipulateWidget,0.10.0,renv_lock,1
cran,mapReduce,1.2.6,description,1
cran,mapdata,2.3.1,renv_lock,1
cran,mapdeck,0.3.2,description,1
cran,mapproj,1.2.11,renv_lock,2
cran,mapproj,1.2.6,description,1
cran,mapproj,1.2.8,description,1
cran,maps,3.4.3,renv_lock,6
cran,maps,3.4.2,renv_lock,4
cran,maps,3.3.0,description,2
cran,maps,3.4.1,renv_lock,2
cran,maps,3.4.1,description,2
cran,maps,3.4.2,install,1
cran,maps,3.4.0,description,1
cran,maps,3.4.2,description,1
cran,maps,3.4.2.1,renv_lock,1
cran,maps,3.3.0,renv_lock,1
cran,maps,3.4.0,renv_lock,1
cran,maptiles,0.10.0,renv_lock,2
cran,maptiles,0.9.0,renv_lock,1
cran,maptiles,0.11.0,renv_lock,1
cran,maptools,1.1-1,renv_lock,2
cran,maptools,1.1-6,description,2
cran,maptools,1.1-2,renv_lock,2
cran,maptools,1.1-1,description,1
cran,maptools,1.1-3,description,1
cran,maptools,1.0-1,description,1
cran,maptools,1.1-4,renv_lock,1
cran,maptools,1.1-6,renv_lock,1
cran,maptools,0.9-2,description,1
cran,maptools,0.8-39,description,1
cran,maptools,0.9-9,description,1
cran,maptools,1.0-2,description,1
cran,maptools,1.1-8,description,1
cran,maptools,1.1-8,renv_lock,1
cran,mapview,2.11.2,renv_lock,1
cran,mapview,2.7.8,description,1
cran,marginaleffects,0.28.0,renv_lock,3
cran,marginaleffects,0.18.0,renv_lock,2
cran,marginaleffects,0.32.0,renv_lock,2
cran,marginaleffects,0.31.0,renv_lock,2
cran,marginaleffects,0.25.1,renv_lock,2
cran,marginaleffects,0.21.0,renv_lock,2
cran,marginaleffects,0.23.0,description,1
cran,marginaleffects,0.22.0,renv_lock,1
cran,marginaleffects,0.23.0,renv_lock,1
cran,margins,0.3.26,renv_lock,3
cran,margins,0.3.27,renv_lock,1
cran,margins,0.3.26,description,1
cran,margins,0.3.26,install,1
cran,margins,0.3.23,description,1
cran,margins,0.3.28,renv_lock,1
cran,markdown,2.0,renv_lock,10
cran,markdown,1.1,renv_lock,10
cran,markdown,1.7,renv_lock,4
cran,markdown,1.1,description,4
cran,markdown,1.13,renv_lock,3
cran,markdown,1.9,renv_lock,2
cran,markdown,1.8,description,1
cran,markdown,1.13,description,1
cran,markdown,0.8,description,1
cran,markdown,0.7.7,description,1
cran,mathjaxr,1.8-0,renv_lock,1
cran,matlab,1.0.2,renv_lock,1
cran,matlib,1.0.0,description,1
cran,matlib,1.0.1,renv_lock,1
cran,matrixNormal,0.1.1,renv_lock,1
cran,matrixStats,1.5.0,renv_lock,10
cran,matrixStats,1.3.0,renv_lock,4
cran,matrixStats,1.0.0,renv_lock,4
cran,matrixStats,1.4.1,renv_lock,3
cran,matrixStats,1.2.0,renv_lock,2
cran,matrixStats,0.60.1,install,2
cran,matrixStats,0.61.0,renv_lock,2
cran,matrixStats,1.0.0,description,2
cran,matrixStats,0.58.0,description,1
cran,matrixStats,0.56.0,description,1
cran,matrixStats,1.3.0,description,1
cran,matrixStats,1.5.0,description,1
cran,matrixStats,0.63.0,renv_lock,1
cran,matrixStats,0.62.0,renv_lock,1
cran,matrixStats,0.55.0,renv_lock,1
cran,matrixStats,1.4.1,description,1
cran,matrixStats,0.59.0,renv_lock,1
cran,matrixStats,1.3.0,install,1
cran,matrixcalc,1.0-6,renv_lock,1
cran,maxLik,1.5-2,renv_lock,6
cran,maxLik,1.5-2.2,renv_lock,4
cran,maxLik,1.5-2,description,4
cran,maxLik,1.5-2.1,renv_lock,3
cran,maxLik,1.5-2.1,description,2
cran,mc2d,0.1-21,install,1
cran,mclust,6.0.0,renv_lock,2
cran,mclust,6.1.1,renv_lock,2
cran,mclust,6.0.0,description,1
cran,mclust,6.1.1,description,1
cran,mcmc,0.9-7,description,1
cran,mcmc,0.9-7,renv_lock,1
cran,mcmc,0.9-8,renv_lock,1
cran,mda,0.5,description,1
cran,mda,0.5-5,description,1
cran,mediation,4.5.0,renv_lock,3
cran,mediation,4.5.0,description,1
cran,mediation,4.5.1,renv_lock,1
cran,mediation,4.4.5,description,1
cran,mefa,3.2-10,renv_lock,1
cran,memisc,0.99.31.3,renv_lock,1
cran,memisc,0.99.31.3,description,1
cran,memoise,2.0.1,renv_lock,102
cran,memoise,2.0.1,description,20
cran,memoise,2.0.0,description,2
cran,memoise,2.0.0,renv_lock,2
cran,memoise,2.0.1,install,1
cran,merTools,0.5.0,renv_lock,1
cran,metR,0.5.0,renv_lock,1
cran,metR,0.15.0,install,1
cran,metadat,1.4-0,renv_lock,1
cran,metafor,2.4-0,renv_lock,2
cran,metafor,2.1-0,description,1
cran,metafor,4.8-0,renv_lock,1
cran,methods,4.1.1,description,1
cran,mgcViz,0.1.4,renv_lock,1
cran,mgcv,1.9-1,renv_lock,38
cran,mgcv,1.9-3,renv_lock,17
cran,mgcv,1.8-42,renv_lock,12
cran,mgcv,1.9-0,renv_lock,11
cran,mgcv,1.8-38,renv_lock,8
cran,mgcv,1.8-41,renv_lock,8
cran,mgcv,1.8-36,renv_lock,3
cran,mgcv,1.9-4,renv_lock,3
cran,mgcv,1.9-0,description,3
cran,mgcv,1.8-31,renv_lock,3
cran,mgcv,1.8-42,description,3
cran,mgcv,1.8-35,renv_lock,3
cran,mgcv,1.8-40,renv_lock,2
cran,mgcv,1.8-28,renv_lock,2
cran,mgcv,1.8-41,description,2
cran,mgcv,1.8.1,install,1
cran,mgcv,1.8-41,install,1
cran,mgcv,1.8-34,renv_lock,1
cran,mgcv,1.8-36,description,1
cran,mgcv,1.8-35,description,1
cran,mi,0.9-96,description,1
cran,mi,0.9-88,description,1
cran,mice,3.16.0,renv_lock,3
cran,mice,3.19.0,renv_lock,3
cran,mice,3.15.0,renv_lock,2
cran,mice,3.11.0,renv_lock,2
cran,mice,3.17.0,renv_lock,1
cran,mice,3.15.0,description,1
cran,mice,3.14.0,renv_lock,1
cran,mice,3.14.0,description,1
cran,mice,3.13.0,renv_lock,1
cran,miceadds,3.11-6,install,1
cran,miceadds,3.11-6,renv_lock,1
cran,miceadds,3.9-14,install,1
cran,microbenchmark,1.5.0,renv_lock,20
cran,microbenchmark,1.4.10,renv_lock,2
cran,microbenchmark,1.5.0,description,1
cran,mime,0.12,renv_lock,65
cran,mime,0.13,renv_lock,46
cran,mime,0.12,description,17
cran,mime,0.10,renv_lock,4
cran,mime,0.13,description,3
cran,mime,0.9,description,2
cran,mime,0.9,renv_lock,2
cran,mime,0.7,renv_lock,2
cran,mime,0.5,description,2
cran,mime,0.12,install,1
cran,mime,0.10,description,1
cran,mime,0.11,renv_lock,1
cran,mime,0.11,description,1
cran,miniUI,0.1.1.1,renv_lock,12
cran,miniUI,0.1.2,renv_lock,6
cran,miniUI,0.1.1.1,description,4
cran,miniUI,0.1.1.1,install,2
cran,miniUI,0.1.2,description,1
cran,minqa,1.2.8,renv_lock,31
cran,minqa,1.2.6,renv_lock,11
cran,minqa,1.2.5,renv_lock,8
cran,minqa,1.2.4,renv_lock,8
cran,minqa,1.2.4,description,6
cran,minqa,1.2.6,description,5
cran,minqa,1.2.7,renv_lock,3
cran,minqa,1.2.5,description,2
cran,minqa,1.2.8,description,1
cran,minqa,1.2.7,install,1
cran,minty,0.0.1,renv_lock,1
cran,mirai,2.6.1,renv_lock,1
cran,mirai,2.6.0,renv_lock,1
cran,mirt,1.45.1,renv_lock,1
cran,misc3d,0.9-1,renv_lock,2
cran,misc3d,0.9-1,description,1
cran,miscTools,0.6-28,renv_lock,6
cran,miscTools,0.6-26,renv_lock,4
cran,miscTools,0.6-26,description,4
cran,miscTools,0.6-30,renv_lock,3
cran,miscTools,0.6-28,description,2
cran,missDiag,1.0.0,description,1
cran,missForest,1.5,description,1
cran,missForest,1.5,renv_lock,1
cran,missRanger,2.6.1,renv_lock,2
cran,mitml,0.4-5,renv_lock,7
cran,mitools,2.4,renv_lock,10
cran,mitools,2.4,description,2
cran,mlapi,0.1.1,renv_lock,1
cran,mlapi,0.1.0,renv_lock,1
cran,mlbench,2.1-6,renv_lock,2
cran,mlbench,2.1-5,description,1
cran,mlbench,2.1-8,description,1
cran,mlbench,2.1-5,renv_lock,1
cran,mlbench,2.1-6,description,1
cran,mlbench,2.1-7,renv_lock,1
cran,mlbench,2.1-3,description,1
cran,mlogit,1.1-1,renv_lock,2
cran,mlogit,1.1-3,renv_lock,1
cran,mlogit,1.1-1,description,1
cran,mlr,2.19.0,renv_lock,1
cran,mlr,2.19.0,description,1
cran,mlr3,0.22.1,renv_lock,3
cran,mlr3,1.3.0,renv_lock,1
cran,mlr3,1.0.0,description,1
cran,mlr3,0.22.1,description,1
cran,mlr3cluster,0.1.11,renv_lock,1
cran,mlr3cluster,0.1.10,description,1
cran,mlr3cluster,0.1.10,renv_lock,1
cran,mlr3data,0.9.0,renv_lock,2
cran,mlr3data,0.9.0,description,1
cran,mlr3filters,0.8.1,renv_lock,2
cran,mlr3filters,0.8.1,description,1
cran,mlr3fselect,1.3.0,renv_lock,1
cran,mlr3fselect,1.2.1,description,1
cran,mlr3fselect,1.2.1,renv_lock,1
cran,mlr3hyperband,0.6.0,renv_lock,2
cran,mlr3hyperband,0.6.0,description,1
cran,mlr3inferr,0.1.0,renv_lock,1
cran,mlr3learners,0.9.0,renv_lock,3
cran,mlr3learners,0.9.0,description,1
cran,mlr3learners,0.14.0,renv_lock,1
cran,mlr3learners,0.12.0,description,1
cran,mlr3mbo,0.2.8,renv_lock,2
cran,mlr3mbo,0.2.8,description,1
cran,mlr3measures,1.0.0,renv_lock,3
cran,mlr3measures,1.0.0,description,2
cran,mlr3measures,1.2.0,renv_lock,1
cran,mlr3misc,0.16.0,renv_lock,3
cran,mlr3misc,0.18.0,description,1
cran,mlr3misc,0.19.0,renv_lock,1
cran,mlr3misc,0.16.0,description,1
cran,mlr3pipelines,0.7.1,renv_lock,2
cran,mlr3pipelines,0.7.1,description,1
cran,mlr3pipelines,0.10.0,renv_lock,1
cran,mlr3tuning,1.3.0,renv_lock,2
cran,mlr3tuning,1.5.1,renv_lock,1
cran,mlr3tuning,1.3.0,description,1
cran,mlr3tuningspaces,0.5.2,renv_lock,2
cran,mlr3tuningspaces,0.5.2,description,1
cran,mlr3verse,0.3.0,renv_lock,1
cran,mlr3verse,0.3.0,description,1
cran,mlr3verse,0.3.1,renv_lock,1
cran,mlr3viz,0.10.0,renv_lock,1
cran,mlr3viz,0.10.1,renv_lock,1
cran,mlr3viz,0.10.0,description,1
cran,mnonr,1.0.0,renv_lock,1
cran,mnormt,2.1.1,renv_lock,10
cran,mnormt,2.1.2,renv_lock,2
cran,mnormt,1.5-5,renv_lock,2
cran,mnormt,2.1.1,description,2
cran,mnormt,2.0.2,renv_lock,1
cran,mockery,0.4.5,description,1
cran,mockr,0.2.2,description,1
cran,modeldata,1.5.1,description,1
cran,modeldata,0.1.1,description,1
cran,modeldata,0.1.1,renv_lock,1
cran,modelenv,0.2.0,description,1
cran,modelenv,0.2.0,renv_lock,1
cran,modelr,0.1.11,renv_lock,72
cran,modelr,0.1.8,renv_lock,15
cran,modelr,0.1.11,description,7
cran,modelr,0.1.10,description,3
cran,modelr,0.1.8,description,3
cran,modelr,0.1.5,renv_lock,2
cran,modelr,0.1.9,renv_lock,1
cran,modelr,0.1.10,renv_lock,1
cran,modelr,0.1.6,description,1
cran,modelsummary,2.3.0,renv_lock,5
cran,modelsummary,2.6.0,renv_lock,5
cran,modelsummary,2.5.0,renv_lock,5
cran,modelsummary,2.1.1,renv_lock,4
cran,modelsummary,1.4.1,renv_lock,2
cran,modelsummary,1.4.2,renv_lock,2
cran,modelsummary,2.4.0,renv_lock,2
cran,modelsummary,1.4.1,install,2
cran,modelsummary,1.4.5,renv_lock,2
cran,modelsummary,1.4.3,install,2
cran,modelsummary,0.9.5,renv_lock,1
cran,modelsummary,2.2.0,renv_lock,1
cran,modelsummary,1.4.2,install,1
cran,modelsummary,2.2.0,description,1
cran,modelsummary,1.3.0,renv_lock,1
cran,modelsummary,1.3.0,description,1
cran,modelsummary,0.10.0,install,1
cran,modelsummary,0.9.4,renv_lock,1
cran,modelsummary,0.2.0,description,1
cran,modelsummary,2.0.0,renv_lock,1
cran,modelsummary,1.2.0,description,1
cran,modelsummary,2.1.1,install,1
cran,modelsummary,1.4.0,renv_lock,1
cran,modelsummary,1.3.0,install,1
cran,modeltools,0.2-23,renv_lock,6
cran,modeltools,0.2-23,description,2
cran,modeltools,0.2-24,renv_lock,2
cran,modeltools,0.2-24,description,1
cran,modi,0.1.3,renv_lock,1
cran,moments,0.14.1,renv_lock,3
cran,moments,0.14.1,install,1
cran,mondate,1.0,description,1
cran,msm,1.6.9,renv_lock,1
cran,msm,1.7,renv_lock,1
cran,msm,1.7.1,renv_lock,1
cran,msm,1.7,description,1
cran,msm,1.6.4,install,1
cran,msm,1.6.9,description,1
cran,multcomp,1.4-28,renv_lock,2
cran,multcomp,1.4-25,renv_lock,2
cran,multcomp,1.4-22,renv_lock,1
cran,multcomp,1.4-30,description,1
cran,multcomp,1.4-22,description,1
cran,multcomp,1.4-18,renv_lock,1
cran,multcomp,1.4-18,description,1
cran,multcomp,1.4-26,renv_lock,1
cran,multcompView,0.1-9,renv_lock,1
cran,multcompView,0.1-10,renv_lock,1
cran,multcompView,0.1-9,description,1
cran,multicool,0.1-12,renv_lock,2
cran,multicool,0.1-12,description,1
cran,multidictR,0.9.0,renv_lock,1
cran,multidplyr,0.1.3,renv_lock,2
cran,multiwayvcov,1.2.3,renv_lock,6
cran,multiwayvcov,1.2.3,description,3
cran,munsell,0.5.0,renv_lock,51
cran,munsell,0.5.1,renv_lock,27
cran,munsell,0.5.0,description,20
cran,munsell,0.5.1,description,4
cran,munsell,0.4.3,description,4
cran,munsell,0.5.1,install,1
cran,mvnfast,0.2.8,renv_lock,2
cran,mvtnorm,1.3-3,renv_lock,13
cran,mvtnorm,1.1-3,renv_lock,5
cran,mvtnorm,1.2-3,renv_lock,4
cran,mvtnorm,1.1-3,description,4
cran,mvtnorm,1.2-4,renv_lock,3
cran,mvtnorm,1.2-2,renv_lock,2
cran,mvtnorm,1.3-1,renv_lock,2
cran,mvtnorm,1.0-11,renv_lock,2
cran,mvtnorm,1.3-6,description,1
cran,mvtnorm,1.3-6,renv_lock,1
cran,mvtnorm,1.3-2,description,1
cran,mvtnorm,1.1.3,install,1
cran,mvtnorm,1.2-3,description,1
cran,mvtnorm,1.0-8,install,1
cran,mvtnorm,1.2-5,renv_lock,1
cran,mvtnorm,1.2-6,renv_lock,1
cran,mvtnorm,1.3-2,renv_lock,1
cran,mvtnorm,1.2-5,description,1
cran,mvtnorm,1.2-4,description,1
cran,mvtnorm,1.3-3,description,1
cran,mvtnormAPI,1.0-0,description,10
cran,nabor,0.5.0,description,1
cran,nabor,0.5.0,renv_lock,1
cran,naniar,1.1.0,renv_lock,3
cran,naniar,0.6.1,renv_lock,1
cran,nanonext,1.8.0,renv_lock,1
cran,nanonext,1.8.1,renv_lock,1
cran,nanotime,0.3.6,description,1
cran,nanotime,0.3.13,description,1
cran,narray,0.5.1,renv_lock,1
cran,narray,0.4.1.1,renv_lock,1
cran,nbpMatching,1.5.1,description,1
cran,nbpMatching,1.5.6,renv_lock,1
cran,ncdf4,1.23,install,1
cran,ncdf4,1.19,renv_lock,1
cran,ncdf4,1.24,renv_lock,1
cran,ncdf4,1.19,description,1
cran,ncdf4,1.22,description,1
cran,ncdf4,1.22,install,1
cran,ncdf4,1.22,renv_lock,1
cran,ncmeta,0.3.5,description,1
cran,ncmeta,0.3.5,renv_lock,1
cran,ndjson,0.8.0,renv_lock,1
cran,neha,0.1.0,description,1
cran,netlit,0.0.2,description,1
cran,netprobitFE,0.1.0.0,description,1
cran,netstat,0.1.2,renv_lock,1
cran,network,1.20.0,description,1
cran,network,1.18.1,description,1
cran,network,1.18.1,renv_lock,1
cran,network,1.13.0,description,1
cran,network,1.17.1,install,1
cran,network,1.18.2,renv_lock,1
cran,networkDynamic,0.11.4,renv_lock,1
cran,networkLite,1.0.5,renv_lock,1
cran,neuralnet,1.44.2,renv_lock,1
cran,newsmap,0.7.4,renv_lock,1
cran,ngramrr,0.2.0,renv_lock,1
cran,ngspatial,1.2-2,install,1
cran,nleqslv,3.3.5,renv_lock,5
cran,nleqslv,3.3.5,description,4
cran,nleqslv,3.3.2,renv_lock,1
cran,nleqslv,3.3.4,description,1
cran,nleqslv,3.3.6,renv_lock,1
cran,nleqslv,3.3.4,renv_lock,1
cran,nleqslv,3.3.3,renv_lock,1
cran,nleqslv,3.3.2,description,1
cran,nlme,3.1-168,renv_lock,25
cran,nlme,3.1-164,renv_lock,22
cran,nlme,3.1-162,renv_lock,14
cran,nlme,3.1-166,renv_lock,10
cran,nlme,3.1-152,renv_lock,8
cran,nlme,3.1-163,renv_lock,8
cran,nlme,3.1-167,renv_lock,7
cran,nlme,3.1-160,renv_lock,6
cran,nlme,3.1-153,renv_lock,6
cran,nlme,3.1-162,description,4
cran,nlme,3.1-169,renv_lock,3
cran,nlme,3.1-160,description,2
cran,nlme,3.1-158,renv_lock,2
cran,nlme,3.1-148,renv_lock,2
cran,nlme,3.1-152,description,2
cran,nlme,3.1-140,renv_lock,2
cran,nlme,3.1-164,description,1
cran,nlme,3.1-163,description,1
cran,nlme,3.1-155,renv_lock,1
cran,nlme,3.1-168,description,1
cran,nlme,3.1-144,renv_lock,1
cran,nlme,3.1-170,renv_lock,1
cran,nlme,3.1-157,renv_lock,1
cran,nlme,3.1-160,install,1
cran,nlme,3.1-153,description,1
cran,nlme,3.1-161,renv_lock,1
cran,nloptr,2.2.1,renv_lock,22
cran,nloptr,2.0.3,renv_lock,18
cran,nloptr,2.1.1,renv_lock,12
cran,nloptr,2.0.3,description,8
cran,nloptr,1.2.2.3,renv_lock,3
cran,nloptr,1.2.2.2,description,2
cran,nloptr,1.2.1,renv_lock,2
cran,nloptr,2.0.0,renv_lock,2
cran,nloptr,1.0.4,description,2
cran,nloptr,2.1.1,description,2
cran,nloptr,1.2.2.3,description,1
cran,nloptr,1.2.2.2,renv_lock,1
cran,nloptr,1.2.2.1,description,1
cran,nloptr,2.0.1,renv_lock,1
cran,nnet,7.3-19,renv_lock,25
cran,nnet,7.3-20,renv_lock,23
cran,nnet,7.3-16,renv_lock,8
cran,nnet,7.3-18,renv_lock,8
cran,nnet,7.3-18,description,3
cran,nnet,7.3-19,description,3
cran,nnet,7.3-14,renv_lock,2
cran,nnet,7.3-17,renv_lock,2
cran,nnet,7.3-20,description,1
cran,nnet,7.3-18,install,1
cran,nnet,7.3-16,description,1
cran,nngeo,0.4.4,renv_lock,1
cran,nngeo,0.4.4,description,1
cran,nngeo,0.4.3,install,1
cran,nnls,1.6,renv_lock,1
cran,nomep,0.1,description,3
cran,noremotes,1.0.0,description,1
cran,norm,1.0-11.1,renv_lock,4
cran,norm,1.0-9.5,renv_lock,1
cran,np,0.60-11,install,1
cran,np,0.60-10,description,1
cran,nsyllable,1.0,renv_lock,1
cran,nsyllable,1.0.1,description,1
cran,numDeriv,2016.8-1.1,renv_lock,97
cran,numDeriv,2016.8-1.1,description,21
cran,numDeriv,2016.8-1.1,install,2
cran,numform,0.4.3,install,1
cran,nycflights13,1.0.2,description,1
cran,oatmeal,1.0.0,description,53
cran,oc,0.95,description,1
cran,oc,1.2,description,1
cran,officer,0.4.0,renv_lock,1
cran,officer,0.7.3,renv_lock,1
cran,officer,0.6.7,renv_lock,1
cran,onehot,0.1.1,description,1
cran,onehot,0.1.1,renv_lock,1
cran,openssl,2.3.4,renv_lock,17
cran,openssl,2.3.2,renv_lock,15
cran,openssl,2.1.1,renv_lock,11
cran,openssl,2.3.3,renv_lock,10
cran,openssl,2.2.0,renv_lock,6
cran,openssl,2.1.0,renv_lock,6
cran,openssl,2.0.5,description,5
cran,openssl,2.0.5,renv_lock,4
cran,openssl,1.4.4,renv_lock,4
cran,openssl,2.0.6,renv_lock,4
cran,openssl,2.2.2,renv_lock,4
cran,openssl,2.1.1,description,4
cran,openssl,1.4.6,renv_lock,3
cran,openssl,2.3.5,renv_lock,3
cran,openssl,2.2.1,renv_lock,3
cran,openssl,1.4.1,renv_lock,2
cran,openssl,2.0.2,renv_lock,2
cran,openssl,1.4.5,renv_lock,2
cran,openssl,2.3.4,description,2
cran,openssl,2.2.2,description,2
cran,openssl,1.4.2,renv_lock,2
cran,openssl,2.1.2,renv_lock,2
cran,openssl,2.3.1,renv_lock,2
cran,openssl,2.1.0,description,1
cran,openssl,1.4.1,description,1
cran,openssl,1.4.3,renv_lock,1
cran,openssl,2.3.3,description,1
cran,openssl,2.4.0,renv_lock,1
cran,openssl,1.4.6,description,1
cran,openssl,2.4.2,renv_lock,1
cran,openssl,1.4.5,description,1
cran,openssl,2.2.0,description,1
cran,openssl,2.3.1,description,1
cran,openssl,2.0.0,description,1
cran,openssl,2.0.0,renv_lock,1
cran,openssl,2.0.1,renv_lock,1
cran,openssl,1.4.2,description,1
cran,openssl,2.2.0,install,1
cran,openxlsx,4.2.5.2,renv_lock,5
cran,openxlsx,4.2.8.1,renv_lock,4
cran,openxlsx,4.2.5.2,description,3
cran,openxlsx,4.2.8,renv_lock,2
cran,openxlsx,4.2.7.1,renv_lock,2
cran,openxlsx,4.2.3,install,1
cran,openxlsx,4.1.4,description,1
cran,openxlsx,4.2.3,renv_lock,1
cran,openxlsx,4.1.0,description,1
cran,openxlsx,4.2.3,description,1
cran,openxlsx,4.1.5,description,1
cran,openxlsx,4.2.8,description,1
cran,operator.tools,1.6.3,renv_lock,2
cran,optimx,2023-10.21,renv_lock,2
cran,optimx,2022-4.30,description,2
cran,optimx,2021-10.12,renv_lock,2
cran,optimx,2025-4.9,renv_lock,1
cran,optimx,2023-10.21,description,1
cran,optimx,2021-10.12,description,1
cran,optimx,2022-4.30,renv_lock,1
cran,optimx,2023-8.13,description,1
cran,optmatch,0.10.8,renv_lock,1
cran,optparse,1.7.3,install,1
cran,optrdd,1.0.2,description,2
cran,optrdd,1.0,description,1
cran,optrdd,1.0.1,description,1
cran,ordinal,2023.12-4.1,renv_lock,4
cran,ordinal,2025.12-29,renv_lock,2
cran,ordinal,2023.12-4,renv_lock,1
cran,orthopolynom,1.0-6.1,renv_lock,2
cran,osfr,0.2.9,renv_lock,1
cran,osqp,0.6.3.2,description,2
cran,osqp,0.6.3.3,renv_lock,2
cran,osqp,0.6.3.3,description,1
cran,osqp,1.0.0,renv_lock,1
cran,otel,0.2.0,renv_lock,7
cran,otel,0.2.0,description,1
cran,owdbr,1.0.1.1,description,1
cran,pROC,1.18.5,renv_lock,6
cran,pROC,1.18.0,renv_lock,4
cran,pROC,1.18.0,description,3
cran,pROC,1.19.0.1,renv_lock,3
cran,pROC,1.18.2,renv_lock,2
cran,pROC,1.18.5,description,2
cran,pROC,1.18.4,renv_lock,2
cran,pROC,1.17.0.1,renv_lock,1
cran,pROC,1.19.0.1,install,1
cran,pROC,1.19.0.1,description,1
cran,pROC,1.18.0,install,1
cran,packrat,0.0.0,description,42
cran,packrat,0.6.0,description,7
cran,packrat,0.9.1,description,5
cran,packrat,0.4.9,description,2
cran,packrat,0.4.9-2,description,2
cran,packrat,0.7.0,description,1
cran,packrat,0.7.0,renv_lock,1
cran,packrat,0.4.8-1,description,1
cran,pacman,0.5.1,renv_lock,17
cran,pacman,0.5.1,description,4
cran,pak,0.9.5,renv_lock,1
cran,palette,0.0.3,renv_lock,1
cran,palmer,0.0.0.3,renv_lock,1
cran,palmerpenguins,0.1.1,renv_lock,4
cran,palmerpenguins,0.1.1,description,2
cran,pamr,1.57,description,1
cran,pan,1.9,renv_lock,7
cran,pander,0.6.6,renv_lock,3
cran,pander,0.6.4,renv_lock,1
cran,pander,0.6.5,renv_lock,1
cran,pander,0.6.6,description,1
cran,panelView,1.1.18,renv_lock,2
cran,panelView,1.1.17,renv_lock,2
cran,panelView,1.1.18,description,1
cran,panelView,1.1.3,description,1
cran,panelView,1.1.9,description,1
cran,panelgroupcs,1.0.0.0000,description,1
cran,panelr,0.7.8,renv_lock,1
cran,paneltools,1.0,description,1
cran,paradox,1.0.1,renv_lock,4
cran,paradox,1.0.1,description,2
cran,parallel,4.1.1,description,1
cran,parallelMap,1.5.1,renv_lock,1
cran,parallelMap,1.5.1,description,1
cran,parallelly,1.46.1,renv_lock,7
cran,parallelly,1.36.0,renv_lock,7
cran,parallelly,1.45.1,renv_lock,5
cran,parallelly,1.37.1,renv_lock,3
cran,parallelly,1.44.0,renv_lock,3
cran,parallelly,1.41.0,renv_lock,3
cran,parallelly,1.42.0,renv_lock,2
cran,parallelly,1.38.0,renv_lock,2
cran,parallelly,1.31.1,renv_lock,2
cran,parallelly,1.43.0,renv_lock,2
cran,parallelly,1.32.1,renv_lock,2
cran,parallelly,1.47.0,renv_lock,2
cran,parallelly,1.48.0,renv_lock,1
cran,parallelly,1.45.0,description,1
cran,parallelly,1.34.0,renv_lock,1
cran,parallelly,1.29.0,renv_lock,1
cran,parallelly,1.28.1,renv_lock,1
cran,parallelly,1.41.0,description,1
cran,parallelly,1.36.0,description,1
cran,parallelly,1.46.1,description,1
cran,parallelly,1.29.0,description,1
cran,parallelly,1.42.0,description,1
cran,parallelly,1.30.0,renv_lock,1
cran,parallelly,1.31.1,description,1
cran,parameters,0.28.3,renv_lock,10
cran,parameters,0.27.0,renv_lock,3
cran,parameters,0.21.6,renv_lock,3
cran,parameters,0.22.1,renv_lock,2
cran,parameters,0.28.2,renv_lock,2
cran,parameters,0.21.1,renv_lock,2
cran,parameters,0.25.0,renv_lock,2
cran,parameters,0.26.0,renv_lock,2
cran,parameters,0.21.2,renv_lock,2
cran,parameters,0.2.0,renv_lock,2
cran,parameters,0.22.0,renv_lock,2
cran,parameters,0.20.1,renv_lock,1
cran,parameters,0.24.1,renv_lock,1
cran,parameters,0.22.2,renv_lock,1
cran,parameters,0.20.0,description,1
cran,parameters,0.20.0,renv_lock,1
cran,parameters,0.24.1,description,1
cran,parameters,0.20.2,description,1
cran,parameters,0.15.0,renv_lock,1
cran,parameters,0.24.2,renv_lock,1
cran,parsnip,1.4.1,description,1
cran,parsnip,1.4.1,renv_lock,1
cran,parsnip,0.1.7,renv_lock,1
cran,parsnip,0.1.7,description,1
cran,party,1.3-18,description,1
cran,partykit,1.2-22,renv_lock,1
cran,pastecs,1.3.21,renv_lock,1
cran,patchwork,1.3.2,renv_lock,12
cran,patchwork,1.3.0,renv_lock,11
cran,patchwork,1.2.0,renv_lock,6
cran,patchwork,1.3.1,renv_lock,3
cran,patchwork,1.1.1,renv_lock,3
cran,patchwork,1.2.0,install,2
cran,patchwork,1.3.0,description,2
cran,patchwork,1.1.2,renv_lock,2
cran,patchwork,1.1.3,renv_lock,2
cran,patchwork,1.1.2,install,1
cran,patchwork,1.2.0,description,1
cran,patchwork,1.1.1,description,1
cran,patentsview,0.3.0,renv_lock,1
cran,pbapply,1.7-4,renv_lock,7
cran,pbapply,1.7-2,renv_lock,3
cran,pbapply,1.7-2,description,1
cran,pbapply,1.6.0,install,1
cran,pbivnorm,0.6.0,renv_lock,3
cran,pbivnorm,0.6.0,description,2
cran,pbkrtest,0.5.2,renv_lock,14
cran,pbkrtest,0.5.5,renv_lock,14
cran,pbkrtest,0.5.2,description,6
cran,pbkrtest,0.5.3,renv_lock,5
cran,pbkrtest,0.5.1,renv_lock,4
cran,pbkrtest,0.5.4,renv_lock,2
cran,pbkrtest,0.4-8.6,description,2
cran,pbkrtest,0.5-0.1,description,1
cran,pbkrtest,0.5.1,install,1
cran,pbkrtest,0.4-6,description,1
cran,pbkrtest,0.5.3,description,1
cran,pbkrtest,0.4-7,description,1
cran,pblasso,1.0.8,description,1
cran,pbmcapply,1.5.1,renv_lock,1
cran,pbmcapply,1.5.1,description,1
cran,pcse,1.9.1.1,renv_lock,5
cran,pdftools,3.0.1,renv_lock,1
cran,pdftools,3.4.0,renv_lock,1
cran,pdftools,3.5.0,renv_lock,1
cran,peacesciencer,1.1.0,renv_lock,2
cran,peacesciencer,1.1.0,description,1
cran,performance,0.16.0,renv_lock,6
cran,performance,0.13.0,renv_lock,5
cran,performance,0.15.2,renv_lock,4
cran,performance,0.15.0,renv_lock,3
cran,performance,0.11.0,renv_lock,3
cran,performance,0.12.2,renv_lock,3
cran,performance,0.15.3,renv_lock,2
cran,performance,0.3.0,renv_lock,2
cran,performance,0.12.0,renv_lock,2
cran,performance,0.14.0,renv_lock,2
cran,performance,0.8.0,renv_lock,1
cran,performance,0.10.4,renv_lock,1
cran,performance,0.10.5,renv_lock,1
cran,performance,0.10.1,description,1
cran,performance,0.12.3,renv_lock,1
cran,performance,0.10.1,renv_lock,1
cran,performance,0.13.0,description,1
cran,performance,0.10.8,renv_lock,1
cran,performance,0.10.2,description,1
cran,permute,0.9-7,renv_lock,3
cran,permute,0.9-8,renv_lock,1
cran,permute,0.9-7,description,1
cran,pewdata,0.3.2,renv_lock,1
cran,pgdraw,1.1,renv_lock,1
cran,phone,1.0.0,description,39
cran,pib,1.0.0,renv_lock,1
cran,pillar,1.9.0,renv_lock,49
cran,pillar,1.11.1,renv_lock,28
cran,pillar,1.10.2,renv_lock,15
cran,pillar,1.9.0,description,13
cran,pillar,1.10.1,renv_lock,10
cran,pillar,1.11.0,renv_lock,9
cran,pillar,1.7.0,renv_lock,6
cran,pillar,1.8.1,renv_lock,5
cran,pillar,1.10.1,description,3
cran,pillar,1.8.1,description,3
cran,pillar,1.11.1,description,3
cran,pillar,1.6.4,renv_lock,3
cran,pillar,1.4.6,renv_lock,2
cran,pillar,1.4.2,renv_lock,2
cran,pillar,1.2.2,description,2
cran,pillar,1.4.3,description,2
cran,pillar,1.6.1,renv_lock,2
cran,pillar,1.2.3,description,1
cran,pillar,1.10.1,install,1
cran,pillar,1.6.2,description,1
cran,pillar,1.6.4,description,1
cran,pillar,1.6.3,renv_lock,1
cran,pillar,1.5.1,renv_lock,1
cran,pillar,1.10.2,description,1
cran,pillar,1.5.0,description,1
cran,pillar,1.6.2,renv_lock,1
cran,pillar,1.10.0,renv_lock,1
cran,pillar,1.4.6,description,1
cran,pillar,1.7.0,description,1
cran,pingr,2.0.2,renv_lock,1
cran,pingr,2.0.1,renv_lock,1
cran,pistar,0.5.2.5,description,1
cran,pixmap,0.4-12,renv_lock,1
cran,pkg,1.0.0,description,2
cran,pkgKitten,0.2.4,description,1
cran,pkgbuild,1.4.4,renv_lock,8
cran,pkgbuild,1.4.8,renv_lock,8
cran,pkgbuild,1.4.2,renv_lock,5
cran,pkgbuild,1.4.2,description,4
cran,pkgbuild,1.4.7,renv_lock,3
cran,pkgbuild,1.4.6,renv_lock,3
cran,pkgbuild,1.1.0,renv_lock,2
cran,pkgbuild,1.4.8,description,2
cran,pkgbuild,1.2.0,description,2
cran,pkgbuild,1.4.3,renv_lock,2
cran,pkgbuild,1.4.3,description,2
cran,pkgbuild,1.4.6,description,2
cran,pkgbuild,1.3.1,renv_lock,2
cran,pkgbuild,1.4.5,renv_lock,1
cran,pkgbuild,1.4.5,description,1
cran,pkgbuild,1.4.0,renv_lock,1
cran,pkgbuild,1.3.1,description,1
cran,pkgbuild,1.4.6,install,1
cran,pkgbuild,1.4.2,install,1
cran,pkgbuild,1.2.0,renv_lock,1
cran,pkgbuild,1.0.6,description,1
cran,pkgcache,2.2.3,description,1
cran,pkgconfig,2.0.3,renv_lock,134
cran,pkgconfig,2.0.3,description,27
cran,pkgconfig,2.0.1,description,1
cran,pkgconfig,2.0.3,install,1
cran,pkgdepends,0.8.0,description,1
cran,pkgdown,2.1.1,description,3
cran,pkgdown,2.2.0,renv_lock,2
cran,pkgdown,2.1.0,renv_lock,2
cran,pkgdown,2.0.7,renv_lock,2
cran,pkgdown,2.1.1,install,1
cran,pkgdown,2.1.2,renv_lock,1
cran,pkgdown,2.2.0,description,1
cran,pkgdown,2.1.1,renv_lock,1
cran,pkgdown,2.1.0,description,1
cran,pkgdown,2.1.3,renv_lock,1
cran,pkgload,1.4.0,renv_lock,7
cran,pkgload,1.3.4,renv_lock,7
cran,pkgload,1.3.2,renv_lock,5
cran,pkgload,1.3.2.1,renv_lock,4
cran,pkgload,1.4.0,description,3
cran,pkgload,1.3.3,description,3
cran,pkgload,1.2.4,renv_lock,3
cran,pkgload,1.5.0,renv_lock,2
cran,pkgload,1.2.4,description,2
cran,pkgload,1.1.0,renv_lock,2
cran,pkgload,1.3.3,renv_lock,2
cran,pkgload,1.3.4,description,2
cran,pkgload,1.5.0,description,2
cran,pkgload,1.3.2,description,2
cran,pkgload,1.3.2.1,description,1
cran,pkgload,1.0.2,description,1
cran,pkgload,1.4.0,install,1
cran,pkgload,1.1.0,description,1
cran,pkgload,1.2.3,renv_lock,1
cran,pkgload,1.5.3,renv_lock,1
cran,pkgload,1.5.2,renv_lock,1
cran,pkgload,1.2.2,description,1
cran,plm,2.6-7,renv_lock,4
cran,plm,2.6-2,renv_lock,3
cran,plm,2.6-3,renv_lock,3
cran,plm,2.6-2,description,2
cran,plm,2.4-3,description,1
cran,plm,2.6-1,description,1
cran,plm,2.6-6,renv_lock,1
cran,plm,2.6-5,description,1
cran,plm,2.6-5,renv_lock,1
cran,plm,2.4-1,install,1
cran,plm,2.6-7,description,1
cran,plm,2.4-3,renv_lock,1
cran,plogr,0.2.0,renv_lock,9
cran,plogr,0.2.0,description,2
cran,plot.matrix,1.6.2,install,1
cran,plot3D,1.4,renv_lock,2
cran,plot3D,1.4,description,1
cran,plotROC,2.3.0,description,1
cran,plotfunctions,1.3,renv_lock,2
cran,plotly,4.10.4,renv_lock,1
cran,plotmo,3.6.4,description,1
cran,plotrix,3.8-4,renv_lock,2
cran,plotrix,3.8-2,renv_lock,2
cran,plotrix,3.8-4,description,1
cran,pls,2.8-5,description,1
cran,plyr,1.8.9,renv_lock,49
cran,plyr,1.8.6,renv_lock,9
cran,plyr,1.8.6,description,7
cran,plyr,1.8.8,renv_lock,5
cran,plyr,1.8.7,renv_lock,4
cran,plyr,1.8.9,description,4
cran,plyr,1.8.4,description,4
cran,plyr,1.8.6,install,2
cran,plyr,1.8.4,renv_lock,2
cran,plyr,1.8.7,description,2
cran,plyr,1.8.8,description,2
cran,plyr,1.8.9,install,1
cran,plyr,1.8.5,description,1
cran,pmr,1.2.5.1,renv_lock,1
cran,png,0.1-8,renv_lock,25
cran,png,0.1-7,renv_lock,6
cran,png,0.1-7,description,4
cran,png,0.1-8,description,3
cran,png,0.1-9,renv_lock,1
cran,polars,1.10.0,renv_lock,1
cran,policytree,1.2.3,description,1
cran,policytree,1.1.1,renv_lock,1
cran,pollster,0.1.6,renv_lock,1
cran,polyclip,1.10-7,renv_lock,5
cran,polyclip,1.10-0,renv_lock,3
cran,polyclip,1.10-6,renv_lock,1
cran,polycor,0.8-1,description,1
cran,polynom,1.4-1,renv_lock,30
cran,polynom,1.4-1,description,5
cran,polynom,1.4-0,renv_lock,2
cran,popdictR,0.9.0,renv_lock,1
cran,posterior,1.6.1,renv_lock,6
cran,posterior,1.5.0,renv_lock,3
cran,posterior,1.6.0,renv_lock,1
cran,posterior,1.3.1,renv_lock,1
cran,posterior,1.1.0,renv_lock,1
cran,posterior,1.4.1,description,1
cran,powerjoin,0.1.0,install,1
cran,prabclus,2.3-4,renv_lock,2
cran,prabclus,2.3-4,description,1
cran,pracma,2.4.4,description,3
cran,pracma,2.4.2,description,3
cran,pracma,2.4.4,renv_lock,3
cran,pracma,2.4.2,renv_lock,2
cran,pracma,2.4.6,renv_lock,2
cran,pracma,2.2.9,description,1
cran,praise,1.0.0,renv_lock,33
cran,praise,1.0.0,description,14
cran,praise,1.0.0,install,1
cran,precrec,0.14.4,renv_lock,1
cran,precrec,0.14.4,description,1
cran,precrec,0.14.2,description,1
cran,prediction,0.3.14,renv_lock,3
cran,prediction,0.3.18,renv_lock,2
cran,prediction,0.3.14,description,2
cran,predictionError,0.0.1,description,1
cran,prefmod,0.8-36,renv_lock,1
cran,prettydoc,0.4.1,renv_lock,1
cran,prettymapr,0.2.5,renv_lock,1
cran,prettymapr,0.2.5,description,1
cran,prettyunits,1.2.0,renv_lock,89
cran,prettyunits,1.1.1,renv_lock,35
cran,prettyunits,1.2.0,description,12
cran,prettyunits,1.1.1,description,11
cran,prettyunits,1.0.2,renv_lock,2
cran,prettyunits,1.0.2,description,1
cran,prettyunits,1.2.0,install,1
cran,prism,0.2.3,renv_lock,1
cran,processx,3.8.6,renv_lock,40
cran,processx,3.8.4,renv_lock,19
cran,processx,3.8.2,renv_lock,15
cran,processx,3.5.2,renv_lock,10
cran,processx,3.8.2,description,5
cran,processx,3.8.0,description,4
cran,processx,3.8.3,renv_lock,4
cran,processx,3.8.0,renv_lock,4
cran,processx,3.8.6,description,4
cran,processx,3.8.1,renv_lock,3
cran,processx,3.8.3,description,3
cran,processx,3.8.5,renv_lock,3
cran,processx,3.8.7,renv_lock,2
cran,processx,3.4.1,renv_lock,2
cran,processx,3.8.5,description,2
cran,processx,3.4.4,renv_lock,2
cran,processx,3.5.3,renv_lock,2
cran,processx,3.7.0,renv_lock,2
cran,processx,3.5.2,description,2
cran,processx,3.4.3,description,1
cran,processx,3.4.5,description,1
cran,processx,3.4.2,description,1
cran,processx,3.8.4,install,1
cran,processx,3.4.5,renv_lock,1
cran,processx,3.8.4,description,1
cran,processx,3.9.0,renv_lock,1
cran,processx,3.5.3,description,1
cran,prodlim,2019.11.13,renv_lock,4
cran,prodlim,2025.04.28,renv_lock,4
cran,prodlim,2024.06.25,renv_lock,3
cran,prodlim,2024.06.25,description,2
cran,prodlim,2019.11.13,description,2
cran,prodlim,2023.03.31,renv_lock,1
cran,prodlim,2023.08.28,renv_lock,1
cran,prodlim,2023.08.28,description,1
cran,prodlim,2026.03.11,description,1
cran,prodlim,2026.03.11,renv_lock,1
cran,profileModel,0.6.1,description,1
cran,profmem,0.6.0,description,1
cran,profmem,0.6.0,renv_lock,1
cran,profmem,0.7.0,description,1
cran,profvis,0.3.8,renv_lock,4
cran,profvis,0.4.0,description,3
cran,profvis,0.4.0,renv_lock,3
cran,profvis,0.3.7,renv_lock,2
cran,profvis,0.3.6,description,1
cran,profvis,0.3.8,install,1
cran,profvis,0.3.8,description,1
cran,profvis,0.3.7,description,1
cran,progress,1.2.3,renv_lock,82
cran,progress,1.2.2,renv_lock,42
cran,progress,1.2.2,description,13
cran,progress,1.2.3,description,9
cran,progress,1.2.3,install,1
cran,progress,1.1.2,description,1
cran,progress,1.2.2,install,1
cran,progressr,0.18.0,renv_lock,4
cran,progressr,0.14.0,renv_lock,3
cran,progressr,0.15.1,renv_lock,3
cran,progressr,0.13.0,renv_lock,2
cran,progressr,0.15.1,description,2
cran,progressr,0.11.0,renv_lock,1
cran,progressr,0.9.0,description,1
cran,progressr,0.14.0,description,1
cran,progressr,0.9.0,renv_lock,1
cran,progressr,0.18.0,description,1
cran,progressr,0.10.0,description,1
cran,progresstest,1.0.0,description,3
cran,progresstestcpp,1.0.0,description,2
cran,projoint,1.0.6,renv_lock,1
cran,projpred,2.0.2,renv_lock,1
cran,promises,1.2.0.1,renv_lock,6
cran,promises,1.3.2,renv_lock,6
cran,promises,1.2.1,renv_lock,5
cran,promises,1.5.0,renv_lock,4
cran,promises,1.3.3,renv_lock,4
cran,promises,1.3.0,renv_lock,3
cran,promises,1.2.0.1,description,3
cran,promises,1.0.1,renv_lock,2
cran,promises,1.3.2,description,2
cran,promises,1.4.0,renv_lock,2
cran,promises,1.2.1,description,2
cran,promises,1.3.0,description,1
cran,promises,1.1.0,description,1
cran,promises,1.5.0,description,1
cran,promises,1.3.2,install,1
cran,proto,1.0.0,renv_lock,1
cran,protolite,2.2.0,description,1
cran,protolite,2.1,description,1
cran,proxy,0.4-27,renv_lock,35
cran,proxy,0.4-29,renv_lock,10
cran,proxy,0.4-27,description,7
cran,proxy,0.4-26,renv_lock,4
cran,proxy,0.4-26,description,2
cran,proxy,0.4-27,install,1
cran,proxy,0.4-23,description,1
cran,proxy,0.4-28,renv_lock,1
cran,proxyC,0.5.2,description,1
cran,proxyC,0.2.0,renv_lock,1
cran,ps,1.9.1,renv_lock,36
cran,ps,1.7.5,renv_lock,17
cran,ps,1.6.0,renv_lock,12
cran,ps,1.7.6,renv_lock,12
cran,ps,1.7.7,renv_lock,7
cran,ps,1.7.2,description,5
cran,ps,1.8.1,renv_lock,5
cran,ps,1.9.1,description,4
cran,ps,1.7.5,description,4
cran,ps,1.7.2,renv_lock,4
cran,ps,1.9.0,renv_lock,4
cran,ps,1.7.6,description,3
cran,ps,1.6.0,description,3
cran,ps,1.8.1,description,2
cran,ps,1.3.4,renv_lock,2
cran,ps,1.3.0,renv_lock,2
cran,ps,1.8.0,renv_lock,2
cran,ps,1.9.3,renv_lock,2
cran,ps,1.7.1,renv_lock,2
cran,ps,1.7.0,renv_lock,1
cran,ps,1.7.6,install,1
cran,ps,1.9.2,renv_lock,1
cran,ps,1.3.2,description,1
cran,ps,1.8.0,description,1
cran,ps,1.7.4,renv_lock,1
cran,ps,1.5.0,description,1
cran,ps,1.3.3,description,1
cran,pscl,1.5.9,renv_lock,3
cran,pscl,1.5.5.1,renv_lock,1
cran,pscl,1.5.5,install,1
cran,pscl2,1.04.4,description,1
cran,pso,1.0.4,renv_lock,1
cran,pspm,1.0,description,1
cran,psy,1.2,renv_lock,2
cran,psy,1.2,description,2
cran,psych,2.2.9,renv_lock,2
cran,psych,2.2.9,description,2
cran,psych,1.8.12,renv_lock,2
cran,psych,2.3.3,renv_lock,2
cran,psych,2.5.3,renv_lock,1
cran,psych,2.4.3,renv_lock,1
cran,psych,2.4.12,renv_lock,1
cran,psych,1.9.12,description,1
cran,psych,2.6.3,renv_lock,1
cran,psych,2.5.6,renv_lock,1
cran,psych,2.2.5,renv_lock,1
cran,psychotools,0.7-4,renv_lock,1
cran,psychotree,0.16-1,renv_lock,1
cran,punitroots,0.0-2,description,1
cran,purrr,1.0.2,renv_lock,41
cran,purrr,1.0.4,renv_lock,20
cran,purrr,0.3.4,renv_lock,17
cran,purrr,1.0.1,renv_lock,15
cran,purrr,1.0.2,description,13
cran,purrr,1.2.1,renv_lock,12
cran,purrr,1.1.0,renv_lock,10
cran,purrr,0.3.4,description,7
cran,purrr,1.2.0,renv_lock,6
cran,purrr,1.2.2,renv_lock,4
cran,purrr,1.0.1,description,4
cran,purrr,1.0.2,install,2
cran,purrr,1.2.1,description,2
cran,purrr,1.2.0,description,1
cran,purrr,0.3.2,renv_lock,1
cran,purrr,1.1.0,install,1
cran,purrr,0.3.3,renv_lock,1
cran,purrr,0.3.3,description,1
cran,purrr,0.3.5,renv_lock,1
cran,purrr,0.2.5,description,1
cran,purrr,1.2.0,install,1
cran,purrr,1.0.4,description,1
cran,purrr,1.0.0,description,1
cran,pwr,1.3-0,renv_lock,2
cran,pwtest,0.0.0.9000,description,2
cran,pwtest,0.0.0.9000,renv_lock,1
cran,qap,0.1-2,description,1
cran,qap,0.1-2,renv_lock,1
cran,qdapDictionaries,1.0.7,renv_lock,1
cran,qgam,1.3.0,renv_lock,1
cran,qpdf,1.1,renv_lock,1
cran,qpdf,1.3.3,renv_lock,1
cran,qpdf,1.4.1,renv_lock,1
cran,qrng,0.0-10,description,1
cran,qrng,0.0-11,renv_lock,1
cran,qs,0.25.2,renv_lock,1
cran,qs,0.27.2,renv_lock,1
cran,qs,0.27.3,renv_lock,1
cran,qs2,0.1.5,renv_lock,1
cran,quadprog,1.5-8,renv_lock,16
cran,quadprog,1.5-8,description,6
cran,qualtRics,3.2.2,renv_lock,1
cran,quanteda,4.2.0,renv_lock,3
cran,quanteda,3.2.1,install,2
cran,quanteda,3.0.0,install,2
cran,quanteda,3.1.0,renv_lock,1
cran,quanteda,4.0.2,renv_lock,1
cran,quanteda,3.0.0,renv_lock,1
cran,quanteda,1.3.0,description,1
cran,quanteda,3.3.1,renv_lock,1
cran,quanteda,1.1.1,install,1
cran,quanteda,3.2.1,description,1
cran,quanteda,1.5.1,install,1
cran,quanteda,0.99,install,1
cran,quanteda,0.8.0-3,install,1
cran,quanteda.corpora,0.9.2,renv_lock,1
cran,quanteda.dictionaries,0.4,renv_lock,1
cran,quanteda.textmodels,0.9.10,description,1
cran,quanteda.textmodels,0.9.4,install,1
cran,quanteda.textplots,0.96.1,description,1
cran,quanteda.textstats,0.97.2,description,1
cran,quanteda.textstats,0.94.1,renv_lock,1
cran,quantmod,0.4.28,renv_lock,2
cran,quantmod,0.4.26,renv_lock,2
cran,quantmod,0.4.25,description,2
cran,quantmod,0.4.24,renv_lock,1
cran,quantmod,0.4.18,renv_lock,1
cran,quantreg,6.1,renv_lock,18
cran,quantreg,5.97,renv_lock,8
cran,quantreg,5.97,description,4
cran,quantreg,6.00,renv_lock,3
cran,quantreg,5.98,renv_lock,3
cran,quantreg,5.95,renv_lock,3
cran,quantreg,5.94,renv_lock,3
cran,quantreg,5.94,description,2
cran,quantreg,6.00,description,1
cran,quantreg,5.99.1,renv_lock,1
cran,quantreg,5.88,description,1
cran,quantreg,5.61,description,1
cran,quantreg,5.88,renv_lock,1
cran,quantreg,5.99.1,description,1
cran,quantreg,5.83,description,1
cran,quantreg,5.29,description,1
cran,quantreg,5.55,description,1
cran,quantreg,5.85,renv_lock,1
cran,quantreg,5.36,description,1
cran,quantreg,5.96,renv_lock,1
cran,quantreg,5.93,renv_lock,1
cran,questionr,0.7.8,renv_lock,2
cran,questionr,0.7.8,description,1
cran,quickmatch,0.2.1,description,1
cran,quickmatch,0.2.1,renv_lock,1
cran,qval,0.0.0.9000,description,1
cran,qvcalc,1.0.3,description,1
cran,qvcalc,1.0.3,renv_lock,1
cran,rBayesianOptimization,1.1.0,description,1
cran,rBayesianOptimization,1.1.0,renv_lock,1
cran,rJava,1.0-11,renv_lock,1
cran,rJava,1.0-5,renv_lock,1
cran,radarchart,0.3.1,renv_lock,1
cran,radiant,1.6.1,install,1
cran,ragg,1.4.0,renv_lock,18
cran,ragg,1.5.0,renv_lock,16
cran,ragg,1.2.5,renv_lock,13
cran,ragg,1.3.3,renv_lock,8
cran,ragg,1.3.2,renv_lock,7
cran,ragg,1.3.0,renv_lock,4
cran,ragg,1.5.0,description,2
cran,ragg,1.5.2,renv_lock,2
cran,ragg,1.2.5,description,2
cran,ragg,1.3.3,description,2
cran,ragg,1.2.6,description,2
cran,ragg,1.5.1,renv_lock,1
cran,ragg,1.4.0,description,1
cran,ragg,1.2.2,description,1
cran,ragg,1.3.2,install,1
cran,ragg,1.2.7,description,1
cran,ragg,1.2.6,renv_lock,1
cran,ragg,1.2.7,renv_lock,1
cran,ragg,0.1.3,renv_lock,1
cran,randomForest,4.7-1.2,renv_lock,4
cran,randomForest,4.7-1.2,description,2
cran,randomForest,4.7-1.1,install,1
cran,randomForest,4.7-1.1,description,1
cran,randomForest,4.6-14,description,1
cran,randomForest,4.7-1.1,renv_lock,1
cran,randomizr,1.0.0,renv_lock,2
cran,randomizr,0.22.0,renv_lock,1
cran,randomizr,1.0.0,install,1
cran,randtoolbox,2.0.4,description,1
cran,randtoolbox,2.0.4,renv_lock,1
cran,ranger,0.17.0,renv_lock,7
cran,ranger,0.17.0,description,2
cran,ranger,0.15.1,renv_lock,1
cran,ranger,0.12.1,description,1
cran,ranger,0.12.1,renv_lock,1
cran,ranger,0.13.1,description,1
cran,ranger,0.13.1,renv_lock,1
cran,ranger,0.18.0,renv_lock,1
cran,rankdist,1.1.4,renv_lock,1
cran,rankingQ,0.1.0,renv_lock,1
cran,rapidjsonr,1.2.0,renv_lock,8
cran,rapidjsonr,1.2.1,renv_lock,3
cran,rapidjsonr,1.2.0,description,2
cran,rappdirs,0.3.3,renv_lock,99
cran,rappdirs,0.3.3,description,18
cran,rappdirs,0.3.4,renv_lock,14
cran,rappdirs,0.3.4,description,1
cran,rappdirs,0.3.3,install,1
cran,raster,3.6-32,renv_lock,8
cran,raster,3.6-26,install,2
cran,raster,3.1-5,description,2
cran,raster,3.6-26,renv_lock,2
cran,raster,3.6-31,renv_lock,1
cran,raster,3.6-31,description,1
cran,raster,3.5-15,renv_lock,1
cran,raster,3.6-26,description,1
cran,raster,3.6-23,renv_lock,1
cran,raster,3.5-21,install,1
cran,raster,3.4-5,description,1
cran,raster,3.6-30,description,1
cran,raster,3.6-30,renv_lock,1
cran,rasterVis,0.51.6,renv_lock,1
cran,rbenchmark,1.0.0,description,1
cran,rbenchmark,1.0.0,renv_lock,1
cran,rbibutils,2.3,renv_lock,16
cran,rbibutils,2.4.1,renv_lock,10
cran,rbibutils,2.2.16,renv_lock,6
cran,rbibutils,2.4,renv_lock,4
cran,rbibutils,2.2.13,description,2
cran,rbibutils,2.2.7,description,2
cran,rbibutils,2.2.13,renv_lock,2
cran,rbibutils,2.2.15,renv_lock,2
cran,rbibutils,2.2.15,description,2
cran,rbibutils,2.2.11,renv_lock,1
cran,rbibutils,2.3,description,1
cran,rbibutils,2.4,description,1
cran,rbibutils,2.2.7,renv_lock,1
cran,rblm,0.3,description,1
cran,rbounds,2.1,description,1
cran,rcartocolor,2.0.0,description,1
cran,rcdd,1.6,renv_lock,1
cran,rcmdcheck,1.4.0,renv_lock,9
cran,rcmdcheck,1.4.0,description,5
cran,rcmdcheck,1.4.0,install,1
cran,rcmdcheck,1.3.3,description,1
cran,rdd,0.57,description,2
cran,rdd,0.57,renv_lock,1
cran,rddensity,2.4,description,1
cran,rddensity,2.6,description,1
cran,rdlocrand,0.5,description,1
cran,rdrobust,2.2,description,3
cran,rdrobust,3.0.0,renv_lock,2
cran,rdrobust,2.2,renv_lock,2
cran,rdrobust,3.0.0,description,2
cran,rdrobust,2.0.2,description,1
cran,rdrobust,2.0.1,install,1
cran,rdrobust,2.1.1,description,1
cran,rdrobust,0.93,install,1
cran,rdrobust,0.99.1,install,1
cran,re2,0.1.4,renv_lock,1
cran,reactR,0.6.1,renv_lock,6
cran,reactR,0.4.4,renv_lock,3
cran,reactR,0.5.0,renv_lock,1
cran,reactR,0.6.1,description,1
cran,reactR,0.6.0,renv_lock,1
cran,reactable,0.4.4,renv_lock,9
cran,reactable,0.4.5,renv_lock,2
cran,reactable,0.4.4,description,1
cran,readODS,2.3.1,renv_lock,1
cran,readODS,1.7.0,renv_lock,1
cran,readme,2.0,description,1
cran,readr,2.1.5,renv_lock,58
cran,readr,2.1.4,renv_lock,22
cran,readr,2.1.6,renv_lock,10
cran,readr,2.2.0,renv_lock,10
cran,readr,2.1.4,description,7
cran,readr,2.1.5,description,7
cran,readr,2.1.1,renv_lock,4
cran,readr,2.1.2,renv_lock,4
cran,readr,1.4.0,renv_lock,4
cran,readr,1.3.1,renv_lock,4
cran,readr,2.1.5,install,3
cran,readr,2.0.1,renv_lock,2
cran,readr,1.3.1,description,2
cran,readr,2.0.1,description,2
cran,readr,2.1.3,renv_lock,1
cran,readr,2.1.3,description,1
cran,readr,2.1.4,install,1
cran,readr,2.0.0,renv_lock,1
cran,readr,2.0.2,renv_lock,1
cran,readr,2.2.0,description,1
cran,readr,1.4.0,description,1
cran,readr,2.1.0,renv_lock,1
cran,readr,2.1.2,description,1
cran,readr,2.1.6,description,1
cran,readr,1.1.1,description,1
cran,readr,2.1.1,description,1
cran,readstata13,0.10.1,description,5
cran,readstata13,0.10.1,renv_lock,4
cran,readstata13,0.11.0,renv_lock,3
cran,readstata13,0.10.0,description,2
cran,readstata13,0.9.2,description,2
cran,readstata13,0.11.0,description,1
cran,readstata13,0.10.0,install,1
cran,readstata13,0.10.0,renv_lock,1
cran,readtext,0.81,renv_lock,1
cran,readxl,1.4.5,renv_lock,39
cran,readxl,1.4.3,renv_lock,38
cran,readxl,1.3.1,renv_lock,17
cran,readxl,1.3.1,description,8
cran,readxl,1.4.3,description,7
cran,readxl,1.4.2,renv_lock,5
cran,readxl,1.4.3,install,4
cran,readxl,1.5.0,renv_lock,3
cran,readxl,1.4.5,description,3
cran,readxl,1.4.1,description,2
cran,readxl,1.4.0,renv_lock,2
cran,readxl,1.4.1,renv_lock,2
cran,readxl,1.1.0,description,1
cran,readxl,1.4.0,description,1
cran,readxl,1.4.2,description,1
cran,recipes,1.3.1,renv_lock,5
cran,recipes,1.1.0,description,2
cran,recipes,1.1.0,renv_lock,2
cran,recipes,0.2.0,description,1
cran,recipes,1.0.10,renv_lock,1
cran,recipes,1.0.9,install,1
cran,recipes,1.3.1,description,1
cran,recipes,1.0.4,renv_lock,1
cran,recipes,0.1.17,description,1
cran,recipes,0.1.17,renv_lock,1
cran,recipes,1.0.8,description,1
cran,recipes,1.0.8,renv_lock,1
cran,recipes,0.1.16,renv_lock,1
cran,recipes,1.0.1,renv_lock,1
cran,recipes,1.0.6,renv_lock,1
cran,redist,4.0.1,install,1
cran,redist,5.0.0.1,renv_lock,1
cran,redist,4.0.1,renv_lock,1
cran,redist,4.2.0,renv_lock,1
cran,redistmetrics,1.0.7,renv_lock,1
cran,redistmetrics,1.0.2,renv_lock,1
cran,redistmetrics,1.0.9,renv_lock,1
cran,reformulas,0.4.1,renv_lock,10
cran,reformulas,0.4.4,renv_lock,8
cran,reformulas,0.4.0,renv_lock,4
cran,reformulas,0.4.3.1,renv_lock,2
cran,reformulas,0.4.3,renv_lock,1
cran,reformulas,0.4.0,description,1
cran,reformulas,0.4.4,description,1
cran,reformulas,0.4.2,renv_lock,1
cran,regexhelpeR,1.1.0,renv_lock,1
cran,registry,0.5-1,renv_lock,2
cran,registry,0.5-1,description,1
cran,regweight,1.0.2,renv_lock,1
cran,relaimpo,2.2-7,renv_lock,1
cran,reldist,1.7-2,renv_lock,1
cran,relimp,1.0-5,renv_lock,1
cran,rem,1.2.6,description,1
cran,rematch,2.0.0,renv_lock,72
cran,rematch,1.0.1,renv_lock,33
cran,rematch,1.0.1,description,12
cran,rematch,2.0.0,description,9
cran,rematch,2.0.0,install,1
cran,rematch2,2.1.2,renv_lock,91
cran,rematch2,2.1.2,description,18
cran,remotes,2.5.0,renv_lock,21
cran,remotes,2.5.0,description,8
cran,remotes,2.4.2,renv_lock,4
cran,remotes,2.4.2.1,description,4
cran,remotes,2.4.0,description,2
cran,remotes,2.4.2.1,renv_lock,2
cran,remotes,2.4.2,description,2
cran,remotes,2.4.2.1,install,2
cran,remotes,2.1.0,renv_lock,2
cran,remotes,2.5.0,install,1
cran,remotes,2.4.0,renv_lock,1
cran,renv,1.0.0,description,50
cran,renv,1.1.4,renv_lock,19
cran,renv,1.1.5,renv_lock,18
cran,renv,1.0.7,renv_lock,12
cran,renv,1.0.11,renv_lock,11
cran,renv,1.1.7,renv_lock,10
cran,renv,1.1.5,description,9
cran,renv,1.0.5,renv_lock,7
cran,renv,1.0.3,renv_lock,6
cran,renv,1.1.4,description,6
cran,renv,1.0.11,description,6
cran,renv,1.0.7,description,6
cran,renv,1.1.8,renv_lock,5
cran,renv,1.0.3,description,4
cran,renv,1.0.5,description,4
cran,renv,1.1.7,description,4
cran,renv,0.15.4,renv_lock,4
cran,renv,0.16.0,renv_lock,3
cran,renv,1.0.2,renv_lock,3
cran,renv,0.15.5,renv_lock,3
cran,renv,0.17.3,renv_lock,3
cran,renv,1.0.0,renv_lock,3
cran,renv,1.2.2,renv_lock,3
cran,renv,1.2.3,renv_lock,3
cran,renv,1.1.1,renv_lock,2
cran,renv,1.1.1,description,2
cran,renv,1.1.6,renv_lock,2
cran,renv,0.12.2,renv_lock,2
cran,renv,0.14.0-3,renv_lock,2
cran,renv,0.12.0,renv_lock,2
cran,renv,0.14.0-3,description,2
cran,renv,1.1.8,description,2
cran,renv,0.13.2,renv_lock,2
cran,renv,0.17.3,description,2
cran,renv,0.15.4,description,2
cran,renv,0.9.2,renv_lock,2
cran,renv,0.14.0,renv_lock,2
cran,renv,1.0.9,renv_lock,2
cran,renv,1.0.10,renv_lock,2
cran,renv,0.16.0,description,2
cran,renv,0.8.3,description,1
cran,renv,0.15.5,description,1
cran,renv,0.13.2-67,description,1
cran,renv,1.0.2,description,1
cran,renv,0.13.2-67,renv_lock,1
cran,renv,1.2.4,renv_lock,1
cran,renv,1.1.1,install,1
cran,renv,1.0.3,install,1
cran,renv,0.12.0,description,1
cran,renv,1.1.6,description,1
cran,renv,1.2.2,description,1
cran,renv,1.0.10,description,1
cran,renv,1.2.0,renv_lock,1
cran,renv,1.0.7,install,1
cran,renv,0.14.0,description,1
cran,renv,1.2.0,description,1
cran,renv,0.17.0,install,1
cran,renv,1.0.5,install,1
cran,renv,0.13.0,renv_lock,1
cran,replicationTable5Model1Empirical,0.0.0.9000,description,1
cran,repr,1.1.6,renv_lock,1
cran,repr,1.1.7,renv_lock,1
cran,repr,1.1.7,description,1
cran,reprex,2.1.1,renv_lock,48
cran,reprex,2.0.2,renv_lock,16
cran,reprex,2.0.1,renv_lock,10
cran,reprex,2.1.0,renv_lock,6
cran,reprex,2.1.1,description,5
cran,reprex,2.0.2,description,5
cran,reprex,0.3.0,renv_lock,4
cran,reprex,0.3.0,description,2
cran,reprex,2.0.1,description,2
cran,reprex,2.0.0,renv_lock,2
cran,reprex,1.0.0,renv_lock,1
cran,reprex,2.1.0,description,1
cran,repurrrsive,1.1.0,description,2
cran,reshape,0.8.9,renv_lock,4
cran,reshape,0.8.9,description,2
cran,reshape,0.8.8,renv_lock,2
cran,reshape,0.8.7,description,1
cran,reshape,0.8.8,description,1
cran,reshape,0.8.7,install,1
cran,reshape2,1.4.4,renv_lock,34
cran,reshape2,1.4.4,description,9
cran,reshape2,1.4.5,renv_lock,5
cran,reshape2,1.4.3,description,4
cran,reshape2,1.4.3,renv_lock,2
cran,reshape2,1.4.4,install,1
cran,reshape2,1.4.1,description,1
cran,reshape2,1.4.3,install,1
cran,reshape2,1.4.5,install,1
cran,reticulate,1.42.0,renv_lock,2
cran,reticulate,1.32.0,renv_lock,1
cran,retrodesign,0.2.2,renv_lock,1
cran,revealedPrefs,0.4.1,renv_lock,1
cran,revealedPrefsmod,0.2,description,1
cran,rex,1.2.1,description,4
cran,rex,1.2.1,renv_lock,2
cran,rgdal,1.4-8,description,3
cran,rgdal,1.5-32,description,1
cran,rgdal,1.5-32,renv_lock,1
cran,rgdal,1.5-23,description,1
cran,rgdal,1.6-7,description,1
cran,rgdal,1.5-27,description,1
cran,rgdal,1.6-2,renv_lock,1
cran,rgenoud,5.9-0.11,renv_lock,2
cran,rgeos,0.5-9,description,2
cran,rgeos,0.5-5,description,1
cran,rgeos,0.6-4,renv_lock,1
cran,rgeos,0.6-4,description,1
cran,rgeos,0.5-2,description,1
cran,rgeos,0.5-9,renv_lock,1
cran,rgeos,0.6-1,description,1
cran,rgl,0.100.30,renv_lock,1
cran,rgl,1.3.34,renv_lock,1
cran,rgl,1.3.17,description,1
cran,rhandsontable,0.3.8,renv_lock,1
cran,rhdf5,2.54.1,renv_lock,1
cran,rhdf5filters,1.22.0,renv_lock,1
cran,ri,0.9,description,1
cran,ri2,0.4.0,renv_lock,1
cran,rio,1.2.3,renv_lock,3
cran,rio,0.5.29,renv_lock,3
cran,rio,0.5.16,description,3
cran,rio,1.2.4,renv_lock,2
cran,rio,1.2.3,description,2
cran,rio,1.0.1,renv_lock,2
cran,rio,1.3.0,renv_lock,1
cran,rio,0.5.26,renv_lock,1
cran,rio,0.5.10,description,1
cran,rio,1.2.3,install,1
cran,rio,1.0.1,install,1
cran,ripw,1.0.0,description,1
cran,rjags,3-15,description,1
cran,rjson,0.2.23,description,1
cran,rjson,0.2.20,renv_lock,1
cran,rjson,0.2.23,renv_lock,1
cran,rlang,1.1.6,renv_lock,35
cran,rlang,1.1.4,renv_lock,20
cran,rlang,1.1.1,renv_lock,18
cran,rlang,1.1.7,renv_lock,13
cran,rlang,1.1.3,renv_lock,10
cran,rlang,1.2.0,renv_lock,6
cran,rlang,1.1.5,renv_lock,6
cran,rlang,1.1.3,description,4
cran,rlang,1.1.1,description,4
cran,rlang,1.0.6,renv_lock,4
cran,rlang,0.4.11,renv_lock,4
cran,rlang,1.0.2,renv_lock,4
cran,rlang,1.1.4,description,3
cran,rlang,0.4.12,renv_lock,3
cran,rlang,1.1.2,renv_lock,3
cran,rlang,1.1.0,renv_lock,3
cran,rlang,1.1.7,description,2
cran,rlang,1.1.6,description,2
cran,rlang,1.0.6,description,2
cran,rlang,0.2.0,description,2
cran,rlang,1.0.5,description,2
cran,rlang,0.4.7,renv_lock,2
cran,rlang,1.1.0,description,2
cran,rlang,1.1.2,description,2
cran,rlang,1.0.5,renv_lock,1
cran,rlang,0.4.5,description,1
cran,rlang,1.3.0,renv_lock,1
cran,rlang,1.1.6,install,1
cran,rlang,0.4.4,renv_lock,1
cran,rlang,0.2.1,description,1
cran,rlang,1.1.3,install,1
cran,rlang,0.4.10,description,1
cran,rlang,1.0.4,renv_lock,1
cran,rlang,0.4.2,description,1
cran,rlang,0.4.10,renv_lock,1
cran,rlang,1.1.2,install,1
cran,rlang,0.4.0,renv_lock,1
cran,rlang,1.0.2,install,1
cran,rlang,1.1.5,description,1
cran,rlang,1.0.2,description,1
cran,rlang,0.4.12,description,1
cran,rlang,0.4.7,description,1
cran,rlanglibtest,0.0.0.9000,description,3
cran,rle,0.9.2,description,1
cran,rle,0.9.2,renv_lock,1
cran,rlemon,0.2.1,renv_lock,1
cran,rlist,0.4.6.1,renv_lock,2
cran,rmapshaper,0.5.0,renv_lock,2
cran,rmapshaper,0.6.1,renv_lock,1
cran,rmapshaper,0.4.4,description,1
cran,rmapshaper,0.4.6,description,1
cran,rmarkdown,2.29,renv_lock,31
cran,rmarkdown,2.30,renv_lock,19
cran,rmarkdown,2.28,renv_lock,6
cran,rmarkdown,2.27,renv_lock,6
cran,rmarkdown,2.11,renv_lock,6
cran,rmarkdown,2.29,description,6
cran,rmarkdown,2.25,renv_lock,6
cran,rmarkdown,2.26,renv_lock,5
cran,rmarkdown,2.24,renv_lock,5
cran,rmarkdown,2.23,renv_lock,4
cran,rmarkdown,2.31,renv_lock,4
cran,rmarkdown,2.25,description,3
cran,rmarkdown,2.20,description,3
cran,rmarkdown,2.3,renv_lock,2
cran,rmarkdown,2.18,renv_lock,2
cran,rmarkdown,2.30,description,2
cran,rmarkdown,2.19,description,2
cran,rmarkdown,2.22,renv_lock,2
cran,rmarkdown,2.11,description,2
cran,rmarkdown,2.14,renv_lock,2
cran,rmarkdown,1.16,renv_lock,2
cran,rmarkdown,2.20,renv_lock,2
cran,rmarkdown,2.21,renv_lock,2
cran,rmarkdown,2.8,renv_lock,1
cran,rmarkdown,2.9,renv_lock,1
cran,rmarkdown,2.1,description,1
cran,rmarkdown,2.13,renv_lock,1
cran,rmarkdown,2.25,install,1
cran,rmarkdown,2.13,description,1
cran,rmarkdown,2.28,install,1
cran,rmarkdown,2.29,install,1
cran,rmarkdown,2.27,description,1
cran,rmarkdown,2.15,renv_lock,1
cran,rmarkdown,2.19,renv_lock,1
cran,rmarkdown,2.3,description,1
cran,rmarkdown,2.10,renv_lock,1
cran,rmarkdown,2.28,description,1
cran,rmarkdown,2.20,install,1
cran,rmarkdown,2.7,renv_lock,1
cran,rmarkdown,2.24,description,1
cran,rnames,1.0.1,renv_lock,1
cran,rnames,1.0.1,description,1
cran,rnaturalearth,1.0.1,renv_lock,5
cran,rnaturalearth,0.1.0,renv_lock,1
cran,rnaturalearth,1.0.1,description,1
cran,rnaturalearth,1.0.1,install,1
cran,rnaturalearthdata,1.0.0,renv_lock,3
cran,rngWELL,0.10-9,description,1
cran,rngWELL,0.10-9,renv_lock,1
cran,rngtools,1.5.2,renv_lock,9
cran,rngtools,1.5.2,description,2
cran,rngtools,1.3.1,install,1
cran,rngtools,1.5.2,install,1
cran,robustbase,0.99-4-1,renv_lock,3
cran,robustbase,0.99-0,description,1
cran,robustbase,0.99-3,renv_lock,1
cran,robustbase,0.99-4-1,description,1
cran,robustbase,0.95-1,renv_lock,1
cran,robustbase,0.99-7,renv_lock,1
cran,roll,1.2.0,renv_lock,2
cran,roll,1.1.7,renv_lock,1
cran,rootSolve,1.8.2.4,renv_lock,7
cran,rootSolve,1.8.2,description,1
cran,rootSolve,1.8.2.4,description,1
cran,rootSolve,1.8.2.4,install,1
cran,rootSolve,1.8.1,description,1
cran,ropercenter,0.3.2,renv_lock,1
cran,rosm,0.3.0,renv_lock,3
cran,roxygen2,7.3.2,renv_lock,4
cran,roxygen2,7.3.2,description,4
cran,roxygen2,7.3.3,renv_lock,3
cran,roxygen2,7.2.3,renv_lock,3
cran,roxygen2,7.3.3,description,2
cran,roxygen2,7.1.2,description,2
cran,roxygen2,7.1.2,renv_lock,1
cran,roxygen2,7.3.1,install,1
cran,roxygen2,7.3.1,renv_lock,1
cran,roxygen2,7.2.3,description,1
cran,rpart,4.1.24,renv_lock,11
cran,rpart,4.1.23,renv_lock,10
cran,rpart,4.1.19,renv_lock,9
cran,rpart,4.1-15,renv_lock,8
cran,rpart,4.1.19,description,2
cran,rpart,4.1-15,description,1
cran,rpart,4.1.23,description,1
cran,rpart,4.1.19,install,1
cran,rpart,4.1.27,renv_lock,1
cran,rpart,4.1.24,description,1
cran,rpart,4.1.16,renv_lock,1
cran,rpart,4.1.21,renv_lock,1
cran,rpf,1.0.14,install,1
cran,rprojroot,2.0.4,renv_lock,27
cran,rprojroot,2.0.3,renv_lock,19
cran,rprojroot,2.1.1,renv_lock,11
cran,rprojroot,2.0.3,description,7
cran,rprojroot,2.0.4,description,6
cran,rprojroot,1.3-2,renv_lock,4
cran,rprojroot,2.0.2,renv_lock,4
cran,rprojroot,2.0.2,description,3
cran,rprojroot,2.1.0,renv_lock,3
cran,rprojroot,2.1.1,description,2
cran,rprojroot,1.3-2,description,1
cran,rprojroot,2.0.4,install,1
cran,rr,1.3,description,1
cran,rsample,1.3.2,renv_lock,2
cran,rsample,1.2.0,install,1
cran,rsample,0.1.1,description,1
cran,rsample,0.1.1,renv_lock,1
cran,rsample,1.3.2,description,1
cran,rsconnect,0.8.25,description,1
cran,rsconnect,0.8.24,renv_lock,1
cran,rsdmx,0.6-5,renv_lock,1
cran,rsparse,0.5.3,renv_lock,1
cran,rsparse,0.5.0,renv_lock,1
cran,rsq,2.6,install,1
cran,rstan,2.32.7,renv_lock,5
cran,rstan,2.32.6,renv_lock,4
cran,rstan,2.21.8,renv_lock,2
cran,rstan,2.32.3,renv_lock,2
cran,rstan,2.21.2,renv_lock,1
cran,rstan,2.26.23,description,1
cran,rstan,2.26.23,renv_lock,1
cran,rstan,2.32.3,description,1
cran,rstanarm,2.32.1,renv_lock,2
cran,rstanarm,2.32.1,install,1
cran,rstantools,2.4.0,renv_lock,4
cran,rstantools,2.3.1.1,description,1
cran,rstantools,2.1.1,renv_lock,1
cran,rstantools,2.3.1,renv_lock,1
cran,rstantools,2.3.1.1,renv_lock,1
cran,rstantools,2.2.0,renv_lock,1
cran,rstatix,0.7.2,renv_lock,19
cran,rstatix,0.7.3,renv_lock,7
cran,rstatix,0.7.2,description,5
cran,rstatix,0.7.0,renv_lock,3
cran,rstatix,0.7.2,install,1
cran,rstudioapi,0.17.1,renv_lock,40
cran,rstudioapi,0.13,renv_lock,16
cran,rstudioapi,0.15.0,renv_lock,14
cran,rstudioapi,0.16.0,renv_lock,14
cran,rstudioapi,0.18.0,renv_lock,11
cran,rstudioapi,0.14,renv_lock,8
cran,rstudioapi,0.17.1,description,5
cran,rstudioapi,0.13,description,5
cran,rstudioapi,0.15.0,description,5
cran,rstudioapi,0.14,description,5
cran,rstudioapi,0.11,renv_lock,2
cran,rstudioapi,0.10,renv_lock,2
cran,rstudioapi,0.11,description,2
cran,rstudioapi,0.19.0,renv_lock,2
cran,rstudioapi,0.17.1,install,1
cran,rstudioapi,0.16.0,description,1
cran,rstudioapi,0.18.0,description,1
cran,rstudioapi,0.7,description,1
cran,rsvd,1.0.5,install,1
cran,rtf,0.4-14,renv_lock,1
cran,rtweet,0.7.0,renv_lock,1
cran,runjags,2.2.1-7,description,1
cran,runjags,2.2.1-7,renv_lock,1
cran,rversions,2.1.2,renv_lock,6
cran,rversions,2.1.2,description,3
cran,rversions,3.0.0,renv_lock,2
cran,rversions,2.1.1,description,2
cran,rversions,3.0.0,description,1
cran,rversions,2.1.2,install,1
cran,rversions,2.1.1,renv_lock,1
cran,rvest,1.0.4,renv_lock,36
cran,rvest,1.0.5,renv_lock,21
cran,rvest,1.0.3,renv_lock,20
cran,rvest,1.0.2,renv_lock,8
cran,rvest,1.0.3,description,8
cran,rvest,1.0.4,description,4
cran,rvest,1.0.0,renv_lock,4
cran,rvest,0.3.6,renv_lock,2
cran,rvest,1.0.5,description,2
cran,rvest,1.0.1,renv_lock,2
cran,rvest,0.3.5,description,1
cran,rvest,0.3.4,renv_lock,1
cran,rvest,1.0.1,description,1
cran,rvest,0.3.6,description,1
cran,rvest,1.0.2,description,1
cran,rvest,0.3.5,renv_lock,1
cran,rworldmap,1.3-6,description,1
cran,rworldmap,1.3-6,renv_lock,1
cran,s2,1.1.9,renv_lock,11
cran,s2,1.1.4,renv_lock,6
cran,s2,1.1.7,renv_lock,5
cran,s2,1.0.7,renv_lock,4
cran,s2,1.1.8,renv_lock,3
cran,s2,1.1.6,renv_lock,3
cran,s2,1.0.7,description,2
cran,s2,1.1.2,description,2
cran,s2,1.1.4,description,1
cran,s2,1.1.6,install,1
cran,s2,1.1.7,description,1
cran,s2,1.0.6,renv_lock,1
cran,s2,1.1.6,description,1
cran,s2,1.1.11,renv_lock,1
cran,s2,1.1.2,renv_lock,1
cran,sadists,0.2.5,renv_lock,1
cran,sandwich,3.1-1,renv_lock,41
cran,sandwich,3.0-2,renv_lock,19
cran,sandwich,3.1-0,renv_lock,16
cran,sandwich,3.0-2,description,8
cran,sandwich,3.0-1,renv_lock,7
cran,sandwich,3.1-1,description,5
cran,sandwich,3.0-1,description,5
cran,sandwich,3.1-0,description,4
cran,sandwich,2.4-0,description,3
cran,sandwich,2.5-1,description,3
cran,sandwich,2.5-1,renv_lock,2
cran,sandwich,3.1-1,install,2
cran,sandwich,3.0-0,description,1
cran,sandwich,3.1-0,install,1
cran,sandwich,3.0-0,renv_lock,1
cran,sandwich,2.3-4,description,1
cran,sandwich,3.1-3,renv_lock,1
cran,santoku,1.0.0,renv_lock,1
cran,santoku,0.9.1,renv_lock,1
cran,santoku,0.10.0,description,1
cran,saraj,0.1.0,description,1
cran,sass,0.4.10,renv_lock,42
cran,sass,0.4.9,renv_lock,30
cran,sass,0.4.7,renv_lock,11
cran,sass,0.4.9,description,5
cran,sass,0.4.6,renv_lock,4
cran,sass,0.4.10,description,3
cran,sass,0.4.4,renv_lock,3
cran,sass,0.4.1,renv_lock,3
cran,sass,0.4.5,renv_lock,3
cran,sass,0.4.8,renv_lock,3
cran,sass,0.4.5,description,3
cran,sass,0.4.8,description,3
cran,sass,0.4.4,description,2
cran,sass,0.4.2,renv_lock,2
cran,sass,0.4.7,description,2
cran,sass,0.4.1,description,1
cran,sass,0.4.9,install,1
cran,sass,0.2.0,description,1
cran,sass,0.3.1,renv_lock,1
cran,sass,0.4.0,renv_lock,1
cran,satellite,1.0.2,description,1
cran,satellite,1.0.5,renv_lock,1
cran,scales,1.4.0,renv_lock,54
cran,scales,1.3.0,renv_lock,38
cran,scales,1.2.1,renv_lock,21
cran,scales,1.1.1,renv_lock,13
cran,scales,1.3.0,description,9
cran,scales,1.2.1,description,7
cran,scales,1.1.1,description,6
cran,scales,1.2.0,renv_lock,4
cran,scales,1.3.0,install,4
cran,scales,1.4.0,description,3
cran,scales,0.5.0,description,3
cran,scales,1.2.1,install,2
cran,scales,1.0.0,renv_lock,2
cran,scales,1.1.0,description,2
cran,scales,0.4.0,description,1
cran,scatterplot3d,0.3-44,renv_lock,3
cran,scatterplot3d,0.3-44,description,1
cran,scclust,0.2.2,renv_lock,1
cran,scclust,0.2.2,description,1
cran,scico,1.5.0,renv_lock,1
cran,scico,1.2.0,renv_lock,1
cran,scico,1.1.0,description,1
cran,scpcR,0.1.3,renv_lock,1
cran,scs,3.2.7,renv_lock,2
cran,scs,3.2.4,description,2
cran,scs,3.2.4,renv_lock,1
cran,scspill,0.1.0,description,1
cran,sdcMicro,5.7.5,renv_lock,1
cran,seasonal,1.9.0,renv_lock,1
cran,seatsvotes,0.9,description,1
cran,secretbase,1.0.5,renv_lock,2
cran,secretbase,1.0.0,renv_lock,1
cran,secretbase,1.2.1,renv_lock,1
cran,selectr,0.4-2,renv_lock,77
cran,selectr,0.5-1,renv_lock,15
cran,selectr,0.4-2,description,14
cran,selectr,0.5-1,description,2
cran,selectr,0.4-1,renv_lock,1
cran,selectr,0.6-0,renv_lock,1
cran,selectr,0.5-0,renv_lock,1
cran,semTools,0.4-14,install,1
cran,semver,0.2.0,renv_lock,5
cran,sensemakr,0.1.4,renv_lock,2
cran,sensemakr,0.1.6,renv_lock,2
cran,sensemakr,0.1.6,install,1
cran,sensemakr,0.1.6,description,1
cran,seriation,1.5.7,description,1
cran,seriation,1.5.7,renv_lock,1
cran,servr,0.32,renv_lock,7
cran,servr,0.27,renv_lock,1
cran,sessioninfo,1.2.2,renv_lock,6
cran,sessioninfo,1.2.3,renv_lock,5
cran,sessioninfo,1.2.2,description,4
cran,sessioninfo,1.2.2,install,3
cran,sessioninfo,1.2.3,install,1
cran,sessioninfo,1.1.1,description,1
cran,sessioninfo,1.2.3,description,1
cran,sf,1.0-21,renv_lock,8
cran,sf,1.0-14,renv_lock,5
cran,sf,1.0-16,renv_lock,4
cran,sf,1.0-19,renv_lock,4
cran,sf,1.1-0,renv_lock,3
cran,sf,1.0-7,renv_lock,2
cran,sf,1.1-1,renv_lock,2
cran,sf,1.0-23,renv_lock,1
cran,sf,1.0-16,install,1
cran,sf,1.0-15,renv_lock,1
cran,sf,1.0-7,description,1
cran,sf,1.0-24,renv_lock,1
cran,sf,0.9-2,description,1
cran,sf,1.0-3,description,1
cran,sf,1.0-0,renv_lock,1
cran,sf,1.0-5,description,1
cran,sf,1.0-5,renv_lock,1
cran,sf,0.9-7,description,1
cran,sf,1.0-16,description,1
cran,sf,1.0-9,description,1
cran,sf,1.0-12,description,1
cran,sf,1.0-3,renv_lock,1
cran,sf,1.0-19,description,1
cran,sf,1.0-12,renv_lock,1
cran,sf,0.8-0,description,1
cran,sf,1.0-14,description,1
cran,sfaPA,0.1.0,description,1
cran,sfd,0.1.0,description,1
cran,sfd,0.1.0,renv_lock,1
cran,sfheaders,0.4.4,renv_lock,5
cran,sfheaders,0.4.3,renv_lock,3
cran,sfheaders,0.4.5,renv_lock,3
cran,sfheaders,0.4.0,description,1
cran,sfheaders,0.2.1,description,1
cran,sfnetworks,0.6.5,renv_lock,1
cran,sfsmisc,1.1-23,description,1
cran,shape,1.4.6.1,renv_lock,21
cran,shape,1.4.6,renv_lock,7
cran,shape,1.4.6,description,5
cran,shape,1.4.6.1,description,4
cran,shiny,1.10.0,renv_lock,4
cran,shiny,1.11.1,renv_lock,3
cran,shiny,1.7.5,renv_lock,3
cran,shiny,1.10.0,description,2
cran,shiny,1.9.1,renv_lock,2
cran,shiny,1.3.2,renv_lock,2
cran,shiny,1.7.4,renv_lock,2
cran,shiny,1.10.0,install,1
cran,shiny,1.8.1.1,renv_lock,1
cran,shiny,1.7.1,description,1
cran,shiny,1.13.0,renv_lock,1
cran,shiny,1.7.2,renv_lock,1
cran,shiny,1.9.1,description,1
cran,shiny,1.12.1,renv_lock,1
cran,shiny,1.12.1,description,1
cran,shiny,1.6.0,renv_lock,1
cran,shiny,1.7.3,renv_lock,1
cran,shiny,1.4.0.2,description,1
cran,shiny,1.7.5,description,1
cran,shiny,1.7.1,renv_lock,1
cran,shinyBS,0.61.1,renv_lock,1
cran,shinyBS,0.61,renv_lock,1
cran,shinyWidgets,0.8.0,renv_lock,1
cran,shinyWidgets,0.6.2,renv_lock,1
cran,shinyalert,3.0.0,renv_lock,1
cran,shinybusy,0.3.1,renv_lock,1
cran,shinycssloaders,1.0.0,renv_lock,1
cran,shinyjs,2.1.0,renv_lock,8
cran,shinyjs,2.0.0,renv_lock,2
cran,shinyjs,2.1.0,description,1
cran,shinystan,2.6.0,renv_lock,4
cran,shinystan,2.5.0,renv_lock,1
cran,shinystan,2.6.0,description,1
cran,shinythemes,1.2.0,renv_lock,5
cran,shinythemes,1.2.0,description,1
cran,showtext,0.9-7,renv_lock,4
cran,showtext,0.9-8,renv_lock,1
cran,showtext,0.9-7,description,1
cran,showtextdb,3.0,renv_lock,5
cran,showtextdb,3.0,description,1
cran,sigInt,0.0.0.9000,description,1
cran,simFnsEqns,1.0,description,1
cran,simViewerMJ,0.0.1,description,1
cran,simcf,0.2.17,description,1
cran,simcf,0.2.18,description,1
cran,simpleboot,1.1-7,renv_lock,2
cran,simpleboot,1.1-7,description,2
cran,sitmo,2.0.2,renv_lock,2
cran,sitsr,0.1.0,description,1
cran,sjPlot,2.9.0,renv_lock,2
cran,sjPlot,2.7.2,renv_lock,2
cran,sjPlot,2.8.16,renv_lock,1
cran,sjPlot,2.8.17,install,1
cran,sjlabelled,1.2.0,renv_lock,9
cran,sjlabelled,1.1.1,renv_lock,2
cran,sjlabelled,1.2.0,description,1
cran,sjlabelled,1.1.8,renv_lock,1
cran,sjmisc,2.8.2,renv_lock,2
cran,sjmisc,2.8.11,renv_lock,2
cran,sjmisc,2.8.10,renv_lock,1
cran,sjstats,0.19.1,renv_lock,2
cran,sjstats,0.17.6,renv_lock,2
cran,sjstats,0.19.0,renv_lock,1
cran,skeleton,1.0.0,description,50
cran,skeleton,1.0.1,description,50
cran,skimr,2.1.5,renv_lock,2
cran,skimr,2.1.5,install,1
cran,skimr,2.1.3,install,1
cran,skimr,2.1.5,description,1
cran,slam,0.1-55,renv_lock,6
cran,slam,0.1-50,renv_lock,2
cran,slam,0.1-55,description,1
cran,slam,0.1-53,renv_lock,1
cran,slam,0.1-52,renv_lock,1
cran,slam,0.1-48,renv_lock,1
cran,slider,0.3.3,renv_lock,2
cran,slider,0.3.2,renv_lock,1
cran,slider,0.2.2,description,1
cran,slider,0.2.2,renv_lock,1
cran,slider,0.3.3,description,1
cran,slippymath,0.3.1,renv_lock,3
cran,sm,2.2-5.7.1,renv_lock,1
cran,sm,2.2-5.7.1,description,1
cran,smoothr,0.1.2,description,1
cran,sna,2.6,install,1
cran,sna,2.7-1,description,1
cran,sna,2.7-2,renv_lock,1
cran,sna,2.4,description,1
cran,sna,2.8,description,1
cran,snakecase,0.11.1,renv_lock,22
cran,snakecase,0.11.0,renv_lock,3
cran,snakecase,0.11.1,description,2
cran,snow,0.4-4,renv_lock,1
cran,snow,0.4-4,description,1
cran,sourcetools,0.1.7-1,renv_lock,16
cran,sourcetools,0.1.7,renv_lock,6
cran,sourcetools,0.1.7-1,description,5
cran,sourcetools,0.1.7,description,2
cran,sourcetools,0.1.7-2,renv_lock,1
cran,sourcetools,0.1.7-1,install,1
cran,sp,2.2-0,renv_lock,8
cran,sp,2.1-4,renv_lock,6
cran,sp,2.0-0,renv_lock,6
cran,sp,2.2-1,renv_lock,4
cran,sp,2.1-4,description,4
cran,sp,1.6-0,description,3
cran,sp,2.1-4,install,2
cran,sp,1.6-0,renv_lock,2
cran,sp,1.4-5,renv_lock,2
cran,sp,1.4-5,description,2
cran,sp,1.4-6,renv_lock,2
cran,sp,1.2-3,description,1
cran,sp,2.1-2,description,1
cran,sp,1.2-7,description,1
cran,sp,2.1-3,renv_lock,1
cran,sp,1.4-6,description,1
cran,sp,1.5-0,renv_lock,1
cran,sp,2.2-0,description,1
cran,sp,1.4-1,description,1
cran,sp,1.4-2,description,1
cran,sp,2.1-1,renv_lock,1
cran,sp,2.0-0,description,1
cran,spData,2.3.0,renv_lock,2
cran,spData,2.3.4,renv_lock,1
cran,spData,0.3.8,description,1
cran,spData,0.3.5,description,1
cran,spData,0.3.2,description,1
cran,spDataLarge,2.2.0,renv_lock,1
cran,spacefillr,0.4.0,renv_lock,2
cran,spacefillr,0.3.3,description,2
cran,spacefillr,0.3.3,renv_lock,1
cran,spacesXYZ,1.6-0,renv_lock,3
cran,spacesXYZ,1.5-1,renv_lock,1
cran,spacetime,1.2-3,description,1
cran,spacetime,1.2-5,description,1
cran,spacetime,1.2-5,renv_lock,1
cran,spacyr,1.3.0,description,1
cran,spam,2.7-0,description,1
cran,spam,2.8-0,renv_lock,1
cran,spam,2.7-0,renv_lock,1
cran,sparklyr,1.8.6,renv_lock,1
cran,sparsereg,1.3,description,1
cran,sparsesvd,0.2-2,renv_lock,1
cran,sparsevctrs,0.3.6,renv_lock,3
cran,sparsevctrs,0.3.6,description,2
cran,sparsevctrs,0.3.4,renv_lock,2
cran,sparsevctrs,0.3.4,description,1
cran,sparsevctrs,0.2.0,description,1
cran,spatial,7.3-18,renv_lock,4
cran,spatial,7.3-15,install,1
cran,spatial,7.3-14,description,1
cran,spatial,7.3-15,renv_lock,1
cran,spatialreg,1.2-9,renv_lock,1
cran,spatialwidget,0.2.2,description,1
cran,spatstat,1.64-1,renv_lock,2
cran,spatstat,3.6-0,renv_lock,1
cran,spatstat.data,1.4-3,renv_lock,2
cran,spatstat.data,3.1-9,renv_lock,1
cran,spatstat.explore,3.8-2,renv_lock,1
cran,spatstat.geom,3.8-2,renv_lock,1
cran,spatstat.linnet,3.5-3,renv_lock,1
cran,spatstat.model,3.7-2,renv_lock,1
cran,spatstat.random,3.5-1,renv_lock,1
cran,spatstat.sparse,3.2-0,renv_lock,1
cran,spatstat.univar,3.2-0,renv_lock,1
cran,spatstat.utils,1.17-0,renv_lock,2
cran,spatstat.utils,3.2-4,renv_lock,1
cran,spdep,1.1-3,description,2
cran,spdep,1.2-8,renv_lock,2
cran,spdep,1.1-5,description,1
cran,speedglm,0.3-5,description,1
cran,speedglm,0.3-5,renv_lock,1
cran,spelling,2.3.2,description,1
cran,sphet,1.7,description,2
cran,spikes,1.0,description,1
cran,spikeslab,1.1.6,renv_lock,1
cran,splines,4.1.1,description,1
cran,splines2,0.2.8,description,1
cran,splitstackshape,1.4.8,renv_lock,2
cran,splitstackshape,1.4.8,description,1
cran,spls,2.2-3,description,1
cran,splus2R,1.3-5,renv_lock,1
cran,spousalVFIParallel,1.4,description,1
cran,spsR,0.2.0,description,1
cran,spsRdata,0.1.0,description,1
cran,sqldf,0.4-11,renv_lock,1
cran,srvyr,1.3.0,renv_lock,2
cran,srvyr,1.3.1,renv_lock,1
cran,stabledist,0.7-2,renv_lock,1
cran,stabm,1.2.2,renv_lock,2
cran,stabm,1.2.2,description,1
cran,staggered,1.2.2,renv_lock,2
cran,staggered,59565db,install,1
cran,staggered,1.2.2,description,1
cran,stargazer,5.2.3,renv_lock,30
cran,stargazer,5.2.3,description,13
cran,stargazer,5.2.2,renv_lock,7
cran,stargazer,5.2.3,install,5
cran,stargazer,5.2,description,2
cran,stargazer,5.2.2,description,2
cran,stargazer,5.2.1,install,1
cran,stargazer,5.2.2,install,1
cran,starpolishr,0.0.0.9007,renv_lock,3
cran,starpolishr,0.0.0.9008,description,3
cran,starpolishr,0.0.0.9008,renv_lock,2
cran,starpolishr,0.0.0.9007,description,2
cran,stars,0.6-8,renv_lock,2
cran,stars,0.7-0,renv_lock,1
cran,stars,0.6-4,renv_lock,1
cran,stars,0.5-5,renv_lock,1
cran,stars,0.5-5,description,1
cran,stars,0.6-2,renv_lock,1
cran,stars,0.6-6,renv_lock,1
cran,stars,0.7-2,renv_lock,1
cran,statar,0.7.6,renv_lock,1
cran,statebins,1.4.0,renv_lock,1
cran,states,0.3.1,renv_lock,1
cran,statmod,1.4.34,description,2
cran,statmod,1.5.0,renv_lock,2
cran,statmod,1.5.0,description,1
cran,statmod,1.5.1,renv_lock,1
cran,statmod,1.4.35,description,1
cran,statnet,2019.6,renv_lock,1
cran,statnet,2019.6,install,1
cran,statnet.common,4.9.0,renv_lock,2
cran,statnet.common,4.8.0,description,1
cran,statnet.common,4.13.0,description,1
cran,statnet.common,4.9.0,description,1
cran,statpsych,1.7.0,renv_lock,1
cran,stats,4.1.1,description,1
cran,stats4,4.1.1,description,1
cran,stdidx,0.0.0.9000,renv_lock,1
cran,stevemisc,1.7.0,renv_lock,1
cran,stevemisc,1.6.0,renv_lock,1
cran,stevemisc,1.6.0,description,1
cran,stevetemplates,1.1.0,renv_lock,1
cran,stinepack,1.5,renv_lock,1
cran,stinepack,1.5,description,1
cran,stm,1.3.6,renv_lock,1
cran,stm,1.3.8,description,1
cran,stm,1.3.0,install,1
cran,stm,1.3.7,renv_lock,1
cran,stopwords,2.3,renv_lock,6
cran,stopwords,2.2,renv_lock,2
cran,stopwords,2.3,description,1
cran,streamR,0.4.5,renv_lock,1
cran,strex,2.0.0,renv_lock,1
cran,strex,1.6.0,description,1
cran,strex,2.0.0,install,1
cran,strex,1.4.3,description,1
cran,strex,1.6.0,renv_lock,1
cran,strex,2.0.1,renv_lock,1
cran,strex,2.0.1,description,1
cran,strex,1.6.1,description,1
cran,stringdist,0.9.15,renv_lock,6
cran,stringdist,0.9.10,renv_lock,3
cran,stringdist,0.9.12,renv_lock,2
cran,stringdist,0.9.8,renv_lock,2
cran,stringdist,0.9.17,renv_lock,2
cran,stringdist,0.9.15,description,1
cran,stringdist,0.9.6.3,description,1
cran,stringdist,0.9.8,description,1
cran,stringdist,0.9.12,description,1
cran,stringfish,0.17.0,renv_lock,2
cran,stringfish,0.16.0,renv_lock,1
cran,stringfish,0.15.5,renv_lock,1
cran,stringi,1.8.7,renv_lock,48
cran,stringi,1.8.4,renv_lock,28
cran,stringi,1.7.12,renv_lock,23
cran,stringi,1.8.3,renv_lock,8
cran,stringi,1.7.12,description,7
cran,stringi,1.7.6,renv_lock,7
cran,stringi,1.6.2,renv_lock,4
cran,stringi,1.8.7,description,4
cran,stringi,1.8.4,description,3
cran,stringi,1.5.3,renv_lock,3
cran,stringi,1.7.8,description,3
cran,stringi,1.8.3,description,3
cran,stringi,1.7.8,renv_lock,3
cran,stringi,1.2.2,description,3
cran,stringi,1.7.5,renv_lock,3
cran,stringi,1.4.6,description,2
cran,stringi,1.7.6,description,2
cran,stringi,1.4.3,renv_lock,2
cran,stringi,1.7.3,renv_lock,1
cran,stringi,1.5.3,description,1
cran,stringi,1.6.2,description,1
cran,stringi,1.8.2,renv_lock,1
cran,stringi,1.8.4,install,1
cran,stringi,1.8.2,description,1
cran,stringi,1.7.12,install,1
cran,stringi,1.8.9,renv_lock,1
cran,stringi,1.4.3,description,1
cran,stringi,1.1.2,description,1
cran,stringmagic,1.2.0,renv_lock,26
cran,stringmagic,1.1.2,renv_lock,13
cran,stringmagic,1.1.2,description,4
cran,stringmagic,1.1.0,renv_lock,2
cran,stringmagic,1.3.0,renv_lock,1
cran,stringmagic,1.0.0,renv_lock,1
cran,stringmagic,1.0.0,description,1
cran,stringr,1.5.1,renv_lock,55
cran,stringr,1.5.0,renv_lock,26
cran,stringr,1.6.0,renv_lock,23
cran,stringr,1.4.0,renv_lock,20
cran,stringr,1.5.0,description,9
cran,stringr,1.5.1,description,9
cran,stringr,1.4.0,description,7
cran,stringr,1.5.2,renv_lock,7
cran,stringr,1.5.1,install,5
cran,stringr,1.6.0,description,3
cran,stringr,1.4.0,install,2
cran,stringr,1.3.0,description,2
cran,stringr,1.5.0,install,2
cran,stringr,1.4.1,renv_lock,1
cran,stringr,1.1.0,description,1
cran,stringr,1.3.1,description,1
cran,stringr,1.4.1,install,1
cran,stringr,1.4.1,description,1
cran,striprtf,0.5.2,renv_lock,1
cran,strucchange,1.5-4,description,3
cran,strucchange,1.5-4,renv_lock,2
cran,strucchange,1.5-3,description,1
cran,styler,1.10.3,renv_lock,2
cran,styler,1.7.0,renv_lock,1
cran,styler,1.10.2,renv_lock,1
cran,styler,1.10.2,description,1
cran,styler,1.11.0,description,1
cran,styler,1.10.3,description,1
cran,submodule,1.0.0,description,1
cran,subselect,0.16.0,description,1
cran,summclust,0.6.0,renv_lock,1
cran,summclust,0.7.0,renv_lock,1
cran,superpc,1.12,description,1
cran,survey,4.4-2,renv_lock,4
cran,survey,4.2-1,renv_lock,3
cran,survey,3.33-2,description,2
cran,survey,4.2-1,description,2
cran,survey,4.4-8,renv_lock,2
cran,survey,3.37,install,1
cran,survey,4.2-1,install,1
cran,survey,4.0,renv_lock,1
cran,survey,4.5,renv_lock,1
cran,survival,3.8-3,renv_lock,21
cran,survival,3.5-5,renv_lock,8
cran,survival,3.5-8,renv_lock,7
cran,survival,3.4-0,renv_lock,7
cran,survival,3.7-0,renv_lock,6
cran,survival,3.6-4,renv_lock,6
cran,survival,3.5-7,renv_lock,5
cran,survival,3.2-13,renv_lock,4
cran,survival,3.2-11,renv_lock,3
cran,survival,3.8-6,renv_lock,3
cran,survival,3.2-11,description,2
cran,survival,3.4-0,description,2
cran,survival,2.42-3,description,2
cran,survival,3.5-7,description,2
cran,survival,3.1-12,renv_lock,2
cran,survival,3.8-3,description,1
cran,survival,3.2-7,description,1
cran,survival,3.2-7,renv_lock,1
cran,survival,3.5-7,install,1
cran,survival,3.5-8,description,1
cran,survival,3.7-0,description,1
cran,survival,3.4-0,install,1
cran,survival,3.3-1,renv_lock,1
cran,survival,3.2-13,description,1
cran,svDialogs,1.1.0,renv_lock,1
cran,svGUI,1.0.1,renv_lock,1
cran,svUnit,1.0.6,renv_lock,2
cran,svUnit,1.0.8,renv_lock,1
cran,svd,0.5.8,renv_lock,1
cran,svglite,2.1.3,renv_lock,17
cran,svglite,2.2.2,renv_lock,13
cran,svglite,2.2.1,renv_lock,9
cran,svglite,2.1.1,renv_lock,7
cran,svglite,2.0.0,renv_lock,4
cran,svglite,2.1.1,description,3
cran,svglite,2.1.0,description,2
cran,svglite,2.1.3,description,1
cran,svglite,1.2.2,description,1
cran,svglite,1.2.3,description,1
cran,svglite,2.1.2,description,1
cran,svglite,2.1.2,renv_lock,1
cran,svglite,2.1.0,renv_lock,1
cran,svglite,2.2.1,description,1
cran,synthReturn,1.0.1,description,1
cran,synthdid,0.0.9,renv_lock,1
cran,sys,3.4.3,renv_lock,52
cran,sys,3.4.2,renv_lock,31
cran,sys,3.4,renv_lock,16
cran,sys,3.4.2,description,6
cran,sys,3.4.1,renv_lock,6
cran,sys,3.4.1,description,5
cran,sys,3.4.3,description,5
cran,sys,3.4,description,4
cran,sys,3.3,renv_lock,2
cran,sys,3.3,description,1
cran,sys,3.4.2,install,1
cran,sysfonts,0.8.9,renv_lock,5
cran,sysfonts,0.8.9,description,1
cran,systemfit,1.1-30,renv_lock,1
cran,systemfonts,1.3.1,renv_lock,17
cran,systemfonts,1.0.4,renv_lock,15
cran,systemfonts,1.2.3,renv_lock,15
cran,systemfonts,1.1.0,renv_lock,13
cran,systemfonts,1.2.2,renv_lock,5
cran,systemfonts,1.0.4,description,5
cran,systemfonts,1.3.2,renv_lock,5
cran,systemfonts,1.0.6,renv_lock,5
cran,systemfonts,1.2.1,renv_lock,4
cran,systemfonts,1.0.5,renv_lock,3
cran,systemfonts,1.0.5,description,3
cran,systemfonts,1.1.0,description,2
cran,systemfonts,1.3.1,description,2
cran,systemfonts,1.2.1,description,2
cran,systemfonts,1.0.2,renv_lock,2
cran,systemfonts,1.0.3,renv_lock,2
cran,systemfonts,1.1.0,install,1
cran,systemfonts,1.2.3,description,1
cran,systemfonts,0.1.1,renv_lock,1
cran,systemfonts,0.1.1,description,1
cran,systemfonts,0.2.0,description,1
cran,tables,0.9.31,renv_lock,11
cran,tables,0.9.33,renv_lock,8
cran,tables,0.9.17,renv_lock,7
cran,tables,0.9.28,renv_lock,4
cran,tables,0.9.10,description,2
cran,tables,0.9.6,renv_lock,1
cran,tables,0.9.31,description,1
cran,tables,0.9.10,renv_lock,1
cran,tables,0.9.25,renv_lock,1
cran,tailor,0.1.0,description,1
cran,tailor,0.1.0,renv_lock,1
cran,tarchetypes,0.9.0,renv_lock,1
cran,tarchetypes,0.13.1,renv_lock,1
cran,tarchetypes,0.7.8,renv_lock,1
cran,tarchetypes,0.13.0,renv_lock,1
cran,tarchetypes,0.3.2,renv_lock,1
cran,tarchetypes,0.14.1,renv_lock,1
cran,tarchetypes,0.7.7,renv_lock,1
cran,targets,1.3.0,renv_lock,1
cran,targets,1.2.0,renv_lock,1
cran,targets,1.11.1,renv_lock,1
cran,targets,1.11.3,renv_lock,1
cran,targets,1.7.1,renv_lock,1
cran,targets,0.8.1,renv_lock,1
cran,targets,1.12.0,renv_lock,1
cran,tau,0.0-21,renv_lock,2
cran,tau,0.0-26,renv_lock,1
cran,tcltk,4.1.1,description,1
cran,tensor,1.5,renv_lock,2
cran,tensor,1.5.1,renv_lock,1
cran,tensorA,0.36.2.1,renv_lock,10
cran,tensorA,0.36.2,renv_lock,2
cran,tensorA,0.36.2,description,1
cran,tergm,4.2.0,renv_lock,1
cran,terra,1.8-60,renv_lock,3
cran,terra,1.7-71,renv_lock,2
cran,terra,1.9-11,renv_lock,2
cran,terra,1.8-15,description,2
cran,terra,1.8-50,renv_lock,2
cran,terra,1.7-39,renv_lock,1
cran,terra,1.7-71,install,1
cran,terra,1.5-21,renv_lock,1
cran,terra,1.8-86,renv_lock,1
cran,terra,1.7-55,renv_lock,1
cran,terra,1.8-5,description,1
cran,terra,1.8-54,renv_lock,1
cran,terra,1.9-27,renv_lock,1
cran,terra,1.8-5,renv_lock,1
cran,testGenericsExtension,0.1,description,2
cran,testMultiMethod,0.1,description,2
cran,testMultiPackage,0.1,description,2
cran,testRcppAttributePackage,1.0,description,24
cran,testRcppClass,0.1,description,33
cran,testRcppInterfaceExporter,0.1.0,description,29
cran,testRcppInterfaceUser,0.1.0,description,29
cran,testRcppModule,0.1,description,33
cran,testRcppPackage,0.1.0,description,33
cran,testRcppPackage,1.0,description,1
cran,testS4Docs,0.1,description,2
cran,testSameRd,0.1,description,2
cran,testSingleMethod,0.1,description,2
cran,testthat,3.2.1.1,renv_lock,6
cran,testthat,3.2.1,renv_lock,5
cran,testthat,3.1.10,renv_lock,5
cran,testthat,3.2.3,renv_lock,4
cran,testthat,3.2.1,description,3
cran,testthat,3.3.2,renv_lock,3
cran,testthat,3.1.6,renv_lock,3
cran,testthat,3.2.3,description,2
cran,testthat,3.1.4,renv_lock,2
cran,testthat,2.3.2,renv_lock,2
cran,testthat,3.1.6,description,2
cran,testthat,3.2.0,description,2
cran,testthat,3.1.1,description,1
cran,testthat,3.3.2,description,1
cran,testthat,3.2.0,renv_lock,1
cran,testthat,3.0.2,description,1
cran,testthat,2.3.2,description,1
cran,testthat,3.1.10,description,1
cran,testthat,3.2.1.1,install,1
cran,testthat,3.1.3,description,1
cran,testthat,3.1.7,renv_lock,1
cran,testthat,3.1.1,renv_lock,1
cran,testthat,3.0.4,description,1
cran,testthat,3.1.0,renv_lock,1
cran,testthat,3.1.8,renv_lock,1
cran,texreg,1.38.6,renv_lock,7
cran,texreg,1.38.6,description,4
cran,texreg,1.39.4,renv_lock,4
cran,texreg,1.37.5,renv_lock,3
cran,texreg,1.36.23,renv_lock,2
cran,texreg,1.36.23,install,1
cran,texreg,1.38.5,install,1
cran,texreg,1.36.23,description,1
cran,texreg,1.39.5,renv_lock,1
cran,texreg,1.39.3,renv_lock,1
cran,text.alignment,0.1.2,install,1
cran,text2vec,0.6,install,1
cran,text2vec,0.6.4,renv_lock,1
cran,text2vec,0.6.3,install,1
cran,text2vec,0.6,renv_lock,1
cran,textmineR,3.0.5,renv_lock,1
cran,textshape,1.7.5,renv_lock,1
cran,textshaping,1.0.4,renv_lock,17
cran,textshaping,0.3.6,renv_lock,14
cran,textshaping,1.0.1,renv_lock,12
cran,textshaping,1.0.0,renv_lock,9
cran,textshaping,0.4.0,renv_lock,9
cran,textshaping,0.3.7,renv_lock,8
cran,textshaping,1.0.5,renv_lock,4
cran,textshaping,0.3.6,description,3
cran,textshaping,0.3.7,description,3
cran,textshaping,1.0.4,description,2
cran,textshaping,0.4.1,renv_lock,2
cran,textshaping,1.0.1,description,1
cran,textshaping,0.3.7,install,1
cran,textshaping,0.4.0,description,1
cran,textshaping,1.0.0,description,1
cran,textstem,0.1.4,install,1
cran,themis,0.1.4,renv_lock,1
cran,themis,1.0.3,description,1
cran,themis,0.1.4,description,1
cran,this.path,1.1.0,description,1
cran,this.path,2.8.0,renv_lock,1
cran,this.path,1.2.0,description,1
cran,threejs,0.3.4,renv_lock,3
cran,threejs,0.3.3,renv_lock,2
cran,threejs,0.3.3,description,1
cran,tibble,3.2.1,renv_lock,73
cran,tibble,3.3.0,renv_lock,23
cran,tibble,3.2.1,description,17
cran,tibble,3.3.1,renv_lock,15
cran,tibble,3.1.8,renv_lock,6
cran,tibble,3.2.1,install,5
cran,tibble,3.1.6,renv_lock,5
cran,tibble,3.1.7,renv_lock,3
cran,tibble,3.1.8,description,3
cran,tibble,3.3.0,description,3
cran,tibble,1.4.2,description,3
cran,tibble,3.0.3,renv_lock,2
cran,tibble,2.1.3,renv_lock,2
cran,tibble,3.1.2,renv_lock,2
cran,tibble,3.1.6,description,2
cran,tibble,3.1.5,renv_lock,1
cran,tibble,3.1.4,install,1
cran,tibble,3.2.0,renv_lock,1
cran,tibble,3.0.0,description,1
cran,tibble,3.3.1,description,1
cran,tibble,1.2,description,1
cran,tibble,3.0.6,description,1
cran,tibble,3.3.0,install,1
cran,tibble,3.1.0,renv_lock,1
cran,tibble,3.1.4,description,1
cran,tibble,3.1.3,renv_lock,1
cran,tibble,2.1.3,description,1
cran,tibble,3.0.3,description,1
cran,ticketsplitJOPpkg,0.1.0,renv_lock,1
cran,tictoc,1.2.1,renv_lock,5
cran,tictoc,1.2,renv_lock,2
cran,tictoc,1.2.1,description,2
cran,tictoc,1.0.1,renv_lock,1
cran,tidySEM,0.2.6,install,1
cran,tidybayes,3.0.7,renv_lock,2
cran,tidybayes,3.0.6,install,1
cran,tidybayes,3.0.1,renv_lock,1
cran,tidycensus,1.7.1,renv_lock,2
cran,tidycensus,1.7.5,renv_lock,1
cran,tidycensus,1.4.1,renv_lock,1
cran,tidycensus,1.6.5,renv_lock,1
cran,tidycensus,1.7.3,renv_lock,1
cran,tidyfast,0.4.0,renv_lock,1
cran,tidyfinance,0.4.4,renv_lock,1
cran,tidygraph,1.3.1,renv_lock,3
cran,tidygraph,1.2.3,renv_lock,1
cran,tidygraph,1.2.3,description,1
cran,tidygraph,1.2.0,install,1
cran,tidyjson,0.3.2,description,1
cran,tidyjson,0.3.2,renv_lock,1
cran,tidylog,1.0.2,renv_lock,5
cran,tidylog,1.1.0,renv_lock,3
cran,tidymodels,0.1.4,description,1
cran,tidymodels,0.1.4,renv_lock,1
cran,tidymv,2.2.0,renv_lock,1
cran,tidync,0.3.0,renv_lock,1
cran,tidync,0.3.0,description,1
cran,tidyr,1.3.1,renv_lock,62
cran,tidyr,1.3.0,renv_lock,25
cran,tidyr,1.3.2,renv_lock,18
cran,tidyr,1.3.0,description,9
cran,tidyr,1.3.1,description,9
cran,tidyr,1.2.0,renv_lock,5
cran,tidyr,1.1.3,renv_lock,4
cran,tidyr,1.1.4,renv_lock,4
cran,tidyr,1.2.1,renv_lock,4
cran,tidyr,1.3.1,install,3
cran,tidyr,1.0.0,renv_lock,2
cran,tidyr,1.1.2,renv_lock,2
cran,tidyr,1.3.0,install,2
cran,tidyr,1.2.0,description,2
cran,tidyr,1.2.1,description,2
cran,tidyr,1.2.0,install,1
cran,tidyr,1.1.4,description,1
cran,tidyr,0.8.1,description,1
cran,tidyr,1.1.3,description,1
cran,tidyr,1.1.2,description,1
cran,tidyr,1.3.2,description,1
cran,tidyr,1.1.0,description,1
cran,tidyr,1.0.2,description,1
cran,tidyr,1.1.3,install,1
cran,tidyselect,1.2.1,renv_lock,83
cran,tidyselect,1.2.0,renv_lock,31
cran,tidyselect,1.2.0,description,13
cran,tidyselect,1.1.1,renv_lock,8
cran,tidyselect,1.2.1,description,8
cran,tidyselect,1.1.2,renv_lock,6
cran,tidyselect,1.1.0,renv_lock,3
cran,tidyselect,0.2.5,renv_lock,2
cran,tidyselect,1.1.2,description,2
cran,tidyselect,1.1.0,description,2
cran,tidyselect,1.1.1,description,2
cran,tidyselect,1.0.0,description,1
cran,tidyselect,0.2.4,description,1
cran,tidyselect,1.2.1,install,1
cran,tidyterra,0.6.0,renv_lock,1
cran,tidyterra,0.6.0,install,1
cran,tidyterra,0.7.0,description,1
cran,tidytext,0.4.2,renv_lock,4
cran,tidytext,0.4.1,renv_lock,1
cran,tidytext,0.3.1,install,1
cran,tidytext,0.3.1,renv_lock,1
cran,tidytext,0.4.2,description,1
cran,tidytext,0.4.3,description,1
cran,tidyverse,2.0.0,renv_lock,67
cran,tidyverse,1.3.1,renv_lock,12
cran,tidyverse,2.0.0,description,9
cran,tidyverse,2.0.0,install,7
cran,tidyverse,1.3.0,renv_lock,4
cran,tidyverse,1.3.1,description,3
cran,tidyverse,1.3.0,description,3
cran,tidyverse,1.3.1,install,2
cran,tidyverse,1.3.2,renv_lock,2
cran,tidyverse,1.2.1,renv_lock,1
cran,tidyverse,1.2.1,install,1
cran,tidyverse,1.3.0,install,1
cran,tidyverse,1.3.2,description,1
cran,tidyverse,1.3.2,install,1
cran,tiff,0.1-5,description,1
cran,tigris,2.2.1,renv_lock,4
cran,tigris,2.1,renv_lock,4
cran,tigris,2.0.4,description,1
cran,tigris,2.0.3,renv_lock,1
cran,tikzDevice,0.12.6,renv_lock,4
cran,tikzDevice,0.12.6,description,2
cran,tikzDevice,0.12.4,renv_lock,1
cran,tikzDevice,0.12.4,description,1
cran,tile,0.4.14,description,1
cran,tile,0.4.15,description,1
cran,timeDate,4052.112,renv_lock,8
cran,timeDate,4041.110,renv_lock,4
cran,timeDate,4022.108,renv_lock,3
cran,timeDate,4051.111,renv_lock,3
cran,timeDate,4032.109,renv_lock,2
cran,timeDate,3043.102,description,2
cran,timeDate,3043.102,renv_lock,2
cran,timeDate,4041.110,description,2
cran,timeDate,4052.112,description,2
cran,timeDate,4021.106,renv_lock,1
cran,timeDate,4022.108,description,1
cran,timeSeries,4052.112,renv_lock,1
cran,timeSeries,4052.112,description,1
cran,timechange,0.3.0,renv_lock,56
cran,timechange,0.2.0,renv_lock,21
cran,timechange,0.4.0,renv_lock,12
cran,timechange,0.2.0,description,5
cran,timechange,0.3.0,description,5
cran,timechange,0.1.1,description,2
cran,timechange,0.4.0,description,1
cran,timechange,0.1.1,renv_lock,1
cran,timereg,2.0.2,description,1
cran,tinyplot,0.6.0,renv_lock,1
cran,tinytable,0.9.0,renv_lock,5
cran,tinytable,0.16.0,renv_lock,5
cran,tinytable,0.3.0,renv_lock,4
cran,tinytable,0.15.2,renv_lock,3
cran,tinytable,0.7.0,renv_lock,2
cran,tinytable,0.11.0,renv_lock,2
cran,tinytable,0.15.1,renv_lock,2
cran,tinytable,0.2.0,renv_lock,2
cran,tinytable,0.7.0,description,1
cran,tinytable,0.13.0,renv_lock,1
cran,tinytable,0.2.1,renv_lock,1
cran,tinytable,0.6.1,description,1
cran,tinytable,0.6.1,renv_lock,1
cran,tinytest,1.4.1,description,1
cran,tinytest,1.4.3,description,1
cran,tinytex,0.57,renv_lock,20
cran,tinytex,0.58,renv_lock,16
cran,tinytex,0.54,renv_lock,11
cran,tinytex,0.52,renv_lock,8
cran,tinytex,0.45,renv_lock,7
cran,tinytex,0.46,renv_lock,6
cran,tinytex,0.50,renv_lock,4
cran,tinytex,0.54,description,4
cran,tinytex,0.49,renv_lock,4
cran,tinytex,0.59,renv_lock,3
cran,tinytex,0.47,renv_lock,3
cran,tinytex,0.36,renv_lock,3
cran,tinytex,0.56,renv_lock,3
cran,tinytex,0.32,renv_lock,3
cran,tinytex,0.49,description,3
cran,tinytex,0.16,renv_lock,2
cran,tinytex,0.44,renv_lock,2
cran,tinytex,0.58,description,2
cran,tinytex,0.43,description,2
cran,tinytex,0.60,renv_lock,2
cran,tinytex,0.25,renv_lock,2
cran,tinytex,0.42,renv_lock,2
cran,tinytex,0.51,renv_lock,2
cran,tinytex,0.44,description,2
cran,tinytex,0.46,description,1
cran,tinytex,0.38,description,1
cran,tinytex,0.37,renv_lock,1
cran,tinytex,0.25,description,1
cran,tinytex,0.43,renv_lock,1
cran,tinytex,0.38,renv_lock,1
cran,tinytex,0.48,renv_lock,1
cran,tinytex,0.36,description,1
cran,tinytex,0.22,description,1
cran,tinytex,0.41,renv_lock,1
cran,tinytex,0.30,renv_lock,1
cran,tinytex,0.59,description,1
cran,tinytex,0.33,renv_lock,1
cran,tinytex,0.53,description,1
cran,tinytex,0.34,renv_lock,1
cran,tinytex,0.53,renv_lock,1
cran,tinytex,0.48,description,1
cran,tinytex,0.35,renv_lock,1
cran,tinytex,0.33,description,1
cran,tinytex,0.57,description,1
cran,tinytex,0.54,install,1
cran,tinytiger,0.0.9,renv_lock,1
cran,tinytiger,0.0.10,renv_lock,1
cran,tinytiger,0.0.4,renv_lock,1
cran,tipr,1.0.2,install,1
cran,tis,1.39,description,1
cran,tm,0.7-16,renv_lock,2
cran,tm,0.7-11,renv_lock,2
cran,tm,0.7-8,renv_lock,1
cran,tm,0.7-8,install,1
cran,tm,0.7.6,install,1
cran,tm,0.7-8,description,1
cran,tm,0.7-7,description,1
cran,tm,0.7-18,renv_lock,1
cran,tm,0.7.8,install,1
cran,tm.lexicon.GeneralInquirer,0.0-6,description,1
cran,tmap,3.3-4,renv_lock,2
cran,tmap,4.1,renv_lock,2
cran,tmap,4.3,renv_lock,1
cran,tmap,3.0,description,1
cran,tmap,4.2,renv_lock,1
cran,tmap,3.3-3,renv_lock,1
cran,tmap,3.3-3,install,1
cran,tmaptools,3.1-1,renv_lock,3
cran,tmaptools,3.3,renv_lock,3
cran,tmaptools,3.1-1,install,1
cran,tmaptools,3.2,renv_lock,1
cran,tmvnsim,1.0-2,renv_lock,1
cran,toast,1.0.0,description,53
cran,today,1.0.0,description,23
cran,tokenizers,0.3.0,renv_lock,6
cran,tokenizers,0.3.0,description,2
cran,tokenizers,0.2.1,install,1
cran,tokenizers,0.2.1,renv_lock,1
cran,tools,4.1.1,description,1
cran,topicmodels,0.2-12,renv_lock,1
cran,topicmodels,0.2-17,renv_lock,1
cran,topicmodels,0.2-17,description,1
cran,totalcensus,0.6.6,renv_lock,1
cran,trackr,0.1.0,description,1
cran,transport,0.14-7,install,1
cran,transport,0.15-4,renv_lock,1
cran,treeClust,1.1-7,renv_lock,1
cran,triangle,1.0,description,1
cran,triebeard,0.3.0,description,2
cran,triebeard,0.4.1,renv_lock,2
cran,truncdist,1.0-2,renv_lock,1
cran,truncnorm,1.0-9,renv_lock,1
cran,truncnorm,1.0.8,install,1
cran,trust,0.1-9,renv_lock,3
cran,trust,0.1-8,description,2
cran,trust,0.1-8,renv_lock,1
cran,tseries,0.10-59,renv_lock,2
cran,tseries,0.10-54,description,1
cran,tseries,0.10-51,install,1
cran,tseries,0.10-61,description,1
cran,tseries,0.10-58,renv_lock,1
cran,tsibble,1.1.6,renv_lock,1
cran,tsibble,1.1.1,renv_lock,1
cran,tsna,0.3.5,renv_lock,1
cran,tsne,0.1-3.1,renv_lock,1
cran,tufte,0.12,description,1
cran,tune,2.0.1,description,1
cran,tune,0.1.6,description,1
cran,tune,0.1.6,renv_lock,1
cran,tune,2.0.1,renv_lock,1
cran,tweenr,2.0.3,renv_lock,5
cran,tweenr,1.0.2,renv_lock,1
cran,tzdb,0.5.0,renv_lock,48
cran,tzdb,0.4.0,renv_lock,47
cran,tzdb,0.3.0,renv_lock,10
cran,tzdb,0.4.0,description,10
cran,tzdb,0.2.0,renv_lock,5
cran,tzdb,0.1.2,renv_lock,4
cran,tzdb,0.3.0,description,4
cran,tzdb,0.5.0,description,3
cran,tzdb,0.1.2,description,2
cran,tzdb,0.4.0,install,1
cran,tzdb,0.2.0,description,1
cran,ucminf,1.2.2,renv_lock,4
cran,ucminf,1.2.3,renv_lock,2
cran,ucminf,1.2.1,renv_lock,1
cran,udpipe,0.8.8,renv_lock,1
cran,uds,0.3,description,1
cran,unbalanced,2.0,renv_lock,1
cran,unbalanced,2.0,description,1
cran,uniReg,1.1,renv_lock,1
cran,unigd,0.1.2,description,1
cran,unigd,0.1.2,renv_lock,1
cran,units,0.8-7,renv_lock,9
cran,units,0.8-5,renv_lock,8
cran,units,1.0-1,renv_lock,4
cran,units,1.0-0,renv_lock,3
cran,units,0.7-2,renv_lock,3
cran,units,0.8-1,description,2
cran,units,0.8-2,renv_lock,2
cran,units,0.8-0,renv_lock,2
cran,units,0.8-4,renv_lock,2
cran,units,0.8-5,description,2
cran,units,0.8-4,description,1
cran,units,0.8-3,renv_lock,1
cran,units,0.8-0,description,1
cran,units,0.7-2,description,1
cran,units,0.8-1,renv_lock,1
cran,units,0.6-7,description,1
cran,units,0.6-5,description,1
cran,units,0.8-5,install,1
cran,units,0.6-6,description,1
cran,unix,1.5.2,install,1
cran,unixonly,1.0.0,description,50
cran,unmarked,1.5.0,renv_lock,1
cran,urca,1.3-4,renv_lock,10
cran,urca,1.3-4,description,2
cran,urca,1.3-4,install,1
cran,urca,1.3-3,description,1
cran,urca,1.3-3,renv_lock,1
cran,urlchecker,1.0.1,renv_lock,8
cran,urlchecker,1.0.1,description,4
cran,urlchecker,1.0.1,install,1
cran,urltools,1.7.3,description,2
cran,urltools,1.7.3,renv_lock,1
cran,useful,1.2.6.1,renv_lock,1
cran,usethis,3.1.0,description,2
cran,usethis,3.1.0,renv_lock,2
cran,usethis,3.2.1,renv_lock,2
cran,usethis,2.1.5,description,1
cran,usethis,3.2.1,description,1
cran,usethis,2.2.3,renv_lock,1
cran,usethis,2.0.1,description,1
cran,usethis,3.1.0,install,1
cran,usethis,2.2.2,renv_lock,1
cran,usethis,2.1.5,renv_lock,1
cran,usethis,3.0.0,renv_lock,1
cran,usethis,3.0.0,description,1
cran,usethis,2.1.6,renv_lock,1
cran,usmap,0.7.1,renv_lock,2
cran,usmap,0.6.1,renv_lock,1
cran,usmap,0.6.1,description,1
cran,usmapdata,0.1.0,description,1
cran,usmapdata,0.3.0,renv_lock,1
cran,usmapdata,0.1.0,renv_lock,1
cran,usmapdata,0.2.2,renv_lock,1
cran,utf8,1.2.4,renv_lock,45
cran,utf8,1.2.6,renv_lock,38
cran,utf8,1.2.3,renv_lock,19
cran,utf8,1.2.2,renv_lock,17
cran,utf8,1.2.4,description,11
cran,utf8,1.2.5,renv_lock,8
cran,utf8,1.2.2,description,7
cran,utf8,1.1.4,description,5
cran,utf8,1.2.1,renv_lock,4
cran,utf8,1.2.3,description,4
cran,utf8,1.1.4,renv_lock,4
cran,utf8,1.2.6,description,3
cran,utf8,1.1.3,description,2
cran,utf8,1.2.4,install,1
cran,utils,4.1.1,description,1
cran,uuid,1.2-1,renv_lock,40
cran,uuid,1.1-0,renv_lock,13
cran,uuid,1.2-2,renv_lock,11
cran,uuid,1.2-0,renv_lock,7
cran,uuid,1.1-1,renv_lock,6
cran,uuid,1.2-1,description,5
cran,uuid,0.1-4,renv_lock,5
cran,uuid,1.0-3,renv_lock,5
cran,uuid,1.1-0,description,3
cran,uuid,1.1-1,description,2
cran,uuid,0.1-4,description,2
cran,uuid,1.2-0,description,1
cran,uuid,1.2-2,description,1
cran,uuid,1.0-3,description,1
cran,vIRT,1.0,description,1
cran,varhandle,2.0.5,install,1
cran,vars,1.5-9,description,1
cran,vars,1.6-1,renv_lock,1
cran,vars,1.6-1,install,1
cran,vars,1.6-1,description,1
cran,vcd,1.4-13,renv_lock,1
cran,vcd,1.4-11,renv_lock,1
cran,vctrs,0.6.5,renv_lock,76
cran,vctrs,0.6.3,renv_lock,14
cran,vctrs,0.6.5,description,12
cran,vctrs,0.3.8,renv_lock,8
cran,vctrs,0.7.1,renv_lock,7
cran,vctrs,0.7.3,renv_lock,5
cran,vctrs,0.4.1,renv_lock,4
cran,vctrs,0.5.2,renv_lock,4
cran,vctrs,0.6.4,renv_lock,3
cran,vctrs,0.6.2,renv_lock,3
cran,vctrs,0.5.2,description,2
cran,vctrs,0.6.4,description,2
cran,vctrs,0.6.3,description,2
cran,vctrs,0.6.1,renv_lock,2
cran,vctrs,0.7.1,description,2
cran,vctrs,0.7.2,renv_lock,2
cran,vctrs,0.3.4,renv_lock,2
cran,vctrs,0.4.1,description,2
cran,vctrs,0.3.6,description,1
cran,vctrs,0.2.0,renv_lock,1
cran,vctrs,0.3.8,description,1
cran,vctrs,0.4.0,description,1
cran,vctrs,0.5.1,description,1
cran,vctrs,0.5.1,renv_lock,1
cran,vctrs,0.6.1,description,1
cran,vctrs,0.4.0,renv_lock,1
cran,vctrs,0.6.5,install,1
cran,vctrs,0.3.2,description,1
cran,vctrs,0.2.1,description,1
cran,vctrs,0.3.6,renv_lock,1
cran,vctrs,0.2.4,description,1
cran,vctrs,0.2.2,renv_lock,1
cran,vdemdata,15.0,renv_lock,1
cran,vdemdata,3.0,renv_lock,1
cran,vdiffr,1.0.4,description,1
cran,vdiffr,1.0.9,description,1
cran,vdiffr,0.3.1,description,1
cran,vegan,2.7-2,renv_lock,1
cran,vegan,2.6-8,description,1
cran,vegan,2.6-8,renv_lock,1
cran,versions,0.3,description,1
cran,vip,0.3.2,description,1
cran,vip,0.3.2,renv_lock,1
cran,vipor,0.4.7,renv_lock,4
cran,viridis,0.6.5,renv_lock,20
cran,viridis,0.6.2,renv_lock,6
cran,viridis,0.6.4,renv_lock,5
cran,viridis,0.5.1,renv_lock,3
cran,viridis,0.6.2,description,3
cran,viridis,0.6.5,description,3
cran,viridis,0.5.1,description,3
cran,viridis,0.6.1,description,2
cran,viridis,0.6.1,renv_lock,2
cran,viridis,0.6.4,description,2
cran,viridis,0.6.3,renv_lock,1
cran,viridisLite,0.4.2,renv_lock,92
cran,viridisLite,0.4.0,renv_lock,15
cran,viridisLite,0.4.3,renv_lock,13
cran,viridisLite,0.4.2,description,12
cran,viridisLite,0.4.1,renv_lock,7
cran,viridisLite,0.3.0,description,7
cran,viridisLite,0.3.0,renv_lock,5
cran,viridisLite,0.4.1,description,5
cran,viridisLite,0.4.0,description,4
cran,viridisLite,0.4.3,description,1
cran,viridisLite,0.4.2,install,1
cran,visNetwork,2.1.2,renv_lock,2
cran,visNetwork,2.0.9,renv_lock,1
cran,visNetwork,2.1.4,description,1
cran,visNetwork,2.1.4,renv_lock,1
cran,visNetwork,2.0.9,description,1
cran,visNetwork,2.1.0,renv_lock,1
cran,visdat,0.6.0,renv_lock,3
cran,visdat,0.5.3,renv_lock,1
cran,voteswitchR,0.1.0,renv_lock,1
cran,vroom,1.6.5,renv_lock,56
cran,vroom,1.6.3,renv_lock,13
cran,vroom,1.7.0,renv_lock,9
cran,vroom,1.5.7,renv_lock,8
cran,vroom,1.6.5,description,7
cran,vroom,1.6.7,renv_lock,7
cran,vroom,1.6.6,renv_lock,5
cran,vroom,1.7.1,renv_lock,4
cran,vroom,1.6.4,renv_lock,3
cran,vroom,1.6.3,description,3
cran,vroom,1.6.1,renv_lock,2
cran,vroom,1.5.5,description,2
cran,vroom,1.5.5,renv_lock,2
cran,vroom,1.6.1,description,2
cran,vroom,1.5.4,renv_lock,1
cran,vroom,1.6.0,description,1
cran,vroom,1.6.7,description,1
cran,vroom,1.6.4,description,1
cran,vroom,1.6.0,renv_lock,1
cran,vroom,1.7.0,description,1
cran,vroom,1.6.5,install,1
cran,vroom,1.5.7,description,1
cran,vroom,1.5.6,renv_lock,1
cran,vroom,1.5.3,renv_lock,1
cran,vtable,1.4.8,install,1
cran,vtable,1.4.8,renv_lock,1
cran,vtable,1.4.6,renv_lock,1
cran,vtable,1.4.5,description,1
cran,vtable,1.3.3,renv_lock,1
cran,vutils,8.0-58,description,2
cran,wCorr,1.9.8,renv_lock,2
cran,wacolors,0.3.1,renv_lock,1
cran,waiter,0.2.5,renv_lock,1
cran,waiter,0.2.4,renv_lock,1
cran,waldo,0.5.2,renv_lock,8
cran,waldo,0.5.1,renv_lock,7
cran,waldo,0.4.0,renv_lock,6
cran,waldo,0.6.1,renv_lock,5
cran,waldo,0.5.1,description,3
cran,waldo,0.4.0,description,3
cran,waldo,0.6.2,renv_lock,3
cran,waldo,0.3.1,renv_lock,2
cran,waldo,0.5.2,description,2
cran,waldo,0.6.1,description,2
cran,waldo,0.3.1,description,2
cran,waldo,0.6.2,description,1
cran,waldo,0.5.3,renv_lock,1
cran,waldo,0.6.1,install,1
cran,waldo,0.2.4,description,1
cran,warp,0.2.3,renv_lock,2
cran,warp,0.2.0,renv_lock,1
cran,warp,0.2.1,renv_lock,1
cran,warp,0.2.0,description,1
cran,warp,0.2.3,description,1
cran,wayback,0.4.0,renv_lock,1
cran,wbstats,1.0.4,renv_lock,1
cran,wdman,0.2.6,renv_lock,4
cran,wdman,0.2.5,renv_lock,1
cran,webshot,0.5.5,renv_lock,5
cran,webshot,0.5.4,renv_lock,4
cran,webshot,0.5.4,description,4
cran,webshot,0.5.2,renv_lock,4
cran,webshot,0.5.5,description,1
cran,webshot,0.5.1,renv_lock,1
cran,webshot,0.5.2,description,1
cran,webshot2,0.1.0,description,2
cran,webshot2,0.1.1,description,1
cran,websocket,1.4.1,description,2
cran,websocket,1.4.2,description,1
cran,weights,1.0.4,renv_lock,4
cran,weights,1.0.1,renv_lock,2
cran,weights,1.0.4,description,1
cran,wesanderson,0.3.7,renv_lock,1
cran,wesanderson,0.3.6,description,1
cran,wfe,1.7,description,1
cran,whisker,0.4.1,renv_lock,9
cran,whisker,0.4,renv_lock,5
cran,whisker,0.4,description,4
cran,whisker,0.4.1,description,4
cran,whisker,0.4.1,install,1
cran,widgetframe,0.3.1,renv_lock,3
cran,windowsonly,1.0.0,description,50
cran,withr,3.0.2,renv_lock,67
cran,withr,2.5.0,renv_lock,26
cran,withr,3.0.0,renv_lock,12
cran,withr,3.0.1,renv_lock,8
cran,withr,3.0.2,description,8
cran,withr,2.5.0,description,8
cran,withr,2.4.2,renv_lock,5
cran,withr,2.5.1,renv_lock,5
cran,withr,3.0.0,description,4
cran,withr,2.5.2,renv_lock,3
cran,withr,2.1.2,renv_lock,2
cran,withr,2.5.2,description,2
cran,withr,2.2.0,renv_lock,2
cran,withr,2.2.0,description,2
cran,withr,2.5.1,description,2
cran,withr,2.4.3,renv_lock,2
cran,withr,2.1.2,description,1
cran,withr,2.4.3,description,1
cran,withr,2.4.1,description,1
cran,withr,3.0.2,install,1
cran,withr,2.4.1,renv_lock,1
cran,withr,3.0.3,renv_lock,1
cran,withr,2.4.2,description,1
cran,withr,3.0.1,description,1
cran,wk,0.9.4,renv_lock,12
cran,wk,0.9.5,renv_lock,7
cran,wk,0.9.1,renv_lock,4
cran,wk,0.8.0,renv_lock,3
cran,wk,0.5.0,renv_lock,2
cran,wk,0.7.3,renv_lock,2
cran,wk,0.6.0,renv_lock,2
cran,wk,0.9.4,description,1
cran,wk,0.5.0,description,1
cran,wk,0.7.1,description,1
cran,wk,0.4.1,renv_lock,1
cran,wk,0.6.0,description,1
cran,wk,0.7.2,description,1
cran,wk,0.9.2,renv_lock,1
cran,wk,0.9.0,description,1
cran,wk,0.9.1,install,1
cran,wk,0.7.2,renv_lock,1
cran,wk,0.9.1,description,1
cran,wnominate,0.99,description,1
cran,wnominate,1.4,renv_lock,1
cran,wordcloud,2.6,description,1
cran,wordnet,0.1-17,description,1
cran,wordnetDicts,3.0-1,description,1
cran,wordspace,0.2-8,renv_lock,1
cran,workflows,1.3.0,renv_lock,1
cran,workflows,0.2.4,description,1
cran,workflows,0.2.4,renv_lock,1
cran,workflows,1.3.0,description,1
cran,workflowsets,0.1.0,description,1
cran,workflowsets,0.1.0,renv_lock,1
cran,writexl,1.5.4,renv_lock,4
cran,writexl,1.5.0,renv_lock,3
cran,writexl,1.4.2,renv_lock,2
cran,writexl,1.5.4,description,1
cran,writexl,1.5.0,install,1
cran,writexl,1.5.0,description,1
cran,writexl,2.0.0,renv_lock,1
cran,writexl,1.5.1,renv_lock,1
cran,x13binary,1.1.57-3,renv_lock,1
cran,xfun,0.52,renv_lock,21
cran,xfun,0.40,renv_lock,10
cran,xfun,0.56,renv_lock,10
cran,xfun,0.39,renv_lock,6
cran,xfun,0.50,renv_lock,6
cran,xfun,0.55,renv_lock,6
cran,xfun,0.47,renv_lock,5
cran,xfun,0.49,renv_lock,5
cran,xfun,0.54,renv_lock,4
cran,xfun,0.43,renv_lock,3
cran,xfun,0.51,renv_lock,3
cran,xfun,0.46,renv_lock,3
cran,xfun,0.41,renv_lock,3
cran,xfun,0.31,renv_lock,3
cran,xfun,0.40,description,3
cran,xfun,0.50,description,3
cran,xfun,0.29,renv_lock,3
cran,xfun,0.37,renv_lock,2
cran,xfun,0.35,renv_lock,2
cran,xfun,0.10,renv_lock,2
cran,xfun,0.17,renv_lock,2
cran,xfun,0.42,renv_lock,2
cran,xfun,0.37,description,2
cran,xfun,0.56,description,2
cran,xfun,0.60,renv_lock,2
cran,xfun,0.41,description,2
cran,xfun,0.57,renv_lock,2
cran,xfun,0.44,renv_lock,1
cran,xfun,0.45,renv_lock,1
cran,xfun,0.28,renv_lock,1
cran,xfun,0.32,renv_lock,1
cran,xfun,0.42,description,1
cran,xfun,0.47,description,1
cran,xfun,0.30,description,1
cran,xfun,0.25,renv_lock,1
cran,xfun,0.53,renv_lock,1
cran,xfun,0.50,install,1
cran,xfun,0.23,renv_lock,1
cran,xfun,0.16,description,1
cran,xfun,0.30,renv_lock,1
cran,xfun,0.55,description,1
cran,xfun,0.36,description,1
cran,xfun,0.52,description,1
cran,xfun,0.38,renv_lock,1
cran,xfun,0.59,renv_lock,1
cran,xfun,0.29,description,1
cran,xfun,0.22,renv_lock,1
cran,xfun,0.26,description,1
cran,xfun,0.57,description,1
cran,xfun,0.24,renv_lock,1
cran,xfun,0.13,description,1
cran,xfun,0.26,renv_lock,1
cran,xfun,0.49,description,1
cran,xfun,0.21,description,1
cran,xgboost,1.2.0.1,install,1
cran,xgboost,1.7.8.1,renv_lock,1
cran,xgboost,3.2.0.1,renv_lock,1
cran,xgboost,1.7.5.1,renv_lock,1
cran,xgboost,3.1.2.1,install,1
cran,xgboost,1.7.11.1,renv_lock,1
cran,xlsx,0.6.5,renv_lock,1
cran,xlsxjars,0.6.1,renv_lock,1
cran,xml2,1.3.6,renv_lock,27
cran,xml2,1.3.8,renv_lock,19
cran,xml2,1.3.5,renv_lock,12
cran,xml2,1.3.3,renv_lock,11
cran,xml2,1.5.2,renv_lock,11
cran,xml2,1.3.2,renv_lock,9
cran,xml2,1.3.3,description,8
cran,xml2,1.5.1,renv_lock,6
cran,xml2,1.3.6,description,5
cran,xml2,1.4.1,renv_lock,4
cran,xml2,1.5.2,description,2
cran,xml2,1.2.2,renv_lock,2
cran,xml2,1.3.4,renv_lock,2
cran,xml2,1.3.2,description,2
cran,xml2,1.3.5,description,2
cran,xml2,1.6.0,renv_lock,1
cran,xml2,1.5.1,description,1
cran,xml2,1.3.1,description,1
cran,xml2,1.3.6,install,1
cran,xml2,1.3.7,renv_lock,1
cran,xml2,1.3.8,description,1
cran,xmlparsedata,1.0.5,description,3
cran,xmlparsedata,1.0.5,renv_lock,2
cran,xopen,1.0.1,renv_lock,6
cran,xopen,1.0.1,description,4
cran,xopen,1.0.0,renv_lock,3
cran,xopen,1.0.0,description,2
cran,xopen,1.0.1,install,1
cran,xtable,1.8-4,renv_lock,57
cran,xtable,1.8-4,description,19
cran,xtable,1.8-8,renv_lock,6
cran,xtable,1.8-4,install,6
cran,xtable,1.8-2,description,2
cran,xtable,1.8.4,install,1
cran,xtable,1.8-2,install,1
cran,xtable,1.8-3,description,1
cran,xts,0.14.1,renv_lock,7
cran,xts,0.12.1,renv_lock,4
cran,xts,0.12.1,description,2
cran,xts,0.13.1,description,2
cran,xts,0.12-0,description,1
cran,xts,0.14.0,renv_lock,1
cran,xts,0.13.1,renv_lock,1
cran,xts,0.14.2,renv_lock,1
cran,xts,0.11-2,description,1
cran,yaml,2.3.10,renv_lock,42
cran,yaml,2.3.12,renv_lock,22
cran,yaml,2.3.7,renv_lock,18
cran,yaml,2.3.8,renv_lock,12
cran,yaml,2.2.1,renv_lock,11
cran,yaml,2.3.5,renv_lock,7
cran,yaml,2.2.1,description,5
cran,yaml,2.3.10,description,5
cran,yaml,2.3.7,description,5
cran,yaml,2.3.12,description,4
cran,yaml,2.3.8,description,3
cran,yaml,2.2.0,renv_lock,2
cran,yaml,2.3.6,description,2
cran,yaml,2.3.6,renv_lock,2
cran,yaml,2.1.19,description,1
cran,yaml,2.2.2,renv_lock,1
cran,yaml,2.1.14,description,1
cran,yaml,2.3.8,install,1
cran,yaml,2.3.9,renv_lock,1
cran,yaml,2.3.5,description,1
cran,yardstick,0.0.8,renv_lock,1
cran,yardstick,1.3.2,description,1
cran,yardstick,1.3.2,renv_lock,1
cran,yardstick,0.0.9,description,1
cran,yardstick,0.0.9,renv_lock,1
cran,yulab.utils,0.1.4,renv_lock,2
cran,yulab.utils,0.2.0,renv_lock,2
cran,yulab.utils,0.2.4,renv_lock,1
cran,yulab.utils,0.1.0,renv_lock,1
cran,yyjsonr,0.1.22,renv_lock,1
cran,zTree,1.0.7,description,2
cran,zTree,1.0.7,renv_lock,2
cran,zeallot,0.1.0,renv_lock,2
cran,zeallot,0.1.0,description,1
cran,zip,2.3.3,renv_lock,9
cran,zip,2.3.1,renv_lock,5
cran,zip,2.3.0,renv_lock,4
cran,zip,2.2.0,renv_lock,3
cran,zip,2.0.4,description,2
cran,zip,2.2.2,renv_lock,2
cran,zip,2.2.0,description,2
cran,zip,2.3.2,renv_lock,2
cran,zip,2.3.1,description,2
cran,zip,2.3.1,install,1
cran,zip,2.3.3,description,1
cran,zip,2.3.2,description,1
cran,zip,2.1.1,description,1
cran,zip,1.0.0,description,1
cran,zip,2.2.2,description,1
cran,zip,2.3.0,description,1
cran,zipcode,1.0,description,1
cran,zipcodeR,0.3.5,renv_lock,1
cran,zoo,1.8-12,renv_lock,42
cran,zoo,1.8-15,renv_lock,18
cran,zoo,1.8-14,renv_lock,16
cran,zoo,1.8-9,renv_lock,10
cran,zoo,1.8-12,description,10
cran,zoo,1.8-9,description,5
cran,zoo,1.8-11,description,4
cran,zoo,1.8-11,renv_lock,4
cran,zoo,1.8-1,description,3
cran,zoo,1.8-8,renv_lock,2
cran,zoo,1.8-8,description,2
cran,zoo,1.8-6,description,2
cran,zoo,1.8-12,install,2
cran,zoo,1.8-10,renv_lock,2
cran,zoo,1.8-10,description,2
cran,zoo,1.7-13,description,1
cran,zoo,1.8-13,renv_lock,1
cran,zoo,1.8.10,install,1
cran,zoo,1.8-7,description,1
cran,zoo,1.8-14,description,1
cran,zoo,1.9-0,renv_lock,1
cran,zoo,1.8-15,description,1
cran_archive,MatchingFrontier,148a33bce48e442160c873ea4e0528df54964dac,install,3
cran_archive,RGISTools,1.0.2,install,1
cran_archive,Zelig,5.1.7,install,1
cran_archive,bettermc,f809d4a2c7c3ad6549c27466ab9117f063d10ea0,install,1
cran_archive,cregg,0.4.0,install,3
cran_archive,dummies,1.5.6,install,1
cran_archive,dvmisc,1.1.4,install,1
cran_archive,gdalUtils,2.0.3.2,install,1
cran_archive,hdi,0.1-10,install,1
cran_archive,maptools,1.1-8,install,1
cran_archive,noncensus,0.1,install,1
cran_archive,rdd,0.57,install,1
cran_archive,rgdal,1.6-2,install,1
cran_archive,rgdal,1.5-32,install,1
cran_archive,rgeos,0.6-4,install,1
cran_archive,rgeos,0.5-9,install,1
cran_archive,velox,0.2.0,install,1
pypi,Babel,==2.14.0,requirements_txt,2
pypi,Babel,==2.7.0,requirements_txt,1
pypi,Babel,==2.11.0,requirements_txt,1
pypi,Bottleneck,==1.3.7,requirements_txt,1
pypi,Bottleneck,==1.2.1,requirements_txt,1
pypi,Brlapi,==0.8.3,requirements_txt,1
pypi,Brotli,==1.0.9,requirements_txt,2
pypi,Brotli,==1.1.0,requirements_txt,1
pypi,Cartopy,==0.25.0,requirements_txt,1
pypi,Cython,==3.2.4,requirements_txt,1
pypi,Cython,==3.0.8,requirements_txt,1
pypi,Cython,==3.0.12,requirements_txt,1
pypi,Cython,==0.29.12,requirements_txt,1
pypi,Cython,>=0.20.1,requirements_txt,1
pypi,Deprecated,==1.2.13,requirements_txt,1
pypi,Django,==2.2.12,requirements_txt,1
pypi,Fiona,==1.7.8,requirements_txt,1
pypi,Fiona,==1.8.4,requirements_txt,1
pypi,Flask,==1.1.1,requirements_txt,1
pypi,Flask,==3.0.2,requirements_txt,1
pypi,Flask,==0.10.1,requirements_txt,1
pypi,GDAL,==3.4.1,requirements_txt,1
pypi,Geohash,==1.0,requirements_txt,1
pypi,GitPython,==3.1.18,requirements_txt,1
pypi,GitPython,==3.1.43,requirements_txt,1
pypi,HeapDict,==1.0.1,requirements_txt,3
pypi,Jinja2,==3.1.2,requirements_txt,8
pypi,Jinja2,==3.1.6,requirements_txt,6
pypi,Jinja2,==3.1.3,requirements_txt,2
pypi,Jinja2,==3.1.4,requirements_txt,2
pypi,Jinja2,==3.1.5,requirements_txt,1
pypi,Jinja2,==3.0.3,requirements_txt,1
pypi,Jinja2,==2.11.1,requirements_txt,1
pypi,Jinja2,==2.11.2,requirements_txt,1
pypi,Jinja2,==2.10,requirements_txt,1
pypi,KDEpy,==1.1.8,requirements_txt,1
pypi,KDEpy,==1.1.0,requirements_txt,1
pypi,Keras,==2.1.6,requirements_txt,1
pypi,Keras-Preprocessing,==1.1.2,requirements_txt,3
pypi,Levenshtein,==0.22.0,requirements_txt,1
pypi,Levenshtein,==0.20.9,requirements_txt,1
pypi,Mako,==1.3.0,requirements_txt,1
pypi,Mako,==1.3.2,requirements_txt,1
pypi,Markdown,==3.3.3,requirements_txt,1
pypi,Markdown,==3.3.7,requirements_txt,1
pypi,Markdown,==3.1.1,requirements_txt,1
pypi,Markdown,==3.4.1,requirements_txt,1
pypi,MarkupSafe,==3.0.2,requirements_txt,4
pypi,MarkupSafe,==2.1.5,requirements_txt,3
pypi,MarkupSafe,==3.0.3,requirements_txt,3
pypi,MarkupSafe,==1.1.1,requirements_txt,2
pypi,MarkupSafe,==2.1.1,requirements_txt,1
pypi,MarkupSafe,==2.1.2,requirements_txt,1
pypi,MarkupSafe,==1.0,requirements_txt,1
pypi,MarkupSafe,==2.0.1,requirements_txt,1
pypi,MarkupSafe,==2.1.3,requirements_txt,1
pypi,Pillow,==9.3.0,requirements_txt,2
pypi,Pillow,==8.4.0,requirements_txt,1
pypi,Pillow,==10.0.0,requirements_txt,1
pypi,Pillow,==7.1.1,requirements_txt,1
pypi,Pillow,==9.5.0,requirements_txt,1
pypi,Pillow,==7.1.2,requirements_txt,1
pypi,Pillow,~=10.0.0,requirements_txt,1
pypi,PuLP,==2.0,requirements_txt,1
pypi,PyAstronomy,==0.14.0,requirements_txt,1
pypi,PyDispatcher,==2.0.5,requirements_txt,1
pypi,PyGObject,==3.42.1,requirements_txt,1
pypi,PyGithub,==1.55,requirements_txt,1
pypi,PyJWT,==2.3.0,requirements_txt,1
pypi,PyNaCl,==1.3.0,requirements_txt,1
pypi,PyNaCl,==1.5.0,requirements_txt,1
pypi,PyPDF2,>=3.0.0,requirements_txt,1
pypi,PyPDF2,==1.26.0,requirements_txt,1
pypi,PyQt5,==5.15.10,requirements_txt,2
pypi,PyQt5,==5.15.9,requirements_txt,1
pypi,PyQt5-sip,==12.12.2,requirements_txt,1
pypi,PyQtWebEngine,==5.15.6,requirements_txt,1
pypi,PyQtWebEngine,==5.15.4,requirements_txt,1
pypi,PySocks,==1.7.1,requirements_txt,6
pypi,PySocks,==1.7.0,requirements_txt,1
pypi,PyWavelets,==1.1.1,requirements_txt,1
pypi,PyWavelets,==1.0.3,requirements_txt,1
pypi,PyYAML,==6.0.2,requirements_txt,4
pypi,PyYAML,==6.0.1,requirements_txt,3
pypi,PyYAML,==6.0.3,requirements_txt,2
pypi,PyYAML,==6.0,requirements_txt,2
pypi,PyYAML,==5.4.1,requirements_txt,2
pypi,PyYAML,==5.1,requirements_txt,1
pypi,PyYAML,==3.13,requirements_txt,1
pypi,PyYAML,==5.3.1,requirements_txt,1
pypi,PyYAML,>=5.4,requirements_txt,1
pypi,Pygments,==2.6.1,requirements_txt,2
pypi,Pygments,==2.20.0,requirements_txt,2
pypi,Pygments,==2.17.2,requirements_txt,2
pypi,Pygments,==2.19.2,requirements_txt,2
pypi,Pygments,==2.3.1,requirements_txt,2
pypi,Pygments,==2.19.1,requirements_txt,2
pypi,Pygments,==2.16.1,requirements_txt,1
pypi,Pygments,==2.11.2,requirements_txt,1
pypi,Pygments,==2.2.0,requirements_txt,1
pypi,Pygments,==2.18.0,requirements_txt,1
pypi,Pygments,==2.14.0,requirements_txt,1
pypi,Pygments,==2.15.1,requirements_txt,1
pypi,QtAwesome,==0.5.7,requirements_txt,1
pypi,QtPy,==1.8.0,requirements_txt,1
pypi,QtPy,==1.9.0,requirements_txt,1
pypi,QtPy,==2.3.0,requirements_txt,1
pypi,RapidFuzz,==3.14.3,requirements_txt,1
pypi,Rtree,==1.2.0,requirements_txt,1
pypi,SQLAlchemy,==2.0.25,requirements_txt,1
pypi,SQLAlchemy,==1.3.10,requirements_txt,1
pypi,SQLAlchemy,==1.4.17,requirements_txt,1
pypi,SQLAlchemy,==1.3.5,requirements_txt,1
pypi,SQLAlchemy,==1.4.45,requirements_txt,1
pypi,SciencePlots,==2.2.1,requirements_txt,1
pypi,SecretStorage,==3.3.1,requirements_txt,1
pypi,SecretStorage,==3.3.3,requirements_txt,1
pypi,SecretStorage,==3.1.1,requirements_txt,1
pypi,Send2Trash,==1.5.0,requirements_txt,3
pypi,Send2Trash,==1.8.0,requirements_txt,2
pypi,Send2Trash,==1.8.3,requirements_txt,2
pypi,Send2Trash,==1.8.2,requirements_txt,2
pypi,Send2Trash,==2.1.0,requirements_txt,1
pypi,Shapely,==1.6.4.post2,requirements_txt,1
pypi,Shapely,==2.1.1,requirements_txt,1
pypi,Shapely,==1.5.17,requirements_txt,1
pypi,Sphinx,==2.1.2,requirements_txt,1
pypi,TBB,==0.2,requirements_txt,1
pypi,Tasmanian,==8.2,requirements_txt,1
pypi,Unidecode,==1.1.1,requirements_txt,1
pypi,Wand,==0.5.9,requirements_txt,1
pypi,Werkzeug,==2.2.2,requirements_txt,1
pypi,Werkzeug,==3.0.1,requirements_txt,1
pypi,Werkzeug,==2.0.3,requirements_txt,1
pypi,Werkzeug,==1.0.1,requirements_txt,1
pypi,Werkzeug,==0.15.4,requirements_txt,1
pypi,XlsxWriter,==1.1.8,requirements_txt,1
pypi,XlsxWriter,==3.2.3,requirements_txt,1
pypi,absl-py,==1.4.0,requirements_txt,1
pypi,absl-py,==0.11.0,requirements_txt,1
pypi,absl-py,==1.3.0,requirements_txt,1
pypi,accelerate,==0.23.0,requirements_txt,2
pypi,accelerate,==0.18.0,requirements_txt,1
pypi,accelerate,==1.5.2,requirements_txt,1
pypi,accelerate,==0.27.2,requirements_txt,1
pypi,accelerate,==0.34.2,requirements_txt,1
pypi,accelerate,==1.0.1,requirements_txt,1
pypi,adjustText,>=0.8,requirements_txt,1
pypi,adjustText,==0.8,requirements_txt,1
pypi,aiofiles,==23.1.0,requirements_txt,1
pypi,aiohttp,==3.6.2,requirements_txt,1
pypi,aiohttp,==3.9.1,requirements_txt,1
pypi,aiohttp,==3.8.4,requirements_txt,1
pypi,aiohttp-cors,==0.7.0,requirements_txt,1
pypi,aiosignal,==1.3.1,requirements_txt,2
pypi,alabaster,==0.7.12,requirements_txt,1
pypi,alembic,==1.12.1,requirements_txt,1
pypi,alembic,==1.13.1,requirements_txt,1
pypi,altair,==4.2.2,requirements_txt,2
pypi,altair,==5.5.0,requirements_txt,1
pypi,anaconda-client,==1.7.2,requirements_txt,1
pypi,anaconda-client,==1.11.2,requirements_txt,1
pypi,anaconda-project,==0.8.3,requirements_txt,1
pypi,annotated-doc,==0.0.4,requirements_txt,1
pypi,annotated-types,==0.7.0,requirements_txt,3
pypi,annotated-types,==0.6.0,requirements_txt,2
pypi,anthropic,==0.21.3,requirements_txt,1
pypi,antlr4-python3-runtime,==4.9.3,requirements_txt,2
pypi,anyio,==3.6.2,requirements_txt,3
pypi,anyio,==4.9.0,requirements_txt,2
pypi,anyio,==4.2.0,requirements_txt,2
pypi,anyio,==4.12.1,requirements_txt,1
pypi,anyio,==4.13.0,requirements_txt,1
pypi,anyio,==4.10.0,requirements_txt,1
pypi,anyio,==4.6.2.post1,requirements_txt,1
pypi,anyio,==4.4.0,requirements_txt,1
pypi,appdirs,==1.4.4,requirements_txt,4
pypi,appdirs,==1.4.3,requirements_txt,1
pypi,appnope,==0.1.4,requirements_txt,2
pypi,appnope,==0.1.0,requirements_txt,1
pypi,archspec,==0.2.3,requirements_txt,1
pypi,argon2-cffi,==21.3.0,requirements_txt,3
pypi,argon2-cffi,==25.1.0,requirements_txt,2
pypi,argon2-cffi,==23.1.0,requirements_txt,2
pypi,argon2-cffi-bindings,==21.2.0,requirements_txt,5
pypi,argon2-cffi-bindings,==25.1.0,requirements_txt,2
pypi,arrow,==1.3.0,requirements_txt,3
pypi,arrow,==1.4.0,requirements_txt,1
pypi,arrow,==1.2.3,requirements_txt,1
pypi,arviz,>=0.21.0,requirements_txt,1
pypi,asgiref,==3.2.7,requirements_txt,1
pypi,asn1crypto,==0.24.0,requirements_txt,2
pypi,asn1crypto,==1.3.0,requirements_txt,2
pypi,astor,==0.8.1,requirements_txt,1
pypi,astroid,==2.2.5,requirements_txt,1
pypi,astropy,==3.2.1,requirements_txt,1
pypi,asttokens,==2.4.1,requirements_txt,3
pypi,asttokens,==3.0.1,requirements_txt,3
pypi,asttokens,==3.0.0,requirements_txt,2
pypi,asttokens,==2.2.1,requirements_txt,1
pypi,astunparse,==1.6.3,requirements_txt,5
pypi,async-generator,==1.10,requirements_txt,1
pypi,async-lru,==2.0.4,requirements_txt,2
pypi,async-lru,==2.0.5,requirements_txt,2
pypi,async-timeout,==3.0.1,requirements_txt,1
pypi,async-timeout,==4.0.2,requirements_txt,1
pypi,async-timeout,==4.0.3,requirements_txt,1
pypi,atomicwrites,==1.4.0,requirements_txt,2
pypi,atomicwrites,==1.3.0,requirements_txt,1
pypi,attrs,==23.2.0,requirements_txt,2
pypi,attrs,==19.3.0,requirements_txt,2
pypi,attrs,==26.1.0,requirements_txt,2
pypi,attrs,==25.3.0,requirements_txt,2
pypi,attrs,==22.2.0,requirements_txt,1
pypi,attrs,==24.2.0,requirements_txt,1
pypi,attrs,==22.1.0,requirements_txt,1
pypi,attrs,==25.1.0,requirements_txt,1
pypi,attrs,==23.1.0,requirements_txt,1
pypi,attrs,==18.2.0,requirements_txt,1
pypi,autograd,==1.7.0,requirements_txt,1
pypi,autograd-gamma,==0.5.0,requirements_txt,1
pypi,autopep8,==2.0.0,requirements_txt,1
pypi,babel,==2.18.0,requirements_txt,1
pypi,babel,==2.17.0,requirements_txt,1
pypi,backcall,==0.2.0,requirements_txt,4
pypi,backcall,==0.1.0,requirements_txt,2
pypi,backports-abc,==0.5,requirements_txt,2
pypi,backports.functools-lru-cache,==1.5,requirements_txt,1
pypi,backports.os,==0.1.1,requirements_txt,1
pypi,backports.shutil-get-terminal-size,==1.0.0,requirements_txt,2
pypi,backports.tarfile,==1.2.0,requirements_txt,1
pypi,backports.weakref,==1.0.post1,requirements_txt,1
pypi,bcc,==0.18.0,requirements_txt,1
pypi,bcrypt,==3.1.6,requirements_txt,1
pypi,beautifulsoup4,==4.12.3,requirements_txt,4
pypi,beautifulsoup4,==4.14.3,requirements_txt,3
pypi,beautifulsoup4,==4.4.1,requirements_txt,2
pypi,beautifulsoup4,==4.12.2,requirements_txt,2
pypi,beautifulsoup4,==4.9.1,requirements_txt,1
pypi,beautifulsoup4,==4.11.1,requirements_txt,1
pypi,beautifulsoup4,==4.9.3,requirements_txt,1
pypi,beautifulsoup4,==4.13.5,requirements_txt,1
pypi,beautifulsoup4,~=4.9.1,requirements_txt,1
pypi,bertopic,==0.16.1,requirements_txt,1
pypi,bertopic,==0.16.4,requirements_txt,1
pypi,bertopic,==0.17.0,requirements_txt,1
pypi,bidict,==0.17.0,requirements_txt,1
pypi,binscatter,>=7.02,requirements_txt,1
pypi,binsreg,==2.1.7,requirements_txt,1
pypi,bitarray,==0.9.3,requirements_txt,1
pypi,bitsandbytes,==0.41.1,requirements_txt,1
pypi,bitsandbytes,==0.37.2,requirements_txt,1
pypi,bitsandbytes,==0.44.1,requirements_txt,1
pypi,bitsandbytes,==0.45.2,requirements_txt,1
pypi,bitsandbytes-cuda117,==0.26.0.post2,requirements_txt,1
pypi,bkcharts,==0.2,requirements_txt,1
pypi,black,==22.8.0,requirements_txt,1
pypi,bleach,==6.1.0,requirements_txt,2
pypi,bleach,==6.2.0,requirements_txt,2
pypi,bleach,==3.1.0,requirements_txt,1
pypi,bleach,==6.0.0,requirements_txt,1
pypi,bleach,==3.0.2,requirements_txt,1
pypi,bleach,==3.1.5,requirements_txt,1
pypi,bleach,==5.0.1,requirements_txt,1
pypi,bleach,==4.1.0,requirements_txt,1
pypi,blessed,==1.20.0,requirements_txt,1
pypi,blinker,==1.7.0,requirements_txt,1
pypi,blinker,==1.4,requirements_txt,1
pypi,blis,==0.7.9,requirements_txt,1
pypi,blosc2,==2.0.0,requirements_txt,1
pypi,bokeh,==3.1.1,requirements_txt,1
pypi,bokeh,==2.1.1,requirements_txt,1
pypi,bokeh,==2.3.3,requirements_txt,1
pypi,boltons,==23.0.0,requirements_txt,1
pypi,bond-pricing,==0.7.1,requirements_txt,1
pypi,boto,==2.49.0,requirements_txt,2
pypi,boto3,==1.35.7,requirements_txt,1
pypi,boto3,==1.9.130,requirements_txt,1
pypi,botocore,==1.35.7,requirements_txt,1
pypi,botocore,==1.12.130,requirements_txt,1
pypi,branca,==0.7.1,requirements_txt,1
pypi,branca,==0.8.1,requirements_txt,1
pypi,breezy,==3.2.1,requirements_txt,1
pypi,brewer2mpl,==1.4.1,requirements_txt,1
pypi,brotli,==1.0.9,requirements_txt,1
pypi,brotlicffi,==1.1.0.0,requirements_txt,1
pypi,brotlipy,==0.7.0,requirements_txt,1
pypi,bs4,==0.0.2,requirements_txt,2
pypi,bs4,==0.0.1,requirements_txt,1
pypi,bs4,~=0.0.1,requirements_txt,1
pypi,bz2file,==0.98,requirements_txt,1
pypi,cached-property,==1.5.2,requirements_txt,2
pypi,cachetools,==5.3.2,requirements_txt,2
pypi,cachetools,==5.2.0,requirements_txt,1
pypi,cachetools,==4.2.4,requirements_txt,1
pypi,cachetools,==4.2.1,requirements_txt,1
pypi,captum,==0.7.0,requirements_txt,1
pypi,cartopy,==0.25.0,requirements_txt,1
pypi,catalogue,==2.0.8,requirements_txt,1
pypi,catboost,==1.2.2,requirements_txt,1
pypi,certifi,==2024.2.2,requirements_txt,3
pypi,certifi,==2020.4.5.1,requirements_txt,3
pypi,certifi,==2024.7.4,requirements_txt,2
pypi,certifi,==2021.5.30,requirements_txt,2
pypi,certifi,==2025.1.31,requirements_txt,2
pypi,certifi,==2026.4.22,requirements_txt,2
pypi,certifi,==2018.4.16,requirements_txt,1
pypi,certifi,==2025.7.14,requirements_txt,1
pypi,certifi,==2026.5.20,requirements_txt,1
pypi,certifi,==2019.3.9,requirements_txt,1
pypi,certifi,==2018.10.15,requirements_txt,1
pypi,certifi,==2025.10.5,requirements_txt,1
pypi,certifi,==2025.6.15,requirements_txt,1
pypi,certifi,==2024.8.30,requirements_txt,1
pypi,certifi,==2020.6.20,requirements_txt,1
pypi,cffi,==1.15.1,requirements_txt,3
pypi,cffi,==1.14.0,requirements_txt,2
pypi,cffi,==1.16.0,requirements_txt,2
pypi,cffi,==1.17.1,requirements_txt,2
pypi,cffi,==2.0.0,requirements_txt,2
pypi,cffi,==1.12.2,requirements_txt,1
pypi,cffi,==1.12.3,requirements_txt,1
pypi,cftime,==1.6.4.post1,requirements_txt,1
pypi,chardet,==3.0.4,requirements_txt,5
pypi,chardet,==4.0.0,requirements_txt,2
pypi,charset-normalizer,==3.3.2,requirements_txt,4
pypi,charset-normalizer,==3.4.2,requirements_txt,3
pypi,charset-normalizer,==3.4.1,requirements_txt,2
pypi,charset-normalizer,==3.1.0,requirements_txt,2
pypi,charset-normalizer,==3.4.7,requirements_txt,2
pypi,charset-normalizer,==2.0.12,requirements_txt,1
pypi,chevron,==0.14.0,requirements_txt,1
pypi,chrome-gnome-shell,==0.0.0,requirements_txt,1
pypi,click,==8.1.7,requirements_txt,3
pypi,click,==7.1.1,requirements_txt,1
pypi,click,==8.1.3,requirements_txt,1
pypi,click,==8.0.3,requirements_txt,1
pypi,click,==6.7,requirements_txt,1
pypi,click,==8.4.1,requirements_txt,1
pypi,click,==8.1.8,requirements_txt,1
pypi,click,==8.2.1,requirements_txt,1
pypi,click,==8.0.4,requirements_txt,1
pypi,click-plugins,==1.1.1,requirements_txt,2
pypi,click-plugins,==1.0.3,requirements_txt,1
pypi,cligj,==0.7.2,requirements_txt,2
pypi,cligj,==0.4.0,requirements_txt,1
pypi,clldutils,==3.5.0,requirements_txt,1
pypi,cloudpickle,==3.0.0,requirements_txt,2
pypi,cloudpickle,==2.2.1,requirements_txt,1
pypi,cloudpickle,==3.1.1,requirements_txt,1
pypi,cloudpickle,==1.3.0,requirements_txt,1
pypi,cloudpickle,==2.2.0,requirements_txt,1
pypi,clyent,==1.2.2,requirements_txt,2
pypi,cmake,==3.26.1,requirements_txt,1
pypi,coefplot,>=1.8.6,requirements_txt,1
pypi,colorama,==0.4.6,requirements_txt,3
pypi,colorama,==0.4.1,requirements_txt,2
pypi,colorama,==0.4.5,requirements_txt,1
pypi,colorama,==0.4.4,requirements_txt,1
pypi,coloredlogs,==14.0,requirements_txt,1
pypi,colorful,==0.5.5,requirements_txt,1
pypi,colorlog,==3.1.4,requirements_txt,1
pypi,colorlog,==6.8.2,requirements_txt,1
pypi,comm,==0.2.2,requirements_txt,2
pypi,comm,==0.2.3,requirements_txt,2
pypi,comm,==0.2.1,requirements_txt,2
pypi,comm,==0.1.2,requirements_txt,1
pypi,command-not-found,==0.3,requirements_txt,1
pypi,conda-pack,==0.4.0,requirements_txt,1
pypi,conda-repo-cli,==1.0.75,requirements_txt,1
pypi,conda-verify,==3.4.2,requirements_txt,1
pypi,confection,==0.0.4,requirements_txt,1
pypi,configobj,==5.0.6,requirements_txt,1
pypi,configparser,==3.5.0,requirements_txt,2
pypi,constantly,==15.1.0,requirements_txt,1
pypi,contextlib2,==0.5.5,requirements_txt,1
pypi,contextvars,==2.4,requirements_txt,1
pypi,contourpy,==1.2.1,requirements_txt,2
pypi,contourpy,==1.3.3,requirements_txt,2
pypi,contourpy,==1.0.6,requirements_txt,1
pypi,contourpy,==1.2.0,requirements_txt,1
pypi,contourpy,~=1.1.0,requirements_txt,1
pypi,contourpy,==1.3.1,requirements_txt,1
pypi,contourpy,==1.3.2,requirements_txt,1
pypi,contourpy,==1.0.5,requirements_txt,1
pypi,contourpy,==1.3.0,requirements_txt,1
pypi,coverage,==7.2.5,requirements_txt,1
pypi,cramjam,==2.9.1,requirements_txt,1
pypi,croniter,==2.0.1,requirements_txt,1
pypi,cryptography,==2.8,requirements_txt,2
pypi,cryptography,==3.4.8,requirements_txt,1
pypi,cryptography,==42.0.5,requirements_txt,1
pypi,cryptography,==2.7,requirements_txt,1
pypi,cryptography,==2.6.1,requirements_txt,1
pypi,cssselect,==1.1.0,requirements_txt,1
pypi,ctransformers,==0.2.14,requirements_txt,1
pypi,cubinlinker-cu11,==0.3.0.post1,requirements_txt,1
pypi,cuda-python,==11.8.3,requirements_txt,1
pypi,cupshelpers,==1.0,requirements_txt,1
pypi,cupy-cuda11x,==12.2.0,requirements_txt,1
pypi,cvxopt,==1.3.3,requirements_txt,1
pypi,cycler,==0.12.1,requirements_txt,10
pypi,cycler,==0.10.0,requirements_txt,7
pypi,cycler,==0.11.0,requirements_txt,3
pypi,cycler,~=0.11.0,requirements_txt,1
pypi,cymem,==2.0.7,requirements_txt,1
pypi,cymem,==2.0.2,requirements_txt,1
pypi,cytoolz,==0.10.0,requirements_txt,1
pypi,cytoolz,==0.12.2,requirements_txt,1
pypi,cytoolz,==0.9.0.1,requirements_txt,1
pypi,daal4py,==2023.1.1,requirements_txt,1
pypi,dagster,==1.5.9,requirements_txt,1
pypi,dagster-pipes,==1.5.9,requirements_txt,1
pypi,dask,==2025.7.0,requirements_txt,1
pypi,dask,==2023.8.1,requirements_txt,1
pypi,dask,==2023.12.1,requirements_txt,1
pypi,dask,==2021.3.0,requirements_txt,1
pypi,dask,==2023.5.0,requirements_txt,1
pypi,dask,==2.15.0,requirements_txt,1
pypi,dask-jobqueue,==0.7.1+1.gbc0807f,requirements_txt,1
pypi,dask-jobqueue,==0.7.3,requirements_txt,1
pypi,dask-labextension,==2.0.1,requirements_txt,1
pypi,dataclasses,==0.8,requirements_txt,1
pypi,datasets,==2.14.5,requirements_txt,2
pypi,datasets,==2.10.1,requirements_txt,1
pypi,datasets,==1.17,requirements_txt,1
pypi,datasets,==3.0.0,requirements_txt,1
pypi,datasets,==2.20,requirements_txt,1
pypi,datasets,==2.18.0,requirements_txt,1
pypi,datasets,==1.14.0,requirements_txt,1
pypi,datashape,==0.5.4,requirements_txt,1
pypi,dateparser,==0.6.0,requirements_txt,1
pypi,datetime,==4.4,requirements_txt,2
pypi,dbus-python,==1.2.18,requirements_txt,1
pypi,debugpy,==1.8.20,requirements_txt,2
pypi,debugpy,==1.8.0,requirements_txt,2
pypi,debugpy,==1.8.5,requirements_txt,1
pypi,debugpy,==1.6.4,requirements_txt,1
pypi,debugpy,==1.8.14,requirements_txt,1
pypi,debugpy,==1.6.7,requirements_txt,1
pypi,decorator,==5.1.1,requirements_txt,6
pypi,decorator,==5.2.1,requirements_txt,5
pypi,decorator,==4.3.0,requirements_txt,3
pypi,decorator,==4.4.2,requirements_txt,2
pypi,decorator,==4.4.0,requirements_txt,1
pypi,defer,==1.0.6,requirements_txt,1
pypi,defusedxml,==0.7.1,requirements_txt,7
pypi,defusedxml,==0.6.0,requirements_txt,2
pypi,defusedxml,==0.5.0,requirements_txt,1
pypi,descartes,==1.1.0,requirements_txt,2
pypi,dill,==0.2.9,requirements_txt,1
pypi,dill,==0.3.1.1,requirements_txt,1
pypi,dill,==0.3.8,requirements_txt,1
pypi,dill,>=0.3.6,requirements_txt,1
pypi,dill,==0.3.6,requirements_txt,1
pypi,dill,"<1,>=0.2.7",requirements_txt,1
pypi,dimod,==0.12.3,requirements_txt,1
pypi,distlib,==0.3.8,requirements_txt,1
pypi,distributed,==2.14.0,requirements_txt,1
pypi,distributed,==2023.8.1,requirements_txt,1
pypi,distributed,==2021.3.0,requirements_txt,1
pypi,distributed,==2023.12.1,requirements_txt,1
pypi,distributed,==2023.5.0,requirements_txt,1
pypi,distro,==1.9.0,requirements_txt,4
pypi,distro,==1.7.0,requirements_txt,1
pypi,dj-database-url,==0.5.0,requirements_txt,1
pypi,django-vanilla-views,==1.0.6,requirements_txt,1
pypi,docopt,==0.6.2,requirements_txt,1
pypi,docstring-parser,==0.18.0,requirements_txt,1
pypi,docstring-parser,==0.15,requirements_txt,1
pypi,docutils,==0.14,requirements_txt,3
pypi,docutils,==0.16,requirements_txt,1
pypi,dowhy,==0.7.1,requirements_txt,1
pypi,dplyr,>=1.1.0,requirements_txt,1
pypi,dstat,>=1.4.4,requirements_txt,1
pypi,dtaidistance,==2.3.11,requirements_txt,1
pypi,duckdb,==1.4.3,requirements_txt,1
pypi,dulwich,==0.20.31,requirements_txt,1
pypi,dwave-system,==1.32.0,requirements_txt,1
pypi,dwave_samplers,==1.0.0,requirements_txt,1
pypi,earthaccess,==0.15.1,requirements_txt,1
pypi,earthengine-api,==1.7.4,requirements_txt,1
pypi,earthengine-api,==0.1.388,requirements_txt,1
pypi,econ-ark,==0.14.1,requirements_txt,1
pypi,econml,==0.14.1,requirements_txt,1
pypi,emcee,==3.1.4,requirements_txt,1
pypi,emoji,==2.12.1,requirements_txt,1
pypi,entrypoints,==0.4,requirements_txt,5
pypi,entrypoints,==0.3,requirements_txt,3
pypi,entrypoints,==0.2.3,requirements_txt,1
pypi,enum34,==1.1.6,requirements_txt,2
pypi,estimatr,>=1.0.0,requirements_txt,1
pypi,estout,>=3.31,requirements_txt,1
pypi,estout,==0.0.3,requirements_txt,1
pypi,et-xmlfile,==1.1.0,requirements_txt,8
pypi,et-xmlfile,==1.0.1,requirements_txt,2
pypi,et_xmlfile,==2.0.0,requirements_txt,3
pypi,etils,==0.9.0,requirements_txt,1
pypi,evaluate,==0.4,requirements_txt,1
pypi,evaluate,==0.4.0,requirements_txt,1
pypi,evaluate,==0.4.1,requirements_txt,1
pypi,evdev,==1.4.0,requirements_txt,1
pypi,exceptiongroup,==1.2.2,requirements_txt,2
pypi,exceptiongroup,==1.1.1,requirements_txt,1
pypi,exceptiongroup,==1.2.0,requirements_txt,1
pypi,exceptiongroup,==1.3.1,requirements_txt,1
pypi,exchange-calendars,==3.2,requirements_txt,1
pypi,exchange-calendars,==4.2.6,requirements_txt,1
pypi,execnb,==0.1.5,requirements_txt,1
pypi,executing,==2.0.1,requirements_txt,3
pypi,executing,==2.2.1,requirements_txt,3
pypi,executing,==2.2.0,requirements_txt,2
pypi,executing,==1.2.0,requirements_txt,1
pypi,expecttest,==0.3.0,requirements_txt,1
pypi,face-detection,==0.2.1,requirements_txt,1
pypi,fair,==1.3.2,shell_install,1
pypi,faiss,==1.7.4,requirements_txt,1
pypi,faiss-cpu,>=1.6.3,requirements_txt,1
pypi,fastapi,==0.95.0,requirements_txt,1
pypi,fastbencode,==0.0.5,requirements_txt,1
pypi,fastcache,==1.1.0,requirements_txt,1
pypi,fastcore,==1.5.29,requirements_txt,1
pypi,fastimport,==0.9.14,requirements_txt,1
pypi,fastjsonschema,==2.21.2,requirements_txt,1
pypi,fastjsonschema,==2.16.3,requirements_txt,1
pypi,fastjsonschema,==2.19.1,requirements_txt,1
pypi,fastjsonschema,==2.16.2,requirements_txt,1
pypi,fastjsonschema,==2.20.0,requirements_txt,1
pypi,fastjsonschema,==2.21.1,requirements_txt,1
pypi,fastparquet,==2024.11.0,requirements_txt,1
pypi,fastparquet,==2025.12.0,requirements_txt,1
pypi,fastrlock,==0.8.2,requirements_txt,1
pypi,ffmpy,==0.3.0,requirements_txt,1
pypi,filelock,==3.29.0,requirements_txt,2
pypi,filelock,==3.18.0,requirements_txt,2
pypi,filelock,==3.0.12,requirements_txt,1
pypi,filelock,==3.19.1,requirements_txt,1
pypi,filelock,==3.10.4,requirements_txt,1
pypi,fiona,==1.9.5,requirements_txt,2
pypi,fiona,==1.9.6,requirements_txt,1
pypi,fiona,==1.8.21,requirements_txt,1
pypi,fire,>=0.5.0,requirements_txt,1
pypi,fire,==0.5.0,requirements_txt,1
pypi,fire,==0.1.3,requirements_txt,1
pypi,fitdecode,==0.11.0,requirements_txt,1
pypi,flake8,~=7.1.1,requirements_txt,1
pypi,flash-attn,==2.6.3,requirements_txt,1
pypi,flatbuffers,==22.10.26,requirements_txt,1
pypi,flatbuffers,==1.12,requirements_txt,1
pypi,folium,==0.20.0,requirements_txt,1
pypi,folium,==0.15.1,requirements_txt,1
pypi,fonttools,==4.38.0,requirements_txt,2
pypi,fonttools,==4.53.1,requirements_txt,2
pypi,fonttools,==4.47.2,requirements_txt,1
pypi,fonttools,==4.61.1,requirements_txt,1
pypi,fonttools,==4.62.1,requirements_txt,1
pypi,fonttools,==4.25.0,requirements_txt,1
pypi,fonttools,==4.60.2,requirements_txt,1
pypi,fonttools,==4.57.0,requirements_txt,1
pypi,fonttools,==4.56.0,requirements_txt,1
pypi,fonttools,~=4.42.1,requirements_txt,1
pypi,fonttools,==4.53.0,requirements_txt,1
pypi,forex_python,>=1.6,requirements_txt,1
pypi,formulaic,==1.1.1,requirements_txt,1
pypi,formulaic,==1.0.1,requirements_txt,1
pypi,fqdn,==1.5.1,requirements_txt,6
pypi,fre,>=1.2.5,requirements_txt,1
pypi,fredapi,==0.5.0,requirements_txt,1
pypi,frozendict,==2.3.8,requirements_txt,1
pypi,frozendict,==2.4.2,requirements_txt,1
pypi,frozenlist,==1.4.1,requirements_txt,1
pypi,frozenlist,==1.3.3,requirements_txt,1
pypi,fsspec,==2025.3.2,requirements_txt,2
pypi,fsspec,==2026.4.0,requirements_txt,2
pypi,fsspec,==2023.3.0,requirements_txt,1
pypi,fsspec,==2025.9.0,requirements_txt,1
pypi,fsspec,==2025.10.0,requirements_txt,1
pypi,fsspec,==0.7.4,requirements_txt,1
pypi,fsspec,==2025.7.0,requirements_txt,1
pypi,fsspec,==2024.3.1,requirements_txt,1
pypi,fsspec,==2022.1.0,requirements_txt,1
pypi,ftools,>=2.49.1,requirements_txt,1
pypi,functools32,==3.2.3-2,requirements_txt,1
pypi,functools32,==3.2.3.post2,requirements_txt,1
pypi,funcy,==2.0,requirements_txt,1
pypi,future,==1.0.0,requirements_txt,1
pypi,future,==0.18.2,requirements_txt,1
pypi,future,==0.18.3,requirements_txt,1
pypi,futures,==3.2.0,requirements_txt,2
pypi,fuzzywuzzy,==0.18.0,requirements_txt,5
pypi,fuzzywuzzy,>=0.18.0,requirements_txt,1
pypi,gast,==0.3.3,requirements_txt,2
pypi,gast,==0.4.0,requirements_txt,1
pypi,gdown,==4.5.4,shell_install,1
pypi,geemap,==0.36.6,requirements_txt,1
pypi,gensim,==4.3.3,requirements_txt,3
pypi,gensim,==3.7.1,requirements_txt,1
pypi,gensim,==4.3.0,requirements_txt,1
pypi,gensim,==4.0.1,requirements_txt,1
pypi,gensim,==4.1.2,requirements_txt,1
pypi,gensim,==4.3.1,requirements_txt,1
pypi,geopandas,==0.14.3,requirements_txt,2
pypi,geopandas,>=0.14.1,requirements_txt,1
pypi,geopandas,==0.13.2,requirements_txt,1
pypi,geopandas,==0.14.1,requirements_txt,1
pypi,geopandas,==0.4.0,requirements_txt,1
pypi,geopandas,==0.2.1,requirements_txt,1
pypi,geopandas,==0.14.0,requirements_txt,1
pypi,geopandas,==1.1.1,requirements_txt,1
pypi,geopandas,==0.13.0,requirements_txt,1
pypi,geopy,==2.4.1,requirements_txt,1
pypi,geotext,==0.4.0,requirements_txt,1
pypi,gevent,==1.4.0,requirements_txt,1
pypi,ggalluvial,>=0.12.5,requirements_txt,1
pypi,ggdist,>=3.2.1,requirements_txt,1
pypi,ggplot,==0.11.5,requirements_txt,1
pypi,ggplot2,>=3.4.0,requirements_txt,1
pypi,ggrepel,>=0.9.2,requirements_txt,1
pypi,ghapi,==1.0.4,requirements_txt,1
pypi,ghostscript,==0.7,requirements_txt,2
pypi,gitdb,==4.0.2,requirements_txt,1
pypi,gitdb,==4.0.9,requirements_txt,1
pypi,gitdb,==4.0.11,requirements_txt,1
pypi,glob2,==0.7,requirements_txt,2
pypi,gmpy2,==2.0.8,requirements_txt,1
pypi,google,==3.0.0,requirements_txt,1
pypi,google-api-core,==2.15.0,requirements_txt,1
pypi,google-api-core,==2.16.2,requirements_txt,1
pypi,google-api-python-client,==2.116.0,requirements_txt,1
pypi,google-auth,==2.14.0,requirements_txt,1
pypi,google-auth,==2.22.0,requirements_txt,1
pypi,google-auth,==1.24.0,requirements_txt,1
pypi,google-auth,==2.25.2,requirements_txt,1
pypi,google-auth,==2.27.0,requirements_txt,1
pypi,google-auth-httplib2,==0.2.0,requirements_txt,1
pypi,google-auth-oauthlib,==0.4.6,requirements_txt,2
pypi,google-auth-oauthlib,==0.4.2,requirements_txt,1
pypi,google-cloud-core,==2.4.1,requirements_txt,1
pypi,google-cloud-storage,==2.14.0,requirements_txt,1
pypi,google-crc32c,==1.5.0,requirements_txt,1
pypi,google-genai,~=1.14.0,requirements_txt,1
pypi,google-pasta,==0.2.0,requirements_txt,3
pypi,google-resumable-media,==2.7.0,requirements_txt,1
pypi,googleapis-common-protos,==1.62.0,requirements_txt,2
pypi,googleapis-common-protos,==1.56.4,requirements_txt,1
pypi,googlemaps,==4.10.0,requirements_txt,1
pypi,googletrans,==4.0.0rc1,requirements_txt,1
pypi,gpg,===1.16.0-unknown,requirements_txt,1
pypi,gpustat,==0.6,requirements_txt,1
pypi,gpustat,==1.1.1,requirements_txt,1
pypi,gpxpy,==1.6.2,requirements_txt,1
pypi,gpytorch,==1.13,requirements_txt,1
pypi,gradio,==3.23.0,requirements_txt,1
pypi,graphviz,==0.20.1,requirements_txt,2
pypi,graphviz,==0.21,requirements_txt,1
pypi,graphviz,==0.20.3,requirements_txt,1
pypi,graphviz,==0.20,requirements_txt,1
pypi,greek-stemmer,==0.1.1,requirements_txt,1
pypi,greenlet,==0.4.15,requirements_txt,1
pypi,greenlet,==3.0.3,requirements_txt,1
pypi,greenlet,==1.1.0,requirements_txt,1
pypi,greenlet,==2.0.1,requirements_txt,1
pypi,grf,>=2.3.0,requirements_txt,1
pypi,grpcio,==1.48.2,requirements_txt,1
pypi,grpcio,==1.32.0,requirements_txt,1
pypi,grpcio,==1.50.0,requirements_txt,1
pypi,grpcio,==1.59.3,requirements_txt,1
pypi,grpcio-health-checking,==1.59.3,requirements_txt,1
pypi,gtools,>=1.10.1,requirements_txt,1
pypi,gurobipy,==11.0.3,requirements_txt,1
pypi,h11,==0.14.0,requirements_txt,8
pypi,h11,==0.16.0,requirements_txt,5
pypi,h2,==4.1.0,requirements_txt,3
pypi,h2o,~=3.30.0.4,requirements_txt,1
pypi,h3,==3.7.6,requirements_txt,1
pypi,h5py,==2.10.0,requirements_txt,3
pypi,h5py,==3.6.0,requirements_txt,1
pypi,h5py,==2.9.0,requirements_txt,1
pypi,h5py,==3.7.0,requirements_txt,1
pypi,haven,>=2.5.1,requirements_txt,1
pypi,hdbscan,==0.8.40,requirements_txt,2
pypi,hdbscan,==0.8.31,requirements_txt,2
pypi,hf-xet,==1.5.0,requirements_txt,1
pypi,hf-xet,==1.1.5,requirements_txt,1
pypi,hidpidaemon,==18.4.6,requirements_txt,1
pypi,hpack,==4.0.0,requirements_txt,3
pypi,html2text,==2020.1.16,requirements_txt,1
pypi,html5lib,==1.0.1,requirements_txt,1
pypi,html5lib,==1.1,requirements_txt,1
pypi,httpcore,==1.0.9,requirements_txt,4
pypi,httpcore,==1.0.2,requirements_txt,2
pypi,httpcore,==1.0.5,requirements_txt,2
pypi,httpcore,==1.0.7,requirements_txt,1
pypi,httpcore,==0.16.3,requirements_txt,1
pypi,httpcore,==1.0.6,requirements_txt,1
pypi,httplib2,==0.20.2,requirements_txt,1
pypi,httplib2,==0.9.1,requirements_txt,1
pypi,httplib2,==0.22.0,requirements_txt,1
pypi,httpx,==0.28.1,requirements_txt,5
pypi,httpx,==0.26.0,requirements_txt,2
pypi,httpx,==0.27.2,requirements_txt,2
pypi,httpx,==0.23.3,requirements_txt,1
pypi,httpx,==0.27.0,requirements_txt,1
pypi,huggingface-hub,==0.30.2,requirements_txt,2
pypi,huggingface-hub,==0.26.1,requirements_txt,1
pypi,huggingface-hub,==0.33.4,requirements_txt,1
pypi,huggingface-hub,==0.13.3,requirements_txt,1
pypi,huggingface-hub,==0.25.1,requirements_txt,1
pypi,huggingface_hub,==1.16.4,requirements_txt,1
pypi,huggingface_hub,>=0.16.0,requirements_txt,1
pypi,huggingface_hub,==0.14.1,requirements_txt,1
pypi,humanfriendly,==10.0,requirements_txt,1
pypi,hydra-core,>=1.1.0.dev5,requirements_txt,1
pypi,hydra-core,==1.3.2,requirements_txt,1
pypi,hyperframe,==6.0.1,requirements_txt,3
pypi,hyperopt,==0.2.7,requirements_txt,1
pypi,hypothesis,==6.141.1,requirements_txt,1
pypi,idna,==3.10,requirements_txt,6
pypi,idna,==3.6,requirements_txt,4
pypi,idna,==2.8,requirements_txt,2
pypi,idna,==3.7,requirements_txt,2
pypi,idna,==2.9,requirements_txt,2
pypi,idna,==3.3,requirements_txt,1
pypi,idna,==3.16,requirements_txt,1
pypi,idna,==3.14,requirements_txt,1
pypi,idna,==2.10,requirements_txt,1
pypi,idna,==2.7,requirements_txt,1
pypi,idna,==3.4,requirements_txt,1
pypi,idna,==3.13,requirements_txt,1
pypi,idna-ssl,==1.1.0,requirements_txt,1
pypi,imageio,==2.5.0,requirements_txt,1
pypi,imageio,==2.8.0,requirements_txt,1
pypi,imagesize,==1.1.0,requirements_txt,1
pypi,imbalanced-learn,==0.6.2,requirements_txt,1
pypi,imgkit,==1.2.3,requirements_txt,1
pypi,immutables,==0.19,requirements_txt,1
pypi,importlib,==1.0.4,requirements_txt,1
pypi,importlib-metadata,==7.0.1,requirements_txt,2
pypi,importlib-metadata,==4.6.4,requirements_txt,1
pypi,importlib-metadata,==1.5.0,requirements_txt,1
pypi,importlib-metadata,==4.8.3,requirements_txt,1
pypi,importlib-metadata,==1.7.0,requirements_txt,1
pypi,importlib-metadata,==6.6.0,requirements_txt,1
pypi,importlib-resources,==5.12.0,requirements_txt,1
pypi,importlib-resources,==6.1.1,requirements_txt,1
pypi,importlib-resources,==7.1.0,requirements_txt,1
pypi,importlib-resources,==5.10.0,requirements_txt,1
pypi,importlib-resources,==5.4.0,requirements_txt,1
pypi,importlib_metadata,==8.7.1,requirements_txt,1
pypi,importlib_metadata,==8.6.1,requirements_txt,1
pypi,importlib_metadata,==8.4.0,requirements_txt,1
pypi,importlib_resources,==6.4.0,requirements_txt,1
pypi,importlib_resources,==6.5.2,requirements_txt,1
pypi,importlib_resources,==6.4.4,requirements_txt,1
pypi,inflection,==0.5.1,requirements_txt,1
pypi,iniconfig,==2.0.0,requirements_txt,1
pypi,instructor,==1.0.0,requirements_txt,1
pypi,interface-meta,==1.3.0,requirements_txt,2
pypi,intervaltree,==3.1.0,requirements_txt,1
pypi,ipaddress,==1.0.22,requirements_txt,1
pypi,ipykernel,==6.29.5,requirements_txt,4
pypi,ipykernel,==6.29.2,requirements_txt,2
pypi,ipykernel,==4.10.0,requirements_txt,2
pypi,ipykernel,==5.1.4,requirements_txt,2
pypi,ipykernel,==6.28.0,requirements_txt,1
pypi,ipykernel,==5.3.4,requirements_txt,1
pypi,ipykernel,==6.19.2,requirements_txt,1
pypi,ipykernel,==5.5.6,requirements_txt,1
pypi,ipykernel,==6.17.1,requirements_txt,1
pypi,ipykernel,==6.31.0,requirements_txt,1
pypi,ipykernel,==7.2.0,requirements_txt,1
pypi,ipykernel,==6.16.2,requirements_txt,1
pypi,ipynb,==0.5.1,requirements_txt,1
pypi,ipynb-py-convert,==0.4.5,requirements_txt,1
pypi,ipyparallel,==6.2.4,requirements_txt,1
pypi,ipython,==8.21.0,requirements_txt,2
pypi,ipython,==5.8.0,requirements_txt,2
pypi,ipython,==7.16.3,requirements_txt,1
pypi,ipython,==9.2.0,requirements_txt,1
pypi,ipython,==9.10.0,requirements_txt,1
pypi,ipython,==9.13.0,requirements_txt,1
pypi,ipython,>=8.18.1,requirements_txt,1
pypi,ipython,==7.13.0,requirements_txt,1
pypi,ipython,==7.16.1,requirements_txt,1
pypi,ipython,==7.34.0,requirements_txt,1
pypi,ipython,==8.7.0,requirements_txt,1
pypi,ipython,==8.18.1,requirements_txt,1
pypi,ipython,==9.1.0,requirements_txt,1
pypi,ipython,==8.26.0,requirements_txt,1
pypi,ipython,==8.12.3,requirements_txt,1
pypi,ipython,==7.5.0,requirements_txt,1
pypi,ipython-genutils,==0.2.0,requirements_txt,7
pypi,ipython-pygments-lexers,==1.1.1,requirements_txt,1
pypi,ipython_genutils,==0.2.0,requirements_txt,1
pypi,ipython_pygments_lexers,==1.1.1,requirements_txt,3
pypi,ipywidgets,==7.4.2,requirements_txt,2
pypi,ipywidgets,==7.5.1,requirements_txt,2
pypi,ipywidgets,==8.1.7,requirements_txt,2
pypi,ipywidgets,==7.7.4,requirements_txt,1
pypi,ipywidgets,==8.1.8,requirements_txt,1
pypi,ipywidgets,==7.7.1,requirements_txt,1
pypi,ipywidgets,==7.6.3,requirements_txt,1
pypi,ipywidgets,>=7.5.1,requirements_txt,1
pypi,ipywidgets,==8.0.3,requirements_txt,1
pypi,iqual,==0.1.3,requirements_txt,1
pypi,isodate,==0.6.0,requirements_txt,1
pypi,isoduration,==20.11.0,requirements_txt,6
pypi,isort,==4.3.21,requirements_txt,1
pypi,itsdangerous,==2.1.2,requirements_txt,1
pypi,itsdangerous,==1.1.0,requirements_txt,1
pypi,ivreg2,>=4.1.11,requirements_txt,1
pypi,jaraco.classes,==3.4.0,requirements_txt,1
pypi,jaraco.context,==6.0.1,requirements_txt,1
pypi,jaraco.functools,==4.0.2,requirements_txt,1
pypi,jax,"<0.4.18,>=0.4.14",requirements_txt,1
pypi,jax,==0.4.20,requirements_txt,1
pypi,jaxlib,"<0.4.18,>=0.4.14",requirements_txt,1
pypi,jaxlib,==0.4.20,requirements_txt,1
pypi,jaxtyping,==0.2.19,requirements_txt,1
pypi,jdcal,==1.4.1,requirements_txt,4
pypi,jedi,==0.19.2,requirements_txt,4
pypi,jedi,==0.19.1,requirements_txt,3
pypi,jedi,==0.18.2,requirements_txt,2
pypi,jedi,==0.17.2,requirements_txt,2
pypi,jedi,==0.16.0,requirements_txt,1
pypi,jedi,==0.20.0,requirements_txt,1
pypi,jedi,==0.13.3,requirements_txt,1
pypi,jeepney,==0.8.0,requirements_txt,1
pypi,jeepney,==0.7.1,requirements_txt,1
pypi,jeepney,==0.4,requirements_txt,1
pypi,jellyfish,==1.0.1,requirements_txt,1
pypi,jill,==0.11.3,requirements_txt,1
pypi,jinja2,==3.1.6,requirements_txt,3
pypi,jinja2,==3.1.5,requirements_txt,1
pypi,jinja2,==3.1.3,requirements_txt,1
pypi,jiter,==0.9.0,requirements_txt,1
pypi,jiter,==0.7.1,requirements_txt,1
pypi,jmespath,==0.9.4,requirements_txt,1
pypi,jmespath,==1.0.1,requirements_txt,1
pypi,joblib,==1.2.0,requirements_txt,4
pypi,joblib,==1.4.2,requirements_txt,3
pypi,joblib,==1.5.3,requirements_txt,3
pypi,joblib,==1.3.2,requirements_txt,2
pypi,joblib,==0.14.1,requirements_txt,1
pypi,joblib,==1.5.1,requirements_txt,1
pypi,joblib,==1.5.2,requirements_txt,1
pypi,joblib,>=1.2.0,requirements_txt,1
pypi,joblib,==0.13.2,requirements_txt,1
pypi,joblib,==1.1.1,requirements_txt,1
pypi,joblib,==1.1.0,requirements_txt,1
pypi,joblib,>=1.2,requirements_txt,1
pypi,joblib,==1.3.0,requirements_txt,1
pypi,json5,==0.14.0,requirements_txt,1
pypi,json5,==0.8.4,requirements_txt,1
pypi,json5,==0.9.25,requirements_txt,1
pypi,json5,==0.12.1,requirements_txt,1
pypi,json5,==0.9.16,requirements_txt,1
pypi,json5,==0.9.14,requirements_txt,1
pypi,jsonargparse,==4.48.0,requirements_txt,1
pypi,jsonfield,==3.1.0,requirements_txt,1
pypi,jsonlines,~=4.0.0,requirements_txt,1
pypi,jsonlines,==4.0.0,requirements_txt,1
pypi,jsonlines,==3.1.0,requirements_txt,1
pypi,jsonnet,==0.22.0,requirements_txt,1
pypi,jsonpatch,==1.33,requirements_txt,1
pypi,jsonpointer,==2.1,requirements_txt,3
pypi,jsonpointer,==3.0.0,requirements_txt,2
pypi,jsonpointer,==2.4,requirements_txt,1
pypi,jsonpointer,==2.3,requirements_txt,1
pypi,jsonschema,==3.2.0,requirements_txt,3
pypi,jsonschema,==4.23.0,requirements_txt,3
pypi,jsonschema,==4.17.3,requirements_txt,2
pypi,jsonschema,==2.6.0,requirements_txt,2
pypi,jsonschema,==4.25.1,requirements_txt,1
pypi,jsonschema,==4.21.1,requirements_txt,1
pypi,jsonschema,==4.26.0,requirements_txt,1
pypi,jsonschema-specifications,==2025.9.1,requirements_txt,2
pypi,jsonschema-specifications,==2023.12.1,requirements_txt,2
pypi,jsonschema-specifications,==2024.10.1,requirements_txt,1
pypi,jsonschema-specifications,==2025.4.1,requirements_txt,1
pypi,jupyter,==1.0.0,requirements_txt,8
pypi,jupyter,==1.1.1,requirements_txt,2
pypi,jupyter,>=1.1.1,requirements_txt,1
pypi,jupyter-cache,==0.5.0,requirements_txt,1
pypi,jupyter-client,==6.1.2,requirements_txt,2
pypi,jupyter-client,==8.8.0,requirements_txt,1
pypi,jupyter-client,>=6.1.5,requirements_txt,1
pypi,jupyter-client,==5.2.4,requirements_txt,1
pypi,jupyter-client,==6.1.6,requirements_txt,1
pypi,jupyter-client,==5.2.3,requirements_txt,1
pypi,jupyter-client,==7.1.2,requirements_txt,1
pypi,jupyter-console,==5.2.0,requirements_txt,2
pypi,jupyter-console,==6.6.3,requirements_txt,2
pypi,jupyter-console,==6.0.0,requirements_txt,1
pypi,jupyter-console,==6.4.4,requirements_txt,1
pypi,jupyter-console,==6.1.0,requirements_txt,1
pypi,jupyter-contrib-core,==0.3.3,requirements_txt,2
pypi,jupyter-contrib-core,==0.4.2,requirements_txt,1
pypi,jupyter-contrib-nbextensions,==0.5.0,requirements_txt,1
pypi,jupyter-contrib-nbextensions,==0.7.0,requirements_txt,1
pypi,jupyter-contrib-nbextensions,==0.5.1,requirements_txt,1
pypi,jupyter-core,==4.6.3,requirements_txt,3
pypi,jupyter-core,==4.4.0,requirements_txt,2
pypi,jupyter-core,==5.9.1,requirements_txt,1
pypi,jupyter-core,>=4.6.3,requirements_txt,1
pypi,jupyter-core,==4.9.2,requirements_txt,1
pypi,jupyter-events,==0.10.0,requirements_txt,1
pypi,jupyter-events,==0.12.1,requirements_txt,1
pypi,jupyter-events,==0.12.0,requirements_txt,1
pypi,jupyter-events,==0.9.0,requirements_txt,1
pypi,jupyter-events,==0.5.0,requirements_txt,1
pypi,jupyter-highlight-selected-word,==0.2.0,requirements_txt,3
pypi,jupyter-latex-envs,==1.4.6,requirements_txt,2
pypi,jupyter-lsp,==2.2.2,requirements_txt,1
pypi,jupyter-lsp,==2.3.0,requirements_txt,1
pypi,jupyter-lsp,==2.2.5,requirements_txt,1
pypi,jupyter-lsp,==2.3.1,requirements_txt,1
pypi,jupyter-nbextensions-configurator,==0.4.0,requirements_txt,1
pypi,jupyter-nbextensions-configurator,==0.4.1,requirements_txt,1
pypi,jupyter-nbextensions-configurator,==0.6.3,requirements_txt,1
pypi,jupyter-server,==1.13.1,requirements_txt,1
pypi,jupyter-server,==1.24.0,requirements_txt,1
pypi,jupyter-server-mathjax,==0.2.6,requirements_txt,2
pypi,jupyter-server-mathjax,==0.2.3,requirements_txt,1
pypi,jupyter-server-proxy,==1.3.2,requirements_txt,1
pypi,jupyter-ydoc,==2.1.1,requirements_txt,1
pypi,jupyter_client,==8.6.3,requirements_txt,2
pypi,jupyter_client,==8.6.0,requirements_txt,2
pypi,jupyter_client,==7.4.8,requirements_txt,1
pypi,jupyter_client,==8.6.1,requirements_txt,1
pypi,jupyter_client,==7.4.9,requirements_txt,1
pypi,jupyter_client,==8.6.2,requirements_txt,1
pypi,jupyter_collaboration,==2.1.2,requirements_txt,1
pypi,jupyter_contrib_nbextensions,==0.5.1,requirements_txt,1
pypi,jupyter_core,==5.7.2,requirements_txt,2
pypi,jupyter_core,==5.7.1,requirements_txt,2
pypi,jupyter_core,==5.5.0,requirements_txt,1
pypi,jupyter_core,==4.12.0,requirements_txt,1
pypi,jupyter_core,==5.8.1,requirements_txt,1
pypi,jupyter_core,==5.1.0,requirements_txt,1
pypi,jupyter_server,==2.17.0,requirements_txt,1
pypi,jupyter_server,==2.12.5,requirements_txt,1
pypi,jupyter_server,==2.14.2,requirements_txt,1
pypi,jupyter_server,==2.18.2,requirements_txt,1
pypi,jupyter_server,==2.0.1,requirements_txt,1
pypi,jupyter_server_fileid,==0.9.2,requirements_txt,1
pypi,jupyter_server_terminals,==0.5.3,requirements_txt,2
pypi,jupyter_server_terminals,==0.5.4,requirements_txt,1
pypi,jupyter_server_terminals,==0.5.2,requirements_txt,1
pypi,jupyter_server_terminals,==0.4.2,requirements_txt,1
pypi,jupyterlab,==4.2.5,requirements_txt,2
pypi,jupyterlab,==4.0.3,requirements_txt,1
pypi,jupyterlab,==1.2.6,requirements_txt,1
pypi,jupyterlab,==4.5.7,requirements_txt,1
pypi,jupyterlab,==4.1.0,requirements_txt,1
pypi,jupyterlab,==3.4.3,requirements_txt,1
pypi,jupyterlab,==4.4.7,requirements_txt,1
pypi,jupyterlab,==3.2.5,requirements_txt,1
pypi,jupyterlab-code-formatter,==1.6.1,requirements_txt,1
pypi,jupyterlab-pygments,==0.2.2,requirements_txt,2
pypi,jupyterlab-pygments,==0.1.2,requirements_txt,1
pypi,jupyterlab-server,==1.0.0,requirements_txt,1
pypi,jupyterlab-server,==2.10.3,requirements_txt,1
pypi,jupyterlab-widgets,==3.0.10,requirements_txt,1
pypi,jupyterlab-widgets,==1.1.3,requirements_txt,1
pypi,jupyterlab-widgets,==3.0.4,requirements_txt,1
pypi,jupyterlab_git,==0.50.1,requirements_txt,1
pypi,jupyterlab_pygments,==0.3.0,requirements_txt,4
pypi,jupyterlab_server,==2.27.3,requirements_txt,2
pypi,jupyterlab_server,==2.28.0,requirements_txt,1
pypi,jupyterlab_server,==2.25.2,requirements_txt,1
pypi,jupyterlab_widgets,==3.0.15,requirements_txt,1
pypi,jupyterlab_widgets,==3.0.16,requirements_txt,1
pypi,kableExtra,>=1.3.4,requirements_txt,1
pypi,kaleido,==0.2.1,requirements_txt,3
pypi,kaleido,>=0.2.1,requirements_txt,1
pypi,keras,==2.8.0,requirements_txt,1
pypi,keras,==2.10.0,requirements_txt,1
pypi,kernelstub,==3.1.4,requirements_txt,1
pypi,keyring,==18.0.0,requirements_txt,1
pypi,keyring,==25.3.0,requirements_txt,1
pypi,keyring,==23.5.0,requirements_txt,1
pypi,keyring,~=21.2.1,requirements_txt,1
pypi,keyrings.alt,==4.1.0,requirements_txt,1
pypi,kiwisolver,==1.4.5,requirements_txt,4
pypi,kiwisolver,==1.1.0,requirements_txt,2
pypi,kiwisolver,==1.0.1,requirements_txt,2
pypi,kiwisolver,==1.4.4,requirements_txt,2
pypi,kiwisolver,==1.4.8,requirements_txt,2
pypi,kiwisolver,==1.4.7,requirements_txt,1
pypi,kiwisolver,==1.4.9,requirements_txt,1
pypi,kiwisolver,==1.5.0,requirements_txt,1
pypi,kiwisolver,==1.2.0,requirements_txt,1
pypi,kiwisolver,~=1.4.5,requirements_txt,1
pypi,kiwisolver,==1.3.1,requirements_txt,1
pypi,korean-lunar-calendar,==0.3.1,requirements_txt,2
pypi,kountry,>=2.1.6,requirements_txt,1
pypi,langcodes,==3.3.0,requirements_txt,1
pypi,langid,==1.1.6,requirements_txt,1
pypi,language-selector,==0.1,requirements_txt,1
pypi,lark,==1.3.1,requirements_txt,1
pypi,launchpadlib,==1.10.16,requirements_txt,1
pypi,lazr.restfulclient,==0.14.4,requirements_txt,1
pypi,lazr.uri,==1.0.6,requirements_txt,1
pypi,lazy-object-proxy,==1.4.1,requirements_txt,1
pypi,lazy_property,==0.0.1,requirements_txt,1
pypi,libarchive-c,==2.8,requirements_txt,1
pypi,libclang,==14.0.6,requirements_txt,1
pypi,lief,==0.9.0,requirements_txt,1
pypi,lifelines,==0.28.0,requirements_txt,1
pypi,lifelines,==0.30.0,requirements_txt,1
pypi,lightgbm,==4.3.0,requirements_txt,2
pypi,line-profiler,==2.1.1,requirements_txt,1
pypi,linear-operator,==0.5.3,requirements_txt,1
pypi,linearmodels,==5.4,requirements_txt,2
pypi,linearmodels,==6.0,requirements_txt,1
pypi,linearmodels,==4.27,requirements_txt,1
pypi,linearmodels,==6.1,requirements_txt,1
pypi,linearmodels,>=5.1,requirements_txt,1
pypi,lingpy,==2.6.6,requirements_txt,1
pypi,linkify-it-py,==2.0.0,requirements_txt,1
pypi,lintrunner,==0.13.0,requirements_txt,1
pypi,lit,==16.0.0,requirements_txt,1
pypi,llvmlite,==0.42.0,requirements_txt,2
pypi,llvmlite,==0.29.0,requirements_txt,1
pypi,llvmlite,==0.44.0,requirements_txt,1
pypi,llvmlite,==0.36.0,requirements_txt,1
pypi,lmdb,==1.4.1,requirements_txt,1
pypi,locket,==1.0.0,requirements_txt,3
pypi,locket,==0.2.0,requirements_txt,1
pypi,loralib,==0.1.1,requirements_txt,1
pypi,louis,==3.20.0,requirements_txt,1
pypi,lxml,==5.2.1,requirements_txt,3
pypi,lxml,==4.6.3,requirements_txt,1
pypi,lxml,==5.3.0,requirements_txt,1
pypi,lxml,==4.5.2,requirements_txt,1
pypi,lxml,==4.2.1,requirements_txt,1
pypi,lxml,==3.6.0,requirements_txt,1
pypi,lxml,==6.0.2,requirements_txt,1
pypi,lxml,==4.9.2,requirements_txt,1
pypi,lxml,==4.2.5,requirements_txt,1
pypi,lxml,==4.9.3,requirements_txt,1
pypi,lz4,==4.3.2,requirements_txt,1
pypi,macaroonbakery,==1.3.1,requirements_txt,1
pypi,mapclassify,==2.6.1,requirements_txt,1
pypi,mapclassify,>=2.4.0,requirements_txt,1
pypi,markdown-it-py,==4.2.0,requirements_txt,1
pypi,markdown-it-py,==2.2.0,requirements_txt,1
pypi,markdown-it-py,==3.0.0,requirements_txt,1
pypi,markupsafe,==3.0.3,requirements_txt,1
pypi,matplotlib,==3.10.0,requirements_txt,6
pypi,matplotlib,==3.10.8,requirements_txt,4
pypi,matplotlib,==3.7.2,requirements_txt,4
pypi,matplotlib,==3.7.5,requirements_txt,4
pypi,matplotlib,==3.6.3,requirements_txt,3
pypi,matplotlib,==3.5.3,requirements_txt,3
pypi,matplotlib,==3.9.4,requirements_txt,3
pypi,matplotlib,==3.9.1,requirements_txt,3
pypi,matplotlib,==3.6.2,requirements_txt,3
pypi,matplotlib,==3.8.0,requirements_txt,2
pypi,matplotlib,==2.2.3,requirements_txt,2
pypi,matplotlib,==3.1.3,requirements_txt,2
pypi,matplotlib,==3.7.1,requirements_txt,2
pypi,matplotlib,>=3.7,requirements_txt,2
pypi,matplotlib,==3.0.3,requirements_txt,2
pypi,matplotlib,==3.10.9,requirements_txt,2
pypi,matplotlib,==3.8.4,requirements_txt,2
pypi,matplotlib,==3.4.2,requirements_txt,2
pypi,matplotlib,==3.10.5,requirements_txt,2
pypi,matplotlib,==3.8.2,requirements_txt,1
pypi,matplotlib,==3.10.1,requirements_txt,1
pypi,matplotlib,>=2.2.2,requirements_txt,1
pypi,matplotlib,>=3.5.1,requirements_txt,1
pypi,matplotlib,==3.8.1,requirements_txt,1
pypi,matplotlib,>=3.5,requirements_txt,1
pypi,matplotlib,>=3.7.1,requirements_txt,1
pypi,matplotlib,==2.0.2,requirements_txt,1
pypi,matplotlib,>=3.9.2,requirements_txt,1
pypi,matplotlib,>=3.10.0,requirements_txt,1
pypi,matplotlib,==3.8.3,requirements_txt,1
pypi,matplotlib,==3.7,requirements_txt,1
pypi,matplotlib,==3.9.2,requirements_txt,1
pypi,matplotlib,==3.4.0,requirements_txt,1
pypi,matplotlib,>=3.2.1,requirements_txt,1
pypi,matplotlib,>=3.2.2,requirements_txt,1
pypi,matplotlib,==3.10.6,requirements_txt,1
pypi,matplotlib,>=2.0.0,requirements_txt,1
pypi,matplotlib,==3.1.0,requirements_txt,1
pypi,matplotlib,~=3.7.2,requirements_txt,1
pypi,matplotlib,~=3.2.2,requirements_txt,1
pypi,matplotlib,>=3.8.2,requirements_txt,1
pypi,matplotlib,>=3.6,requirements_txt,1
pypi,matplotlib,==3.3.3,requirements_txt,1
pypi,matplotlib,>=3.8,requirements_txt,1
pypi,matplotlib,==3.3.4,requirements_txt,1
pypi,matplotlib,==3.5.0,requirements_txt,1
pypi,matplotlib,==3.7.4,requirements_txt,1
pypi,matplotlib,>=3.5.0,requirements_txt,1
pypi,matplotlib,==3.10,requirements_txt,1
pypi,matplotlib,==3.2.1,requirements_txt,1
pypi,matplotlib,==3.5.2,requirements_txt,1
pypi,matplotlib-inline,==0.1.6,requirements_txt,6
pypi,matplotlib-inline,==0.1.7,requirements_txt,5
pypi,matplotlib-inline,==0.2.2,requirements_txt,2
pypi,matplotlib-inline,==0.2.1,requirements_txt,1
pypi,mccabe,==0.6.1,requirements_txt,1
pypi,mdesc,>=2.1,requirements_txt,1
pypi,mdit-py-plugins,==0.3.3,requirements_txt,1
pypi,mdurl,==0.1.2,requirements_txt,4
pypi,menuinst,==2.1.2,requirements_txt,1
pypi,mipolate,>=1.2.0,requirements_txt,1
pypi,mistune,==0.8.4,requirements_txt,4
pypi,mistune,==3.0.2,requirements_txt,2
pypi,mistune,==2.0.5,requirements_txt,1
pypi,mistune,==3.2.1,requirements_txt,1
pypi,mistune,==2.0.4,requirements_txt,1
pypi,mistune,==3.1.4,requirements_txt,1
pypi,mizani,==0.6.0,requirements_txt,1
pypi,mizani,==0.13.1,requirements_txt,1
pypi,mizani,==0.13.3,requirements_txt,1
pypi,mkl-fft,==1.0.12,requirements_txt,1
pypi,mkl-fft,==1.0.15,requirements_txt,1
pypi,mkl-random,==1.1.0,requirements_txt,1
pypi,mkl-random,==1.0.2,requirements_txt,1
pypi,mkl-service,==2.4.0,requirements_txt,1
pypi,mkl-service,==2.0.2,requirements_txt,1
pypi,mkl-service,==2.3.0,requirements_txt,1
pypi,mmerge,>=2.5.0,requirements_txt,1
pypi,mock,==3.0.5,requirements_txt,1
pypi,mockredispy,==2.9.3,requirements_txt,1
pypi,modelsummary,>=1.3.0,requirements_txt,1
pypi,modin,==0.26.0,requirements_txt,1
pypi,modin-spreadsheet,==0.1.2,requirements_txt,1
pypi,module-inspector,==0.2.0,requirements_txt,1
pypi,more-itertools,==8.10.0,requirements_txt,1
pypi,more-itertools,==7.0.0,requirements_txt,1
pypi,more-itertools,==10.4.0,requirements_txt,1
pypi,more-itertools,==8.2.0,requirements_txt,1
pypi,mpi4py,==2.0.0,requirements_txt,1
pypi,mpi4py,==4.1.2,requirements_txt,1
pypi,mpmath,==1.3.0,requirements_txt,7
pypi,mpmath,==1.1.0,requirements_txt,2
pypi,mpmath,~=1.3.0,requirements_txt,1
pypi,mpmath,==1.2.1,requirements_txt,1
pypi,mrio_toolbox,==1.2.5,requirements_txt,1
pypi,msgpack,==0.5.6,requirements_txt,1
pypi,msgpack,==1.0.0,requirements_txt,1
pypi,msgpack,==1.0.3,requirements_txt,1
pypi,msgpack,==1.0.5,requirements_txt,1
pypi,msgpack-numpy,==0.4.3.2,requirements_txt,1
pypi,multidict,==6.0.4,requirements_txt,2
pypi,multidict,==4.7.5,requirements_txt,1
pypi,multipledispatch,==0.6.0,requirements_txt,2
pypi,multiprocess,==0.70.14,requirements_txt,2
pypi,multiprocess,==0.70.16,requirements_txt,1
pypi,multiprocess,==0.70.15,requirements_txt,1
pypi,multitasking,==0.0.11,requirements_txt,1
pypi,munch,==2.2.0,requirements_txt,1
pypi,munkres,==1.1.4,requirements_txt,3
pypi,murmurhash,==1.0.9,requirements_txt,2
pypi,murmurhash,==1.0.2,requirements_txt,1
pypi,mypy-extensions,==1.0.0,requirements_txt,1
pypi,nameparser,==1.1.3,requirements_txt,1
pypi,narwhals,==1.26.0,requirements_txt,1
pypi,narwhals,==1.36.0,requirements_txt,1
pypi,natsort,==8.4.0,requirements_txt,1
pypi,nbclassic,==1.0.0,requirements_txt,1
pypi,nbclassic,==0.4.8,requirements_txt,1
pypi,nbclassic,==0.3.5,requirements_txt,1
pypi,nbclient,==0.10.2,requirements_txt,2
pypi,nbclient,==0.10.0,requirements_txt,1
pypi,nbclient,==0.5.13,requirements_txt,1
pypi,nbclient,==0.8.0,requirements_txt,1
pypi,nbclient,==0.5.9,requirements_txt,1
pypi,nbclient,==0.7.4,requirements_txt,1
pypi,nbconvert,==7.16.6,requirements_txt,2
pypi,nbconvert,==5.4.0,requirements_txt,2
pypi,nbconvert,==5.6.1,requirements_txt,2
pypi,nbconvert,==6.0.7,requirements_txt,1
pypi,nbconvert,==7.4.0,requirements_txt,1
pypi,nbconvert,==7.17.1,requirements_txt,1
pypi,nbconvert,==7.16.0,requirements_txt,1
pypi,nbconvert,==7.2.6,requirements_txt,1
pypi,nbconvert,==7.16.4,requirements_txt,1
pypi,nbdev,==2.3.12,requirements_txt,1
pypi,nbdime,==4.0.1,requirements_txt,2
pypi,nbdime,==4.0.2,requirements_txt,1
pypi,nbformat,==5.10.4,requirements_txt,4
pypi,nbformat,==4.4.0,requirements_txt,2
pypi,nbformat,==5.1.2,requirements_txt,1
pypi,nbformat,==5.9.2,requirements_txt,1
pypi,nbformat,==5.1.3,requirements_txt,1
pypi,nbformat,==5.0.7,requirements_txt,1
pypi,nbformat,==5.8.0,requirements_txt,1
pypi,nbformat,==5.7.0,requirements_txt,1
pypi,nbformat,==4.2.0,requirements_txt,1
pypi,nest-asyncio,==1.6.0,requirements_txt,4
pypi,nest-asyncio,==1.5.6,requirements_txt,3
pypi,nest_asyncio,==1.6.0,requirements_txt,2
pypi,netCDF4,==1.7.2,requirements_txt,1
pypi,netaddr,==0.8.0,requirements_txt,1
pypi,netcdf4,>=1.5.0,requirements_txt,1
pypi,netifaces,==0.11.0,requirements_txt,1
pypi,networkx,==3.2.1,requirements_txt,2
pypi,networkx,==3.6.1,requirements_txt,2
pypi,networkx,==1.11,requirements_txt,1
pypi,networkx,==3.5,requirements_txt,1
pypi,networkx,==2.8.8,requirements_txt,1
pypi,networkx,==3.4.2,requirements_txt,1
pypi,networkx,==2.3,requirements_txt,1
pypi,networkx,==3.1,requirements_txt,1
pypi,networkx,==3.3,requirements_txt,1
pypi,networkx,==2.4,requirements_txt,1
pypi,networkx,"<3.0.0,>=2.8.4",requirements_txt,1
pypi,networkx,==2.1,requirements_txt,1
pypi,nh3,==0.2.14,requirements_txt,1
pypi,ninja,==1.13.0,requirements_txt,1
pypi,nltk,==3.8.1,requirements_txt,4
pypi,nltk,==3.7,requirements_txt,2
pypi,nltk,==3.2.4,requirements_txt,1
pypi,nltk,==3.6.7,requirements_txt,1
pypi,nltk,==3.9.1,requirements_txt,1
pypi,nltk,==3.4.5,requirements_txt,1
pypi,nltk,==3.3,requirements_txt,1
pypi,nltk,>=3.8.0,requirements_txt,1
pypi,nltk,==3.4.4,requirements_txt,1
pypi,nltk,>=3.2.4,requirements_txt,1
pypi,nltk,~=3.5,requirements_txt,1
pypi,nltk,>=3.8,requirements_txt,1
pypi,nose,==1.3.7,requirements_txt,1
pypi,notebook,==6.0.3,requirements_txt,2
pypi,notebook,==5.7.4,requirements_txt,1
pypi,notebook,==6.4.10,requirements_txt,1
pypi,notebook,==6.5.2,requirements_txt,1
pypi,notebook,==5.7.0,requirements_txt,1
pypi,notebook,==7.5.6,requirements_txt,1
pypi,notebook,==6.5.4,requirements_txt,1
pypi,notebook,==7.4.5,requirements_txt,1
pypi,notebook_shim,==0.2.4,requirements_txt,3
pypi,notebook_shim,==0.2.3,requirements_txt,2
pypi,notebook_shim,==0.2.2,requirements_txt,1
pypi,num2words,==0.5.14,requirements_txt,1
pypi,numba,==0.61.2,requirements_txt,2
pypi,numba,==0.57.1,requirements_txt,2
pypi,numba,==0.45.0,requirements_txt,1
pypi,numba,>=0.60.0,requirements_txt,1
pypi,numba,==0.53.1,requirements_txt,1
pypi,numba,==0.59.1,requirements_txt,1
pypi,numba,>=0.50,requirements_txt,1
pypi,numba,==0.61.0,requirements_txt,1
pypi,numba,==0.59.0,requirements_txt,1
pypi,numba,==0.58.1,requirements_txt,1
pypi,numba,==0.56.4,requirements_txt,1
pypi,numba,>=0.56.4,requirements_txt,1
pypi,numba,==0.62.1,requirements_txt,1
pypi,numexpr,==2.6.9,requirements_txt,1
pypi,numexpr,==2.10.1,requirements_txt,1
pypi,numexpr,==2.8.4,requirements_txt,1
pypi,numexpr,==2.8.7,requirements_txt,1
pypi,numexpr,==2.8.1,requirements_txt,1
pypi,numpy,==1.26.4,requirements_txt,13
pypi,numpy,==1.20.3,requirements_txt,4
pypi,numpy,==1.24.4,requirements_txt,4
pypi,numpy,==1.24.3,requirements_txt,4
pypi,numpy,==2.1.3,requirements_txt,4
pypi,numpy,==1.23.5,requirements_txt,3
pypi,numpy,==2.0.2,requirements_txt,3
pypi,numpy,==1.26.2,requirements_txt,3
pypi,numpy,==1.21.6,requirements_txt,3
pypi,numpy,==1.19.5,requirements_txt,2
pypi,numpy,>=1.24,requirements_txt,2
pypi,numpy,==2.4.6,requirements_txt,2
pypi,numpy,==1.22.3,requirements_txt,2
pypi,numpy,==1.24.2,requirements_txt,2
pypi,numpy,==2.3.2,requirements_txt,2
pypi,numpy,==1.21.5,requirements_txt,2
pypi,numpy,==1.18.1,requirements_txt,2
pypi,numpy,==1.15.4,requirements_txt,2
pypi,numpy,==2.3.5,requirements_txt,2
pypi,numpy,==1.23.4,requirements_txt,1
pypi,numpy,~=1.18.5,requirements_txt,1
pypi,numpy,>=1.23,requirements_txt,1
pypi,numpy,==1.25.2,requirements_txt,1
pypi,numpy,>=1.21.0,requirements_txt,1
pypi,numpy,<2,requirements_txt,1
pypi,numpy,>=1.12.0,requirements_txt,1
pypi,numpy,==1.23.1,requirements_txt,1
pypi,numpy,==1.21.0,requirements_txt,1
pypi,numpy,~=2.2.4,requirements_txt,1
pypi,numpy,==1.15.1,requirements_txt,1
pypi,numpy,==1.13.1,requirements_txt,1
pypi,numpy,==2.2.3,requirements_txt,1
pypi,numpy,>=1.17.0,requirements_txt,1
pypi,numpy,==1.16.2,requirements_txt,1
pypi,numpy,==1.25.1,requirements_txt,1
pypi,numpy,>=1.13.3,requirements_txt,1
pypi,numpy,==2.2.6,requirements_txt,1
pypi,numpy,==1.26.3,requirements_txt,1
pypi,numpy,==1.17.2,requirements_txt,1
pypi,numpy,"<2.0.0,>=1.23.5",requirements_txt,1
pypi,numpy,==1.21.2,requirements_txt,1
pypi,numpy,==1.19.2,requirements_txt,1
pypi,numpy,==1.24.0,requirements_txt,1
pypi,numpy,==1.18.5,requirements_txt,1
pypi,numpy,>=1.14,requirements_txt,1
pypi,numpy,==2.1.1,requirements_txt,1
pypi,numpy,"<2.0,>=1.23",requirements_txt,1
pypi,numpy,==2.0.0,requirements_txt,1
pypi,numpy,==2.0.1,requirements_txt,1
pypi,numpy,>=1.26.4,requirements_txt,1
pypi,numpy,==1.14.5,shell_install,1
pypi,numpy,>1.26.0,requirements_txt,1
pypi,numpy,==1.19.1,requirements_txt,1
pypi,numpy,==1.16.6,requirements_txt,1
pypi,numpy,==2.4.2,requirements_txt,1
pypi,numpy,==1.22.0,requirements_txt,1
pypi,numpy,>=1.19.0,requirements_txt,1
pypi,numpy,==1.16.4,shell_install,1
pypi,numpy,==2.4.4,requirements_txt,1
pypi,numpy,==2.1.0,requirements_txt,1
pypi,numpy,>=1.18,requirements_txt,1
pypi,numpy,==1.14.5,requirements_txt,1
pypi,numpy,==2.3.1,requirements_txt,1
pypi,numpy,==1.24.1,requirements_txt,1
pypi,numpydoc,==0.9.1,requirements_txt,1
pypi,nuvolos-odbc,==0.4.4,requirements_txt,1
pypi,nvidia-cublas-cu11,==11.10.3.66,requirements_txt,2
pypi,nvidia-cublas-cu12,==12.6.4.1,requirements_txt,1
pypi,nvidia-cublas-cu12,==12.1.3.1,requirements_txt,1
pypi,nvidia-cuda-cupti-cu11,==11.7.101,requirements_txt,1
pypi,nvidia-cuda-cupti-cu12,==12.1.105,requirements_txt,1
pypi,nvidia-cuda-cupti-cu12,==12.6.80,requirements_txt,1
pypi,nvidia-cuda-nvrtc-cu11,==11.7.99,requirements_txt,2
pypi,nvidia-cuda-nvrtc-cu12,==12.6.77,requirements_txt,1
pypi,nvidia-cuda-nvrtc-cu12,==12.1.105,requirements_txt,1
pypi,nvidia-cuda-runtime-cu11,==11.7.99,requirements_txt,2
pypi,nvidia-cuda-runtime-cu12,==12.1.105,requirements_txt,1
pypi,nvidia-cuda-runtime-cu12,==12.6.77,requirements_txt,1
pypi,nvidia-cudnn-cu11,==8.5.0.96,requirements_txt,2
pypi,nvidia-cudnn-cu12,==9.5.1.17,requirements_txt,1
pypi,nvidia-cudnn-cu12,==9.1.0.70,requirements_txt,1
pypi,nvidia-cufft-cu11,==10.9.0.58,requirements_txt,1
pypi,nvidia-cufft-cu12,==11.0.2.54,requirements_txt,1
pypi,nvidia-cufft-cu12,==11.3.0.4,requirements_txt,1
pypi,nvidia-cufile-cu12,==1.11.1.6,requirements_txt,1
pypi,nvidia-curand-cu11,==10.2.10.91,requirements_txt,1
pypi,nvidia-curand-cu12,==10.3.7.77,requirements_txt,1
pypi,nvidia-curand-cu12,==10.3.2.106,requirements_txt,1
pypi,nvidia-cusolver-cu11,==11.4.0.1,requirements_txt,1
pypi,nvidia-cusolver-cu12,==11.7.1.2,requirements_txt,1
pypi,nvidia-cusolver-cu12,==11.4.5.107,requirements_txt,1
pypi,nvidia-cusparse-cu11,==11.7.4.91,requirements_txt,1
pypi,nvidia-cusparse-cu12,==12.1.0.106,requirements_txt,1
pypi,nvidia-cusparse-cu12,==12.5.4.2,requirements_txt,1
pypi,nvidia-cusparselt-cu12,==0.6.3,requirements_txt,1
pypi,nvidia-ml-py,==12.535.133,requirements_txt,1
pypi,nvidia-nccl-cu11,==2.14.3,requirements_txt,1
pypi,nvidia-nccl-cu12,==2.20.5,requirements_txt,1
pypi,nvidia-nccl-cu12,==2.26.2,requirements_txt,1
pypi,nvidia-nvjitlink-cu12,==12.6.85,requirements_txt,1
pypi,nvidia-nvjitlink-cu12,==12.9.86,requirements_txt,1
pypi,nvidia-nvtx-cu11,==11.7.91,requirements_txt,1
pypi,nvidia-nvtx-cu12,==12.6.77,requirements_txt,1
pypi,nvidia-nvtx-cu12,==12.1.105,requirements_txt,1
pypi,nvtx,==0.2.8,requirements_txt,1
pypi,oauthlib,==3.2.0,requirements_txt,1
pypi,oauthlib,==3.1.0,requirements_txt,1
pypi,oauthlib,==3.2.2,requirements_txt,1
pypi,olefile,==0.46,requirements_txt,1
pypi,ollama,==0.5.1,requirements_txt,1
pypi,omegaconf,==2.3.0,requirements_txt,2
pypi,omegaconf,>=2.1.0.dev24,requirements_txt,1
pypi,openai,==1.12.0,requirements_txt,2
pypi,openai,==2.14.0,requirements_txt,1
pypi,openai,==1.11.1,requirements_txt,1
pypi,openai,==1.23.6,requirements_txt,1
pypi,openai,<1.0,requirements_txt,1
pypi,openai,==0.27.2,requirements_txt,1
pypi,openai,==1.54.4,requirements_txt,1
pypi,openai,~=1.63.0,requirements_txt,1
pypi,openai,==1.70.0,requirements_txt,1
pypi,openai,>=1.0.0,requirements_txt,1
pypi,openai,==1.16.1,requirements_txt,1
pypi,opencensus,==0.11.3,requirements_txt,1
pypi,opencensus-context,==0.1.3,requirements_txt,1
pypi,opencv-python,==4.2.0.34,requirements_txt,1
pypi,opencv-python,==4.5.5.64,requirements_txt,1
pypi,openpyxl,==3.1.5,requirements_txt,12
pypi,openpyxl,==3.0.10,requirements_txt,4
pypi,openpyxl,==3.1.2,requirements_txt,4
pypi,openpyxl,>=3.1,requirements_txt,2
pypi,openpyxl,==2.6.2,requirements_txt,2
pypi,openpyxl,~=3.1.2,requirements_txt,1
pypi,openpyxl,==3.0.9,requirements_txt,1
pypi,openpyxl,==3.0.7,requirements_txt,1
pypi,openpyxl,>=3.1.2,requirements_txt,1
pypi,openpyxl,>=3.0.0,requirements_txt,1
pypi,openpyxl,>=3.1.5,requirements_txt,1
pypi,openpyxl,==2.6.4,requirements_txt,1
pypi,openpyxl,>=3.0.10,requirements_txt,1
pypi,opt-einsum,==3.3.0,requirements_txt,3
pypi,optimum,==1.13.2,requirements_txt,1
pypi,optree,==0.19.0,requirements_txt,1
pypi,optuna,==2.10,requirements_txt,1
pypi,orjson,==3.8.8,requirements_txt,1
pypi,orjson,==3.10.1,requirements_txt,1
pypi,osmnx,==1.8.1,requirements_txt,1
pypi,otree,>=5.0.0a21,requirements_txt,2
pypi,otree,==3.4.0,requirements_txt,1
pypi,otree,==5.10.3,requirements_txt,1
pypi,otree,"<5,>=3.3.11",requirements_txt,1
pypi,otree-redwood,==0.9.4,requirements_txt,1
pypi,outcome,==1.3.0.post0,requirements_txt,1
pypi,overrides,==7.7.0,requirements_txt,3
pypi,packaging,==24.1,requirements_txt,3
pypi,packaging,==25.0,requirements_txt,3
pypi,packaging,==23.2,requirements_txt,2
pypi,packaging,==21.3,requirements_txt,2
pypi,packaging,==26.2,requirements_txt,2
pypi,packaging,==23.1,requirements_txt,2
pypi,packaging,==24.2,requirements_txt,2
pypi,packaging,==20.3,requirements_txt,1
pypi,packaging,==20.1,requirements_txt,1
pypi,packaging,==26.0,requirements_txt,1
pypi,packaging,~=23.1,requirements_txt,1
pypi,packaging,==20.4,requirements_txt,1
pypi,packaging,==26.1,requirements_txt,1
pypi,palettable,==3.3.0,requirements_txt,2
pypi,pandas,==2.2.3,requirements_txt,12
pypi,pandas,==2.0.3,requirements_txt,7
pypi,pandas,==2.2.2,requirements_txt,5
pypi,pandas,==1.5.3,requirements_txt,5
pypi,pandas,==1.5.2,requirements_txt,4
pypi,pandas,==1.2.4,requirements_txt,3
pypi,pandas,==1.3.5,requirements_txt,3
pypi,pandas,==2.2.1,requirements_txt,3
pypi,pandas,==2.3.3,requirements_txt,3
pypi,pandas,==2.1.4,requirements_txt,3
pypi,pandas,==3.0.3,requirements_txt,3
pypi,pandas,==1.0.3,requirements_txt,3
pypi,pandas,==1.3.0,requirements_txt,2
pypi,pandas,==3.0.0,requirements_txt,2
pypi,pandas,==3.0.1,requirements_txt,2
pypi,pandas,>=2.0.2,requirements_txt,2
pypi,pandas,==2.3.0,requirements_txt,2
pypi,pandas,==2.0.1,requirements_txt,2
pypi,pandas,>=2.0,requirements_txt,2
pypi,pandas,==3.0.2,requirements_txt,2
pypi,pandas,==1.1.5,requirements_txt,2
pypi,pandas,==1.3.4,requirements_txt,2
pypi,pandas,==2.2.0,requirements_txt,2
pypi,pandas,==2.1.3,requirements_txt,2
pypi,pandas,>=1.5,requirements_txt,2
pypi,pandas,==2.3.1,requirements_txt,2
pypi,pandas,==0.23.4,requirements_txt,2
pypi,pandas,==1.2.5,requirements_txt,1
pypi,pandas,>=1.5.0,requirements_txt,1
pypi,pandas,==1.3.5,shell_install,1
pypi,pandas,~=2.1.0,requirements_txt,1
pypi,pandas,==0.24.1,requirements_txt,1
pypi,pandas,==1.4.0,requirements_txt,1
pypi,pandas,>=1.0.5,requirements_txt,1
pypi,pandas,==2.3.2,requirements_txt,1
pypi,pandas,==1.0.5,requirements_txt,1
pypi,pandas,>=1.2.0,requirements_txt,1
pypi,pandas,==0.20.3,requirements_txt,1
pypi,pandas,>=2.2,requirements_txt,1
pypi,pandas,==1.5.1,requirements_txt,1
pypi,pandas,~=2.2.3,requirements_txt,1
pypi,pandas,"<0.25,>=0.24",requirements_txt,1
pypi,pandas,==1.4.2,requirements_txt,1
pypi,pandas,>=0.20.3,requirements_txt,1
pypi,pandas,==1.4.3,requirements_txt,1
pypi,pandas,==0.24.2,requirements_txt,1
pypi,pandas,==1.5.3,shell_install,1
pypi,pandas,>=2.2.2,requirements_txt,1
pypi,pandas,==0.23.3,requirements_txt,1
pypi,pandas,>=1.2.1,requirements_txt,1
pypi,pandas,==2.1.1,requirements_txt,1
pypi,pandas,~=1.0.4,requirements_txt,1
pypi,pandas-datareader,==0.10.0,requirements_txt,2
pypi,pandas-datareader,==0.9.0,requirements_txt,1
pypi,pandas-flavor,==0.6.0,requirements_txt,1
pypi,pandas-market-calendars,==4.1.4,requirements_txt,1
pypi,pandas-market-calendars,==1.6.0,requirements_txt,1
pypi,pandocfilters,==1.5.0,requirements_txt,5
pypi,pandocfilters,==1.4.2,requirements_txt,4
pypi,pandocfilters,==1.5.1,requirements_txt,2
pypi,paramiko,==2.4.2,requirements_txt,1
pypi,parso,==0.8.3,requirements_txt,4
pypi,parso,==0.8.4,requirements_txt,3
pypi,parso,==0.8.7,requirements_txt,2
pypi,parso,==0.7.1,requirements_txt,2
pypi,parso,==0.4.0,requirements_txt,1
pypi,parso,==0.6.2,requirements_txt,1
pypi,parso,==0.8.6,requirements_txt,1
pypi,partd,==1.4.2,requirements_txt,1
pypi,partd,==1.1.0,requirements_txt,1
pypi,partd,==1.2.0,requirements_txt,1
pypi,partd,==1.4.1,requirements_txt,1
pypi,patchwork,>=1.1.2,requirements_txt,1
pypi,path.py,==12.0.1,requirements_txt,1
pypi,pathlib2,==2.3.2,requirements_txt,1
pypi,pathlib2,==2.3.4,requirements_txt,1
pypi,pathlib2,==2.3.5,requirements_txt,1
pypi,pathlib2,==2.3.3,requirements_txt,1
pypi,pathos,==0.3.0,requirements_txt,1
pypi,pathspec,==0.9.0,requirements_txt,1
pypi,pathy,==0.10.1,requirements_txt,1
pypi,patiencediff,==0.2.1,requirements_txt,1
pypi,patsy,==0.5.1,requirements_txt,4
pypi,patsy,==0.5.3,requirements_txt,4
pypi,patsy,==0.5.6,requirements_txt,3
pypi,patsy,==0.5.4,requirements_txt,1
pypi,patsy,~=0.5.1,requirements_txt,1
pypi,patsy,==1.0.1,requirements_txt,1
pypi,patsy,>=0.5.1,requirements_txt,1
pypi,pdfCropMargins,==1.1.11,requirements_txt,1
pypi,pdfminer3,~=2018.12.3.0,requirements_txt,1
pypi,peft,==0.5.0,requirements_txt,1
pypi,peft,==0.13.2,requirements_txt,1
pypi,pendulum,==2.1.2,requirements_txt,1
pypi,pep8,==1.7.1,requirements_txt,3
pypi,pexpect,==4.9.0,requirements_txt,8
pypi,pexpect,==4.8.0,requirements_txt,4
pypi,pexpect,==4.6.0,requirements_txt,2
pypi,pexpect,==4.7.0,requirements_txt,1
pypi,pickleshare,==0.7.5,requirements_txt,10
pypi,pillow,==10.4.0,requirements_txt,2
pypi,pillow,==11.3.0,requirements_txt,2
pypi,pillow,==11.2.1,requirements_txt,1
pypi,pillow,==10.3.0,requirements_txt,1
pypi,pillow,==12.2.0,requirements_txt,1
pypi,pillow,==11.1.0,requirements_txt,1
pypi,pillow,==9.5.0,requirements_txt,1
pypi,pillow,==12.1.1,requirements_txt,1
pypi,pillow,==10.2.0,requirements_txt,1
pypi,pingouin,==0.6.1,requirements_txt,1
pypi,pip,==24.2,requirements_txt,2
pypi,pip,>=21.0.1,requirements_txt,1
pypi,pip,~=23.2.1,requirements_txt,1
pypi,pip,==23.1.2,requirements_txt,1
pypi,pip,==26.1.1,requirements_txt,1
pypi,pip,==23.3.2,requirements_txt,1
pypi,pip,==24.0,requirements_txt,1
pypi,pipreqs,==0.4.11,requirements_txt,1
pypi,pkg-resources,==0.0.0,requirements_txt,1
pypi,pkginfo,==1.5.0.1,requirements_txt,1
pypi,pkgutil_resolve_name,==1.3.10,requirements_txt,3
pypi,plac,==1.3.5,requirements_txt,1
pypi,plac,==0.9.6,requirements_txt,1
pypi,platformdirs,==4.2.0,requirements_txt,2
pypi,platformdirs,==3.10.0,requirements_txt,2
pypi,platformdirs,==4.3.7,requirements_txt,1
pypi,platformdirs,==4.4.0,requirements_txt,1
pypi,platformdirs,==2.6.0,requirements_txt,1
pypi,platformdirs,==4.9.6,requirements_txt,1
pypi,platformdirs,==2.4.0,requirements_txt,1
pypi,plotly,==5.21.0,requirements_txt,3
pypi,plotly,>=5.15.0,requirements_txt,1
pypi,plotly,==5.18.0,requirements_txt,1
pypi,plotly,==5.17.0,requirements_txt,1
pypi,plotly,==5.14.1,requirements_txt,1
pypi,plotly,==5.5.0,requirements_txt,1
pypi,plotly,==5.11.0,requirements_txt,1
pypi,plotly,==5.22.0,requirements_txt,1
pypi,plotly,==6.0.1,requirements_txt,1
pypi,plotly-express,==0.4.1,requirements_txt,1
pypi,plotnine,==0.14.5,requirements_txt,2
pypi,plotnine,~=0.7.0,requirements_txt,1
pypi,plotnine,==0.6.0,requirements_txt,1
pypi,pluggy,==0.12.0,requirements_txt,2
pypi,pluggy,==1.0.0,requirements_txt,2
pypi,pluggy,==0.13.1,requirements_txt,1
pypi,ply,==3.11,requirements_txt,3
pypi,polars,==0.20.28,requirements_txt,2
pypi,polars,==0.12.0,requirements_txt,1
pypi,polars,==0.20.7,requirements_txt,1
pypi,polars,==1.27.1,requirements_txt,1
pypi,polars,==1.36.1,requirements_txt,1
pypi,polars,==1.22.0,requirements_txt,1
pypi,polars-runtime-32,==1.36.1,requirements_txt,1
pypi,pooch,==1.7.0,requirements_txt,1
pypi,pop-transition,==1.1.2,requirements_txt,1
pypi,ppmlhdfe,>=2.3.0,requirements_txt,1
pypi,pre-commit,==3.5.0,requirements_txt,1
pypi,preshed,==3.0.8,requirements_txt,1
pypi,prettytable,==3.12.0,requirements_txt,1
pypi,priority,==2.0.0,requirements_txt,1
pypi,prometheus-client,==0.16.0,requirements_txt,2
pypi,prometheus-client,==0.7.1,requirements_txt,1
pypi,prometheus-client,==0.19.0,requirements_txt,1
pypi,prometheus-client,==0.4.2,requirements_txt,1
pypi,prometheus-client,==0.8.0,requirements_txt,1
pypi,prometheus-client,==0.15.0,requirements_txt,1
pypi,prometheus_client,==0.20.0,requirements_txt,1
pypi,prometheus_client,==0.25.0,requirements_txt,1
pypi,prometheus_client,==0.23.1,requirements_txt,1
pypi,promise,==2.3,requirements_txt,1
pypi,prompt-toolkit,==3.0.5,requirements_txt,1
pypi,prompt-toolkit,==3.0.42,requirements_txt,1
pypi,prompt-toolkit,==3.0.4,requirements_txt,1
pypi,prompt-toolkit,==2.0.9,requirements_txt,1
pypi,prompt-toolkit,==3.0.38,requirements_txt,1
pypi,prompt-toolkit,==2.0.10,requirements_txt,1
pypi,prompt-toolkit,==3.0.36,requirements_txt,1
pypi,prompt-toolkit,==3.0.43,requirements_txt,1
pypi,prompt-toolkit,==3.0.52,requirements_txt,1
pypi,prompt-toolkit,==1.0.15,requirements_txt,1
pypi,prompt_toolkit,==3.0.51,requirements_txt,3
pypi,prompt_toolkit,==3.0.52,requirements_txt,2
pypi,prompt_toolkit,==3.0.47,requirements_txt,1
pypi,property-cached,==1.6.4,requirements_txt,1
pypi,protobuf,==3.19.6,requirements_txt,2
pypi,protobuf,==4.24.4,requirements_txt,1
pypi,protobuf,==4.25.3,requirements_txt,1
pypi,protobuf,==4.25.2,requirements_txt,1
pypi,protobuf,==4.25.1,requirements_txt,1
pypi,protobuf,==3.14.0,requirements_txt,1
pypi,psutil,==5.9.8,requirements_txt,2
pypi,psutil,==7.2.2,requirements_txt,2
pypi,psutil,==7.0.0,requirements_txt,2
pypi,psutil,==5.9.4,requirements_txt,2
pypi,psutil,==5.7.0,requirements_txt,1
pypi,psutil,==5.9.0,requirements_txt,1
pypi,psutil,==6.0.0,requirements_txt,1
pypi,psutil,==5.9.5,requirements_txt,1
pypi,psycopg2,>=2.8.4,requirements_txt,3
pypi,psycopg2,"<2.9,>=2.8",requirements_txt,2
pypi,psycopg2,>=2.5.1,requirements_txt,2
pypi,psycopg2,"<2.9,>=2.8.4",requirements_txt,1
pypi,psycopg2-binary,==2.8.6,requirements_txt,1
pypi,psycopg2-binary,==2.9.6,requirements_txt,1
pypi,ptxcompiler-cu11,==0.7.0.post1,requirements_txt,1
pypi,ptyprocess,==0.7.0,requirements_txt,10
pypi,ptyprocess,==0.6.0,requirements_txt,5
pypi,pure-eval,==0.2.2,requirements_txt,3
pypi,pure-eval,==0.2.3,requirements_txt,1
pypi,pure_eval,==0.2.3,requirements_txt,5
pypi,purl,==1.5,requirements_txt,1
pypi,py,==1.5.3,requirements_txt,1
pypi,py,==1.8.1,requirements_txt,1
pypi,py,==1.8.0,requirements_txt,1
pypi,py-cpuinfo,==9.0.0,requirements_txt,1
pypi,py-spy,==0.3.14,requirements_txt,1
pypi,py4j,==0.10.9.7,requirements_txt,2
pypi,pyLDAvis,==3.2.2,requirements_txt,1
pypi,pyOpenSSL,==19.1.0,requirements_txt,2
pypi,pyOpenSSL,==19.0.0,requirements_txt,1
pypi,pyRFC3339,==1.1,requirements_txt,1
pypi,pyaml,==23.5.8,requirements_txt,1
pypi,pyarrow,==24.0.0,requirements_txt,2
pypi,pyarrow,==22.0.0,requirements_txt,2
pypi,pyarrow,==19.0.0,requirements_txt,2
pypi,pyarrow,==12.0.1,requirements_txt,2
pypi,pyarrow,==17.0.0,requirements_txt,2
pypi,pyarrow,==11.0.0,requirements_txt,2
pypi,pyarrow,==8.0.0,requirements_txt,1
pypi,pyarrow,==10.0.1,requirements_txt,1
pypi,pyarrow,==14.0.2,requirements_txt,1
pypi,pyarrow,==19.0.1,requirements_txt,1
pypi,pyarrow,==6.0.1,requirements_txt,1
pypi,pyarrow,==15.0.0,requirements_txt,1
pypi,pyasn1,==0.4.8,requirements_txt,2
pypi,pyasn1,==0.5.1,requirements_txt,2
pypi,pyasn1,==0.4.5,requirements_txt,1
pypi,pyasn1-modules,==0.2.8,requirements_txt,4
pypi,pyasn1-modules,==0.3.0,requirements_txt,2
pypi,pybtex,==0.22.2,requirements_txt,1
pypi,pycairo,==1.20.1,requirements_txt,1
pypi,pycairo,==1.25.0,requirements_txt,1
pypi,pyclts,==2.0.0,requirements_txt,1
pypi,pycodestyle,==2.5.0,requirements_txt,2
pypi,pycodestyle,==2.10.0,requirements_txt,1
pypi,pyconcepticon,==2.2.1,requirements_txt,1
pypi,pycop,==0.0.6,requirements_txt,1
pypi,pycosat,==0.6.6,requirements_txt,1
pypi,pycosat,==0.6.3,requirements_txt,1
pypi,pycountry,==19.8.18,requirements_txt,1
pypi,pycparser,==2.21,requirements_txt,5
pypi,pycparser,==2.19,requirements_txt,2
pypi,pycparser,==2.23,requirements_txt,2
pypi,pycparser,==2.22,requirements_txt,2
pypi,pycparser,==2.20,requirements_txt,2
pypi,pycrdt,==0.9.8,requirements_txt,1
pypi,pycrdt-websocket,==0.14.1,requirements_txt,1
pypi,pycrypto,==2.6.1,requirements_txt,1
pypi,pycryptodomex,==3.11.0,requirements_txt,1
pypi,pycups,==2.0.1,requirements_txt,1
pypi,pycurl,==7.43.0.5,requirements_txt,1
pypi,pydantic,==1.10.7,requirements_txt,2
pypi,pydantic,==2.11.1,requirements_txt,1
pypi,pydantic,==2.9.2,requirements_txt,1
pypi,pydantic,==2.6.4,requirements_txt,1
pypi,pydantic,==2.6.1,requirements_txt,1
pypi,pydantic,==1.10.5,requirements_txt,1
pypi,pydantic,==2.11.7,requirements_txt,1
pypi,pydantic_core,==2.16.3,requirements_txt,1
pypi,pydantic_core,==2.16.2,requirements_txt,1
pypi,pydantic_core,==2.33.2,requirements_txt,1
pypi,pydantic_core,==2.33.0,requirements_txt,1
pypi,pydantic_core,==2.23.4,requirements_txt,1
pypi,pydbus,==0.6.0,requirements_txt,1
pypi,pydeck,==0.8.0,requirements_txt,1
pypi,pydocstyle,==4.0.1,requirements_txt,1
pypi,pydot,==2.0.0,requirements_txt,1
pypi,pydub,==0.25.1,requirements_txt,1
pypi,pyfixest,==0.20.0,requirements_txt,2
pypi,pyfixest,>=0.25.0,requirements_txt,1
pypi,pyflakes,==2.1.1,requirements_txt,1
pypi,pyglottolog,==3.0.0,requirements_txt,1
pypi,pygments,==2.20.0,requirements_txt,1
pypi,pyhdfe,==0.1.2,requirements_txt,1
pypi,pyhdfe,==0.2.0,requirements_txt,1
pypi,pyhdfe,>=0.1.0,requirements_txt,1
pypi,pyjanitor,==0.23.1,requirements_txt,1
pypi,pyjarowinkler,==1.8,requirements_txt,1
pypi,pylint,==2.3.1,requirements_txt,1
pypi,pyls-spyder,==0.4.0,requirements_txt,2
pypi,pyluach,==2.2.0,requirements_txt,1
pypi,pyluach,==1.4.2,requirements_txt,1
pypi,pymacaroons,==0.13.0,requirements_txt,1
pypi,pymc,>=5.19.1,requirements_txt,1
pypi,pymongo,==3.7.1,requirements_txt,1
pypi,pynndescent,==0.5.13,requirements_txt,1
pypi,pyodbc,==5.1.0,requirements_txt,1
pypi,pyodbc,==4.0.26,requirements_txt,1
pypi,pyogrio,==0.11.0,requirements_txt,1
pypi,pyparsing,==3.1.1,requirements_txt,3
pypi,pyparsing,==3.3.2,requirements_txt,3
pypi,pyparsing,==2.4.7,requirements_txt,2
pypi,pyparsing,==2.3.0,requirements_txt,2
pypi,pyparsing,==2.4.6,requirements_txt,2
pypi,pyparsing,==3.1.2,requirements_txt,2
pypi,pyparsing,==3.0.9,requirements_txt,1
pypi,pyparsing,==3.1.4,requirements_txt,1
pypi,pyparsing,==2.2.0,requirements_txt,1
pypi,pyparsing,==2.4.0,requirements_txt,1
pypi,pyparsing,==3.2.3,requirements_txt,1
pypi,pyparsing,~=3.0.9,requirements_txt,1
pypi,pyparsing,==3.2.1,requirements_txt,1
pypi,pyprind,==2.11.2,requirements_txt,1
pypi,pyproj,==3.6.1,requirements_txt,3
pypi,pyproj,==1.9.5.1,requirements_txt,2
pypi,pyproj,==3.7.1,requirements_txt,1
pypi,pyproj,==3.7.2,requirements_txt,1
pypi,pyproj,==3.5.0,requirements_txt,1
pypi,pyreadr,==0.5.3,requirements_txt,2
pypi,pyreadr,==0.5.2,requirements_txt,1
pypi,pyreadr,==0.5.0,requirements_txt,1
pypi,pyreadstat,==1.2.7,requirements_txt,1
pypi,pyreadstat,==1.2.8,requirements_txt,1
pypi,pyreadstat,==1.1.7,requirements_txt,1
pypi,pyrsistent,==0.16.0,requirements_txt,2
pypi,pyrsistent,==0.18.0,requirements_txt,1
pypi,pyrsistent,==0.19.2,requirements_txt,1
pypi,pyrsistent,==0.19.3,requirements_txt,1
pypi,pyshp,==2.3.1,requirements_txt,2
pypi,pyspark,==3.3.1,shell_install,1
pypi,pyspark,==3.5.0,requirements_txt,1
pypi,pyspellchecker,==0.5.4,requirements_txt,1
pypi,pysqlite3,==0.5.3,requirements_txt,1
pypi,pystan,==2.16.0.0,requirements_txt,1
pypi,pytesseract,==0.3.4,requirements_txt,1
pypi,pytest,==6.2.4,requirements_txt,1
pypi,pytest,==9.0.3,requirements_txt,1
pypi,pytest,==7.3.1,requirements_txt,1
pypi,pytest,==7.1.2,requirements_txt,1
pypi,pytest,==5.3.5,requirements_txt,1
pypi,pytest,==5.4.1,requirements_txt,1
pypi,pytest,==5.0.1,requirements_txt,1
pypi,pytest,>=7.4.2,requirements_txt,1
pypi,pytest,==8.3.5,requirements_txt,1
pypi,pytest-arraydiff,==0.3,requirements_txt,1
pypi,pytest-astropy,==0.5.0,requirements_txt,1
pypi,pytest-cov,==4.0.0,requirements_txt,1
pypi,pytest-doctestplus,==0.3.0,requirements_txt,1
pypi,pytest-openfiles,==0.3.2,requirements_txt,1
pypi,pytest-remotedata,==0.3.1,requirements_txt,1
pypi,pytest-runner,==5.2,requirements_txt,1
pypi,pytextable,==0.2.1,requirements_txt,1
pypi,python-Levenshtein,==0.20.9,requirements_txt,1
pypi,python-Levenshtein,==0.22.0,requirements_txt,1
pypi,python-apt,==2.4.0+ubuntu1,requirements_txt,1
pypi,python-dateutil,==2.9.0.post0,requirements_txt,12
pypi,python-dateutil,==2.8.2,requirements_txt,7
pypi,python-dateutil,==2.8.1,requirements_txt,4
pypi,python-dateutil,==2.7.3,requirements_txt,1
pypi,python-dateutil,~=2.8.2,requirements_txt,1
pypi,python-dateutil,==2.7.5,requirements_txt,1
pypi,python-dateutil,==2.6.1,requirements_txt,1
pypi,python-dateutil,==2.8.0,requirements_txt,1
pypi,python-dateutil,==2.9.0,requirements_txt,1
pypi,python-debian,===0.1.43ubuntu1,requirements_txt,1
pypi,python-docx,==0.8.11,requirements_txt,1
pypi,python-dotenv,==1.0.0,requirements_txt,1
pypi,python-dotenv,~=1.0.1,requirements_txt,1
pypi,python-dotenv,>=0.19.0,requirements_txt,1
pypi,python-geohash,==0.8.5,requirements_txt,1
pypi,python-gitlab,==2.10.1,requirements_txt,1
pypi,python-gnupg,==0.5.0,requirements_txt,1
pypi,python-json-logger,==2.0.7,requirements_txt,2
pypi,python-json-logger,==3.3.0,requirements_txt,1
pypi,python-json-logger,==4.0.0,requirements_txt,1
pypi,python-json-logger,==2.0.4,requirements_txt,1
pypi,python-lsp-jsonrpc,==1.0.0,requirements_txt,1
pypi,python-multipart,==0.0.6,requirements_txt,1
pypi,python-pptx,==1.0.2,requirements_txt,1
pypi,python-slugify,==1.2.4,requirements_txt,1
pypi,python-xlib,==0.29,requirements_txt,1
pypi,pytoml,==0.1.14,requirements_txt,1
pypi,pytorch-ignite,>=0.4.11,requirements_txt,1
pypi,pytorch_revgrad,==0.2.0,requirements_txt,1
pypi,pytz,==2025.2,requirements_txt,5
pypi,pytz,==2024.1,requirements_txt,5
pypi,pytz,==2023.3,requirements_txt,3
pypi,pytz,==2019.3,requirements_txt,2
pypi,pytz,==2020.1,requirements_txt,1
pypi,pytz,==2022.1,requirements_txt,1
pypi,pytz,~=2023.3.post1,requirements_txt,1
pypi,pytz,==2019.1,requirements_txt,1
pypi,pytz,==2025.1,requirements_txt,1
pypi,pytz,==2017.2,requirements_txt,1
pypi,pytz,==2018.5,requirements_txt,1
pypi,pytz,==2019.2,requirements_txt,1
pypi,pytz,==2021.1,requirements_txt,1
pypi,pytz,==2018.7,requirements_txt,1
pypi,pytzdata,==2020.1,requirements_txt,1
pypi,pywin32,==306,requirements_txt,1
pypi,pywinpty,==2.0.10,requirements_txt,1
pypi,pyxdg,==0.27,requirements_txt,1
pypi,pyxlsb,>=1.0.10,requirements_txt,1
pypi,pyyaml,==6.0.3,requirements_txt,2
pypi,pyyaml,>=5.4.0,requirements_txt,1
pypi,pyyaml,>=6.0,requirements_txt,1
pypi,pyyaml,>=5.1,requirements_txt,1
pypi,pyyaml,>=5.3.1,requirements_txt,1
pypi,pyyaml,==6.0.1,requirements_txt,1
pypi,pyzmq,==27.1.0,requirements_txt,2
pypi,pyzmq,==25.1.2,requirements_txt,2
pypi,pyzmq,==17.1.2,requirements_txt,2
pypi,pyzmq,==25.0.2,requirements_txt,2
pypi,pyzmq,==18.1.1,requirements_txt,2
pypi,pyzmq,==26.2.0,requirements_txt,1
pypi,pyzmq,==19.0.1,requirements_txt,1
pypi,pyzmq,==24.0.1,requirements_txt,1
pypi,pyzmq,==26.4.0,requirements_txt,1
pypi,qtconsole,==5.4.0,requirements_txt,1
pypi,qtconsole,==4.4.3,requirements_txt,1
pypi,qtconsole,==4.4.2,requirements_txt,1
pypi,qtconsole,==4.7.2,requirements_txt,1
pypi,qtconsole,==4.5.1,requirements_txt,1
pypi,quantecon,==0.4.7,requirements_txt,1
pypi,queuelib,==1.5.0,requirements_txt,1
pypi,radian,==0.6.15,requirements_txt,1
pypi,ranktest,>=2.0.04,requirements_txt,1
pypi,rapidfuzz,==2.11.1,requirements_txt,1
pypi,rapidfuzz,==3.3.1,requirements_txt,1
pypi,rasterio,==1.3.9,requirements_txt,1
pypi,rasterio,==1.3.6,requirements_txt,1
pypi,rasterio,==1.4.3,requirements_txt,1
pypi,rasterio,>=1.3,requirements_txt,1
pypi,ray,==2.9.0,requirements_txt,1
pypi,rchitect,==0.4.8,requirements_txt,1
pypi,readme-renderer,==42.0,requirements_txt,1
pypi,recommonmark,==0.6.0,requirements_txt,1
pypi,referencing,==0.36.2,requirements_txt,3
pypi,referencing,==0.35.1,requirements_txt,1
pypi,referencing,==0.37.0,requirements_txt,1
pypi,referencing,==0.33.0,requirements_txt,1
pypi,regex,==2024.4.28,requirements_txt,3
pypi,regex,==2024.11.6,requirements_txt,2
pypi,regex,==2023.5.5,requirements_txt,1
pypi,regex,==2018.1.10,requirements_txt,1
pypi,regex,==2024.5.15,requirements_txt,1
pypi,regex,==2026.5.9,requirements_txt,1
pypi,regex,==2022.10.31,requirements_txt,1
pypi,regex,==2023.3.23,requirements_txt,1
pypi,regex,==2018.2.21,requirements_txt,1
pypi,regex,==2024.7.24,requirements_txt,1
pypi,reghdfe,>=6.12.3,requirements_txt,1
pypi,repolib,==2.2.1,requirements_txt,1
pypi,repoman,==1.4.0,requirements_txt,1
pypi,requests,==2.31.0,requirements_txt,9
pypi,requests,==2.32.3,requirements_txt,7
pypi,requests,==2.22.0,requirements_txt,3
pypi,requests,==2.32.5,requirements_txt,2
pypi,requests,==2.23.0,requirements_txt,2
pypi,requests,==2.30.0,requirements_txt,2
pypi,requests,==2.32.4,requirements_txt,2
pypi,requests,==2.27.1,requirements_txt,1
pypi,requests,==2.34.0,requirements_txt,1
pypi,requests,==1.2.3,requirements_txt,1
pypi,requests,==2.25.1,requirements_txt,1
pypi,requests,==2.28.1,requirements_txt,1
pypi,requests,==2.21.0,requirements_txt,1
pypi,requests-futures,==1.0.0,requirements_txt,1
pypi,requests-oauthlib,==1.3.1,requirements_txt,2
pypi,requests-oauthlib,==1.3.0,requirements_txt,1
pypi,requests-toolbelt,==0.9.1,requirements_txt,1
pypi,requests-unixsocket,==0.2.0,requirements_txt,1
pypi,require,>=1.3.1,requirements_txt,1
pypi,responses,==0.18.0,requirements_txt,1
pypi,rfc3339-validator,==0.1.4,requirements_txt,5
pypi,rfc3986,==2.0.0,requirements_txt,1
pypi,rfc3986,==1.1.0,requirements_txt,1
pypi,rfc3986,==1.5.0,requirements_txt,1
pypi,rfc3986-validator,==0.1.1,requirements_txt,5
pypi,rfc3987-syntax,==1.1.0,requirements_txt,1
pypi,rich,==13.7.1,requirements_txt,1
pypi,rich,==15.0.0,requirements_txt,1
pypi,rmm-cu11,==23.10.0,requirements_txt,1
pypi,rope,==0.14.0,requirements_txt,1
pypi,rpds-py,==0.17.1,requirements_txt,1
pypi,rpds-py,==0.20.0,requirements_txt,1
pypi,rpds-py,==0.30.0,requirements_txt,1
pypi,rpds-py,==0.27.1,requirements_txt,1
pypi,rpds-py,==0.24.0,requirements_txt,1
pypi,rpds-py,==0.22.3,requirements_txt,1
pypi,rsa,==4.9,requirements_txt,4
pypi,rsa,==4.7,requirements_txt,1
pypi,ruamel-yaml,==0.15.46,requirements_txt,1
pypi,ruamel-yaml,==0.19.1,requirements_txt,1
pypi,ruamel.yaml,==0.17.21,requirements_txt,2
pypi,ruamel.yaml.clib,==0.2.0,requirements_txt,1
pypi,ruff,==0.15.12,requirements_txt,1
pypi,runby,>=1.0.5,requirements_txt,1
pypi,runipy,==0.1.5,requirements_txt,1
pypi,ruptures,>=1.1.0,requirements_txt,1
pypi,s3transfer,==0.10.2,requirements_txt,1
pypi,s3transfer,==0.2.0,requirements_txt,1
pypi,safetensors,==0.5.3,requirements_txt,2
pypi,safetensors,==0.7.0,requirements_txt,1
pypi,safetensors,==0.4.3,requirements_txt,1
pypi,sas7bdat,==2.2.3,requirements_txt,1
pypi,scandir,==1.9.0,requirements_txt,2
pypi,scattertext,==0.2.2,requirements_txt,1
pypi,scienceplots,==2.2.1,requirements_txt,1
pypi,scikit-fmm,>=2024.6,requirements_txt,1
pypi,scikit-image,==0.16.2,requirements_txt,1
pypi,scikit-image,==0.15.0,requirements_txt,1
pypi,scikit-learn,==1.4.2,requirements_txt,6
pypi,scikit-learn,==1.6.1,requirements_txt,5
pypi,scikit-learn,==1.3.2,requirements_txt,4
pypi,scikit-learn,==1.2.2,requirements_txt,3
pypi,scikit-learn,==0.20.3,requirements_txt,2
pypi,scikit-learn,==1.1.3,requirements_txt,2
pypi,scikit-learn,==1.0.2,requirements_txt,2
pypi,scikit-learn,==0.24.2,requirements_txt,2
pypi,scikit-learn,==1.7.0,requirements_txt,2
pypi,scikit-learn,==0.20.0,shell_install,1
pypi,scikit-learn,>=1.2,requirements_txt,1
pypi,scikit-learn,~=1.6.1,requirements_txt,1
pypi,scikit-learn,==1.7.2,requirements_txt,1
pypi,scikit-learn,==0.20.0,requirements_txt,1
pypi,scikit-learn,>=0.23.1,requirements_txt,1
pypi,scikit-learn,==1.0,requirements_txt,1
pypi,scikit-learn,==0.19.1,requirements_txt,1
pypi,scikit-learn,==1.5.1,requirements_txt,1
pypi,scikit-learn,==1.7,requirements_txt,1
pypi,scikit-learn,>=1.2.1,requirements_txt,1
pypi,scikit-learn,==1.8.0,requirements_txt,1
pypi,scikit-learn,>=1.1.0,requirements_txt,1
pypi,scikit-learn,==0.23.1,requirements_txt,1
pypi,scikit-learn,>=1.1,requirements_txt,1
pypi,scikit-learn,==0.22.2.post1,requirements_txt,1
pypi,scikit-learn,==0.21.2,requirements_txt,1
pypi,scikit-learn,==1.0.0,requirements_txt,1
pypi,scikit-learn,==0.20.2,requirements_txt,1
pypi,scikit-learn,==1.5.2,requirements_txt,1
pypi,scikit-learn,==1.3.1,requirements_txt,1
pypi,scikit-learn-intelex,==2025.2.0,requirements_txt,1
pypi,scikit-learn-intelex,==20230426.111436,requirements_txt,1
pypi,scikit-multilearn,==0.2.0,requirements_txt,1
pypi,scikit_learn,==1.1.1,requirements_txt,1
pypi,scikit_learn,==1.1.2,requirements_txt,1
pypi,scipy,==1.10.1,requirements_txt,7
pypi,scipy,==1.17.1,requirements_txt,5
pypi,scipy,==1.13.1,requirements_txt,4
pypi,scipy,==1.9.3,requirements_txt,4
pypi,scipy,==1.10.0,requirements_txt,3
pypi,scipy,==1.13.0,requirements_txt,3
pypi,scipy,==1.7.0,requirements_txt,3
pypi,scipy,==1.14.1,requirements_txt,3
pypi,scipy,==1.15.1,requirements_txt,3
pypi,scipy,==1.4.1,requirements_txt,3
pypi,scipy,~=1.4.1,requirements_txt,2
pypi,scipy,==1.16.0,requirements_txt,2
pypi,scipy,==1.7.1,requirements_txt,2
pypi,scipy,==1.12.0,requirements_txt,2
pypi,scipy,==1.7.3,requirements_txt,2
pypi,scipy,==1.15.3,requirements_txt,2
pypi,scipy,==1.11.1,requirements_txt,2
pypi,scipy,==1.8.0,requirements_txt,2
pypi,scipy,>=1.10,requirements_txt,1
pypi,scipy,==1.9.1,requirements_txt,1
pypi,scipy,>=1.9,requirements_txt,1
pypi,scipy,>=1.10.1,requirements_txt,1
pypi,scipy,~=1.11.2,requirements_txt,1
pypi,scipy,==1.14.0,requirements_txt,1
pypi,scipy,>=1.5,requirements_txt,1
pypi,scipy,==1.16.3,requirements_txt,1
pypi,scipy,>=1.2.0,requirements_txt,1
pypi,scipy,==1.11.2,requirements_txt,1
pypi,scipy,==1.3.0,requirements_txt,1
pypi,scipy,==1.1.0,requirements_txt,1
pypi,scipy,==1.0.0,requirements_txt,1
pypi,scipy,>=1.11,requirements_txt,1
pypi,scipy,>=1.13.1,requirements_txt,1
pypi,scipy,>=1.10.0,requirements_txt,1
pypi,scipy,==1.11.4,requirements_txt,1
pypi,scipy,==1.3.3,requirements_txt,1
pypi,scipy,==1.2.0,requirements_txt,1
pypi,scipy,==1.17.0,requirements_txt,1
pypi,scipy,==1.5.4,requirements_txt,1
pypi,scipy,>=0.19.1,requirements_txt,1
pypi,scipy,==1.2.1,requirements_txt,1
pypi,scipy,"<1.18,>=1.14",requirements_txt,1
pypi,scons,>=4.5.2,requirements_txt,1
pypi,scons,>=4.0.1,requirements_txt,1
pypi,screen-resolution-extra,==0.0.0,requirements_txt,1
pypi,seaborn,==0.13.2,requirements_txt,11
pypi,seaborn,==0.12.2,requirements_txt,7
pypi,seaborn,==0.11.2,requirements_txt,6
pypi,seaborn,==0.9.0,requirements_txt,4
pypi,seaborn,==0.12.1,requirements_txt,2
pypi,seaborn,==0.10.0,requirements_txt,2
pypi,seaborn,==0.11.0,requirements_txt,2
pypi,seaborn,==0.13,requirements_txt,1
pypi,seaborn,==0.13.1,requirements_txt,1
pypi,seaborn,>=0.12.2,requirements_txt,1
pypi,seaborn,~=0.13.2,requirements_txt,1
pypi,seaborn,==0.13.0,requirements_txt,1
pypi,seaborn,~=0.10.1,requirements_txt,1
pypi,selenium,~=3.141.0,requirements_txt,1
pypi,selenium,==4.39.0,requirements_txt,1
pypi,semantic-version,==2.10.0,requirements_txt,2
pypi,sentence-transformers,==3.1.1,requirements_txt,1
pypi,sentence-transformers,==3.4.1,requirements_txt,1
pypi,sentence-transformers,==5.5.1,requirements_txt,1
pypi,sentence-transformers,~=4.1.0,requirements_txt,1
pypi,sentence-transformers,==4.1.0,requirements_txt,1
pypi,sentence_transformers,==2.2.2,requirements_txt,1
pypi,sentencepiece,==0.1.97,requirements_txt,2
pypi,sentencepiece,==0.1.99,requirements_txt,1
pypi,sentencepiece,==0.2.0,requirements_txt,1
pypi,sentry-sdk,==0.7.9,requirements_txt,2
pypi,seqeval,==1.2.2,requirements_txt,1
pypi,sequence-jacobian,==1.0.0,requirements_txt,3
pypi,sessioninstaller,==0.0.0,requirements_txt,1
pypi,setfit,==1.1.0,requirements_txt,1
pypi,setroot,>=1.0.0,requirements_txt,1
pypi,setuptools,==69.5.1,requirements_txt,4
pypi,setuptools,==75.8.0,requirements_txt,3
pypi,setuptools,==80.9.0,requirements_txt,1
pypi,setuptools,==72.1.0,requirements_txt,1
pypi,setuptools,==75.1.0,requirements_txt,1
pypi,setuptools,==81.0.0,requirements_txt,1
pypi,setuptools,==67.7.2,requirements_txt,1
pypi,setuptools,~=65.5.1,requirements_txt,1
pypi,setuptools,==69.0.3,requirements_txt,1
pypi,setuptools,==71.0.1,requirements_txt,1
pypi,setuptools,>=68.0.0,requirements_txt,1
pypi,setuptools-scm,==8.0.4,requirements_txt,1
pypi,setuptools-scm,==8.3.1,requirements_txt,1
pypi,sf,>=1.0-9,requirements_txt,1
pypi,shap,==0.50.0,requirements_txt,1
pypi,shap,==0.41.0,requirements_txt,1
pypi,shapely,==2.0.2,requirements_txt,2
pypi,shapely,==2.1.2,requirements_txt,1
pypi,shapely,>=2.0.1,requirements_txt,1
pypi,shapely,==2.0.4,requirements_txt,1
pypi,shapely,==2.0.3,requirements_txt,1
pypi,shapely,==2.1.1,requirements_txt,1
pypi,shellingham,==1.5.4,requirements_txt,1
pypi,simpervisor,==0.3,requirements_txt,1
pypi,simple-json,==1.1,requirements_txt,1
pypi,simplegeneric,==0.8.1,requirements_txt,3
pypi,simplejson,==3.16.0,requirements_txt,1
pypi,simpletransformers,==0.62.4,requirements_txt,1
pypi,simpy,==4.0.1,requirements_txt,1
pypi,singledispatch,==3.4.0.3,requirements_txt,3
pypi,sip,==6.7.12,requirements_txt,1
pypi,six,==1.16.0,requirements_txt,11
pypi,six,==1.17.0,requirements_txt,9
pypi,six,==1.12.0,requirements_txt,4
pypi,six,==1.10.0,requirements_txt,1
pypi,six,==1.11.0,requirements_txt,1
pypi,six,==1.14.0,requirements_txt,1
pypi,six,~=1.16.0,requirements_txt,1
pypi,six,==1.15.0,requirements_txt,1
pypi,skimage,==0.0,requirements_txt,1
pypi,sklearn,==0.0.post1,requirements_txt,2
pypi,sklearn,==0.0,requirements_txt,1
pypi,sklearn,==0.0.post5,requirements_txt,1
pypi,skops,==0.6.0,requirements_txt,1
pypi,skorch,==0.15.0,requirements_txt,1
pypi,slicer,==0.0.7,requirements_txt,1
pypi,slicer,==0.0.8,requirements_txt,1
pypi,smappPy,==0.1.32,requirements_txt,1
pypi,smart-open,==7.1.0,requirements_txt,2
pypi,smart-open,==6.3.0,requirements_txt,2
pypi,smart-open,==1.8.1,requirements_txt,1
pypi,smart-open,==5.1.0,requirements_txt,1
pypi,smmap,==5.0.0,requirements_txt,2
pypi,smmap,==3.0.1,requirements_txt,1
pypi,sniffio,==1.3.1,requirements_txt,6
pypi,sniffio,==1.3.0,requirements_txt,4
pypi,sniffio,==1.2.0,requirements_txt,1
pypi,snowballstemmer,==1.9.0,requirements_txt,1
pypi,sortedcollections,==1.1.2,requirements_txt,1
pypi,sortedcontainers,==2.4.0,requirements_txt,4
pypi,sortedcontainers,==2.1.0,requirements_txt,1
pypi,soupsieve,==2.5,requirements_txt,2
pypi,soupsieve,==2.3.2.post1,requirements_txt,2
pypi,soupsieve,==2.2.1,requirements_txt,1
pypi,soupsieve,==2.4.1,requirements_txt,1
pypi,soupsieve,==2.8,requirements_txt,1
pypi,soupsieve,==2.6,requirements_txt,1
pypi,soupsieve,==2.7,requirements_txt,1
pypi,soupsieve,==2.0.1,requirements_txt,1
pypi,soupsieve,==2.8.3,requirements_txt,1
pypi,spacy,==3.5.3,requirements_txt,2
pypi,spacy,==3.2.4,requirements_txt,1
pypi,spacy,==3.4.0,requirements_txt,1
pypi,spacy,==3.4.0,shell_install,1
pypi,spacy,==2.2.4,requirements_txt,1
pypi,spacy,==3.7.4,requirements_txt,1
pypi,spacy,==3.8.7,requirements_txt,1
pypi,spacy-alignments,==0.9.0,requirements_txt,1
pypi,spacy-curated-transformers,==0.2.2,requirements_txt,1
pypi,spacy-legacy,==3.0.12,requirements_txt,1
pypi,spacy-loggers,==1.0.4,requirements_txt,2
pypi,spacy-streamlit,==1.0.6,requirements_txt,1
pypi,spacy-transformers,==1.3.2,requirements_txt,1
pypi,sparse,==0.15.1,requirements_txt,1
pypi,sphinx,==3.2.0,requirements_txt,1
pypi,sphinxcontrib-applehelp,==1.0.1,requirements_txt,1
pypi,sphinxcontrib-devhelp,==1.0.1,requirements_txt,1
pypi,sphinxcontrib-htmlhelp,==1.0.2,requirements_txt,1
pypi,sphinxcontrib-jsmath,==1.0.1,requirements_txt,1
pypi,sphinxcontrib-qthelp,==1.0.2,requirements_txt,1
pypi,sphinxcontrib-serializinghtml,==1.1.3,requirements_txt,1
pypi,sphinxcontrib-websupport,==1.1.2,requirements_txt,1
pypi,spyder,==3.3.6,requirements_txt,1
pypi,spyder-kernels,==0.5.1,requirements_txt,1
pypi,sqlite-anyio,==0.2.3,requirements_txt,1
pypi,sqlparse,==0.4.3,requirements_txt,1
pypi,squidtools,==0.0.12,requirements_txt,1
pypi,srsly,==2.4.6,requirements_txt,2
pypi,ssaggregate,>=1.2.2,requirements_txt,1
pypi,stack-data,==0.6.3,requirements_txt,6
pypi,stack-data,==0.6.2,requirements_txt,3
pypi,stargazer,==0.0.7,requirements_txt,2
pypi,starlette,==0.26.1,requirements_txt,1
pypi,stata,>=16,requirements_txt,1
pypi,stata-setup,==0.1.3,requirements_txt,1
pypi,statannotations,==0.5.0,requirements_txt,1
pypi,statsmodels,==0.13.5,requirements_txt,6
pypi,statsmodels,==0.14.4,requirements_txt,6
pypi,statsmodels,==0.14.6,requirements_txt,5
pypi,statsmodels,==0.13.2,requirements_txt,3
pypi,statsmodels,==0.14.2,requirements_txt,3
pypi,statsmodels,==0.14.0,requirements_txt,3
pypi,statsmodels,>=0.14,requirements_txt,2
pypi,statsmodels,==0.11.0,requirements_txt,1
pypi,statsmodels,==0.9.0,requirements_txt,1
pypi,statsmodels,==0.14.5,requirements_txt,1
pypi,statsmodels,==0.11.1,requirements_txt,1
pypi,statsmodels,==0.10.0,requirements_txt,1
pypi,statsmodels,==0.14,requirements_txt,1
pypi,statsmodels,>=0.14.0,requirements_txt,1
pypi,statsmodels,==0.14.1,requirements_txt,1
pypi,statsmodels,>=0.13.5,requirements_txt,1
pypi,statsmodels,~=0.11.1,requirements_txt,1
pypi,statsmodels,>=0.14.5,requirements_txt,1
pypi,statsmodels,>=0.13,requirements_txt,1
pypi,statsmodels,==0.12.2,requirements_txt,1
pypi,streamlit,==1.25.0,requirements_txt,1
pypi,subprocess32,==3.5.3,requirements_txt,2
pypi,subprocess32,==3.2.7,requirements_txt,1
pypi,swifter,==0.305,requirements_txt,1
pypi,sympy,==1.14.0,requirements_txt,6
pypi,sympy,==1.12,requirements_txt,3
pypi,sympy,==1.4,requirements_txt,2
pypi,sympy,>=1.1.0,requirements_txt,1
pypi,sympy,==1.11.1,requirements_txt,1
pypi,sympy,==1.10.0,requirements_txt,1
pypi,sympy,~=1.12,requirements_txt,1
pypi,system76driver,==20.4.79,requirements_txt,1
pypi,systemd-python,==234,requirements_txt,1
pypi,tables,==3.5.2,requirements_txt,1
pypi,tables,==3.8.0,requirements_txt,1
pypi,tabulate,==0.9.0,requirements_txt,5
pypi,tabulate,==0.8.2,requirements_txt,2
pypi,tabulate,==0.10.0,requirements_txt,1
pypi,tabulate,==0.8.7,requirements_txt,1
pypi,tblib,==1.7.0,requirements_txt,2
pypi,tblib,==1.6.0,requirements_txt,1
pypi,tenacity,==8.2.3,requirements_txt,2
pypi,tenacity,==8.0.1,requirements_txt,1
pypi,tenacity,==8.2.2,requirements_txt,1
pypi,tensorboard,==2.10.1,requirements_txt,2
pypi,tensorboard,>=2.2.2,requirements_txt,1
pypi,tensorboard-data-server,==0.6.1,requirements_txt,2
pypi,tensorboard-plugin-wit,==1.8.1,requirements_txt,2
pypi,tensorflow,==2.4.0,requirements_txt,1
pypi,tensorflow,==2.3.1,requirements_txt,1
pypi,tensorflow,==2.6.0,requirements_txt,1
pypi,tensorflow,==2.8.0,requirements_txt,1
pypi,tensorflow,==2.10.0,requirements_txt,1
pypi,tensorflow-datasets,==4.7.0,requirements_txt,1
pypi,tensorflow-estimator,==2.10.0,requirements_txt,1
pypi,tensorflow-estimator,==2.3.0,requirements_txt,1
pypi,tensorflow-gpu,==1.14.0,requirements_txt,1
pypi,tensorflow-io-gcs-filesystem,==0.27.0,requirements_txt,1
pypi,tensorflow-metadata,==1.10.0,requirements_txt,1
pypi,tensorflow-probability,==0.7.0,requirements_txt,1
pypi,termcolor,==1.1.0,requirements_txt,4
pypi,termcolor,==2.1.0,requirements_txt,1
pypi,terminado,==0.18.1,requirements_txt,3
pypi,terminado,==0.8.3,requirements_txt,2
pypi,terminado,==0.17.1,requirements_txt,2
pypi,terminado,==0.18.0,requirements_txt,1
pypi,terminado,==0.8.1,requirements_txt,1
pypi,terminado,==0.12.1,requirements_txt,1
pypi,testpath,==0.4.4,requirements_txt,2
pypi,testpath,==0.4.2,requirements_txt,1
pypi,testpath,==0.6.0,requirements_txt,1
pypi,texdoc,>=2.4.0,requirements_txt,1
pypi,texsave,>=1.6.1,requirements_txt,1
pypi,textwrap3,==0.9.2,requirements_txt,1
pypi,thefuzz,==0.20.0,requirements_txt,1
pypi,thinc,==8.3.4,requirements_txt,1
pypi,thinc,==8.1.10,requirements_txt,1
pypi,thinc,==8.2.3,requirements_txt,1
pypi,thinc,==7.4.0,requirements_txt,1
pypi,thop,==0.0.31.post2005241907,requirements_txt,1
pypi,threadpoolctl,==3.6.0,requirements_txt,4
pypi,threadpoolctl,==3.1.0,requirements_txt,3
pypi,threadpoolctl,==3.5.0,requirements_txt,2
pypi,threadpoolctl,==3.2.0,requirements_txt,1
pypi,threadpoolctl,==3.4.0,requirements_txt,1
pypi,tidypolars4sci,==0.0.1.22,requirements_txt,1
pypi,tidyr,>=1.2.1,requirements_txt,1
pypi,tika,==2.6.0,requirements_txt,1
pypi,tiktoken,>=0.5.0,requirements_txt,1
pypi,tikzplotlib,==0.10.1,requirements_txt,1
pypi,timm,==0.5.4,requirements_txt,1
pypi,tinycss2,==1.2.1,requirements_txt,3
pypi,tinycss2,==1.4.0,requirements_txt,2
pypi,tinycss2,==1.3.0,requirements_txt,1
pypi,tokenizers,==0.22.2,requirements_txt,1
pypi,tokenizers,==0.14.1,requirements_txt,1
pypi,tokenizers,==0.13.2,requirements_txt,1
pypi,tokenizers,==0.21.2,requirements_txt,1
pypi,tokenizers,==0.21.1,requirements_txt,1
pypi,tokenizers,==0.15.2,requirements_txt,1
pypi,tokenizers,==0.19.1,requirements_txt,1
pypi,tokenizers,==0.13.3,requirements_txt,1
pypi,toml,==0.10.2,requirements_txt,5
pypi,tomli,==2.0.1,requirements_txt,4
pypi,tomli,==2.4.1,requirements_txt,1
pypi,tomli,==1.2.3,requirements_txt,1
pypi,tomotopy,==0.12.3,requirements_txt,1
pypi,tools4sci,==0.0.1.2,requirements_txt,1
pypi,toolz,==0.12.0,requirements_txt,3
pypi,toolz,==0.10.0,requirements_txt,2
pypi,toolz,==1.0.0,requirements_txt,1
pypi,toposort,==1.10,requirements_txt,1
pypi,torch,==2.0.0,requirements_txt,2
pypi,torch,==1.13.1,requirements_txt,2
pypi,torch,==2.12.1,requirements_txt,1
pypi,torch,==2.7.0,requirements_txt,1
pypi,torch,==2.12.0,requirements_txt,1
pypi,torch,>=1.5.0,requirements_txt,1
pypi,torch,==1.13.0,requirements_txt,1
pypi,torch,==1.5.0,requirements_txt,1
pypi,torch,==2.0.1,requirements_txt,1
pypi,torch,==2.2.0,requirements_txt,1
pypi,torch,==2.4.0,requirements_txt,1
pypi,torch,==1.13,requirements_txt,1
pypi,torch,>=1.11.0,requirements_txt,1
pypi,torch,==1.10.0,requirements_txt,1
pypi,torch,==2.11.0,requirements_txt,1
pypi,torch,==2.2.2,requirements_txt,1
pypi,torchaudio,==2.2.2,requirements_txt,1
pypi,torchvision,==0.14.0,requirements_txt,1
pypi,torchvision,==0.14.1,requirements_txt,1
pypi,torchvision,==0.10.0,requirements_txt,1
pypi,torchvision,==0.17.2,requirements_txt,1
pypi,torchvision,==0.27.1,requirements_txt,1
pypi,torchvision,==0.17.0,requirements_txt,1
pypi,torchvision,>=0.6.0,requirements_txt,1
pypi,tornado,==6.0.4,requirements_txt,3
pypi,tornado,==6.3.3,requirements_txt,2
pypi,tornado,==6.5.5,requirements_txt,2
pypi,tornado,==6.2,requirements_txt,2
pypi,tornado,==6.4.1,requirements_txt,2
pypi,tornado,==6.4,requirements_txt,1
pypi,tornado,==5.1.1,requirements_txt,1
pypi,tornado,==6.1,requirements_txt,1
pypi,tornado,==6.4.2,requirements_txt,1
pypi,tqdm,==4.67.1,requirements_txt,5
pypi,tqdm,==4.64.1,requirements_txt,5
pypi,tqdm,==4.66.1,requirements_txt,4
pypi,tqdm,==4.66.2,requirements_txt,3
pypi,tqdm,==4.66.4,requirements_txt,3
pypi,tqdm,==4.67.3,requirements_txt,3
pypi,tqdm,==4.66.5,requirements_txt,2
pypi,tqdm,==4.65.0,requirements_txt,2
pypi,tqdm,==4.67.0,requirements_txt,1
pypi,tqdm,==4.23.1,requirements_txt,1
pypi,tqdm,>=4.64.0,requirements_txt,1
pypi,tqdm,==4.48.0,requirements_txt,1
pypi,tqdm,>=4.57.0,requirements_txt,1
pypi,tqdm,"<5,>=4.19.5",requirements_txt,1
pypi,tqdm,==4.62.3,requirements_txt,1
pypi,tqdm,~=4.55.0,requirements_txt,1
pypi,tqdm,==4.44.1,requirements_txt,1
pypi,tqdm,==4.61.0,requirements_txt,1
pypi,tqdm,==4.64.0,requirements_txt,1
pypi,tqdm,>=4.64,requirements_txt,1
pypi,tqdm,==4.23.4,requirements_txt,1
pypi,tqdm,~=4.67.1,requirements_txt,1
pypi,trading-calendars,==2.1.1,requirements_txt,1
pypi,traitlets,==5.14.3,requirements_txt,4
pypi,traitlets,==4.3.3,requirements_txt,3
pypi,traitlets,==4.3.2,requirements_txt,3
pypi,traitlets,==5.15.0,requirements_txt,2
pypi,traitlets,==5.14.1,requirements_txt,2
pypi,traitlets,==5.7.1,requirements_txt,1
pypi,traitlets,==5.9.0,requirements_txt,1
pypi,transformers,==4.51.3,requirements_txt,2
pypi,transformers,>=4.21.0,requirements_txt,1
pypi,transformers,==4.12.0,requirements_txt,1
pypi,transformers,==4.53.2,requirements_txt,1
pypi,transformers,==4.28.0,shell_install,1
pypi,transformers,==4.30.2,requirements_txt,1
pypi,transformers,==4.28.1,requirements_txt,1
pypi,transformers,==4.33,requirements_txt,1
pypi,transformers,==4.40.2,shell_install,1
pypi,transformers,==4.45.2,requirements_txt,1
pypi,transformers,==4.34.0,requirements_txt,1
pypi,transformers,==4.12.3,requirements_txt,1
pypi,transformers,==5.9.0,requirements_txt,1
pypi,transformers,==4.18,requirements_txt,1
pypi,transformers,==4.38.2,requirements_txt,1
pypi,transformers,==4.44.2,requirements_txt,1
pypi,transformers,==4.40.1,requirements_txt,1
pypi,trio,==0.31.0,requirements_txt,1
pypi,trio-websocket,==0.12.2,requirements_txt,1
pypi,triton,==3.1.0,requirements_txt,1
pypi,triton,==3.0.0,requirements_txt,1
pypi,triton,==2.0.0,requirements_txt,1
pypi,triton,==3.3.0,requirements_txt,1
pypi,trl,==0.11.4,requirements_txt,1
pypi,truststore,==0.8.0,requirements_txt,1
pypi,twine,==4.0.2,requirements_txt,1
pypi,typed-ast,==1.5.5,requirements_txt,1
pypi,typed-ast,==1.3.4,requirements_txt,1
pypi,typeguard,==4.5.1,requirements_txt,1
pypi,typer,==0.7.0,requirements_txt,2
pypi,typer,==0.9.4,requirements_txt,1
pypi,typer,==0.25.1,requirements_txt,1
pypi,types-dataclasses,==0.6.6,requirements_txt,1
pypi,types-python-dateutil,==2.8.19.20240106,requirements_txt,1
pypi,types-python-dateutil,==2.9.0.20240821,requirements_txt,1
pypi,types-python-dateutil,==2.9.0.20250822,requirements_txt,1
pypi,typeshed-client,==2.11.0,requirements_txt,1
pypi,typing,==3.7.4.3,requirements_txt,1
pypi,typing-extensions,==4.15.0,requirements_txt,1
pypi,typing-extensions,==3.7.4.3,requirements_txt,1
pypi,typing-extensions,==3.7.4.2,requirements_txt,1
pypi,typing-inspection,==0.4.0,requirements_txt,1
pypi,typing-inspection,==0.4.1,requirements_txt,1
pypi,typing-utils,==0.1.0,requirements_txt,2
pypi,typing_extensions,==4.4.0,requirements_txt,3
pypi,typing_extensions,==4.12.2,requirements_txt,3
pypi,typing_extensions,==4.15.0,requirements_txt,3
pypi,typing_extensions,==4.9.0,requirements_txt,2
pypi,typing_extensions,==4.7.1,requirements_txt,1
pypi,typing_extensions,==4.14.1,requirements_txt,1
pypi,typing_extensions,==4.13.2,requirements_txt,1
pypi,typing_extensions,==4.13.0,requirements_txt,1
pypi,typing_extensions,==4.1.1,requirements_txt,1
pypi,tzdata,==2025.2,requirements_txt,5
pypi,tzdata,==2024.1,requirements_txt,3
pypi,tzdata,==2026.2,requirements_txt,1
pypi,tzdata,==2025.1,requirements_txt,1
pypi,tzdata,==2023.3,requirements_txt,1
pypi,tzdata,==2023.4,requirements_txt,1
pypi,ubuntu-advantage-tools,==8001,requirements_txt,1
pypi,ubuntu-drivers-common,==0.0.0,requirements_txt,1
pypi,uc-micro-py,==1.0.1,requirements_txt,1
pypi,ufw,==0.36.1,requirements_txt,1
pypi,ujson,==1.35,requirements_txt,1
pypi,umap-learn,==0.5.7,requirements_txt,2
pypi,unicodecsv,==0.14.1,requirements_txt,1
pypi,universal-pathlib,==0.1.4,requirements_txt,1
pypi,untangle,==1.1.1,requirements_txt,1
pypi,uri-template,==1.3.0,requirements_txt,5
pypi,uri-template,==1.2.0,requirements_txt,1
pypi,uritemplate,==4.1.1,requirements_txt,1
pypi,uritemplate,==3.0.0,requirements_txt,1
pypi,urllib3,==2.5.0,requirements_txt,3
pypi,urllib3,==1.25.8,requirements_txt,2
pypi,urllib3,==2.3.0,requirements_txt,2
pypi,urllib3,==1.26.5,requirements_txt,2
pypi,urllib3,==2.2.0,requirements_txt,2
pypi,urllib3,==2.2.2,requirements_txt,2
pypi,urllib3,==1.26.18,requirements_txt,1
pypi,urllib3,==2.4.0,requirements_txt,1
pypi,urllib3,==2.7.0,requirements_txt,1
pypi,urllib3,==2.0.2,requirements_txt,1
pypi,urllib3,==2.6.3,requirements_txt,1
pypi,urllib3,==1.25.7,requirements_txt,1
pypi,urllib3,==1.24.1,requirements_txt,1
pypi,urllib3,==1.24.2,requirements_txt,1
pypi,uv,==0.9.17,requirements_txt,1
pypi,uvicorn,==0.21.1,requirements_txt,1
pypi,vboxapi,==1.0,requirements_txt,1
pypi,violinplot,>=1.1.2,requirements_txt,1
pypi,virtualenv,==20.21.0,requirements_txt,1
pypi,vl-convert-python,==1.7.0,requirements_txt,1
pypi,voila,==0.5.0a0,requirements_txt,1
pypi,wadllib,==1.3.6,requirements_txt,1
pypi,wandb,==0.18.5,requirements_txt,1
pypi,wandb,==0.13.11,requirements_txt,1
pypi,wasabi,==1.1.1,requirements_txt,2
pypi,watchdog,==2.3.1,requirements_txt,1
pypi,watermark,==2.5.0,requirements_txt,1
pypi,wcwidth,==0.2.13,requirements_txt,6
pypi,wcwidth,==0.1.7,requirements_txt,4
pypi,wcwidth,==0.2.6,requirements_txt,2
pypi,wcwidth,==0.7.0,requirements_txt,2
pypi,wcwidth,==0.2.5,requirements_txt,2
pypi,wcwidth,==0.1.9,requirements_txt,1
pypi,wcwidth,==0.6.0,requirements_txt,1
pypi,webcolors,==24.11.1,requirements_txt,3
pypi,webcolors,==1.12,requirements_txt,1
pypi,webcolors,==24.8.0,requirements_txt,1
pypi,webcolors,==1.13,requirements_txt,1
pypi,webencodings,==0.5.1,requirements_txt,12
pypi,webio-jupyter-extension,==0.1.0,requirements_txt,1
pypi,websocket-client,==1.8.0,requirements_txt,3
pypi,websocket-client,==1.5.1,requirements_txt,1
pypi,websocket-client,==1.3.1,requirements_txt,1
pypi,websocket-client,==1.9.0,requirements_txt,1
pypi,websocket-client,==1.4.2,requirements_txt,1
pypi,websocket-client,==1.7.0,requirements_txt,1
pypi,websockets,==10.4,requirements_txt,1
pypi,wefe,==0.4.1,requirements_txt,1
pypi,wget,==3.2,requirements_txt,3
pypi,wheel,==0.43.0,requirements_txt,4
pypi,wheel,~=0.38.4,requirements_txt,1
pypi,wheel,==0.44.0,requirements_txt,1
pypi,wheel,==0.40.0,requirements_txt,1
pypi,wheel,==0.45.1,requirements_txt,1
pypi,wheel,==0.42.0,requirements_txt,1
pypi,whitenoise,==4.1.3,requirements_txt,1
pypi,widgetsnbextension,==3.5.1,requirements_txt,2
pypi,widgetsnbextension,==3.4.2,requirements_txt,1
pypi,widgetsnbextension,==4.0.15,requirements_txt,1
pypi,widgetsnbextension,==4.0.4,requirements_txt,1
pypi,widgetsnbextension,==3.6.3,requirements_txt,1
pypi,widgetsnbextension,==4.0.14,requirements_txt,1
pypi,wikipedia,==1.4.0,requirements_txt,1
pypi,wincertstore,==0.2,requirements_txt,1
pypi,wordcloud,==1.9.3,requirements_txt,2
pypi,wordcloud,>=1.9,requirements_txt,1
pypi,wptools,==0.4.17,requirements_txt,1
pypi,wrapt,==1.17.2,requirements_txt,2
pypi,wrapt,==1.11.2,requirements_txt,1
pypi,wrapt,==1.13.3,requirements_txt,1
pypi,wrapt,==1.16.0,requirements_txt,1
pypi,wrds,==3.2.0,requirements_txt,2
pypi,wrds,==3.1.6,requirements_txt,1
pypi,wrds,==3.4.0,requirements_txt,1
pypi,wsgiref,==0.1.2,requirements_txt,1
pypi,wsproto,==1.2.0,requirements_txt,2
pypi,wurlitzer,==1.0.2,requirements_txt,1
pypi,xarray,>=0.16.0,requirements_txt,1
pypi,xarray,==2024.1.1,requirements_txt,1
pypi,xarray,==2025.9.0,requirements_txt,1
pypi,xdg,==5,requirements_txt,1
pypi,xgboost,==1.7.6,requirements_txt,1
pypi,xgboost,==3.1.3,requirements_txt,1
pypi,xkit,==0.0.0,requirements_txt,1
pypi,xlrd,==2.0.1,requirements_txt,5
pypi,xlrd,==1.2.0,requirements_txt,2
pypi,xlrd,==2.0.2,requirements_txt,1
pypi,xlrd,>=1.0.0,requirements_txt,1
pypi,xlrd,>=2.0.2,requirements_txt,1
pypi,xlrd,>=2.0.1,requirements_txt,1
pypi,xlrd,"<2,>=1.0.0",requirements_txt,1
pypi,xlsxwriter,==3.2.9,requirements_txt,2
pypi,xlutils,==2.0.0,requirements_txt,1
pypi,xlwt,==1.3.0,requirements_txt,3
pypi,xxhash,==3.2.0,requirements_txt,1
pypi,xyzservices,==2022.9.0,requirements_txt,1
pypi,xyzservices,==2023.10.1,requirements_txt,1
pypi,xyzservices,==2025.4.0,requirements_txt,1
pypi,yarg,==0.1.9,requirements_txt,1
pypi,yarl,==1.4.2,requirements_txt,1
pypi,yarl,==1.9.4,requirements_txt,1
pypi,yarl,==1.8.2,requirements_txt,1
pypi,yellowbrick,==1.1,requirements_txt,1
pypi,yfinance,==0.2.18,requirements_txt,1
pypi,youtube-transcript-api,==1.1.0,requirements_txt,1
pypi,yt-dlp,==2025.9.5,requirements_txt,1
pypi,zict,==3.0.0,requirements_txt,2
pypi,zict,==2.0.0,requirements_txt,1
pypi,zict,==2.1.0,requirements_txt,1
pypi,zipp,==3.17.0,requirements_txt,2
pypi,zipp,==1.1.0,requirements_txt,1
pypi,zipp,==2.2.0,requirements_txt,1
pypi,zipp,==3.23.1,requirements_txt,1
pypi,zipp,==1.0.0,requirements_txt,1
pypi,zipp,==3.1.0,requirements_txt,1
pypi,zipp,==3.20.1,requirements_txt,1
pypi,zipp,==3.21.0,requirements_txt,1
pypi,zipp,==3.6.0,requirements_txt,1
pypi,zipp,==3.15.0,requirements_txt,1
pypi,zstandard,==0.23.0,requirements_txt,1
,ERT,V2.2,install,1
,KBAL,f9613aa,install,1
,LalRUtils,718b20d0c601993c6385b8256dd40ff055b0a4e9,install,1
,MedBounds,6085a4c2b4bac93f7d312d0661c5be7a8bd07e84,install,1
,evalid,f4d81f0e8dfc58f6fca8e9e3ac272bb30470cc6d,install,1
,pwtest,v1.0.0,install,1
,scinference,v1.0.0,install,1
,simloglm,63e7564404dc6a1a32327b76584e05e48621ea44,install,1
,spsR,1532c8b5445ed282f203410bbad76345c69d71bf,install,1
,synthdid,70c1ce3,install,1
,vdemdata,V10,install,1
