id,identifier,persistentUrl,protocol,authority,separator,publisher,publicationDate,storageIdentifier,datasetType,type
48913,DVN/29911,https://doi.org/10.7910/DVN/29911,doi,10.7910,/,Harvard Dataverse,2015-04-06,s3://10.7910/DVN/29911,dataset,dataset
52446,DVN/25582,https://doi.org/10.7910/DVN/25582,doi,10.7910,/,Harvard Dataverse,2014-04-24,s3://10.7910/DVN/25582,dataset,dataset
52883,DVN/27371,https://doi.org/10.7910/DVN/27371,doi,10.7910,/,Harvard Dataverse,2014-09-29,s3://10.7910/DVN/27371,dataset,dataset
52884,DVN/27241,https://doi.org/10.7910/DVN/27241,doi,10.7910,/,Harvard Dataverse,2014-09-03,s3://10.7910/DVN/27241,dataset,dataset
52885,DVN/26936,https://doi.org/10.7910/DVN/26936,doi,10.7910,/,Harvard Dataverse,2014-08-04,s3://10.7910/DVN/26936,dataset,dataset
52886,DVN/27682,https://doi.org/10.7910/DVN/27682,doi,10.7910,/,Harvard Dataverse,2014-10-23,s3://10.7910/DVN/27682,dataset,dataset
52887,DVN/ZMG1IQ,https://doi.org/10.7910/DVN/ZMG1IQ,doi,10.7910,/,Harvard Dataverse,2013-06-11,s3://10.7910/DVN/ZMG1IQ,dataset,dataset
52888,DVN/OMESOW,https://doi.org/10.7910/DVN/OMESOW,doi,10.7910,/,Harvard Dataverse,2012-05-30,s3://1902.1/18254,dataset,dataset
52889,DVN/24975,https://doi.org/10.7910/DVN/24975,doi,10.7910,/,Harvard Dataverse,2014-03-18,s3://10.7910/DVN/24975,dataset,dataset
52890,DVN/29242,https://doi.org/10.7910/DVN/29242,doi,10.7910,/,Harvard Dataverse,2015-02-26,s3://10.7910/DVN/29242,dataset,dataset
52891,DVN/RPD7KA,https://doi.org/10.7910/DVN/RPD7KA,doi,10.7910,/,Harvard Dataverse,2015-05-06,s3://10.7910/DVN/RPD7KA,dataset,dataset
52892,DVN/NVYIS9,https://doi.org/10.7910/DVN/NVYIS9,doi,10.7910,/,Harvard Dataverse,2012-10-29,s3://10.7910/DVN/NVYIS9,dataset,dataset
52893,DVN/FKNFJJ,https://doi.org/10.7910/DVN/FKNFJJ,doi,10.7910,/,Harvard Dataverse,2013-04-15,s3://10.7910/DVN/FKNFJJ,dataset,dataset
52894,DVN/OASXGA,https://doi.org/10.7910/DVN/OASXGA,doi,10.7910,/,Harvard Dataverse,2012-07-27,s3://10.7910/DVN/OASXGA,dataset,dataset
52895,DVN/CV40VF,https://doi.org/10.7910/DVN/CV40VF,doi,10.7910,/,Harvard Dataverse,2013-02-12,s3://10.7910/DVN/CV40VF,dataset,dataset
52896,DVN/26584,https://doi.org/10.7910/DVN/26584,doi,10.7910,/,Harvard Dataverse,2014-06-25,s3://10.7910/DVN/26584,dataset,dataset
52897,DVN1/22651,https://doi.org/10.7910/DVN1/22651,doi,10.7910,/,Harvard Dataverse,2013-11-08,s3://10.7910/DVN1/22651,dataset,dataset
52898,DVN/E9S0VN,https://doi.org/10.7910/DVN/E9S0VN,doi,10.7910,/,Harvard Dataverse,2013-06-11,s3://10.7910/DVN/E9S0VN,dataset,dataset
52899,DVN/24507,https://doi.org/10.7910/DVN/24507,doi,10.7910,/,Harvard Dataverse,2014-01-27,s3://10.7910/DVN/24507,dataset,dataset
52900,DVN/26467,https://doi.org/10.7910/DVN/26467,doi,10.7910,/,Harvard Dataverse,2014-06-10,s3://10.7910/DVN/26467,dataset,dataset
52901,DVN/26544,https://doi.org/10.7910/DVN/26544,doi,10.7910,/,Harvard Dataverse,2014-06-19,s3://10.7910/DVN/26544,dataset,dataset
52902,DVN/QJD1OW,https://doi.org/10.7910/DVN/QJD1OW,doi,10.7910,/,Harvard Dataverse,2013-05-06,s3://10.7910/DVN/QJD1OW,dataset,dataset
52903,DVN/29098,https://doi.org/10.7910/DVN/29098,doi,10.7910,/,Harvard Dataverse,2015-02-11,s3://10.7910/DVN/29098,dataset,dataset
52904,DVN/26522,https://doi.org/10.7910/DVN/26522,doi,10.7910,/,Harvard Dataverse,2014-06-14,s3://10.7910/DVN/26522,dataset,dataset
52905,DVN/AHMMUA,https://doi.org/10.7910/DVN/AHMMUA,doi,10.7910,/,Harvard Dataverse,2013-04-15,s3://10.7910/DVN/AHMMUA,dataset,dataset
52906,DVN/JCGCT5,https://doi.org/10.7910/DVN/JCGCT5,doi,10.7910,/,Harvard Dataverse,2013-07-29,s3://10.7910/DVN/JCGCT5,dataset,dataset
52907,DVN/LUBZFJ,https://doi.org/10.7910/DVN/LUBZFJ,doi,10.7910,/,Harvard Dataverse,2013-07-29,s3://10.7910/DVN/LUBZFJ,dataset,dataset
52908,DVN/27217,https://doi.org/10.7910/DVN/27217,doi,10.7910,/,Harvard Dataverse,2014-09-03,s3://10.7910/DVN/27217,dataset,dataset
52909,DVN/24387,https://doi.org/10.7910/DVN/24387,doi,10.7910,/,Harvard Dataverse,2014-01-27,s3://10.7910/DVN/24387,dataset,dataset
52910,DVN/QQ69RH,https://doi.org/10.7910/DVN/QQ69RH,doi,10.7910,/,Harvard Dataverse,2012-10-29,s3://10.7910/DVN/QQ69RH,dataset,dataset
52911,DVN/H6CUHY,https://doi.org/10.7910/DVN/H6CUHY,doi,10.7910,/,Harvard Dataverse,2013-06-11,s3://1902.1/21485,dataset,dataset
52912,DVN/WO5H2S,https://doi.org/10.7910/DVN/WO5H2S,doi,10.7910,/,Harvard Dataverse,2013-11-08,s3://10.7910/DVN/WO5H2S,dataset,dataset
52913,DVN/25707,https://doi.org/10.7910/DVN/25707,doi,10.7910,/,Harvard Dataverse,2014-06-18,s3://10.7910/DVN/25707,dataset,dataset
52914,DVN/25615,https://doi.org/10.7910/DVN/25615,doi,10.7910,/,Harvard Dataverse,2014-05-02,s3://10.7910/DVN/25615,dataset,dataset
52915,DVN/R3KIIF,https://doi.org/10.7910/DVN/R3KIIF,doi,10.7910,/,Harvard Dataverse,2013-11-08,s3://10.7910/DVN/R3KIIF,dataset,dataset
52916,DVN/E5ZSZR,https://doi.org/10.7910/DVN/E5ZSZR,doi,10.7910,/,Harvard Dataverse,2012-06-28,s3://1902.1/18366,dataset,dataset
52917,DVN/5CVUVU,https://doi.org/10.7910/DVN/5CVUVU,doi,10.7910,/,Harvard Dataverse,2013-08-27,s3://1902.1/22158,dataset,dataset
52918,DVN/27466,https://doi.org/10.7910/DVN/27466,doi,10.7910,/,Harvard Dataverse,2015-01-27,s3://10.7910/DVN/27466,dataset,dataset
52919,DVN/27672,https://doi.org/10.7910/DVN/27672,doi,10.7910,/,Harvard Dataverse,2014-10-24,s3://10.7910/DVN/27672,dataset,dataset
52920,DVN/SQNMPH,https://doi.org/10.7910/DVN/SQNMPH,doi,10.7910,/,Harvard Dataverse,2012-10-29,s3://10.7910/DVN/SQNMPH,dataset,dataset
52921,DVN/27113,https://doi.org/10.7910/DVN/27113,doi,10.7910,/,Harvard Dataverse,2014-08-19,s3://10.7910/DVN/27113,dataset,dataset
52922,DVN/22892,https://doi.org/10.7910/DVN/22892,doi,10.7910,/,Harvard Dataverse,2013-11-11,s3://10.7910/DVN/22892,dataset,dataset
52923,DVN/27624,https://doi.org/10.7910/DVN/27624,doi,10.7910,/,Harvard Dataverse,2014-10-20,s3://10.7910/DVN/27624,dataset,dataset
52924,DVN/K9ARGB,https://doi.org/10.7910/DVN/K9ARGB,doi,10.7910,/,Harvard Dataverse,2013-05-06,s3://1902.1/21236,dataset,dataset
52925,DVN/PWRN9K,https://doi.org/10.7910/DVN/PWRN9K,doi,10.7910,/,Harvard Dataverse,2012-10-29,s3://1902.1/18432,dataset,dataset
52926,DVN/UQLKRY,https://doi.org/10.7910/DVN/UQLKRY,doi,10.7910,/,Harvard Dataverse,2013-07-29,s3://1902.1/21684,dataset,dataset
52927,DVN/29095,https://doi.org/10.7910/DVN/29095,doi,10.7910,/,Harvard Dataverse,2015-02-11,s3://10.7910/DVN/29095,dataset,dataset
52928,DVN/23063,https://doi.org/10.7910/DVN/23063,doi,10.7910,/,Harvard Dataverse,2013-12-31,s3://10.7910/DVN/23063,dataset,dataset
52929,DVN/23302,https://doi.org/10.7910/DVN/23302,doi,10.7910,/,Harvard Dataverse,2013-11-12,s3://10.7910/DVN/23302,dataset,dataset
52930,DVN/HUZNE2,https://doi.org/10.7910/DVN/HUZNE2,doi,10.7910,/,Harvard Dataverse,2012-07-27,s3://10.7910/DVN/HUZNE2,dataset,dataset
52931,DVN/CNNXPB,https://doi.org/10.7910/DVN/CNNXPB,doi,10.7910,/,Harvard Dataverse,2013-07-29,s3://1902.1/21768,dataset,dataset
52932,DVN/PYKLCA,https://doi.org/10.7910/DVN/PYKLCA,doi,10.7910,/,Harvard Dataverse,2012-10-29,s3://10.7910/DVN/PYKLCA,dataset,dataset
52933,DVN/HBPR8R,https://doi.org/10.7910/DVN/HBPR8R,doi,10.7910,/,Harvard Dataverse,2013-02-12,s3://10.7910/DVN/HBPR8R,dataset,dataset
52935,DVN/26490,https://doi.org/10.7910/DVN/26490,doi,10.7910,/,Harvard Dataverse,2014-06-11,s3://10.7910/DVN/26490,dataset,dataset
52936,DVN/26638,https://doi.org/10.7910/DVN/26638,doi,10.7910,/,Harvard Dataverse,2014-07-02,s3://10.7910/DVN/26638,dataset,dataset
52937,DVN/DMIDY8,https://doi.org/10.7910/DVN/DMIDY8,doi,10.7910,/,Harvard Dataverse,2013-06-11,s3://10.7910/DVN/DMIDY8,dataset,dataset
52938,DVN/VVCBHZ,https://doi.org/10.7910/DVN/VVCBHZ,doi,10.7910,/,Harvard Dataverse,2012-10-29,s3://10.7910/DVN/VVCBHZ,dataset,dataset
52939,DVN/Y43XZR,https://doi.org/10.7910/DVN/Y43XZR,doi,10.7910,/,Harvard Dataverse,2019-02-15,s3://10.7910/DVN/Y43XZR,dataset,dataset
52940,DVN/0HHML7,https://doi.org/10.7910/DVN/0HHML7,doi,10.7910,/,Harvard Dataverse,2013-12-31,s3://10.7910/DVN/0HHML7,dataset,dataset
52941,DVN/FREK34,https://doi.org/10.7910/DVN/FREK34,doi,10.7910,/,Harvard Dataverse,2013-04-15,s3://10.7910/DVN/FREK34,dataset,dataset
52942,DVN/UDUJEI,https://doi.org/10.7910/DVN/UDUJEI,doi,10.7910,/,Harvard Dataverse,2013-08-27,s3://10.7910/DVN/UDUJEI,dataset,dataset
52943,DVN/ASBWSA,https://doi.org/10.7910/DVN/ASBWSA,doi,10.7910,/,Harvard Dataverse,2013-04-15,s3://1902.1/20819,dataset,dataset
52944,DVN/27499,https://doi.org/10.7910/DVN/27499,doi,10.7910,/,Harvard Dataverse,2014-10-03,s3://10.7910/DVN/27499,dataset,dataset
52945,DVN/24937,https://doi.org/10.7910/DVN/24937,doi,10.7910,/,Harvard Dataverse,2014-03-18,s3://10.7910/DVN/24937,dataset,dataset
52946,DVN/27701,https://doi.org/10.7910/DVN/27701,doi,10.7910,/,Harvard Dataverse,2014-10-27,s3://10.7910/DVN/27701,dataset,dataset
52947,DVN/23454,https://doi.org/10.7910/DVN/23454,doi,10.7910,/,Harvard Dataverse,2013-12-06,s3://10.7910/DVN/23454,dataset,dataset
52948,DVN/NMA2WY,https://doi.org/10.7910/DVN/NMA2WY,doi,10.7910,/,Harvard Dataverse,2013-09-06,s3://10.7910/DVN/NMA2WY,dataset,dataset
52949,DVN/27191,https://doi.org/10.7910/DVN/27191,doi,10.7910,/,Harvard Dataverse,2014-08-26,s3://10.7910/DVN/27191,dataset,dataset
52950,DVN/HZAXXB,https://doi.org/10.7910/DVN/HZAXXB,doi,10.7910,/,Harvard Dataverse,2013-07-29,s3://10.7910/DVN/HZAXXB,dataset,dataset
52951,DVN/HZAG9F,https://doi.org/10.7910/DVN/HZAG9F,doi,10.7910,/,Harvard Dataverse,2013-02-12,s3://10.7910/DVN/HZAG9F,dataset,dataset
52952,DVN/24591,https://doi.org/10.7910/DVN/24591,doi,10.7910,/,Harvard Dataverse,2014-02-24,s3://10.7910/DVN/24591,dataset,dataset
52953,DVN/22976,https://doi.org/10.7910/DVN/22976,doi,10.7910,/,Harvard Dataverse,2013-11-08,s3://10.7910/DVN/22976,dataset,dataset
52954,DVN/KKTXVB,https://doi.org/10.7910/DVN/KKTXVB,doi,10.7910,/,Harvard Dataverse,2013-04-15,s3://10.7910/DVN/KKTXVB,dataset,dataset
52955,DVN/AZTWDW,https://doi.org/10.7910/DVN/AZTWDW,doi,10.7910,/,Harvard Dataverse,2013-04-15,s3://10.7910/DVN/AZTWDW,dataset,dataset
52956,DVN/WZR4UH,https://doi.org/10.7910/DVN/WZR4UH,doi,10.7910,/,Harvard Dataverse,2013-08-27,s3://10.7910/DVN/WZR4UH,dataset,dataset
52957,DVN/26461,https://doi.org/10.7910/DVN/26461,doi,10.7910,/,Harvard Dataverse,2014-06-11,s3://10.7910/DVN/26461,dataset,dataset
52958,DVN/UA9G8U,https://doi.org/10.7910/DVN/UA9G8U,doi,10.7910,/,Harvard Dataverse,2013-02-12,s3://10.7910/DVN/UA9G8U,dataset,dataset
52959,DVN/26867,https://doi.org/10.7910/DVN/26867,doi,10.7910,/,Harvard Dataverse,2014-07-31,s3://10.7910/DVN/26867,dataset,dataset
52960,DVN/PZAOO6,https://doi.org/10.7910/DVN/PZAOO6,doi,10.7910,/,Harvard Dataverse,2012-07-27,s3://10.7910/DVN/PZAOO6,dataset,dataset
52961,DVN/OO8ZCC,https://doi.org/10.7910/DVN/OO8ZCC,doi,10.7910,/,Harvard Dataverse,2012-10-29,s3://1902.1/18803,dataset,dataset
52962,DVN/27063,https://doi.org/10.7910/DVN/27063,doi,10.7910,/,Harvard Dataverse,2014-08-19,s3://10.7910/DVN/27063,dataset,dataset
52963,DVN/28640,https://doi.org/10.7910/DVN/28640,doi,10.7910,/,Harvard Dataverse,2015-01-19,s3://10.7910/DVN/28640,dataset,dataset
52964,DVN/AMMI3S,https://doi.org/10.7910/DVN/AMMI3S,doi,10.7910,/,Harvard Dataverse,2013-02-12,s3://10.7910/DVN/AMMI3S,dataset,dataset
52965,DVN/TW5FHR,https://doi.org/10.7910/DVN/TW5FHR,doi,10.7910,/,Harvard Dataverse,2013-08-27,s3://10.7910/DVN/TW5FHR,dataset,dataset
52966,DVN/DVP0UW,https://doi.org/10.7910/DVN/DVP0UW,doi,10.7910,/,Harvard Dataverse,2013-08-27,s3://10.7910/DVN/DVP0UW,dataset,dataset
52967,DVN/26652,https://doi.org/10.7910/DVN/26652,doi,10.7910,/,Harvard Dataverse,2014-07-08,s3://10.7910/DVN/26652,dataset,dataset
52968,DVN/T1WGWG,https://doi.org/10.7910/DVN/T1WGWG,doi,10.7910,/,Harvard Dataverse,2012-10-29,s3://10.7910/DVN/T1WGWG,dataset,dataset
52969,DVN/26457,https://doi.org/10.7910/DVN/26457,doi,10.7910,/,Harvard Dataverse,2014-06-10,s3://10.7910/DVN/26457,dataset,dataset
52970,DVN/AARL5V,https://doi.org/10.7910/DVN/AARL5V,doi,10.7910,/,Harvard Dataverse,2012-10-29,s3://10.7910/DVN/AARL5V,dataset,dataset
52971,DVN/NY6NSO,https://doi.org/10.7910/DVN/NY6NSO,doi,10.7910,/,Harvard Dataverse,2012-06-15,s3://10.7910/DVN/NY6NSO,dataset,dataset
52972,DVN/XDUWWY,https://doi.org/10.7910/DVN/XDUWWY,doi,10.7910,/,Harvard Dataverse,2013-09-05,s3://10.7910/DVN/XDUWWY,dataset,dataset
52973,DVN/PBAW0O,https://doi.org/10.7910/DVN/PBAW0O,doi,10.7910,/,Harvard Dataverse,2012-10-29,s3://10.7910/DVN/PBAW0O,dataset,dataset
52974,DVN/26516,https://doi.org/10.7910/DVN/26516,doi,10.7910,/,Harvard Dataverse,2014-06-14,s3://10.7910/DVN/26516,dataset,dataset
52975,DVN/27293,https://doi.org/10.7910/DVN/27293,doi,10.7910,/,Harvard Dataverse,2014-09-08,s3://10.7910/DVN/27293,dataset,dataset
52976,DVN/193ZDD,https://doi.org/10.7910/DVN/193ZDD,doi,10.7910,/,Harvard Dataverse,2015-05-13,s3://10.7910/DVN/193ZDD,dataset,dataset
52977,DVN/FHOJ3L,https://doi.org/10.7910/DVN/FHOJ3L,doi,10.7910,/,Harvard Dataverse,2013-08-27,s3://10.7910/DVN/FHOJ3L,dataset,dataset
52978,DVN/26570,https://doi.org/10.7910/DVN/26570,doi,10.7910,/,Harvard Dataverse,2014-06-24,s3://10.7910/DVN/26570,dataset,dataset
52979,DVN/24506,https://doi.org/10.7910/DVN/24506,doi,10.7910,/,Harvard Dataverse,2014-02-24,s3://10.7910/DVN/24506,dataset,dataset
52980,DVN/SZK4NF,https://doi.org/10.7910/DVN/SZK4NF,doi,10.7910,/,Harvard Dataverse,2013-07-29,s3://1902.1/21815,dataset,dataset
52981,DVN/XS1SDX,https://doi.org/10.7910/DVN/XS1SDX,doi,10.7910,/,Harvard Dataverse,2013-08-27,s3://1902.1/22087,dataset,dataset
52982,DVN/MIXK94,https://doi.org/10.7910/DVN/MIXK94,doi,10.7910,/,Harvard Dataverse,2015-05-14,s3://10.7910/DVN/MIXK94,dataset,dataset
52983,DVN/XA5DRD,https://doi.org/10.7910/DVN/XA5DRD,doi,10.7910,/,Harvard Dataverse,2012-10-29,s3://10.7910/DVN/XA5DRD,dataset,dataset
52984,DVN/26642,https://doi.org/10.7910/DVN/26642,doi,10.7910,/,Harvard Dataverse,2014-07-08,s3://10.7910/DVN/26642,dataset,dataset
52985,DVN/26783,https://doi.org/10.7910/DVN/26783,doi,10.7910,/,Harvard Dataverse,2014-07-21,s3://10.7910/DVN/26783,dataset,dataset
52986,DVN/24800,https://doi.org/10.7910/DVN/24800,doi,10.7910,/,Harvard Dataverse,2014-03-18,s3://10.7910/DVN/24800,dataset,dataset
52987,DVN/27512,https://doi.org/10.7910/DVN/27512,doi,10.7910,/,Harvard Dataverse,2014-10-13,s3://10.7910/DVN/27512,dataset,dataset
52988,DVN/UJYLT0,https://doi.org/10.7910/DVN/UJYLT0,doi,10.7910,/,Harvard Dataverse,2012-10-29,s3://10.7910/DVN/UJYLT0,dataset,dataset
52989,DVN/23972,https://doi.org/10.7910/DVN/23972,doi,10.7910,/,Harvard Dataverse,2013-12-31,s3://10.7910/DVN/23972,dataset,dataset
52990,DVN/VWBP3L,https://doi.org/10.7910/DVN/VWBP3L,doi,10.7910,/,Harvard Dataverse,2013-09-06,s3://10.7910/DVN/VWBP3L,dataset,dataset
52991,DVN/25531,https://doi.org/10.7910/DVN/25531,doi,10.7910,/,Harvard Dataverse,2014-06-24,s3://10.7910/DVN/25531,dataset,dataset
52992,DVN/DG6BS4,https://doi.org/10.7910/DVN/DG6BS4,doi,10.7910,/,Harvard Dataverse,2013-08-27,s3://1902.1/22174,dataset,dataset
52993,DVN/UYGSCI,https://doi.org/10.7910/DVN/UYGSCI,doi,10.7910,/,Harvard Dataverse,2012-07-27,s3://10.7910/DVN/UYGSCI,dataset,dataset
52994,DVN/26555,https://doi.org/10.7910/DVN/26555,doi,10.7910,/,Harvard Dataverse,2014-06-23,s3://10.7910/DVN/26555,dataset,dataset
52995,DVN/24128,https://doi.org/10.7910/DVN/24128,doi,10.7910,/,Harvard Dataverse,2014-02-24,s3://10.7910/DVN/24128,dataset,dataset
52996,DVN/0AQGPL,https://doi.org/10.7910/DVN/0AQGPL,doi,10.7910,/,Harvard Dataverse,2012-07-27,s3://10.7910/DVN/0AQGPL,dataset,dataset
52997,DVN/26662,https://doi.org/10.7910/DVN/26662,doi,10.7910,/,Harvard Dataverse,2014-07-11,s3://10.7910/DVN/26662,dataset,dataset
52998,DVN/SRLERE,https://doi.org/10.7910/DVN/SRLERE,doi,10.7910,/,Harvard Dataverse,2013-02-12,s3://10.7910/DVN/SRLERE,dataset,dataset
53000,DVN/23818,https://doi.org/10.7910/DVN/23818,doi,10.7910,/,Harvard Dataverse,2013-12-31,s3://10.7910/DVN/23818,dataset,dataset
53001,DVN/DPVRA5,https://doi.org/10.7910/DVN/DPVRA5,doi,10.7910,/,Harvard Dataverse,2013-06-11,s3://10.7910/DVN/DPVRA5,dataset,dataset
53002,DVN/1YK9ON,https://doi.org/10.7910/DVN/1YK9ON,doi,10.7910,/,Harvard Dataverse,2013-05-06,s3://10.7910/DVN/1YK9ON,dataset,dataset
53003,DVN/24724,https://doi.org/10.7910/DVN/24724,doi,10.7910,/,Harvard Dataverse,2014-02-24,s3://10.7910/DVN/24724,dataset,dataset
53004,DVN/24220,https://doi.org/10.7910/DVN/24220,doi,10.7910,/,Harvard Dataverse,2014-01-27,s3://10.7910/DVN/24220,dataset,dataset
53005,DVN/NMJAFC,https://doi.org/10.7910/DVN/NMJAFC,doi,10.7910,/,Harvard Dataverse,2012-07-27,s3://10.7910/DVN/NMJAFC,dataset,dataset
53006,DVN/ZSDJGT,https://doi.org/10.7910/DVN/ZSDJGT,doi,10.7910,/,Harvard Dataverse,2013-02-12,s3://1902.1/19467,dataset,dataset
53007,DVN/NUACCP,https://doi.org/10.7910/DVN/NUACCP,doi,10.7910,/,Harvard Dataverse,2013-08-27,s3://10.7910/DVN/NUACCP,dataset,dataset
53008,DVN/25540,https://doi.org/10.7910/DVN/25540,doi,10.7910,/,Harvard Dataverse,2014-06-24,s3://10.7910/DVN/25540,dataset,dataset
53009,DVN/24797,https://doi.org/10.7910/DVN/24797,doi,10.7910,/,Harvard Dataverse,2014-03-18,s3://10.7910/DVN/24797,dataset,dataset
53010,DVN/LVOSAF,https://doi.org/10.7910/DVN/LVOSAF,doi,10.7910,/,Harvard Dataverse,2013-08-27,s3://10.7910/DVN/LVOSAF,dataset,dataset
53011,DVN/AXI6U1,https://doi.org/10.7910/DVN/AXI6U1,doi,10.7910,/,Harvard Dataverse,2015-05-06,s3://10.7910/DVN/AXI6U1,dataset,dataset
53012,DVN/O7DDIN,https://doi.org/10.7910/DVN/O7DDIN,doi,10.7910,/,Harvard Dataverse,2012-05-30,s3://1902.1/18077,dataset,dataset
53013,DVN/26943,https://doi.org/10.7910/DVN/26943,doi,10.7910,/,Harvard Dataverse,2014-08-07,s3://10.7910/DVN/26943,dataset,dataset
53014,DVN/WCH6ZH,https://doi.org/10.7910/DVN/WCH6ZH,doi,10.7910,/,Harvard Dataverse,2015-04-21,s3://10.7910/DVN/WCH6ZH,dataset,dataset
53015,DVN/6EBCGA,https://doi.org/10.7910/DVN/6EBCGA,doi,10.7910,/,Harvard Dataverse,2013-06-11,s3://10.7910/DVN/6EBCGA,dataset,dataset
53016,DVN/DYJVD4,https://doi.org/10.7910/DVN/DYJVD4,doi,10.7910,/,Harvard Dataverse,2013-04-15,s3://10.7910/DVN/DYJVD4,dataset,dataset
53017,DVN/26612,https://doi.org/10.7910/DVN/26612,doi,10.7910,/,Harvard Dataverse,2014-06-29,s3://10.7910/DVN/26612,dataset,dataset
53018,DVN/29129,https://doi.org/10.7910/DVN/29129,doi,10.7910,/,Harvard Dataverse,2015-02-15,s3://10.7910/DVN/29129,dataset,dataset
53019,DVN/25423,https://doi.org/10.7910/DVN/25423,doi,10.7910,/,Harvard Dataverse,2014-04-17,s3://10.7910/DVN/25423,dataset,dataset
53020,DVN/29591,https://doi.org/10.7910/DVN/29591,doi,10.7910,/,Harvard Dataverse,2015-08-26,s3://10.7910/DVN/29591,dataset,dataset
53021,DVN/24714,https://doi.org/10.7910/DVN/24714,doi,10.7910,/,Harvard Dataverse,2014-02-24,s3://10.7910/DVN/24714,dataset,dataset
53022,DVN/24742,https://doi.org/10.7910/DVN/24742,doi,10.7910,/,Harvard Dataverse,2014-02-24,s3://10.7910/DVN/24742,dataset,dataset
53023,DVN/27718,https://doi.org/10.7910/DVN/27718,doi,10.7910,/,Harvard Dataverse,2014-11-03,s3://10.7910/DVN/27718,dataset,dataset
53024,DVN/KCPBUO,https://doi.org/10.7910/DVN/KCPBUO,doi,10.7910,/,Harvard Dataverse,2012-10-29,s3://10.7910/DVN/KCPBUO,dataset,dataset
53025,DVN/28870,https://doi.org/10.7910/DVN/28870,doi,10.7910,/,Harvard Dataverse,2015-02-06,s3://10.7910/DVN/28870,dataset,dataset
53026,DVN/2EJIZJ,https://doi.org/10.7910/DVN/2EJIZJ,doi,10.7910,/,Harvard Dataverse,2015-04-21,s3://10.7910/DVN/2EJIZJ,dataset,dataset
53027,DVN/26586,https://doi.org/10.7910/DVN/26586,doi,10.7910,/,Harvard Dataverse,2014-06-25,s3://10.7910/DVN/26586,dataset,dataset
53028,DVN/Y6I5ZI,https://doi.org/10.7910/DVN/Y6I5ZI,doi,10.7910,/,Harvard Dataverse,2012-10-29,s3://10.7910/DVN/Y6I5ZI,dataset,dataset
53029,DVN/27597,https://doi.org/10.7910/DVN/27597,doi,10.7910,/,Harvard Dataverse,2014-10-15,s3://10.7910/DVN/27597,dataset,dataset
53030,DVN/24827,https://doi.org/10.7910/DVN/24827,doi,10.7910,/,Harvard Dataverse,2014-03-18,s3://10.7910/DVN/24827,dataset,dataset
53031,DVN/29375,https://doi.org/10.7910/DVN/29375,doi,10.7910,/,Harvard Dataverse,2015-03-17,s3://10.7910/DVN/29375,dataset,dataset
53032,DVN/29040,https://doi.org/10.7910/DVN/29040,doi,10.7910,/,Harvard Dataverse,2015-02-09,s3://10.7910/DVN/29040,dataset,dataset
53033,DVN/24859,https://doi.org/10.7910/DVN/24859,doi,10.7910,/,Harvard Dataverse,2014-03-18,s3://10.7910/DVN/24859,dataset,dataset
53034,DVN/27325,https://doi.org/10.7910/DVN/27325,doi,10.7910,/,Harvard Dataverse,2014-09-12,s3://10.7910/DVN/27325,dataset,dataset
53035,DVN/CJMKGX,https://doi.org/10.7910/DVN/CJMKGX,doi,10.7910,/,Harvard Dataverse,2015-05-11,s3://10.7910/DVN/CJMKGX,dataset,dataset
53036,DVN/27631,https://doi.org/10.7910/DVN/27631,doi,10.7910,/,Harvard Dataverse,2014-10-20,s3://10.7910/DVN/27631,dataset,dataset
53037,DVN/DDTCED,https://doi.org/10.7910/DVN/DDTCED,doi,10.7910,/,Harvard Dataverse,2013-02-12,s3://10.7910/DVN/DDTCED,dataset,dataset
53038,DVN/24914,https://doi.org/10.7910/DVN/24914,doi,10.7910,/,Harvard Dataverse,2014-03-18,s3://10.7910/DVN/24914,dataset,dataset
53039,DVN/26721,https://doi.org/10.7910/DVN/26721,doi,10.7910,/,Harvard Dataverse,2014-07-16,s3://10.7910/DVN/26721,dataset,dataset
53040,DVN/28856,https://doi.org/10.7910/DVN/28856,doi,10.7910,/,Harvard Dataverse,2015-03-02,s3://10.7910/DVN/28856,dataset,dataset
53041,DVN/24789,https://doi.org/10.7910/DVN/24789,doi,10.7910,/,Harvard Dataverse,2014-03-18,s3://10.7910/DVN/24789,dataset,dataset
53043,DVN/TLT65Z,https://doi.org/10.7910/DVN/TLT65Z,doi,10.7910,/,Harvard Dataverse,2013-02-12,s3://10.7910/DVN/TLT65Z,dataset,dataset
53044,DVN/29405,https://doi.org/10.7910/DVN/29405,doi,10.7910,/,Harvard Dataverse,2015-07-06,s3://10.7910/DVN/29405,dataset,dataset
53045,DVN/23851,https://doi.org/10.7910/DVN/23851,doi,10.7910,/,Harvard Dataverse,2013-12-31,s3://10.7910/DVN/23851,dataset,dataset
53046,DVN/24707,https://doi.org/10.7910/DVN/24707,doi,10.7910,/,Harvard Dataverse,2014-02-24,s3://10.7910/DVN/24707,dataset,dataset
53047,DVN/6TFUSP,https://doi.org/10.7910/DVN/6TFUSP,doi,10.7910,/,Harvard Dataverse,2013-07-29,s3://10.7910/DVN/6TFUSP,dataset,dataset
53048,DVN/GMZM4D,https://doi.org/10.7910/DVN/GMZM4D,doi,10.7910,/,Harvard Dataverse,2012-07-27,s3://10.7910/DVN/GMZM4D,dataset,dataset
53049,DVN/23958,https://doi.org/10.7910/DVN/23958,doi,10.7910,/,Harvard Dataverse,2013-12-31,s3://10.7910/DVN/23958,dataset,dataset
53050,DVN/28582,https://doi.org/10.7910/DVN/28582,doi,10.7910,/,Harvard Dataverse,2015-01-06,s3://10.7910/DVN/28582,dataset,dataset
53051,DVN/27662,https://doi.org/10.7910/DVN/27662,doi,10.7910,/,Harvard Dataverse,2014-10-22,s3://10.7910/DVN/27662,dataset,dataset
53052,DVN/RIOEAY,https://doi.org/10.7910/DVN/RIOEAY,doi,10.7910,/,Harvard Dataverse,2015-06-04,s3://10.7910/DVN/RIOEAY,dataset,dataset
53053,DVN/FERDAN,https://doi.org/10.7910/DVN/FERDAN,doi,10.7910,/,Harvard Dataverse,2013-05-06,s3://10.7910/DVN/FERDAN,dataset,dataset
53054,DVN/INOLBS,https://doi.org/10.7910/DVN/INOLBS,doi,10.7910,/,Harvard Dataverse,2013-07-29,s3://10.7910/DVN/INOLBS,dataset,dataset
53055,DVN/27584,https://doi.org/10.7910/DVN/27584,doi,10.7910,/,Harvard Dataverse,2014-10-20,s3://10.7910/DVN/27584,dataset,dataset
53056,DVN/28750,https://doi.org/10.7910/DVN/28750,doi,10.7910,/,Harvard Dataverse,2015-02-03,s3://10.7910/DVN/28750,dataset,dataset
53057,DVN/NAY8YW,https://doi.org/10.7910/DVN/NAY8YW,doi,10.7910,/,Harvard Dataverse,2013-02-12,s3://1902.1/20257,dataset,dataset
53058,DVN/25505,https://doi.org/10.7910/DVN/25505,doi,10.7910,/,Harvard Dataverse,2014-04-15,s3://10.7910/DVN/25505,dataset,dataset
53059,DVN/HWW8DP,https://doi.org/10.7910/DVN/HWW8DP,doi,10.7910,/,Harvard Dataverse,2013-07-29,s3://10.7910/DVN/HWW8DP,dataset,dataset
53060,DVN/25302,https://doi.org/10.7910/DVN/25302,doi,10.7910,/,Harvard Dataverse,2014-03-31,s3://10.7910/DVN/25302,dataset,dataset
53061,DVN/29080,https://doi.org/10.7910/DVN/29080,doi,10.7910,/,Harvard Dataverse,2015-02-12,s3://10.7910/DVN/29080,dataset,dataset
53062,DVN/26714,https://doi.org/10.7910/DVN/26714,doi,10.7910,/,Harvard Dataverse,2014-07-28,s3://10.7910/DVN/26714,dataset,dataset
53063,DVN/29243,https://doi.org/10.7910/DVN/29243,doi,10.7910,/,Harvard Dataverse,2015-03-04,s3://10.7910/DVN/29243,dataset,dataset
53064,DVN/WDA163,https://doi.org/10.7910/DVN/WDA163,doi,10.7910,/,Harvard Dataverse,2012-10-29,s3://10.7910/DVN/WDA163,dataset,dataset
53065,DVN/MJSMJB,https://doi.org/10.7910/DVN/MJSMJB,doi,10.7910,/,Harvard Dataverse,2015-05-12,s3://10.7910/DVN/MJSMJB,dataset,dataset
53066,DVN/96KNLB,https://doi.org/10.7910/DVN/96KNLB,doi,10.7910,/,Harvard Dataverse,2013-04-15,s3://10.7910/DVN/96KNLB,dataset,dataset
2668694,DVN/MWNBXO,https://doi.org/10.7910/DVN/MWNBXO,doi,10.7910,/,Harvard Dataverse,2015-05-12,s3://10.7910/DVN/MWNBXO,dataset,dataset
2670601,DVN/5HEB4I,https://doi.org/10.7910/DVN/5HEB4I,doi,10.7910,/,Harvard Dataverse,2015-05-07,s3://10.7910/DVN/5HEB4I,dataset,dataset
2670794,DVN/UMIBSL,https://doi.org/10.7910/DVN/UMIBSL,doi,10.7910,/,Harvard Dataverse,2015-05-14,s3://10.7910/DVN/UMIBSL,dataset,dataset
2670823,DVN/ALZVAW,https://doi.org/10.7910/DVN/ALZVAW,doi,10.7910,/,Harvard Dataverse,2015-05-29,s3://10.7910/DVN/ALZVAW,dataset,dataset
2671645,DVN/IYZWUD,https://doi.org/10.7910/DVN/IYZWUD,doi,10.7910,/,Harvard Dataverse,2015-05-22,s3://10.7910/DVN/IYZWUD,dataset,dataset
2671773,DVN/9OOLQ7,https://doi.org/10.7910/DVN/9OOLQ7,doi,10.7910,/,Harvard Dataverse,2015-06-09,s3://10.7910/DVN/9OOLQ7,dataset,dataset
2672025,DVN/KAQVNP,https://doi.org/10.7910/DVN/KAQVNP,doi,10.7910,/,Harvard Dataverse,2015-05-28,s3://10.7910/DVN/KAQVNP,dataset,dataset
2672226,DVN/UPSRNO,https://doi.org/10.7910/DVN/UPSRNO,doi,10.7910,/,Harvard Dataverse,2015-06-16,s3://10.7910/DVN/UPSRNO,dataset,dataset
2672328,DVN/UJN9C3,https://doi.org/10.7910/DVN/UJN9C3,doi,10.7910,/,Harvard Dataverse,2015-05-29,s3://10.7910/DVN/UJN9C3,dataset,dataset
2677212,DVN/SPXP04,https://doi.org/10.7910/DVN/SPXP04,doi,10.7910,/,Harvard Dataverse,2015-07-14,s3://10.7910/DVN/SPXP04,dataset,dataset
2678520,DVN/AIRCBB,https://doi.org/10.7910/DVN/AIRCBB,doi,10.7910,/,Harvard Dataverse,2015-10-16,s3://10.7910/DVN/AIRCBB,dataset,dataset
2679324,DVN/9TPNOT,https://doi.org/10.7910/DVN/9TPNOT,doi,10.7910,/,Harvard Dataverse,2015-06-09,s3://10.7910/DVN/9TPNOT,dataset,dataset
2681270,DVN/E9UQ0S,https://doi.org/10.7910/DVN/E9UQ0S,doi,10.7910,/,Harvard Dataverse,2015-09-02,s3://10.7910/DVN/E9UQ0S,dataset,dataset
2686244,DVN/OJCQ5O,https://doi.org/10.7910/DVN/OJCQ5O,doi,10.7910,/,Harvard Dataverse,2015-08-28,s3://10.7910/DVN/OJCQ5O,dataset,dataset
2688324,DVN/GKASQ5,https://doi.org/10.7910/DVN/GKASQ5,doi,10.7910,/,Harvard Dataverse,2015-07-09,s3://10.7910/DVN/GKASQ5,dataset,dataset
2690920,DVN/4FCVUR,https://doi.org/10.7910/DVN/4FCVUR,doi,10.7910,/,Harvard Dataverse,2015-07-29,s3://10.7910/DVN/4FCVUR,dataset,dataset
2691432,DVN/S9MIJU,https://doi.org/10.7910/DVN/S9MIJU,doi,10.7910,/,Harvard Dataverse,2016-11-01,s3://10.7910/DVN/S9MIJU,dataset,dataset
2692159,DVN/ZXZMJB,https://doi.org/10.7910/DVN/ZXZMJB,doi,10.7910,/,Harvard Dataverse,2015-07-31,s3://10.7910/DVN/ZXZMJB,dataset,dataset
2693055,DVN/BLXMCY,https://doi.org/10.7910/DVN/BLXMCY,doi,10.7910,/,Harvard Dataverse,2015-09-24,s3://10.7910/DVN/BLXMCY,dataset,dataset
2693102,DVN/INXGMT,https://doi.org/10.7910/DVN/INXGMT,doi,10.7910,/,Harvard Dataverse,2015-08-18,s3://10.7910/DVN/INXGMT,dataset,dataset
2694322,DVN/SDUGCC,https://doi.org/10.7910/DVN/SDUGCC,doi,10.7910,/,Harvard Dataverse,2015-08-04,s3://10.7910/DVN/SDUGCC,dataset,dataset
2695150,DVN/7D48YB,https://doi.org/10.7910/DVN/7D48YB,doi,10.7910,/,Harvard Dataverse,2015-09-18,s3://10.7910/DVN/7D48YB,dataset,dataset
2695574,DVN/RJAUNW,https://doi.org/10.7910/DVN/RJAUNW,doi,10.7910,/,Harvard Dataverse,2016-07-13,s3://10.7910/DVN/RJAUNW,dataset,dataset
2698713,DVN/OCUJ2F,https://doi.org/10.7910/DVN/OCUJ2F,doi,10.7910,/,Harvard Dataverse,2015-09-29,s3://10.7910/DVN/OCUJ2F,dataset,dataset
2699302,DVN/4LZXTY,https://doi.org/10.7910/DVN/4LZXTY,doi,10.7910,/,Harvard Dataverse,2015-09-02,s3://10.7910/DVN/4LZXTY,dataset,dataset
2701509,DVN/WTURMZ,https://doi.org/10.7910/DVN/WTURMZ,doi,10.7910,/,Harvard Dataverse,2015-10-13,s3://10.7910/DVN/WTURMZ,dataset,dataset
2702061,DVN/HPB1CA,https://doi.org/10.7910/DVN/HPB1CA,doi,10.7910,/,Harvard Dataverse,2015-09-23,s3://10.7910/DVN/HPB1CA,dataset,dataset
2702072,DVN/O3A06T,https://doi.org/10.7910/DVN/O3A06T,doi,10.7910,/,Harvard Dataverse,2015-10-20,s3://10.7910/DVN/O3A06T,dataset,dataset
2702863,DVN/03MTMJ,https://doi.org/10.7910/DVN/03MTMJ,doi,10.7910,/,Harvard Dataverse,2015-11-20,s3://10.7910/DVN/03MTMJ,dataset,dataset
2703387,DVN/IIYGGX,https://doi.org/10.7910/DVN/IIYGGX,doi,10.7910,/,Harvard Dataverse,2016-02-05,s3://10.7910/DVN/IIYGGX,dataset,dataset
2703488,DVN/OX5CZF,https://doi.org/10.7910/DVN/OX5CZF,doi,10.7910,/,Harvard Dataverse,2015-10-21,s3://10.7910/DVN/OX5CZF,dataset,dataset
2704669,DVN/TMTCZD,https://doi.org/10.7910/DVN/TMTCZD,doi,10.7910,/,Harvard Dataverse,2015-11-13,s3://10.7910/DVN/TMTCZD,dataset,dataset
2710823,DVN/NC06GQ,https://doi.org/10.7910/DVN/NC06GQ,doi,10.7910,/,Harvard Dataverse,2015-10-31,s3://10.7910/DVN/NC06GQ,dataset,dataset
2711034,DVN/8GEYKS,https://doi.org/10.7910/DVN/8GEYKS,doi,10.7910,/,Harvard Dataverse,2015-12-04,s3://10.7910/DVN/8GEYKS,dataset,dataset
2711336,DVN/WVQ10L,https://doi.org/10.7910/DVN/WVQ10L,doi,10.7910,/,Harvard Dataverse,2015-11-20,s3://10.7910/DVN/WVQ10L,dataset,dataset
2711824,DVN/W1YJZQ,https://doi.org/10.7910/DVN/W1YJZQ,doi,10.7910,/,Harvard Dataverse,2015-10-21,s3://10.7910/DVN/W1YJZQ,dataset,dataset
2719091,DVN/WTUGFZ,https://doi.org/10.7910/DVN/WTUGFZ,doi,10.7910,/,Harvard Dataverse,2016-03-04,s3://10.7910/DVN/WTUGFZ,dataset,dataset
2723079,DVN/YZQTAH,https://doi.org/10.7910/DVN/YZQTAH,doi,10.7910,/,Harvard Dataverse,2015-11-23,s3://10.7910/DVN/YZQTAH,dataset,dataset
2725015,DVN/QUHIIE,https://doi.org/10.7910/DVN/QUHIIE,doi,10.7910,/,Harvard Dataverse,2015-12-11,s3://10.7910/DVN/QUHIIE,dataset,dataset
2731628,DVN/K6ZOOW,https://doi.org/10.7910/DVN/K6ZOOW,doi,10.7910,/,Harvard Dataverse,2016-04-11,s3://10.7910/DVN/K6ZOOW,dataset,dataset
2732690,DVN/IXWZZO,https://doi.org/10.7910/DVN/IXWZZO,doi,10.7910,/,Harvard Dataverse,2016-11-03,s3://10.7910/DVN/IXWZZO,dataset,dataset
2732859,DVN/1HOVTU,https://doi.org/10.7910/DVN/1HOVTU,doi,10.7910,/,Harvard Dataverse,2016-02-17,s3://10.7910/DVN/1HOVTU,dataset,dataset
2741126,DVN/FS90RJ,https://doi.org/10.7910/DVN/FS90RJ,doi,10.7910,/,Harvard Dataverse,2016-05-17,s3://10.7910/DVN/FS90RJ,dataset,dataset
2746257,DVN/DSDNX6,https://doi.org/10.7910/DVN/DSDNX6,doi,10.7910,/,Harvard Dataverse,2016-04-13,s3://10.7910/DVN/DSDNX6,dataset,dataset
2753272,DVN/TIXGF8,https://doi.org/10.7910/DVN/TIXGF8,doi,10.7910,/,Harvard Dataverse,2016-02-15,s3://10.7910/DVN/TIXGF8,dataset,dataset
2764914,DVN/VT4KJA,https://doi.org/10.7910/DVN/VT4KJA,doi,10.7910,/,Harvard Dataverse,2016-03-23,s3://10.7910/DVN/VT4KJA,dataset,dataset
2775684,DVN/LP1SQY,https://doi.org/10.7910/DVN/LP1SQY,doi,10.7910,/,Harvard Dataverse,2018-12-04,s3://10.7910/DVN/LP1SQY,dataset,dataset
2776784,DVN/NQOWDE,https://doi.org/10.7910/DVN/NQOWDE,doi,10.7910,/,Harvard Dataverse,2016-01-27,s3://10.7910/DVN/NQOWDE,dataset,dataset
2778261,DVN/NS3NMH,https://doi.org/10.7910/DVN/NS3NMH,doi,10.7910,/,Harvard Dataverse,2016-05-19,s3://10.7910/DVN/NS3NMH,dataset,dataset
2782147,DVN/2XP8YF,https://doi.org/10.7910/DVN/2XP8YF,doi,10.7910,/,Harvard Dataverse,2016-04-21,s3://10.7910/DVN/2XP8YF,dataset,dataset
2782215,DVN/KL7J6Z,https://doi.org/10.7910/DVN/KL7J6Z,doi,10.7910,/,Harvard Dataverse,2016-05-13,s3://10.7910/DVN/KL7J6Z,dataset,dataset
2784339,DVN/I0VEMG,https://doi.org/10.7910/DVN/I0VEMG,doi,10.7910,/,Harvard Dataverse,2017-05-19,s3://10.7910/DVN/I0VEMG,dataset,dataset
2789676,DVN/ZSYWHO,https://doi.org/10.7910/DVN/ZSYWHO,doi,10.7910,/,Harvard Dataverse,2016-06-14,s3://10.7910/DVN/ZSYWHO,dataset,dataset
2793195,DVN/SURSEO,https://doi.org/10.7910/DVN/SURSEO,doi,10.7910,/,Harvard Dataverse,2016-06-22,s3://10.7910/DVN/SURSEO,dataset,dataset
2796183,DVN/STOQ1Q,https://doi.org/10.7910/DVN/STOQ1Q,doi,10.7910,/,Harvard Dataverse,2016-04-12,s3://10.7910/DVN/STOQ1Q,dataset,dataset
2796764,DVN/ZFLG25,https://doi.org/10.7910/DVN/ZFLG25,doi,10.7910,/,Harvard Dataverse,2016-06-28,s3://10.7910/DVN/ZFLG25,dataset,dataset
2798436,DVN/DTFR60,https://doi.org/10.7910/DVN/DTFR60,doi,10.7910,/,Harvard Dataverse,2016-07-25,s3://10.7910/DVN/DTFR60,dataset,dataset
2799153,DVN/WPKTKJ,https://doi.org/10.7910/DVN/WPKTKJ,doi,10.7910,/,Harvard Dataverse,2016-08-07,s3://10.7910/DVN/WPKTKJ,dataset,dataset
2802437,DVN/FZI6NO,https://doi.org/10.7910/DVN/FZI6NO,doi,10.7910,/,Harvard Dataverse,2016-08-29,s3://10.7910/DVN/FZI6NO,dataset,dataset
2802963,DVN/LCDBRU,https://doi.org/10.7910/DVN/LCDBRU,doi,10.7910,/,Harvard Dataverse,2016-11-30,s3://10.7910/DVN/LCDBRU,dataset,dataset
2826100,DVN/EL6ZCZ,https://doi.org/10.7910/DVN/EL6ZCZ,doi,10.7910,/,Harvard Dataverse,2017-06-21,s3://10.7910/DVN/EL6ZCZ,dataset,dataset
2829473,DVN/DJ2DPZ,https://doi.org/10.7910/DVN/DJ2DPZ,doi,10.7910,/,Harvard Dataverse,2016-11-16,s3://10.7910/DVN/DJ2DPZ,dataset,dataset
2832351,DVN/PGXO5O,https://doi.org/10.7910/DVN/PGXO5O,doi,10.7910,/,Harvard Dataverse,2017-05-10,s3://10.7910/DVN/PGXO5O,dataset,dataset
2832385,DVN/PLLBQJ,https://doi.org/10.7910/DVN/PLLBQJ,doi,10.7910,/,Harvard Dataverse,2016-11-30,s3://10.7910/DVN/PLLBQJ,dataset,dataset
2836847,DVN/X88LYH,https://doi.org/10.7910/DVN/X88LYH,doi,10.7910,/,Harvard Dataverse,2016-06-29,s3://10.7910/DVN/X88LYH,dataset,dataset
2839348,DVN/3DMNPE,https://doi.org/10.7910/DVN/3DMNPE,doi,10.7910,/,Harvard Dataverse,2016-07-29,s3://10.7910/DVN/3DMNPE,dataset,dataset
2841517,DVN/EBF7XW,https://doi.org/10.7910/DVN/EBF7XW,doi,10.7910,/,Harvard Dataverse,2016-08-03,s3://10.7910/DVN/EBF7XW,dataset,dataset
2842835,DVN/WOI8EU,https://doi.org/10.7910/DVN/WOI8EU,doi,10.7910,/,Harvard Dataverse,2016-07-25,s3://10.7910/DVN/WOI8EU,dataset,dataset
2847430,DVN/KUWA5X,https://doi.org/10.7910/DVN/KUWA5X,doi,10.7910,/,Harvard Dataverse,2016-09-07,s3://10.7910/DVN/KUWA5X,dataset,dataset
2847495,DVN/QC0RSU,https://doi.org/10.7910/DVN/QC0RSU,doi,10.7910,/,Harvard Dataverse,2018-12-04,s3://10.7910/DVN/QC0RSU,dataset,dataset
2851529,DVN/UQAIZI,https://doi.org/10.7910/DVN/UQAIZI,doi,10.7910,/,Harvard Dataverse,2017-01-28,s3://10.7910/DVN/UQAIZI,dataset,dataset
2861025,DVN/8ZJBLI,https://doi.org/10.7910/DVN/8ZJBLI,doi,10.7910,/,Harvard Dataverse,2018-03-05,s3://10.7910/DVN/8ZJBLI,dataset,dataset
2862021,DVN/W1TDGZ,https://doi.org/10.7910/DVN/W1TDGZ,doi,10.7910,/,Harvard Dataverse,2016-10-24,s3://10.7910/DVN/W1TDGZ,dataset,dataset
2863027,DVN/NMJ4W9,https://doi.org/10.7910/DVN/NMJ4W9,doi,10.7910,/,Harvard Dataverse,2017-04-06,s3://10.7910/DVN/NMJ4W9,dataset,dataset
2887299,DVN/QTG6FQ,https://doi.org/10.7910/DVN/QTG6FQ,doi,10.7910,/,Harvard Dataverse,2016-12-16,s3://10.7910/DVN/QTG6FQ,dataset,dataset
2887495,DVN/LZGQOH,https://doi.org/10.7910/DVN/LZGQOH,doi,10.7910,/,Harvard Dataverse,2016-12-08,s3://10.7910/DVN/LZGQOH,dataset,dataset
2887543,DVN/W2HZSO,https://doi.org/10.7910/DVN/W2HZSO,doi,10.7910,/,Harvard Dataverse,2016-11-08,s3://10.7910/DVN/W2HZSO,dataset,dataset
2887635,DVN/GZA3GY,https://doi.org/10.7910/DVN/GZA3GY,doi,10.7910,/,Harvard Dataverse,2017-02-14,s3://10.7910/DVN/GZA3GY,dataset,dataset
2891949,DVN/XZFHCP,https://doi.org/10.7910/DVN/XZFHCP,doi,10.7910,/,Harvard Dataverse,2017-04-01,s3://10.7910/DVN/XZFHCP,dataset,dataset
2903999,DVN/RSD5BV,https://doi.org/10.7910/DVN/RSD5BV,doi,10.7910,/,Harvard Dataverse,2017-02-14,s3://10.7910/DVN/RSD5BV,dataset,dataset
2904804,DVN/BXXWWW,https://doi.org/10.7910/DVN/BXXWWW,doi,10.7910,/,Harvard Dataverse,2016-11-03,s3://10.7910/DVN/BXXWWW,dataset,dataset
2906383,DVN/FMJDCD,https://doi.org/10.7910/DVN/FMJDCD,doi,10.7910,/,Harvard Dataverse,2016-11-30,s3://10.7910/DVN/FMJDCD,dataset,dataset
2910803,DVN/GDFJ4N,https://doi.org/10.7910/DVN/GDFJ4N,doi,10.7910,/,Harvard Dataverse,2017-02-12,s3://10.7910/DVN/GDFJ4N,dataset,dataset
2911175,DVN/Q8CSU8,https://doi.org/10.7910/DVN/Q8CSU8,doi,10.7910,/,Harvard Dataverse,2016-11-30,s3://10.7910/DVN/Q8CSU8,dataset,dataset
2914187,DVN/LVHIYG,https://doi.org/10.7910/DVN/LVHIYG,doi,10.7910,/,Harvard Dataverse,2016-12-28,s3://10.7910/DVN/LVHIYG,dataset,dataset
2914245,DVN/TJKIWN,https://doi.org/10.7910/DVN/TJKIWN,doi,10.7910,/,Harvard Dataverse,2017-06-14,s3://10.7910/DVN/TJKIWN,dataset,dataset
2964111,DVN/VWZZLO,https://doi.org/10.7910/DVN/VWZZLO,doi,10.7910,/,Harvard Dataverse,2017-02-23,s3://10.7910/DVN/VWZZLO,dataset,dataset
2964243,DVN/TR4OUK,https://doi.org/10.7910/DVN/TR4OUK,doi,10.7910,/,Harvard Dataverse,2017-10-25,s3://10.7910/DVN/TR4OUK,dataset,dataset
2966528,DVN/MPQQC0,https://doi.org/10.7910/DVN/MPQQC0,doi,10.7910,/,Harvard Dataverse,2017-05-15,s3://10.7910/DVN/MPQQC0,dataset,dataset
2969048,DVN/WZV20D,https://doi.org/10.7910/DVN/WZV20D,doi,10.7910,/,Harvard Dataverse,2017-02-14,s3://10.7910/DVN/WZV20D,dataset,dataset
3001286,DVN/FPYKTP,https://doi.org/10.7910/DVN/FPYKTP,doi,10.7910,/,Harvard Dataverse,2019-05-06,s3://10.7910/DVN/FPYKTP,dataset,dataset
3001455,DVN/GTXZ4J,https://doi.org/10.7910/DVN/GTXZ4J,doi,10.7910,/,Harvard Dataverse,2017-04-26,s3://10.7910/DVN/GTXZ4J,dataset,dataset
3002267,DVN/J2FA5R,https://doi.org/10.7910/DVN/J2FA5R,doi,10.7910,/,Harvard Dataverse,2017-06-29,s3://10.7910/DVN/J2FA5R,dataset,dataset
3002596,DVN/2O7CN0,https://doi.org/10.7910/DVN/2O7CN0,doi,10.7910,/,Harvard Dataverse,2018-12-04,s3://10.7910/DVN/2O7CN0,dataset,dataset
3003676,DVN/RW10GZ,https://doi.org/10.7910/DVN/RW10GZ,doi,10.7910,/,Harvard Dataverse,2017-04-30,s3://10.7910/DVN/RW10GZ,dataset,dataset
3004416,DVN/YJUIBI,https://doi.org/10.7910/DVN/YJUIBI,doi,10.7910,/,Harvard Dataverse,2017-04-15,s3://10.7910/DVN/YJUIBI,dataset,dataset
3005342,DVN/QSXDUN,https://doi.org/10.7910/DVN/QSXDUN,doi,10.7910,/,Harvard Dataverse,2017-04-19,s3://10.7910/DVN/QSXDUN,dataset,dataset
3006417,DVN/K7OCDX,https://doi.org/10.7910/DVN/K7OCDX,doi,10.7910,/,Harvard Dataverse,2018-03-05,s3://10.7910/DVN/K7OCDX,dataset,dataset
3011019,DVN/R3GZZW,https://doi.org/10.7910/DVN/R3GZZW,doi,10.7910,/,Harvard Dataverse,2017-07-05,s3://10.7910/DVN/R3GZZW,dataset,dataset
3011360,DVN/LD6NL8,https://doi.org/10.7910/DVN/LD6NL8,doi,10.7910,/,Harvard Dataverse,2017-06-28,s3://10.7910/DVN/LD6NL8,dataset,dataset
3011375,DVN/BPON3K,https://doi.org/10.7910/DVN/BPON3K,doi,10.7910,/,Harvard Dataverse,2017-07-26,s3://10.7910/DVN/BPON3K,dataset,dataset
3012351,DVN/XKC4R4,https://doi.org/10.7910/DVN/XKC4R4,doi,10.7910,/,Harvard Dataverse,2017-10-24,s3://10.7910/DVN/XKC4R4,dataset,dataset
3015298,DVN/PGCVDP,https://doi.org/10.7910/DVN/PGCVDP,doi,10.7910,/,Harvard Dataverse,2017-06-12,s3://10.7910/DVN/PGCVDP,dataset,dataset
3015351,DVN/BFLPBK,https://doi.org/10.7910/DVN/BFLPBK,doi,10.7910,/,Harvard Dataverse,2017-06-06,s3://10.7910/DVN/BFLPBK,dataset,dataset
3015850,DVN/6IOACK,https://doi.org/10.7910/DVN/6IOACK,doi,10.7910,/,Harvard Dataverse,2018-05-21,s3://10.7910/DVN/6IOACK,dataset,dataset
3018275,DVN/XRJ43D,https://doi.org/10.7910/DVN/XRJ43D,doi,10.7910,/,Harvard Dataverse,2017-10-05,s3://10.7910/DVN/XRJ43D,dataset,dataset
3018546,DVN/VEPHLS,https://doi.org/10.7910/DVN/VEPHLS,doi,10.7910,/,Harvard Dataverse,2017-06-23,s3://10.7910/DVN/VEPHLS,dataset,dataset
3027967,DVN/QO6EMT,https://doi.org/10.7910/DVN/QO6EMT,doi,10.7910,/,Harvard Dataverse,2017-09-27,s3://10.7910/DVN/QO6EMT,dataset,dataset
3030975,DVN/7EWDRF,https://doi.org/10.7910/DVN/7EWDRF,doi,10.7910,/,Harvard Dataverse,2018-04-26,s3://10.7910/DVN/7EWDRF,dataset,dataset
3031508,DVN/XBNJD9,https://doi.org/10.7910/DVN/XBNJD9,doi,10.7910,/,Harvard Dataverse,2017-12-22,s3://10.7910/DVN/XBNJD9,dataset,dataset
3031630,DVN/ACYZIC,https://doi.org/10.7910/DVN/ACYZIC,doi,10.7910,/,Harvard Dataverse,2017-12-12,s3://10.7910/DVN/ACYZIC,dataset,dataset
3035821,DVN/4XI0UG,https://doi.org/10.7910/DVN/4XI0UG,doi,10.7910,/,Harvard Dataverse,2017-09-27,s3://10.7910/DVN/4XI0UG,dataset,dataset
3036048,DVN/SRPTCV,https://doi.org/10.7910/DVN/SRPTCV,doi,10.7910,/,Harvard Dataverse,2017-12-11,s3://10.7910/DVN/SRPTCV,dataset,dataset
3036148,DVN/SNLKUE,https://doi.org/10.7910/DVN/SNLKUE,doi,10.7910,/,Harvard Dataverse,2018-01-30,s3://10.7910/DVN/SNLKUE,dataset,dataset
3036223,DVN/MYDZNF,https://doi.org/10.7910/DVN/MYDZNF,doi,10.7910,/,Harvard Dataverse,2018-02-12,s3://10.7910/DVN/MYDZNF,dataset,dataset
3036831,DVN/JTV6W6,https://doi.org/10.7910/DVN/JTV6W6,doi,10.7910,/,Harvard Dataverse,2017-12-18,s3://10.7910/DVN/JTV6W6,dataset,dataset
3041136,DVN/HIQ4BV,https://doi.org/10.7910/DVN/HIQ4BV,doi,10.7910,/,Harvard Dataverse,2017-08-24,s3://10.7910/DVN/HIQ4BV,dataset,dataset
3050431,DVN/HI1X4O,https://doi.org/10.7910/DVN/HI1X4O,doi,10.7910,/,Harvard Dataverse,2018-01-19,s3://10.7910/DVN/HI1X4O,dataset,dataset
3051087,DVN/9AWUYJ,https://doi.org/10.7910/DVN/9AWUYJ,doi,10.7910,/,Harvard Dataverse,2017-12-08,s3://10.7910/DVN/9AWUYJ,dataset,dataset
3051430,DVN/TJ1ZXX,https://doi.org/10.7910/DVN/TJ1ZXX,doi,10.7910,/,Harvard Dataverse,2018-04-03,s3://10.7910/DVN/TJ1ZXX,dataset,dataset
3051535,DVN/D5DEHM,https://doi.org/10.7910/DVN/D5DEHM,doi,10.7910,/,Harvard Dataverse,2017-10-27,s3://10.7910/DVN/D5DEHM,dataset,dataset
3051974,DVN/H13U6G,https://doi.org/10.7910/DVN/H13U6G,doi,10.7910,/,Harvard Dataverse,2018-01-03,s3://10.7910/DVN/H13U6G,dataset,dataset
3052090,DVN/KYI9AR,https://doi.org/10.7910/DVN/KYI9AR,doi,10.7910,/,Harvard Dataverse,2017-10-25,s3://10.7910/DVN/KYI9AR,dataset,dataset
3054097,DVN/NRAQRH,https://doi.org/10.7910/DVN/NRAQRH,doi,10.7910,/,Harvard Dataverse,2018-01-22,s3://10.7910/DVN/NRAQRH,dataset,dataset
3055773,DVN/MZKJDR,https://doi.org/10.7910/DVN/MZKJDR,doi,10.7910,/,Harvard Dataverse,2018-02-28,s3://10.7910/DVN/MZKJDR,dataset,dataset
3056461,DVN/PL2XFD,https://doi.org/10.7910/DVN/PL2XFD,doi,10.7910,/,Harvard Dataverse,2017-11-29,s3://10.7910/DVN/PL2XFD,dataset,dataset
3056719,DVN/8R3LTP,https://doi.org/10.7910/DVN/8R3LTP,doi,10.7910,/,Harvard Dataverse,2018-02-08,s3://10.7910/DVN/8R3LTP,dataset,dataset
3060348,DVN/WYA1S2,https://doi.org/10.7910/DVN/WYA1S2,doi,10.7910,/,Harvard Dataverse,2018-04-02,s3://10.7910/DVN/WYA1S2,dataset,dataset
3066332,DVN/EZSJ1S,https://doi.org/10.7910/DVN/EZSJ1S,doi,10.7910,/,Harvard Dataverse,2018-02-20,s3://10.7910/DVN/EZSJ1S,dataset,dataset
3072229,DVN/I4KVD1,https://doi.org/10.7910/DVN/I4KVD1,doi,10.7910,/,Harvard Dataverse,2018-03-12,s3://10.7910/DVN/I4KVD1,dataset,dataset
3072317,DVN/B9SCDJ,https://doi.org/10.7910/DVN/B9SCDJ,doi,10.7910,/,Harvard Dataverse,2018-01-12,s3://10.7910/DVN/B9SCDJ,dataset,dataset
3072787,DVN/SEHMGR,https://doi.org/10.7910/DVN/SEHMGR,doi,10.7910,/,Harvard Dataverse,2018-04-10,s3://10.7910/DVN/SEHMGR,dataset,dataset
3085088,DVN/ZYRC8S,https://doi.org/10.7910/DVN/ZYRC8S,doi,10.7910,/,Harvard Dataverse,2018-04-09,s3://10.7910/DVN/ZYRC8S,dataset,dataset
3086855,DVN/LNUYXZ,https://doi.org/10.7910/DVN/LNUYXZ,doi,10.7910,/,Harvard Dataverse,2018-04-12,s3://10.7910/DVN/LNUYXZ,dataset,dataset
3092396,DVN/WKJJ3Z,https://doi.org/10.7910/DVN/WKJJ3Z,doi,10.7910,/,Harvard Dataverse,2018-07-10,s3://10.7910/DVN/WKJJ3Z,dataset,dataset
3092449,DVN/XU8ZWB,https://doi.org/10.7910/DVN/XU8ZWB,doi,10.7910,/,Harvard Dataverse,2018-05-03,s3://10.7910/DVN/XU8ZWB,dataset,dataset
3094517,DVN/2E2M9Z,https://doi.org/10.7910/DVN/2E2M9Z,doi,10.7910,/,Harvard Dataverse,2018-04-11,s3://10.7910/DVN/2E2M9Z,dataset,dataset
3097216,DVN/ROLEY5,https://doi.org/10.7910/DVN/ROLEY5,doi,10.7910,/,Harvard Dataverse,2018-05-02,s3://10.7910/DVN/ROLEY5,dataset,dataset
3105829,DVN/BRRZSK,https://doi.org/10.7910/DVN/BRRZSK,doi,10.7910,/,Harvard Dataverse,2018-03-14,s3://10.7910/DVN/BRRZSK,dataset,dataset
3105915,DVN/I1HVCJ,https://doi.org/10.7910/DVN/I1HVCJ,doi,10.7910,/,Harvard Dataverse,2018-06-29,s3://10.7910/DVN/I1HVCJ,dataset,dataset
3131587,DVN/WGWMAV,https://doi.org/10.7910/DVN/WGWMAV,doi,10.7910,/,Harvard Dataverse,2018-07-23,s3://10.7910/DVN/WGWMAV,dataset,dataset
3131618,DVN/XYUWYJ,https://doi.org/10.7910/DVN/XYUWYJ,doi,10.7910,/,Harvard Dataverse,2018-09-20,s3://10.7910/DVN/XYUWYJ,dataset,dataset
3136209,DVN/GPRVC6,https://doi.org/10.7910/DVN/GPRVC6,doi,10.7910,/,Harvard Dataverse,2018-10-11,s3://10.7910/DVN/GPRVC6,dataset,dataset
3137018,DVN/3DK6JA,https://doi.org/10.7910/DVN/3DK6JA,doi,10.7910,/,Harvard Dataverse,2018-10-15,s3://10.7910/DVN/3DK6JA,dataset,dataset
3140420,DVN/9IKGYY,https://doi.org/10.7910/DVN/9IKGYY,doi,10.7910,/,Harvard Dataverse,2018-06-04,s3://10.7910/DVN/9IKGYY,dataset,dataset
3141010,DVN/KGIBK5,https://doi.org/10.7910/DVN/KGIBK5,doi,10.7910,/,Harvard Dataverse,2019-03-13,s3://10.7910/DVN/KGIBK5,dataset,dataset
3143943,DVN/YWZBUJ,https://doi.org/10.7910/DVN/YWZBUJ,doi,10.7910,/,Harvard Dataverse,2018-07-23,s3://10.7910/DVN/YWZBUJ,dataset,dataset
3147081,DVN/QBHGRC,https://doi.org/10.7910/DVN/QBHGRC,doi,10.7910,/,Harvard Dataverse,2018-06-21,s3://10.7910/DVN/QBHGRC,dataset,dataset
3150098,DVN/MTQEE1,https://doi.org/10.7910/DVN/MTQEE1,doi,10.7910,/,Harvard Dataverse,2019-07-29,s3://10.7910/DVN/MTQEE1,dataset,dataset
3156656,DVN/TVZQG6,https://doi.org/10.7910/DVN/TVZQG6,doi,10.7910,/,Harvard Dataverse,2018-06-29,s3://10.7910/DVN/TVZQG6,dataset,dataset
3157719,DVN/XZ0IZE,https://doi.org/10.7910/DVN/XZ0IZE,doi,10.7910,/,Harvard Dataverse,2018-08-22,s3://10.7910/DVN/XZ0IZE,dataset,dataset
3177349,DVN/RYNSDG,https://doi.org/10.7910/DVN/RYNSDG,doi,10.7910,/,Harvard Dataverse,2018-07-20,s3://10.7910/DVN/RYNSDG,dataset,dataset
3177381,DVN/ICISE4,https://doi.org/10.7910/DVN/ICISE4,doi,10.7910,/,Harvard Dataverse,2018-07-03,s3://10.7910/DVN/ICISE4,dataset,dataset
3177992,DVN/5HWZL0,https://doi.org/10.7910/DVN/5HWZL0,doi,10.7910,/,Harvard Dataverse,2018-06-18,s3://10.7910/DVN/5HWZL0,dataset,dataset
3178036,DVN/OOIEAO,https://doi.org/10.7910/DVN/OOIEAO,doi,10.7910,/,Harvard Dataverse,2018-09-17,s3://10.7910/DVN/OOIEAO,dataset,dataset
3180834,DVN/GSQG1K,https://doi.org/10.7910/DVN/GSQG1K,doi,10.7910,/,Harvard Dataverse,2018-08-23,s3://10.7910/DVN/GSQG1K,dataset,dataset
3185571,DVN/7190MT,https://doi.org/10.7910/DVN/7190MT,doi,10.7910,/,Harvard Dataverse,2018-08-22,s3://10.7910/DVN/7190MT,dataset,dataset
3195325,DVN/KPJUFL,https://doi.org/10.7910/DVN/KPJUFL,doi,10.7910,/,Harvard Dataverse,2018-09-28,s3://10.7910/DVN/KPJUFL,dataset,dataset
3201357,DVN/JNEQYJ,https://doi.org/10.7910/DVN/JNEQYJ,doi,10.7910,/,Harvard Dataverse,2018-09-20,s3://10.7910/DVN/JNEQYJ,dataset,dataset
3201390,DVN/CQXHTH,https://doi.org/10.7910/DVN/CQXHTH,doi,10.7910,/,Harvard Dataverse,2018-09-10,s3://10.7910/DVN/CQXHTH,dataset,dataset
3204758,DVN/SSEN5A,https://doi.org/10.7910/DVN/SSEN5A,doi,10.7910,/,Harvard Dataverse,2019-02-18,s3://10.7910/DVN/SSEN5A,dataset,dataset
3205497,DVN/EWRXPU,https://doi.org/10.7910/DVN/EWRXPU,doi,10.7910,/,Harvard Dataverse,2018-10-05,s3://10.7910/DVN/EWRXPU,dataset,dataset
3206977,DVN/OGVWDE,https://doi.org/10.7910/DVN/OGVWDE,doi,10.7910,/,Harvard Dataverse,2018-10-15,s3://10.7910/DVN/OGVWDE,dataset,dataset
3207313,DVN/HUZGPJ,https://doi.org/10.7910/DVN/HUZGPJ,doi,10.7910,/,Harvard Dataverse,2019-01-04,s3://10.7910/DVN/HUZGPJ,dataset,dataset
3211456,DVN/SZ9YXZ,https://doi.org/10.7910/DVN/SZ9YXZ,doi,10.7910,/,Harvard Dataverse,2019-02-04,s3://10.7910/DVN/SZ9YXZ,dataset,dataset
3212882,DVN/ZUH3UG,https://doi.org/10.7910/DVN/ZUH3UG,doi,10.7910,/,Harvard Dataverse,2019-05-06,s3://10.7910/DVN/ZUH3UG,dataset,dataset
3213032,DVN/8KNF3I,https://doi.org/10.7910/DVN/8KNF3I,doi,10.7910,/,Harvard Dataverse,2019-02-12,s3://10.7910/DVN/8KNF3I,dataset,dataset
3213379,DVN/SBOMZD,https://doi.org/10.7910/DVN/SBOMZD,doi,10.7910,/,Harvard Dataverse,2018-09-28,s3://10.7910/DVN/SBOMZD,dataset,dataset
3214195,DVN/ZSJA25,https://doi.org/10.7910/DVN/ZSJA25,doi,10.7910,/,Harvard Dataverse,2018-09-19,s3://10.7910/DVN/ZSJA25,dataset,dataset
3220985,DVN/WPVSMH,https://doi.org/10.7910/DVN/WPVSMH,doi,10.7910,/,Harvard Dataverse,2018-11-28,s3://10.7910/DVN/WPVSMH,dataset,dataset
3221449,DVN/7ZVSYO,https://doi.org/10.7910/DVN/7ZVSYO,doi,10.7910,/,Harvard Dataverse,2019-04-12,s3://10.7910/DVN/7ZVSYO,dataset,dataset
3221518,DVN/9SF3TI,https://doi.org/10.7910/DVN/9SF3TI,doi,10.7910,/,Harvard Dataverse,2019-02-22,s3://10.7910/DVN/9SF3TI,dataset,dataset
3225169,DVN/2VF2J0,https://doi.org/10.7910/DVN/2VF2J0,doi,10.7910,/,Harvard Dataverse,2018-10-09,s3://10.7910/DVN/2VF2J0,dataset,dataset
3230614,DVN/FA8FVF,https://doi.org/10.7910/DVN/FA8FVF,doi,10.7910,/,Harvard Dataverse,2021-03-22,s3://10.7910/DVN/FA8FVF,dataset,dataset
3231321,DVN/WB0RNW,https://doi.org/10.7910/DVN/WB0RNW,doi,10.7910,/,Harvard Dataverse,2019-04-30,s3://10.7910/DVN/WB0RNW,dataset,dataset
3234025,DVN/PB8X8P,https://doi.org/10.7910/DVN/PB8X8P,doi,10.7910,/,Harvard Dataverse,2018-10-22,s3://10.7910/DVN/PB8X8P,dataset,dataset
3235028,DVN/STXADQ,https://doi.org/10.7910/DVN/STXADQ,doi,10.7910,/,Harvard Dataverse,2019-05-01,s3://10.7910/DVN/STXADQ,dataset,dataset
3242534,DVN/ZRZGTT,https://doi.org/10.7910/DVN/ZRZGTT,doi,10.7910,/,Harvard Dataverse,2019-01-16,s3://10.7910/DVN/ZRZGTT,dataset,dataset
3243706,DVN/JQEUBQ,https://doi.org/10.7910/DVN/JQEUBQ,doi,10.7910,/,Harvard Dataverse,2019-03-12,s3://10.7910/DVN/JQEUBQ,dataset,dataset
3246060,DVN/CPVIOF,https://doi.org/10.7910/DVN/CPVIOF,doi,10.7910,/,Harvard Dataverse,2019-03-07,s3://10.7910/DVN/CPVIOF,dataset,dataset
3300763,DVN/WITAGC,https://doi.org/10.7910/DVN/WITAGC,doi,10.7910,/,Harvard Dataverse,2019-03-01,s3://10.7910/DVN/WITAGC,dataset,dataset
3314914,DVN/AGIMGY,https://doi.org/10.7910/DVN/AGIMGY,doi,10.7910,/,Harvard Dataverse,2019-02-04,s3://10.7910/DVN/AGIMGY,dataset,dataset
3315045,DVN/RLLL1V,https://doi.org/10.7910/DVN/RLLL1V,doi,10.7910,/,Harvard Dataverse,2019-04-26,s3://10.7910/DVN/RLLL1V,dataset,dataset
3317245,DVN/YUM3K8,https://doi.org/10.7910/DVN/YUM3K8,doi,10.7910,/,Harvard Dataverse,2019-01-18,s3://10.7910/DVN/YUM3K8,dataset,dataset
3318140,DVN/O6VHZZ,https://doi.org/10.7910/DVN/O6VHZZ,doi,10.7910,/,Harvard Dataverse,2019-06-14,s3://10.7910/DVN/O6VHZZ,dataset,dataset
3319010,DVN/YQYZ6O,https://doi.org/10.7910/DVN/YQYZ6O,doi,10.7910,/,Harvard Dataverse,2019-09-27,s3://10.7910/DVN/YQYZ6O,dataset,dataset
3320260,DVN/FTFJTV,https://doi.org/10.7910/DVN/FTFJTV,doi,10.7910,/,Harvard Dataverse,2019-03-13,s3://10.7910/DVN/FTFJTV,dataset,dataset
3320499,DVN/XJQALC,https://doi.org/10.7910/DVN/XJQALC,doi,10.7910,/,Harvard Dataverse,2019-06-12,s3://10.7910/DVN/XJQALC,dataset,dataset
3326344,DVN/DZ1NFG,https://doi.org/10.7910/DVN/DZ1NFG,doi,10.7910,/,Harvard Dataverse,2019-04-09,s3://10.7910/DVN/DZ1NFG,dataset,dataset
3333795,DVN/VJLVYU,https://doi.org/10.7910/DVN/VJLVYU,doi,10.7910,/,Harvard Dataverse,2019-04-15,s3://10.7910/DVN/VJLVYU,dataset,dataset
3336327,DVN/T8OYHT,https://doi.org/10.7910/DVN/T8OYHT,doi,10.7910,/,Harvard Dataverse,2019-04-15,s3://10.7910/DVN/T8OYHT,dataset,dataset
3352990,DVN/IAPQ3X,https://doi.org/10.7910/DVN/IAPQ3X,doi,10.7910,/,Harvard Dataverse,2019-03-01,s3://10.7910/DVN/IAPQ3X,dataset,dataset
3354948,DVN/BZ9Z2D,https://doi.org/10.7910/DVN/BZ9Z2D,doi,10.7910,/,Harvard Dataverse,2019-05-06,s3://10.7910/DVN/BZ9Z2D,dataset,dataset
3362237,DVN/SYYMJ0,https://doi.org/10.7910/DVN/SYYMJ0,doi,10.7910,/,Harvard Dataverse,2019-11-26,s3://10.7910/DVN/SYYMJ0,dataset,dataset
3365438,DVN/RXXQSQ,https://doi.org/10.7910/DVN/RXXQSQ,doi,10.7910,/,Harvard Dataverse,2019-06-19,s3://10.7910/DVN/RXXQSQ,dataset,dataset
3372432,DVN/SKPPLH,https://doi.org/10.7910/DVN/SKPPLH,doi,10.7910,/,Harvard Dataverse,2019-08-02,s3://10.7910/DVN/SKPPLH,dataset,dataset
3373923,DVN/T21M2M,https://doi.org/10.7910/DVN/T21M2M,doi,10.7910,/,Harvard Dataverse,2019-05-16,s3://10.7910/DVN/T21M2M,dataset,dataset
3373937,DVN/OJA7YS,https://doi.org/10.7910/DVN/OJA7YS,doi,10.7910,/,Harvard Dataverse,2019-07-03,s3://10.7910/DVN/OJA7YS,dataset,dataset
3378930,DVN/6YNZTE,https://doi.org/10.7910/DVN/6YNZTE,doi,10.7910,/,Harvard Dataverse,2019-07-09,s3://10.7910/DVN/6YNZTE,dataset,dataset
3381854,DVN/PGGBB4,https://doi.org/10.7910/DVN/PGGBB4,doi,10.7910,/,Harvard Dataverse,2019-04-26,s3://10.7910/DVN/PGGBB4,dataset,dataset
3383980,DVN/ELG3DE,https://doi.org/10.7910/DVN/ELG3DE,doi,10.7910,/,Harvard Dataverse,2019-10-23,s3://10.7910/DVN/ELG3DE,dataset,dataset
3384118,DVN/PXOT5L,https://doi.org/10.7910/DVN/PXOT5L,doi,10.7910,/,Harvard Dataverse,2019-08-28,s3://10.7910/DVN/PXOT5L,dataset,dataset
3385197,DVN/0QOVCH,https://doi.org/10.7910/DVN/0QOVCH,doi,10.7910,/,Harvard Dataverse,2020-01-09,s3://10.7910/DVN/0QOVCH,dataset,dataset
3385362,DVN/QWLGGN,https://doi.org/10.7910/DVN/QWLGGN,doi,10.7910,/,Harvard Dataverse,2019-10-01,s3://10.7910/DVN/QWLGGN,dataset,dataset
3392501,DVN/HWLW0J,https://doi.org/10.7910/DVN/HWLW0J,doi,10.7910,/,Harvard Dataverse,2019-06-21,s3://10.7910/DVN/HWLW0J,dataset,dataset
3393601,DVN/HS9HW3,https://doi.org/10.7910/DVN/HS9HW3,doi,10.7910,/,Harvard Dataverse,2019-10-31,s3://10.7910/DVN/HS9HW3,dataset,dataset
3410694,DVN/ZBRTJH,https://doi.org/10.7910/DVN/ZBRTJH,doi,10.7910,/,Harvard Dataverse,2019-12-16,s3://10.7910/DVN/ZBRTJH,dataset,dataset
3411078,DVN/M046SB,https://doi.org/10.7910/DVN/M046SB,doi,10.7910,/,Harvard Dataverse,2019-11-12,s3://10.7910/DVN/M046SB,dataset,dataset
3424303,DVN/YU84D7,https://doi.org/10.7910/DVN/YU84D7,doi,10.7910,/,Harvard Dataverse,2019-06-20,s3://10.7910/DVN/YU84D7,dataset,dataset
3424448,DVN/QZNGVJ,https://doi.org/10.7910/DVN/QZNGVJ,doi,10.7910,/,Harvard Dataverse,2019-05-01,s3://10.7910/DVN/QZNGVJ,dataset,dataset
3424522,DVN/KG2APR,https://doi.org/10.7910/DVN/KG2APR,doi,10.7910,/,Harvard Dataverse,2019-12-19,s3://10.7910/DVN/KG2APR,dataset,dataset
3425102,DVN/KKQFKA,https://doi.org/10.7910/DVN/KKQFKA,doi,10.7910,/,Harvard Dataverse,2019-07-30,s3://10.7910/DVN/KKQFKA,dataset,dataset
3425410,DVN/VSVBTP,https://doi.org/10.7910/DVN/VSVBTP,doi,10.7910,/,Harvard Dataverse,2019-08-07,s3://10.7910/DVN/VSVBTP,dataset,dataset
3425887,DVN/8PIIAI,https://doi.org/10.7910/DVN/8PIIAI,doi,10.7910,/,Harvard Dataverse,2019-11-13,s3://10.7910/DVN/8PIIAI,dataset,dataset
3426200,DVN/UYXRI8,https://doi.org/10.7910/DVN/UYXRI8,doi,10.7910,/,Harvard Dataverse,2019-06-17,s3://10.7910/DVN/UYXRI8,dataset,dataset
3428232,DVN/Y3XHB6,https://doi.org/10.7910/DVN/Y3XHB6,doi,10.7910,/,Harvard Dataverse,2019-10-07,s3://10.7910/DVN/Y3XHB6,dataset,dataset
3429380,DVN/6KPFOK,https://doi.org/10.7910/DVN/6KPFOK,doi,10.7910,/,Harvard Dataverse,2019-08-23,s3://10.7910/DVN/6KPFOK,dataset,dataset
3429579,DVN/P5TAFD,https://doi.org/10.7910/DVN/P5TAFD,doi,10.7910,/,Harvard Dataverse,2020-02-28,s3://10.7910/DVN/P5TAFD,dataset,dataset
3430131,DVN/8XT86F,https://doi.org/10.7910/DVN/8XT86F,doi,10.7910,/,Harvard Dataverse,2020-01-24,s3://10.7910/DVN/8XT86F,dataset,dataset
3431862,DVN/OKZMIY,https://doi.org/10.7910/DVN/OKZMIY,doi,10.7910,/,Harvard Dataverse,2019-07-22,s3://10.7910/DVN/OKZMIY,dataset,dataset
3436728,DVN/QBTECH,https://doi.org/10.7910/DVN/QBTECH,doi,10.7910,/,Harvard Dataverse,2019-08-01,s3://10.7910/DVN/QBTECH,dataset,dataset
3440263,DVN/0EIQXL,https://doi.org/10.7910/DVN/0EIQXL,doi,10.7910,/,Harvard Dataverse,2020-02-03,s3://10.7910/DVN/0EIQXL,dataset,dataset
3440500,DVN/8JHA2X,https://doi.org/10.7910/DVN/8JHA2X,doi,10.7910,/,Harvard Dataverse,2019-10-16,s3://10.7910/DVN/8JHA2X,dataset,dataset
3441893,DVN/NOYBCQ,https://doi.org/10.7910/DVN/NOYBCQ,doi,10.7910,/,Harvard Dataverse,2019-08-07,s3://10.7910/DVN/NOYBCQ,dataset,dataset
3442846,DVN/PGFOXW,https://doi.org/10.7910/DVN/PGFOXW,doi,10.7910,/,Harvard Dataverse,2019-08-23,s3://10.7910/DVN/PGFOXW,dataset,dataset
3442973,DVN/HI1CUP,https://doi.org/10.7910/DVN/HI1CUP,doi,10.7910,/,Harvard Dataverse,2019-09-04,s3://10.7910/DVN/HI1CUP,dataset,dataset
3451198,DVN/MB2UKU,https://doi.org/10.7910/DVN/MB2UKU,doi,10.7910,/,Harvard Dataverse,2019-09-30,s3://10.7910/DVN/MB2UKU,dataset,dataset
3460767,DVN/VG3UFZ,https://doi.org/10.7910/DVN/VG3UFZ,doi,10.7910,/,Harvard Dataverse,2019-09-04,s3://10.7910/DVN/VG3UFZ,dataset,dataset
3460769,DVN/Y8KIUK,https://doi.org/10.7910/DVN/Y8KIUK,doi,10.7910,/,Harvard Dataverse,2020-01-17,s3://10.7910/DVN/Y8KIUK,dataset,dataset
3461871,DVN/QYG8ZI,https://doi.org/10.7910/DVN/QYG8ZI,doi,10.7910,/,Harvard Dataverse,2019-08-26,s3://10.7910/DVN/QYG8ZI,dataset,dataset
3464277,DVN/PBQRGQ,https://doi.org/10.7910/DVN/PBQRGQ,doi,10.7910,/,Harvard Dataverse,2019-09-11,s3://10.7910/DVN/PBQRGQ,dataset,dataset
3465778,DVN/KQU3RR,https://doi.org/10.7910/DVN/KQU3RR,doi,10.7910,/,Harvard Dataverse,2019-12-19,s3://10.7910/DVN/KQU3RR,dataset,dataset
3467472,DVN/BQ9M2U,https://doi.org/10.7910/DVN/BQ9M2U,doi,10.7910,/,Harvard Dataverse,2019-11-15,s3://10.7910/DVN/BQ9M2U,dataset,dataset
3475196,DVN/NGTWWJ,https://doi.org/10.7910/DVN/NGTWWJ,doi,10.7910,/,Harvard Dataverse,2019-09-05,s3://10.7910/DVN/NGTWWJ,dataset,dataset
3480189,DVN/UEOK3H,https://doi.org/10.7910/DVN/UEOK3H,doi,10.7910,/,Harvard Dataverse,2019-12-12,s3://10.7910/DVN/UEOK3H,dataset,dataset
3492376,DVN/JYKL9M,https://doi.org/10.7910/DVN/JYKL9M,doi,10.7910,/,Harvard Dataverse,2019-10-16,s3://10.7910/DVN/JYKL9M,dataset,dataset
3535377,DVN/UEARI0,https://doi.org/10.7910/DVN/UEARI0,doi,10.7910,/,Harvard Dataverse,2020-01-29,s3://10.7910/DVN/UEARI0,dataset,dataset
3537332,DVN/RFECVH,https://doi.org/10.7910/DVN/RFECVH,doi,10.7910,/,Harvard Dataverse,2019-10-16,s3://10.7910/DVN/RFECVH,dataset,dataset
3543023,DVN/AH2PEI,https://doi.org/10.7910/DVN/AH2PEI,doi,10.7910,/,Harvard Dataverse,2019-10-14,s3://10.7910/DVN/AH2PEI,dataset,dataset
3562046,DVN/Y82RW8,https://doi.org/10.7910/DVN/Y82RW8,doi,10.7910,/,Harvard Dataverse,2019-12-12,s3://10.7910/DVN/Y82RW8,dataset,dataset
3582245,DVN/MS6ZTZ,https://doi.org/10.7910/DVN/MS6ZTZ,doi,10.7910,/,Harvard Dataverse,2019-11-06,s3://10.7910/DVN/MS6ZTZ,dataset,dataset
3590033,DVN/PMYBBM,https://doi.org/10.7910/DVN/PMYBBM,doi,10.7910,/,Harvard Dataverse,2020-01-17,s3://10.7910/DVN/PMYBBM,dataset,dataset
3594755,DVN/0MXT0H,https://doi.org/10.7910/DVN/0MXT0H,doi,10.7910,/,Harvard Dataverse,2020-01-17,s3://10.7910/DVN/0MXT0H,dataset,dataset
3595487,DVN/9ZZOTW,https://doi.org/10.7910/DVN/9ZZOTW,doi,10.7910,/,Harvard Dataverse,2019-11-26,s3://10.7910/DVN/9ZZOTW,dataset,dataset
3596746,DVN/IKM2A4,https://doi.org/10.7910/DVN/IKM2A4,doi,10.7910,/,Harvard Dataverse,2020-04-08,s3://10.7910/DVN/IKM2A4,dataset,dataset
3597497,DVN/KRIR6G,https://doi.org/10.7910/DVN/KRIR6G,doi,10.7910,/,Harvard Dataverse,2020-04-03,s3://10.7910/DVN/KRIR6G,dataset,dataset
3603377,DVN/KH9N7W,https://doi.org/10.7910/DVN/KH9N7W,doi,10.7910,/,Harvard Dataverse,2020-01-09,s3://10.7910/DVN/KH9N7W,dataset,dataset
3609428,DVN/AZFHYN,https://doi.org/10.7910/DVN/AZFHYN,doi,10.7910,/,Harvard Dataverse,2019-11-25,s3://10.7910/DVN/AZFHYN,dataset,dataset
3609447,DVN/SLXRVJ,https://doi.org/10.7910/DVN/SLXRVJ,doi,10.7910,/,Harvard Dataverse,2020-01-30,s3://10.7910/DVN/SLXRVJ,dataset,dataset
3610703,DVN/U6EC8N,https://doi.org/10.7910/DVN/U6EC8N,doi,10.7910,/,Harvard Dataverse,2020-02-10,s3://10.7910/DVN/U6EC8N,dataset,dataset
3624049,DVN/REXZ8H,https://doi.org/10.7910/DVN/REXZ8H,doi,10.7910,/,Harvard Dataverse,2020-01-21,s3://10.7910/DVN/REXZ8H,dataset,dataset
3630914,DVN/TL0PZD,https://doi.org/10.7910/DVN/TL0PZD,doi,10.7910,/,Harvard Dataverse,2020-04-16,s3://10.7910/DVN/TL0PZD,dataset,dataset
3636920,DVN/Q5PV4U,https://doi.org/10.7910/DVN/Q5PV4U,doi,10.7910,/,Harvard Dataverse,2020-03-09,s3://10.7910/DVN/Q5PV4U,dataset,dataset
3640963,DVN/QEMNP1,https://doi.org/10.7910/DVN/QEMNP1,doi,10.7910,/,Harvard Dataverse,2020-02-24,s3://10.7910/DVN/QEMNP1,dataset,dataset
3644821,DVN/8L1SHV,https://doi.org/10.7910/DVN/8L1SHV,doi,10.7910,/,Harvard Dataverse,2020-04-14,s3://10.7910/DVN/8L1SHV,dataset,dataset
3655214,DVN/QTMOVG,https://doi.org/10.7910/DVN/QTMOVG,doi,10.7910,/,Harvard Dataverse,2020-02-25,s3://10.7910/DVN/QTMOVG,dataset,dataset
3657564,DVN/7GPSCA,https://doi.org/10.7910/DVN/7GPSCA,doi,10.7910,/,Harvard Dataverse,2020-07-06,s3://10.7910/DVN/7GPSCA,dataset,dataset
3658055,DVN/HTMX3K,https://doi.org/10.7910/DVN/HTMX3K,doi,10.7910,/,Harvard Dataverse,2020-03-24,s3://10.7910/DVN/HTMX3K,dataset,dataset
3661386,DVN/9QUMY3,https://doi.org/10.7910/DVN/9QUMY3,doi,10.7910,/,Harvard Dataverse,2020-02-20,s3://10.7910/DVN/9QUMY3,dataset,dataset
3665193,DVN/AV8PLT,https://doi.org/10.7910/DVN/AV8PLT,doi,10.7910,/,Harvard Dataverse,2020-09-18,s3://10.7910/DVN/AV8PLT,dataset,dataset
3669782,DVN/YQSBOA,https://doi.org/10.7910/DVN/YQSBOA,doi,10.7910,/,Harvard Dataverse,2020-03-02,s3://10.7910/DVN/YQSBOA,dataset,dataset
3669910,DVN/ENVKCB,https://doi.org/10.7910/DVN/ENVKCB,doi,10.7910,/,Harvard Dataverse,2020-09-29,s3://10.7910/DVN/ENVKCB,dataset,dataset
3674735,DVN/W08NIR,https://doi.org/10.7910/DVN/W08NIR,doi,10.7910,/,Harvard Dataverse,2020-03-06,s3://10.7910/DVN/W08NIR,dataset,dataset
3676656,DVN/8MV984,https://doi.org/10.7910/DVN/8MV984,doi,10.7910,/,Harvard Dataverse,2020-06-04,s3://10.7910/DVN/8MV984,dataset,dataset
3676859,DVN/33K3EF,https://doi.org/10.7910/DVN/33K3EF,doi,10.7910,/,Harvard Dataverse,2020-09-23,s3://10.7910/DVN/33K3EF,dataset,dataset
3676913,DVN/VJUOOV,https://doi.org/10.7910/DVN/VJUOOV,doi,10.7910,/,Harvard Dataverse,2020-05-08,s3://10.7910/DVN/VJUOOV,dataset,dataset
3679523,DVN/YSS19O,https://doi.org/10.7910/DVN/YSS19O,doi,10.7910,/,Harvard Dataverse,2020-04-08,s3://10.7910/DVN/YSS19O,dataset,dataset
3732466,DVN/NJIXYY,https://doi.org/10.7910/DVN/NJIXYY,doi,10.7910,/,Harvard Dataverse,2022-11-29,s3://10.7910/DVN/NJIXYY,dataset,dataset
3737244,DVN/0MOPI4,https://doi.org/10.7910/DVN/0MOPI4,doi,10.7910,/,Harvard Dataverse,2020-07-07,s3://10.7910/DVN/0MOPI4,dataset,dataset
3737752,DVN/ZEKFG7,https://doi.org/10.7910/DVN/ZEKFG7,doi,10.7910,/,Harvard Dataverse,2020-06-08,s3://10.7910/DVN/ZEKFG7,dataset,dataset
3744205,DVN/NYONTD,https://doi.org/10.7910/DVN/NYONTD,doi,10.7910,/,Harvard Dataverse,2020-05-26,s3://10.7910/DVN/NYONTD,dataset,dataset
3754548,DVN/B9JAV0,https://doi.org/10.7910/DVN/B9JAV0,doi,10.7910,/,Harvard Dataverse,2020-07-21,s3://10.7910/DVN/B9JAV0,dataset,dataset
3758602,DVN/Q5PRNX,https://doi.org/10.7910/DVN/Q5PRNX,doi,10.7910,/,Harvard Dataverse,2020-04-24,s3://10.7910/DVN/Q5PRNX,dataset,dataset
3783161,DVN/Z5BTCQ,https://doi.org/10.7910/DVN/Z5BTCQ,doi,10.7910,/,Harvard Dataverse,2020-06-29,s3://10.7910/DVN/Z5BTCQ,dataset,dataset
3787700,DVN/CL0RU2,https://doi.org/10.7910/DVN/CL0RU2,doi,10.7910,/,Harvard Dataverse,2020-07-09,s3://10.7910/DVN/CL0RU2,dataset,dataset
3790423,DVN/Q40RGF,https://doi.org/10.7910/DVN/Q40RGF,doi,10.7910,/,Harvard Dataverse,2020-06-23,s3://10.7910/DVN/Q40RGF,dataset,dataset
3790501,DVN/6SRI9K,https://doi.org/10.7910/DVN/6SRI9K,doi,10.7910,/,Harvard Dataverse,2020-05-01,s3://10.7910/DVN/6SRI9K,dataset,dataset
3790783,DVN/V8C2HB,https://doi.org/10.7910/DVN/V8C2HB,doi,10.7910,/,Harvard Dataverse,2020-06-16,s3://10.7910/DVN/V8C2HB,dataset,dataset
3796292,DVN/OJUCRU,https://doi.org/10.7910/DVN/OJUCRU,doi,10.7910,/,Harvard Dataverse,2020-07-17,s3://10.7910/DVN/OJUCRU,dataset,dataset
3806886,DVN/4RQWXW,https://doi.org/10.7910/DVN/4RQWXW,doi,10.7910,/,Harvard Dataverse,2020-06-19,s3://10.7910/DVN/4RQWXW,dataset,dataset
3808674,DVN/JIFKOU,https://doi.org/10.7910/DVN/JIFKOU,doi,10.7910,/,Harvard Dataverse,2020-07-02,s3://10.7910/DVN/JIFKOU,dataset,dataset
3823087,DVN/79RI4R,https://doi.org/10.7910/DVN/79RI4R,doi,10.7910,/,Harvard Dataverse,2020-08-14,s3://10.7910/DVN/79RI4R,dataset,dataset
3835311,DVN/ZWKCPA,https://doi.org/10.7910/DVN/ZWKCPA,doi,10.7910,/,Harvard Dataverse,2020-08-26,s3://10.7910/DVN/ZWKCPA,dataset,dataset
3840466,DVN/8LKROK,https://doi.org/10.7910/DVN/8LKROK,doi,10.7910,/,Harvard Dataverse,2020-09-10,s3://10.7910/DVN/8LKROK,dataset,dataset
3842945,DVN/93GVWI,https://doi.org/10.7910/DVN/93GVWI,doi,10.7910,/,Harvard Dataverse,2020-07-06,s3://10.7910/DVN/93GVWI,dataset,dataset
3850271,DVN/WR97GH,https://doi.org/10.7910/DVN/WR97GH,doi,10.7910,/,Harvard Dataverse,2020-10-28,s3://10.7910/DVN/WR97GH,dataset,dataset
3851695,DVN/IN2E8O,https://doi.org/10.7910/DVN/IN2E8O,doi,10.7910,/,Harvard Dataverse,2021-01-05,s3://10.7910/DVN/IN2E8O,dataset,dataset
3853209,DVN/S3HACJ,https://doi.org/10.7910/DVN/S3HACJ,doi,10.7910,/,Harvard Dataverse,2020-08-27,s3://10.7910/DVN/S3HACJ,dataset,dataset
3867379,DVN/WK0DA7,https://doi.org/10.7910/DVN/WK0DA7,doi,10.7910,/,Harvard Dataverse,2020-11-25,s3://10.7910/DVN/WK0DA7,dataset,dataset
3870107,DVN/O059HN,https://doi.org/10.7910/DVN/O059HN,doi,10.7910,/,Harvard Dataverse,2020-11-06,s3://10.7910/DVN/O059HN,dataset,dataset
3874120,DVN/4NEPI7,https://doi.org/10.7910/DVN/4NEPI7,doi,10.7910,/,Harvard Dataverse,2020-09-23,s3://10.7910/DVN/4NEPI7,dataset,dataset
3875429,DVN/5S1HRF,https://doi.org/10.7910/DVN/5S1HRF,doi,10.7910,/,Harvard Dataverse,2020-07-29,s3://10.7910/DVN/5S1HRF,dataset,dataset
3878495,DVN/CGHTPZ,https://doi.org/10.7910/DVN/CGHTPZ,doi,10.7910,/,Harvard Dataverse,2021-04-05,s3://10.7910/DVN/CGHTPZ,dataset,dataset
3878856,DVN/FITPUI,https://doi.org/10.7910/DVN/FITPUI,doi,10.7910,/,Harvard Dataverse,2020-08-24,s3://10.7910/DVN/FITPUI,dataset,dataset
3891662,DVN/FXI5ZO,https://doi.org/10.7910/DVN/FXI5ZO,doi,10.7910,/,Harvard Dataverse,2020-10-08,s3://10.7910/DVN/FXI5ZO,dataset,dataset
3892253,DVN/QAJQXP,https://doi.org/10.7910/DVN/QAJQXP,doi,10.7910,/,Harvard Dataverse,2020-11-17,s3://10.7910/DVN/QAJQXP,dataset,dataset
3904158,DVN/ZFE3NE,https://doi.org/10.7910/DVN/ZFE3NE,doi,10.7910,/,Harvard Dataverse,2020-11-25,s3://10.7910/DVN/ZFE3NE,dataset,dataset
3904482,DVN/G9ITHD,https://doi.org/10.7910/DVN/G9ITHD,doi,10.7910,/,Harvard Dataverse,2020-11-25,s3://10.7910/DVN/G9ITHD,dataset,dataset
3969694,DVN/MQRHUZ,https://doi.org/10.7910/DVN/MQRHUZ,doi,10.7910,/,Harvard Dataverse,2020-10-23,s3://10.7910/DVN/MQRHUZ,dataset,dataset
3978246,DVN/UMP7YP,https://doi.org/10.7910/DVN/UMP7YP,doi,10.7910,/,Harvard Dataverse,2020-10-29,s3://10.7910/DVN/UMP7YP,dataset,dataset
3983610,DVN/RJKIUP,https://doi.org/10.7910/DVN/RJKIUP,doi,10.7910,/,Harvard Dataverse,2020-09-18,s3://10.7910/DVN/RJKIUP,dataset,dataset
3984230,DVN/UTRXT7,https://doi.org/10.7910/DVN/UTRXT7,doi,10.7910,/,Harvard Dataverse,2021-01-04,s3://10.7910/DVN/UTRXT7,dataset,dataset
3994280,DVN/B8TWK2,https://doi.org/10.7910/DVN/B8TWK2,doi,10.7910,/,Harvard Dataverse,2020-10-12,s3://10.7910/DVN/B8TWK2,dataset,dataset
3998701,DVN/EYAWES,https://doi.org/10.7910/DVN/EYAWES,doi,10.7910,/,Harvard Dataverse,2021-02-22,s3://10.7910/DVN/EYAWES,dataset,dataset
4002737,DVN/LHOTOK,https://doi.org/10.7910/DVN/LHOTOK,doi,10.7910,/,Harvard Dataverse,2020-10-28,s3://10.7910/DVN/LHOTOK,dataset,dataset
4026710,DVN/CMUHBU,https://doi.org/10.7910/DVN/CMUHBU,doi,10.7910,/,Harvard Dataverse,2020-12-16,s3://10.7910/DVN/CMUHBU,dataset,dataset
4031797,DVN/QOVWMM,https://doi.org/10.7910/DVN/QOVWMM,doi,10.7910,/,Harvard Dataverse,2021-01-06,s3://10.7910/DVN/QOVWMM,dataset,dataset
4034904,DVN/EGUVG0,https://doi.org/10.7910/DVN/EGUVG0,doi,10.7910,/,Harvard Dataverse,2023-02-14,s3://10.7910/DVN/EGUVG0,dataset,dataset
4053634,DVN/3E7JXB,https://doi.org/10.7910/DVN/3E7JXB,doi,10.7910,/,Harvard Dataverse,2021-05-25,s3://10.7910/DVN/3E7JXB,dataset,dataset
4054141,DVN/TUSXIG,https://doi.org/10.7910/DVN/TUSXIG,doi,10.7910,/,Harvard Dataverse,2020-10-26,s3://10.7910/DVN/TUSXIG,dataset,dataset
4063000,DVN/ZLHYSZ,https://doi.org/10.7910/DVN/ZLHYSZ,doi,10.7910,/,Harvard Dataverse,2021-01-08,s3://10.7910/DVN/ZLHYSZ,dataset,dataset
4078243,DVN/SLWCLZ,https://doi.org/10.7910/DVN/SLWCLZ,doi,10.7910,/,Harvard Dataverse,2021-04-19,s3://10.7910/DVN/SLWCLZ,dataset,dataset
4082007,DVN/ZHOL6Y,https://doi.org/10.7910/DVN/ZHOL6Y,doi,10.7910,/,Harvard Dataverse,2021-01-04,s3://10.7910/DVN/ZHOL6Y,dataset,dataset
4082188,DVN/BFEBHQ,https://doi.org/10.7910/DVN/BFEBHQ,doi,10.7910,/,Harvard Dataverse,2020-10-28,s3://10.7910/DVN/BFEBHQ,dataset,dataset
4093147,DVN/PIMURE,https://doi.org/10.7910/DVN/PIMURE,doi,10.7910,/,Harvard Dataverse,2020-10-28,s3://10.7910/DVN/PIMURE,dataset,dataset
4099737,DVN/QXJDJ5,https://doi.org/10.7910/DVN/QXJDJ5,doi,10.7910,/,Harvard Dataverse,2020-12-09,s3://10.7910/DVN/QXJDJ5,dataset,dataset
4142013,DVN/BN1GVD,https://doi.org/10.7910/DVN/BN1GVD,doi,10.7910,/,Harvard Dataverse,2021-01-26,s3://10.7910/DVN/BN1GVD,dataset,dataset
4142918,DVN/HAKD7W,https://doi.org/10.7910/DVN/HAKD7W,doi,10.7910,/,Harvard Dataverse,2021-04-05,s3://10.7910/DVN/HAKD7W,dataset,dataset
4143195,DVN/H8HM6P,https://doi.org/10.7910/DVN/H8HM6P,doi,10.7910,/,Harvard Dataverse,2021-01-07,s3://10.7910/DVN/H8HM6P,dataset,dataset
4150098,DVN/UIFXGX,https://doi.org/10.7910/DVN/UIFXGX,doi,10.7910,/,Harvard Dataverse,2020-12-04,s3://10.7910/DVN/UIFXGX,dataset,dataset
4159174,DVN/ED5O5U,https://doi.org/10.7910/DVN/ED5O5U,doi,10.7910,/,Harvard Dataverse,2021-04-13,s3://10.7910/DVN/ED5O5U,dataset,dataset
4165429,DVN/DL8SZL,https://doi.org/10.7910/DVN/DL8SZL,doi,10.7910,/,Harvard Dataverse,2021-04-14,s3://10.7910/DVN/DL8SZL,dataset,dataset
4171670,DVN/PXIMVL,https://doi.org/10.7910/DVN/PXIMVL,doi,10.7910,/,Harvard Dataverse,2020-12-11,s3://10.7910/DVN/PXIMVL,dataset,dataset
4174153,DVN/XTWZZX,https://doi.org/10.7910/DVN/XTWZZX,doi,10.7910,/,Harvard Dataverse,2021-02-22,s3://10.7910/DVN/XTWZZX,dataset,dataset
4190285,DVN/XOCNK1,https://doi.org/10.7910/DVN/XOCNK1,doi,10.7910,/,Harvard Dataverse,2021-02-26,s3://10.7910/DVN/XOCNK1,dataset,dataset
4192531,DVN/TEPAK4,https://doi.org/10.7910/DVN/TEPAK4,doi,10.7910,/,Harvard Dataverse,2021-02-12,s3://10.7910/DVN/TEPAK4,dataset,dataset
4192915,DVN/EBIHBT,https://doi.org/10.7910/DVN/EBIHBT,doi,10.7910,/,Harvard Dataverse,2021-02-10,s3://10.7910/DVN/EBIHBT,dataset,dataset
4204852,DVN/IDI93S,https://doi.org/10.7910/DVN/IDI93S,doi,10.7910,/,Harvard Dataverse,2021-03-15,s3://10.7910/DVN/IDI93S,dataset,dataset
4214579,DVN/YFPQJH,https://doi.org/10.7910/DVN/YFPQJH,doi,10.7910,/,Harvard Dataverse,2021-03-05,s3://10.7910/DVN/YFPQJH,dataset,dataset
4261082,DVN/OWVXUD,https://doi.org/10.7910/DVN/OWVXUD,doi,10.7910,/,Harvard Dataverse,2021-09-24,s3://10.7910/DVN/OWVXUD,dataset,dataset
4280088,DVN/YE8VC9,https://doi.org/10.7910/DVN/YE8VC9,doi,10.7910,/,Harvard Dataverse,2021-04-15,s3://10.7910/DVN/YE8VC9,dataset,dataset
4288008,DVN/IMBQJB,https://doi.org/10.7910/DVN/IMBQJB,doi,10.7910,/,Harvard Dataverse,2021-03-05,s3://10.7910/DVN/IMBQJB,dataset,dataset
4288470,DVN/KDUMRM,https://doi.org/10.7910/DVN/KDUMRM,doi,10.7910,/,Harvard Dataverse,2021-05-19,s3://10.7910/DVN/KDUMRM,dataset,dataset
4298459,DVN/QTUF6D,https://doi.org/10.7910/DVN/QTUF6D,doi,10.7910,/,Harvard Dataverse,2021-03-15,s3://10.7910/DVN/QTUF6D,dataset,dataset
4304110,DVN/GT8NDD,https://doi.org/10.7910/DVN/GT8NDD,doi,10.7910,/,Harvard Dataverse,2021-03-22,s3://10.7910/DVN/GT8NDD,dataset,dataset
4304618,DVN/HFVIYA,https://doi.org/10.7910/DVN/HFVIYA,doi,10.7910,/,Harvard Dataverse,2021-07-20,s3://10.7910/DVN/HFVIYA,dataset,dataset
4304637,DVN/LBAV1Q,https://doi.org/10.7910/DVN/LBAV1Q,doi,10.7910,/,Harvard Dataverse,2021-04-28,s3://10.7910/DVN/LBAV1Q,dataset,dataset
4306424,DVN/RRV0JZ,https://doi.org/10.7910/DVN/RRV0JZ,doi,10.7910,/,Harvard Dataverse,2021-10-20,s3://10.7910/DVN/RRV0JZ,dataset,dataset
4318874,DVN/S3M5AX,https://doi.org/10.7910/DVN/S3M5AX,doi,10.7910,/,Harvard Dataverse,2021-04-28,s3://10.7910/DVN/S3M5AX,dataset,dataset
4361863,DVN/MVDWCS,https://doi.org/10.7910/DVN/MVDWCS,doi,10.7910,/,Harvard Dataverse,2021-05-07,s3://10.7910/DVN/MVDWCS,dataset,dataset
4373814,DVN/JHJJW0,https://doi.org/10.7910/DVN/JHJJW0,doi,10.7910,/,Harvard Dataverse,2021-04-14,s3://10.7910/DVN/JHJJW0,dataset,dataset
4376010,DVN/KVPF3F,https://doi.org/10.7910/DVN/KVPF3F,doi,10.7910,/,Harvard Dataverse,2021-05-12,s3://10.7910/DVN/KVPF3F,dataset,dataset
4376560,DVN/HFXXEF,https://doi.org/10.7910/DVN/HFXXEF,doi,10.7910,/,Harvard Dataverse,2021-09-13,s3://10.7910/DVN/HFXXEF,dataset,dataset
4404592,DVN/7M6NIP,https://doi.org/10.7910/DVN/7M6NIP,doi,10.7910,/,Harvard Dataverse,2021-06-03,s3://10.7910/DVN/7M6NIP,dataset,dataset
4410887,DVN/AWSQTW,https://doi.org/10.7910/DVN/AWSQTW,doi,10.7910,/,Harvard Dataverse,2021-05-05,s3://10.7910/DVN/AWSQTW,dataset,dataset
4411971,DVN/WFELNG,https://doi.org/10.7910/DVN/WFELNG,doi,10.7910,/,Harvard Dataverse,2021-04-19,s3://10.7910/DVN/WFELNG,dataset,dataset
4414776,DVN/8LXNQK,https://doi.org/10.7910/DVN/8LXNQK,doi,10.7910,/,Harvard Dataverse,2021-05-12,s3://10.7910/DVN/8LXNQK,dataset,dataset
4417342,DVN/RIXENU,https://doi.org/10.7910/DVN/RIXENU,doi,10.7910,/,Harvard Dataverse,2021-06-03,s3://10.7910/DVN/RIXENU,dataset,dataset
4434834,DVN/NKCDCO,https://doi.org/10.7910/DVN/NKCDCO,doi,10.7910,/,Harvard Dataverse,2022-01-04,s3://10.7910/DVN/NKCDCO,dataset,dataset
4435215,DVN/MYM5OB,https://doi.org/10.7910/DVN/MYM5OB,doi,10.7910,/,Harvard Dataverse,2021-07-07,s3://10.7910/DVN/MYM5OB,dataset,dataset
4443560,DVN/EF7R0Z,https://doi.org/10.7910/DVN/EF7R0Z,doi,10.7910,/,Harvard Dataverse,2021-07-28,s3://10.7910/DVN/EF7R0Z,dataset,dataset
4443630,DVN/0ONBF6,https://doi.org/10.7910/DVN/0ONBF6,doi,10.7910,/,Harvard Dataverse,2021-09-13,s3://10.7910/DVN/0ONBF6,dataset,dataset
4455617,DVN/T0R1GE,https://doi.org/10.7910/DVN/T0R1GE,doi,10.7910,/,Harvard Dataverse,2021-07-12,s3://10.7910/DVN/T0R1GE,dataset,dataset
4469700,DVN/DFGQVW,https://doi.org/10.7910/DVN/DFGQVW,doi,10.7910,/,Harvard Dataverse,2021-10-14,s3://10.7910/DVN/DFGQVW,dataset,dataset
4498407,DVN/JQGLHX,https://doi.org/10.7910/DVN/JQGLHX,doi,10.7910,/,Harvard Dataverse,2021-12-10,s3://10.7910/DVN/JQGLHX,dataset,dataset
4498533,DVN/MIOVA9,https://doi.org/10.7910/DVN/MIOVA9,doi,10.7910,/,Harvard Dataverse,2021-06-03,s3://10.7910/DVN/MIOVA9,dataset,dataset
4508702,DVN/3GZMQW,https://doi.org/10.7910/DVN/3GZMQW,doi,10.7910,/,Harvard Dataverse,2021-09-02,s3://10.7910/DVN/3GZMQW,dataset,dataset
4549734,DVN/DQTIR4,https://doi.org/10.7910/DVN/DQTIR4,doi,10.7910,/,Harvard Dataverse,2021-08-16,s3://10.7910/DVN/DQTIR4,dataset,dataset
4550280,DVN/Y10EQV,https://doi.org/10.7910/DVN/Y10EQV,doi,10.7910,/,Harvard Dataverse,2021-08-19,s3://10.7910/DVN/Y10EQV,dataset,dataset
4552116,DVN/MMYAOY,https://doi.org/10.7910/DVN/MMYAOY,doi,10.7910,/,Harvard Dataverse,2021-07-16,s3://10.7910/DVN/MMYAOY,dataset,dataset
4556081,DVN/KU4OCK,https://doi.org/10.7910/DVN/KU4OCK,doi,10.7910,/,Harvard Dataverse,2021-05-29,s3://10.7910/DVN/KU4OCK,dataset,dataset
4583876,DVN/7SYM1H,https://doi.org/10.7910/DVN/7SYM1H,doi,10.7910,/,Harvard Dataverse,2021-08-30,s3://10.7910/DVN/7SYM1H,dataset,dataset
4621802,DVN/XF2YFQ,https://doi.org/10.7910/DVN/XF2YFQ,doi,10.7910,/,Harvard Dataverse,2021-11-05,s3://10.7910/DVN/XF2YFQ,dataset,dataset
4724349,DVN/IPWGL3,https://doi.org/10.7910/DVN/IPWGL3,doi,10.7910,/,Harvard Dataverse,2021-06-22,s3://10.7910/DVN/IPWGL3,dataset,dataset
4724433,DVN/UVFOWU,https://doi.org/10.7910/DVN/UVFOWU,doi,10.7910,/,Harvard Dataverse,2021-09-13,s3://10.7910/DVN/UVFOWU,dataset,dataset
4745957,DVN/EZNXW1,https://doi.org/10.7910/DVN/EZNXW1,doi,10.7910,/,Harvard Dataverse,2021-07-26,s3://10.7910/DVN/EZNXW1,dataset,dataset
4775981,DVN/KL36TP,https://doi.org/10.7910/DVN/KL36TP,doi,10.7910,/,Harvard Dataverse,2021-12-02,s3://10.7910/DVN/KL36TP,dataset,dataset
4788630,DVN/BTPZFF,https://doi.org/10.7910/DVN/BTPZFF,doi,10.7910,/,Harvard Dataverse,2021-11-01,s3://10.7910/DVN/BTPZFF,dataset,dataset
4790321,DVN/LFLCMA,https://doi.org/10.7910/DVN/LFLCMA,doi,10.7910,/,Harvard Dataverse,2021-10-08,s3://10.7910/DVN/LFLCMA,dataset,dataset
4791860,DVN/OENR84,https://doi.org/10.7910/DVN/OENR84,doi,10.7910,/,Harvard Dataverse,2021-08-20,s3://10.7910/DVN/OENR84,dataset,dataset
4824585,DVN/QNG2V0,https://doi.org/10.7910/DVN/QNG2V0,doi,10.7910,/,Harvard Dataverse,2021-08-31,s3://10.7910/DVN/QNG2V0,dataset,dataset
4880217,DVN/1SQ68U,https://doi.org/10.7910/DVN/1SQ68U,doi,10.7910,/,Harvard Dataverse,2021-10-13,s3://10.7910/DVN/1SQ68U,dataset,dataset
4883388,DVN/RWFBYV,https://doi.org/10.7910/DVN/RWFBYV,doi,10.7910,/,Harvard Dataverse,2021-10-05,s3://10.7910/DVN/RWFBYV,dataset,dataset
4883503,DVN/OL16K3,https://doi.org/10.7910/DVN/OL16K3,doi,10.7910,/,Harvard Dataverse,2021-09-28,s3://10.7910/DVN/OL16K3,dataset,dataset
4886978,DVN/ZLAJP6,https://doi.org/10.7910/DVN/ZLAJP6,doi,10.7910,/,Harvard Dataverse,2021-10-13,s3://10.7910/DVN/ZLAJP6,dataset,dataset
4896083,DVN/HNVBZG,https://doi.org/10.7910/DVN/HNVBZG,doi,10.7910,/,Harvard Dataverse,2022-04-11,s3://10.7910/DVN/HNVBZG,dataset,dataset
4931105,DVN/WPF4RC,https://doi.org/10.7910/DVN/WPF4RC,doi,10.7910,/,Harvard Dataverse,2021-10-08,s3://10.7910/DVN/WPF4RC,dataset,dataset
4931521,DVN/BTE2BK,https://doi.org/10.7910/DVN/BTE2BK,doi,10.7910,/,Harvard Dataverse,2021-12-10,s3://10.7910/DVN/BTE2BK,dataset,dataset
4950742,DVN/PTHMQU,https://doi.org/10.7910/DVN/PTHMQU,doi,10.7910,/,Harvard Dataverse,2021-10-27,s3://10.7910/DVN/PTHMQU,dataset,dataset
4957545,DVN/POMIFD,https://doi.org/10.7910/DVN/POMIFD,doi,10.7910,/,Harvard Dataverse,2022-01-21,s3://10.7910/DVN/POMIFD,dataset,dataset
4999551,DVN/ZTDHVE,https://doi.org/10.7910/DVN/ZTDHVE,doi,10.7910,/,Harvard Dataverse,2021-10-13,s3://10.7910/DVN/ZTDHVE,dataset,dataset
5004725,DVN/UQPIKX,https://doi.org/10.7910/DVN/UQPIKX,doi,10.7910,/,Harvard Dataverse,2021-11-05,s3://10.7910/DVN/UQPIKX,dataset,dataset
5145550,DVN/K4L5YI,https://doi.org/10.7910/DVN/K4L5YI,doi,10.7910,/,Harvard Dataverse,2021-11-19,s3://10.7910/DVN/K4L5YI,dataset,dataset
5212386,DVN/FVRZYU,https://doi.org/10.7910/DVN/FVRZYU,doi,10.7910,/,Harvard Dataverse,2022-01-13,s3://10.7910/DVN/FVRZYU,dataset,dataset
5254445,DVN/DR0YF2,https://doi.org/10.7910/DVN/DR0YF2,doi,10.7910,/,Harvard Dataverse,2022-03-22,s3://10.7910/DVN/DR0YF2,dataset,dataset
5341979,DVN/WMPXIW,https://doi.org/10.7910/DVN/WMPXIW,doi,10.7910,/,Harvard Dataverse,2022-02-24,s3://10.7910/DVN/WMPXIW,dataset,dataset
5342903,DVN/MEIMWN,https://doi.org/10.7910/DVN/MEIMWN,doi,10.7910,/,Harvard Dataverse,2022-06-01,s3://10.7910/DVN/MEIMWN,dataset,dataset
5371176,DVN/CZDGR2,https://doi.org/10.7910/DVN/CZDGR2,doi,10.7910,/,Harvard Dataverse,2022-01-04,s3://10.7910/DVN/CZDGR2,dataset,dataset
5414334,DVN/2IVKXD,https://doi.org/10.7910/DVN/2IVKXD,doi,10.7910,/,Harvard Dataverse,2021-12-10,s3://10.7910/DVN/2IVKXD,dataset,dataset
5415989,DVN/9D1L1V,https://doi.org/10.7910/DVN/9D1L1V,doi,10.7910,/,Harvard Dataverse,2022-03-31,s3://10.7910/DVN/9D1L1V,dataset,dataset
5426337,DVN/XGXEN6,https://doi.org/10.7910/DVN/XGXEN6,doi,10.7910,/,Harvard Dataverse,2022-03-15,s3://10.7910/DVN/XGXEN6,dataset,dataset
5617313,DVN/TZVDUQ,https://doi.org/10.7910/DVN/TZVDUQ,doi,10.7910,/,Harvard Dataverse,2022-03-22,s3://10.7910/DVN/TZVDUQ,dataset,dataset
5626129,DVN/KRNGAS,https://doi.org/10.7910/DVN/KRNGAS,doi,10.7910,/,Harvard Dataverse,2022-02-23,s3://10.7910/DVN/KRNGAS,dataset,dataset
5741326,DVN/3AOBP2,https://doi.org/10.7910/DVN/3AOBP2,doi,10.7910,/,Harvard Dataverse,2022-04-11,s3://10.7910/DVN/3AOBP2,dataset,dataset
5746019,DVN/TTPEOE,https://doi.org/10.7910/DVN/TTPEOE,doi,10.7910,/,Harvard Dataverse,2022-03-07,s3://10.7910/DVN/TTPEOE,dataset,dataset
5791318,DVN/WJINZP,https://doi.org/10.7910/DVN/WJINZP,doi,10.7910,/,Harvard Dataverse,2022-03-10,s3://10.7910/DVN/WJINZP,dataset,dataset
5794561,DVN/MWS8QF,https://doi.org/10.7910/DVN/MWS8QF,doi,10.7910,/,Harvard Dataverse,2022-03-23,s3://10.7910/DVN/MWS8QF,dataset,dataset
5797362,DVN/HX6YRD,https://doi.org/10.7910/DVN/HX6YRD,doi,10.7910,/,Harvard Dataverse,2022-06-09,s3://10.7910/DVN/HX6YRD,dataset,dataset
5804946,DVN/LLPKNG,https://doi.org/10.7910/DVN/LLPKNG,doi,10.7910,/,Harvard Dataverse,2022-05-02,s3://10.7910/DVN/LLPKNG,dataset,dataset
6021874,DVN/DAYSCX,https://doi.org/10.7910/DVN/DAYSCX,doi,10.7910,/,Harvard Dataverse,2022-05-02,s3://10.7910/DVN/DAYSCX,dataset,dataset
6038473,DVN/2THQJN,https://doi.org/10.7910/DVN/2THQJN,doi,10.7910,/,Harvard Dataverse,2022-08-02,s3://10.7910/DVN/2THQJN,dataset,dataset
6038518,DVN/0UTWWV,https://doi.org/10.7910/DVN/0UTWWV,doi,10.7910,/,Harvard Dataverse,2022-03-17,s3://10.7910/DVN/0UTWWV,dataset,dataset
6041403,DVN/SQTQBA,https://doi.org/10.7910/DVN/SQTQBA,doi,10.7910,/,Harvard Dataverse,2022-03-18,s3://10.7910/DVN/SQTQBA,dataset,dataset
6050042,DVN/10VFQX,https://doi.org/10.7910/DVN/10VFQX,doi,10.7910,/,Harvard Dataverse,2022-05-04,s3://10.7910/DVN/10VFQX,dataset,dataset
6054789,DVN/ZVC9W5,https://doi.org/10.7910/DVN/ZVC9W5,doi,10.7910,/,Harvard Dataverse,2022-05-02,s3://10.7910/DVN/ZVC9W5,dataset,dataset
6103673,DVN/SZ3K77,https://doi.org/10.7910/DVN/SZ3K77,doi,10.7910,/,Harvard Dataverse,2022-06-17,s3://10.7910/DVN/SZ3K77,dataset,dataset
6103695,DVN/RK66RN,https://doi.org/10.7910/DVN/RK66RN,doi,10.7910,/,Harvard Dataverse,2022-08-08,s3://10.7910/DVN/RK66RN,dataset,dataset
6153078,DVN/RKMKXU,https://doi.org/10.7910/DVN/RKMKXU,doi,10.7910,/,Harvard Dataverse,2022-04-26,s3://10.7910/DVN/RKMKXU,dataset,dataset
6153878,DVN/G8F3SN,https://doi.org/10.7910/DVN/G8F3SN,doi,10.7910,/,Harvard Dataverse,2022-12-09,s3://10.7910/DVN/G8F3SN,dataset,dataset
6154981,DVN/YLUNSN,https://doi.org/10.7910/DVN/YLUNSN,doi,10.7910,/,Harvard Dataverse,2022-08-11,s3://10.7910/DVN/YLUNSN,dataset,dataset
6156822,DVN/VA00ZI,https://doi.org/10.7910/DVN/VA00ZI,doi,10.7910,/,Harvard Dataverse,2022-11-10,s3://10.7910/DVN/VA00ZI,dataset,dataset
6157015,DVN/EGXUBU,https://doi.org/10.7910/DVN/EGXUBU,doi,10.7910,/,Harvard Dataverse,2022-04-05,s3://10.7910/DVN/EGXUBU,dataset,dataset
6157699,DVN/IOVCO4,https://doi.org/10.7910/DVN/IOVCO4,doi,10.7910,/,Harvard Dataverse,2022-06-09,s3://10.7910/DVN/IOVCO4,dataset,dataset
6160873,DVN/ESRIBE,https://doi.org/10.7910/DVN/ESRIBE,doi,10.7910,/,Harvard Dataverse,2022-07-19,s3://10.7910/DVN/ESRIBE,dataset,dataset
6175759,DVN/5M10KG,https://doi.org/10.7910/DVN/5M10KG,doi,10.7910,/,Harvard Dataverse,2022-06-02,s3://10.7910/DVN/5M10KG,dataset,dataset
6190770,DVN/WI7WN0,https://doi.org/10.7910/DVN/WI7WN0,doi,10.7910,/,Harvard Dataverse,2022-08-09,s3://10.7910/DVN/WI7WN0,dataset,dataset
6190995,DVN/4EZPKF,https://doi.org/10.7910/DVN/4EZPKF,doi,10.7910,/,Harvard Dataverse,2022-09-09,s3://10.7910/DVN/4EZPKF,dataset,dataset
6285167,DVN/VSQUJG,https://doi.org/10.7910/DVN/VSQUJG,doi,10.7910,/,Harvard Dataverse,2022-11-14,s3://10.7910/DVN/VSQUJG,dataset,dataset
6289186,DVN/KFSNWU,https://doi.org/10.7910/DVN/KFSNWU,doi,10.7910,/,Harvard Dataverse,2022-08-24,s3://10.7910/DVN/KFSNWU,dataset,dataset
6289451,DVN/88XL3K,https://doi.org/10.7910/DVN/88XL3K,doi,10.7910,/,Harvard Dataverse,2023-01-17,s3://10.7910/DVN/88XL3K,dataset,dataset
6297211,DVN/R3XPEJ,https://doi.org/10.7910/DVN/R3XPEJ,doi,10.7910,/,Harvard Dataverse,2022-07-29,s3://10.7910/DVN/R3XPEJ,dataset,dataset
6303047,DVN/4MZQYH,https://doi.org/10.7910/DVN/4MZQYH,doi,10.7910,/,Harvard Dataverse,2022-07-26,s3://10.7910/DVN/4MZQYH,dataset,dataset
6304968,DVN/DWYLME,https://doi.org/10.7910/DVN/DWYLME,doi,10.7910,/,Harvard Dataverse,2022-12-06,s3://10.7910/DVN/DWYLME,dataset,dataset
6315521,DVN/IVILML,https://doi.org/10.7910/DVN/IVILML,doi,10.7910,/,Harvard Dataverse,2023-05-09,s3://10.7910/DVN/IVILML,dataset,dataset
6315879,DVN/2E4MOZ,https://doi.org/10.7910/DVN/2E4MOZ,doi,10.7910,/,Harvard Dataverse,2023-02-21,s3://10.7910/DVN/2E4MOZ,dataset,dataset
6317245,DVN/KXDRXB,https://doi.org/10.7910/DVN/KXDRXB,doi,10.7910,/,Harvard Dataverse,2022-09-13,s3://10.7910/DVN/KXDRXB,dataset,dataset
6345077,DVN/GTSYTZ,https://doi.org/10.7910/DVN/GTSYTZ,doi,10.7910,/,Harvard Dataverse,2022-10-11,s3://10.7910/DVN/GTSYTZ,dataset,dataset
6357831,DVN/GHJ8JL,https://doi.org/10.7910/DVN/GHJ8JL,doi,10.7910,/,Harvard Dataverse,2022-11-02,s3://10.7910/DVN/GHJ8JL,dataset,dataset
6359669,DVN/VOO3TD,https://doi.org/10.7910/DVN/VOO3TD,doi,10.7910,/,Harvard Dataverse,2022-12-19,s3://10.7910/DVN/VOO3TD,dataset,dataset
6361224,DVN/C7A5TN,https://doi.org/10.7910/DVN/C7A5TN,doi,10.7910,/,Harvard Dataverse,2022-11-29,s3://10.7910/DVN/C7A5TN,dataset,dataset
6380999,DVN/GRVR99,https://doi.org/10.7910/DVN/GRVR99,doi,10.7910,/,Harvard Dataverse,2023-01-09,s3://10.7910/DVN/GRVR99,dataset,dataset
6390606,DVN/RKNNVL,https://doi.org/10.7910/DVN/RKNNVL,doi,10.7910,/,Harvard Dataverse,2023-01-31,s3://10.7910/DVN/RKNNVL,dataset,dataset
6392006,DVN/AOEUNN,https://doi.org/10.7910/DVN/AOEUNN,doi,10.7910,/,Harvard Dataverse,2023-02-03,s3://10.7910/DVN/AOEUNN,dataset,dataset
6402182,DVN/A11CD5,https://doi.org/10.7910/DVN/A11CD5,doi,10.7910,/,Harvard Dataverse,2022-11-04,s3://10.7910/DVN/A11CD5,dataset,dataset
6405089,DVN/XNCQR8,https://doi.org/10.7910/DVN/XNCQR8,doi,10.7910,/,Harvard Dataverse,2023-02-09,s3://10.7910/DVN/XNCQR8,dataset,dataset
6411243,DVN/AQ2P12,https://doi.org/10.7910/DVN/AQ2P12,doi,10.7910,/,Harvard Dataverse,2022-10-03,s3://10.7910/DVN/AQ2P12,dataset,dataset
6412937,DVN/TBMFDA,https://doi.org/10.7910/DVN/TBMFDA,doi,10.7910,/,Harvard Dataverse,2023-01-06,s3://10.7910/DVN/TBMFDA,dataset,dataset
6413531,DVN/HXQOCI,https://doi.org/10.7910/DVN/HXQOCI,doi,10.7910,/,Harvard Dataverse,2023-01-11,s3://10.7910/DVN/HXQOCI,dataset,dataset
6417028,DVN/J7RTIW,https://doi.org/10.7910/DVN/J7RTIW,doi,10.7910,/,Harvard Dataverse,2023-04-04,s3://10.7910/DVN/J7RTIW,dataset,dataset
6435082,DVN/X4Y2FL,https://doi.org/10.7910/DVN/X4Y2FL,doi,10.7910,/,Harvard Dataverse,2023-12-19,s3://10.7910/DVN/X4Y2FL,dataset,dataset
6435230,DVN/BXPKHG,https://doi.org/10.7910/DVN/BXPKHG,doi,10.7910,/,Harvard Dataverse,2023-02-07,s3://10.7910/DVN/BXPKHG,dataset,dataset
6455989,DVN/DX5T9G,https://doi.org/10.7910/DVN/DX5T9G,doi,10.7910,/,Harvard Dataverse,2023-02-21,s3://10.7910/DVN/DX5T9G,dataset,dataset
6525314,DVN/7TEE2R,https://doi.org/10.7910/DVN/7TEE2R,doi,10.7910,/,Harvard Dataverse,2023-02-07,s3://10.7910/DVN/7TEE2R,dataset,dataset
6542486,DVN/IBILHS,https://doi.org/10.7910/DVN/IBILHS,doi,10.7910,/,Harvard Dataverse,2023-06-16,s3://10.7910/DVN/IBILHS,dataset,dataset
6544839,DVN/WRCPOC,https://doi.org/10.7910/DVN/WRCPOC,doi,10.7910,/,Harvard Dataverse,2023-09-11,s3://10.7910/DVN/WRCPOC,dataset,dataset
6554798,DVN/XB5Q2J,https://doi.org/10.7910/DVN/XB5Q2J,doi,10.7910,/,Harvard Dataverse,2023-02-21,s3://10.7910/DVN/XB5Q2J,dataset,dataset
6576741,DVN/M2QGOZ,https://doi.org/10.7910/DVN/M2QGOZ,doi,10.7910,/,Harvard Dataverse,2023-03-07,s3://10.7910/DVN/M2QGOZ,dataset,dataset
6632667,DVN/BNUCX4,https://doi.org/10.7910/DVN/BNUCX4,doi,10.7910,/,Harvard Dataverse,2023-04-25,s3://10.7910/DVN/BNUCX4,dataset,dataset
6695957,DVN/USYADS,https://doi.org/10.7910/DVN/USYADS,doi,10.7910,/,Harvard Dataverse,2023-02-15,s3://10.7910/DVN/USYADS,dataset,dataset
6704424,DVN/0YHJRG,https://doi.org/10.7910/DVN/0YHJRG,doi,10.7910,/,Harvard Dataverse,2023-06-16,s3://10.7910/DVN/0YHJRG,dataset,dataset
6704508,DVN/NGMCDS,https://doi.org/10.7910/DVN/NGMCDS,doi,10.7910,/,Harvard Dataverse,2023-05-17,s3://10.7910/DVN/NGMCDS,dataset,dataset
6709114,DVN/KRN6TB,https://doi.org/10.7910/DVN/KRN6TB,doi,10.7910,/,Harvard Dataverse,2023-04-26,s3://10.7910/DVN/KRN6TB,dataset,dataset
6717704,DVN/AEDRXN,https://doi.org/10.7910/DVN/AEDRXN,doi,10.7910,/,Harvard Dataverse,2023-04-05,s3://10.7910/DVN/AEDRXN,dataset,dataset
6802121,DVN/RHM7HX,https://doi.org/10.7910/DVN/RHM7HX,doi,10.7910,/,Harvard Dataverse,2023-05-22,s3://10.7910/DVN/RHM7HX,dataset,dataset
6808210,DVN/RC61ZS,https://doi.org/10.7910/DVN/RC61ZS,doi,10.7910,/,Harvard Dataverse,2023-02-08,s3://10.7910/DVN/RC61ZS,dataset,dataset
6820784,DVN/BEW2ME,https://doi.org/10.7910/DVN/BEW2ME,doi,10.7910,/,Harvard Dataverse,2023-03-27,s3://10.7910/DVN/BEW2ME,dataset,dataset
6829843,DVN/TEPRY2,https://doi.org/10.7910/DVN/TEPRY2,doi,10.7910,/,Harvard Dataverse,2023-11-20,s3://10.7910/DVN/TEPRY2,dataset,dataset
6881058,DVN/EIINMP,https://doi.org/10.7910/DVN/EIINMP,doi,10.7910,/,Harvard Dataverse,2023-06-19,s3://10.7910/DVN/EIINMP,dataset,dataset
6881113,DVN/UQDLUB,https://doi.org/10.7910/DVN/UQDLUB,doi,10.7910,/,Harvard Dataverse,2023-05-02,s3://10.7910/DVN/UQDLUB,dataset,dataset
6884910,DVN/TJK962,https://doi.org/10.7910/DVN/TJK962,doi,10.7910,/,Harvard Dataverse,2023-06-12,s3://10.7910/DVN/TJK962,dataset,dataset
6901390,DVN/MDUHGS,https://doi.org/10.7910/DVN/MDUHGS,doi,10.7910,/,Harvard Dataverse,2023-07-18,s3://10.7910/DVN/MDUHGS,dataset,dataset
6903865,DVN/TKLSNE,https://doi.org/10.7910/DVN/TKLSNE,doi,10.7910,/,Harvard Dataverse,2023-05-30,s3://10.7910/DVN/TKLSNE,dataset,dataset
6907823,DVN/XMHS0J,https://doi.org/10.7910/DVN/XMHS0J,doi,10.7910,/,Harvard Dataverse,2023-07-20,s3://10.7910/DVN/XMHS0J,dataset,dataset
6920293,DVN/F2RDCJ,https://doi.org/10.7910/DVN/F2RDCJ,doi,10.7910,/,Harvard Dataverse,2023-03-30,s3://10.7910/DVN/F2RDCJ,dataset,dataset
6940610,DVN/4UOQUR,https://doi.org/10.7910/DVN/4UOQUR,doi,10.7910,/,Harvard Dataverse,2023-06-12,s3://10.7910/DVN/4UOQUR,dataset,dataset
6940634,DVN/DHMCRC,https://doi.org/10.7910/DVN/DHMCRC,doi,10.7910,/,Harvard Dataverse,2023-04-21,s3://10.7910/DVN/DHMCRC,dataset,dataset
6960834,DVN/VULKLW,https://doi.org/10.7910/DVN/VULKLW,doi,10.7910,/,Harvard Dataverse,2023-07-06,s3://10.7910/DVN/VULKLW,dataset,dataset
6961917,DVN/3VFVS7,https://doi.org/10.7910/DVN/3VFVS7,doi,10.7910,/,Harvard Dataverse,2023-09-12,s3://10.7910/DVN/3VFVS7,dataset,dataset
6962651,DVN/KJWKLR,https://doi.org/10.7910/DVN/KJWKLR,doi,10.7910,/,Harvard Dataverse,2023-07-06,s3://10.7910/DVN/KJWKLR,dataset,dataset
6962899,DVN/R4USRU,https://doi.org/10.7910/DVN/R4USRU,doi,10.7910,/,Harvard Dataverse,2023-07-13,s3://10.7910/DVN/R4USRU,dataset,dataset
6970291,DVN/T1NXVQ,https://doi.org/10.7910/DVN/T1NXVQ,doi,10.7910,/,Harvard Dataverse,2023-10-03,s3://10.7910/DVN/T1NXVQ,dataset,dataset
6970787,DVN/3RR5RJ,https://doi.org/10.7910/DVN/3RR5RJ,doi,10.7910,/,Harvard Dataverse,2023-07-06,s3://10.7910/DVN/3RR5RJ,dataset,dataset
6983068,DVN/B6ZNAI,https://doi.org/10.7910/DVN/B6ZNAI,doi,10.7910,/,Harvard Dataverse,2023-08-24,s3://10.7910/DVN/B6ZNAI,dataset,dataset
7048419,DVN/JW5B3P,https://doi.org/10.7910/DVN/JW5B3P,doi,10.7910,/,Harvard Dataverse,2023-09-20,s3://10.7910/DVN/JW5B3P,dataset,dataset
7053303,DVN/J2MNEU,https://doi.org/10.7910/DVN/J2MNEU,doi,10.7910,/,Harvard Dataverse,2023-12-12,s3://10.7910/DVN/J2MNEU,dataset,dataset
7053345,DVN/TJAISA,https://doi.org/10.7910/DVN/TJAISA,doi,10.7910,/,Harvard Dataverse,2023-07-11,s3://10.7910/DVN/TJAISA,dataset,dataset
7077291,DVN/HJYBA5,https://doi.org/10.7910/DVN/HJYBA5,doi,10.7910,/,Harvard Dataverse,2023-10-09,s3://10.7910/DVN/HJYBA5,dataset,dataset
7081830,DVN/XQBUVK,https://doi.org/10.7910/DVN/XQBUVK,doi,10.7910,/,Harvard Dataverse,2024-01-08,s3://10.7910/DVN/XQBUVK,dataset,dataset
7081899,DVN/QBKXT3,https://doi.org/10.7910/DVN/QBKXT3,doi,10.7910,/,Harvard Dataverse,2023-09-27,s3://10.7910/DVN/QBKXT3,dataset,dataset
7084460,DVN/WZOC7H,https://doi.org/10.7910/DVN/WZOC7H,doi,10.7910,/,Harvard Dataverse,2024-04-26,s3://10.7910/DVN/WZOC7H,dataset,dataset
7094688,DVN/Y01YX7,https://doi.org/10.7910/DVN/Y01YX7,doi,10.7910,/,Harvard Dataverse,2023-07-27,s3://10.7910/DVN/Y01YX7,dataset,dataset
7099173,DVN/1OPRYA,https://doi.org/10.7910/DVN/1OPRYA,doi,10.7910,/,Harvard Dataverse,2023-12-19,s3://10.7910/DVN/1OPRYA,dataset,dataset
7101688,DVN/ORRRTW,https://doi.org/10.7910/DVN/ORRRTW,doi,10.7910,/,Harvard Dataverse,2023-07-10,s3://10.7910/DVN/ORRRTW,dataset,dataset
7102532,DVN/AO7IYJ,https://doi.org/10.7910/DVN/AO7IYJ,doi,10.7910,/,Harvard Dataverse,2023-09-14,s3://10.7910/DVN/AO7IYJ,dataset,dataset
7103133,DVN/PLKWUL,https://doi.org/10.7910/DVN/PLKWUL,doi,10.7910,/,Harvard Dataverse,2024-01-05,s3://10.7910/DVN/PLKWUL,dataset,dataset
7108308,DVN/9XPV4I,https://doi.org/10.7910/DVN/9XPV4I,doi,10.7910,/,Harvard Dataverse,2023-10-11,s3://10.7910/DVN/9XPV4I,dataset,dataset
7127667,DVN/ACRFJM,https://doi.org/10.7910/DVN/ACRFJM,doi,10.7910,/,Harvard Dataverse,2023-09-26,s3://10.7910/DVN/ACRFJM,dataset,dataset
7127896,DVN/VBNCF2,https://doi.org/10.7910/DVN/VBNCF2,doi,10.7910,/,Harvard Dataverse,2024-01-16,s3://10.7910/DVN/VBNCF2,dataset,dataset
7210989,DVN/D6CH6C,https://doi.org/10.7910/DVN/D6CH6C,doi,10.7910,/,Harvard Dataverse,2023-11-13,s3://10.7910/DVN/D6CH6C,dataset,dataset
7240214,DVN/OSJD7T,https://doi.org/10.7910/DVN/OSJD7T,doi,10.7910,/,Harvard Dataverse,2023-12-14,s3://10.7910/DVN/OSJD7T,dataset,dataset
7241040,DVN/NBIKED,https://doi.org/10.7910/DVN/NBIKED,doi,10.7910,/,Harvard Dataverse,2023-11-30,s3://10.7910/DVN/NBIKED,dataset,dataset
7243107,DVN/XERHRF,https://doi.org/10.7910/DVN/XERHRF,doi,10.7910,/,Harvard Dataverse,2023-11-27,s3://10.7910/DVN/XERHRF,dataset,dataset
7259832,DVN/VPPEAW,https://doi.org/10.7910/DVN/VPPEAW,doi,10.7910,/,Harvard Dataverse,2023-11-30,s3://10.7910/DVN/VPPEAW,dataset,dataset
7345557,DVN/GODCXP,https://doi.org/10.7910/DVN/GODCXP,doi,10.7910,/,Harvard Dataverse,2024-04-24,s3://10.7910/DVN/GODCXP,dataset,dataset
7362905,DVN/SLNPAB,https://doi.org/10.7910/DVN/SLNPAB,doi,10.7910,/,Harvard Dataverse,2023-11-22,s3://10.7910/DVN/SLNPAB,dataset,dataset
7363898,DVN/MK5PXM,https://doi.org/10.7910/DVN/MK5PXM,doi,10.7910,/,Harvard Dataverse,2024-01-11,s3://10.7910/DVN/MK5PXM,dataset,dataset
7423879,DVN/5OUHOW,https://doi.org/10.7910/DVN/5OUHOW,doi,10.7910,/,Harvard Dataverse,2024-01-16,s3://10.7910/DVN/5OUHOW,dataset,dataset
7449324,DVN/UZFWT7,https://doi.org/10.7910/DVN/UZFWT7,doi,10.7910,/,Harvard Dataverse,2024-03-15,s3://10.7910/DVN/UZFWT7,dataset,dataset
7449491,DVN/JSQQSR,https://doi.org/10.7910/DVN/JSQQSR,doi,10.7910,/,Harvard Dataverse,2024-06-29,s3://10.7910/DVN/JSQQSR,dataset,dataset
7452394,DVN/CYFIDH,https://doi.org/10.7910/DVN/CYFIDH,doi,10.7910,/,Harvard Dataverse,2023-12-12,s3://10.7910/DVN/CYFIDH,dataset,dataset
7452921,DVN/AKI6RS,https://doi.org/10.7910/DVN/AKI6RS,doi,10.7910,/,Harvard Dataverse,2023-12-15,s3://10.7910/DVN/AKI6RS,dataset,dataset
7452928,DVN/EAKKZT,https://doi.org/10.7910/DVN/EAKKZT,doi,10.7910,/,Harvard Dataverse,2024-03-19,s3://10.7910/DVN/EAKKZT,dataset,dataset
7457516,DVN/UEYVO1,https://doi.org/10.7910/DVN/UEYVO1,doi,10.7910,/,Harvard Dataverse,2024-05-15,s3://10.7910/DVN/UEYVO1,dataset,dataset
7457519,DVN/2WRQWZ,https://doi.org/10.7910/DVN/2WRQWZ,doi,10.7910,/,Harvard Dataverse,2024-02-27,s3://10.7910/DVN/2WRQWZ,dataset,dataset
7457772,DVN/FYVP3W,https://doi.org/10.7910/DVN/FYVP3W,doi,10.7910,/,Harvard Dataverse,2023-12-06,s3://10.7910/DVN/FYVP3W,dataset,dataset
7474719,DVN/WGT8QV,https://doi.org/10.7910/DVN/WGT8QV,doi,10.7910,/,Harvard Dataverse,2024-03-18,s3://10.7910/DVN/WGT8QV,dataset,dataset
7548685,DVN/CQ4FZR,https://doi.org/10.7910/DVN/CQ4FZR,doi,10.7910,/,Harvard Dataverse,2024-06-29,s3://10.7910/DVN/CQ4FZR,dataset,dataset
7571800,DVN/IJ2DW4,https://doi.org/10.7910/DVN/IJ2DW4,doi,10.7910,/,Harvard Dataverse,2024-05-09,s3://10.7910/DVN/IJ2DW4,dataset,dataset
7586376,DVN/U2591T,https://doi.org/10.7910/DVN/U2591T,doi,10.7910,/,Harvard Dataverse,2024-01-16,s3://10.7910/DVN/U2591T,dataset,dataset
7604177,DVN/SQSTSC,https://doi.org/10.7910/DVN/SQSTSC,doi,10.7910,/,Harvard Dataverse,2024-04-17,s3://10.7910/DVN/SQSTSC,dataset,dataset
7614158,DVN/6RL6ID,https://doi.org/10.7910/DVN/6RL6ID,doi,10.7910,/,Harvard Dataverse,2024-05-01,s3://10.7910/DVN/6RL6ID,dataset,dataset
7677385,DVN/BC6KYY,https://doi.org/10.7910/DVN/BC6KYY,doi,10.7910,/,Harvard Dataverse,2025-04-09,s3://10.7910/DVN/BC6KYY,dataset,dataset
8090852,DVN/RL5N9Y,https://doi.org/10.7910/DVN/RL5N9Y,doi,10.7910,/,Harvard Dataverse,2024-08-09,s3://10.7910/DVN/RL5N9Y,dataset,dataset
8091315,DVN/CWVQTZ,https://doi.org/10.7910/DVN/CWVQTZ,doi,10.7910,/,Harvard Dataverse,2025-02-28,s3://10.7910/DVN/CWVQTZ,dataset,dataset
8134385,DVN/8WGX9H,https://doi.org/10.7910/DVN/8WGX9H,doi,10.7910,/,Harvard Dataverse,2024-05-24,s3://10.7910/DVN/8WGX9H,dataset,dataset
8135533,DVN/H7NFJZ,https://doi.org/10.7910/DVN/H7NFJZ,doi,10.7910,/,Harvard Dataverse,2024-05-25,s3://10.7910/DVN/H7NFJZ,dataset,dataset
8145975,DVN/AL8I2B,https://doi.org/10.7910/DVN/AL8I2B,doi,10.7910,/,Harvard Dataverse,2024-06-07,s3://10.7910/DVN/AL8I2B,dataset,dataset
8544179,DVN/HBSARA,https://doi.org/10.7910/DVN/HBSARA,doi,10.7910,/,Harvard Dataverse,2024-09-23,s3://10.7910/DVN/HBSARA,dataset,dataset
8550210,DVN/DVRNMH,https://doi.org/10.7910/DVN/DVRNMH,doi,10.7910,/,Harvard Dataverse,2024-10-07,s3://10.7910/DVN/DVRNMH,dataset,dataset
8550502,DVN/UBU601,https://doi.org/10.7910/DVN/UBU601,doi,10.7910,/,Harvard Dataverse,2024-07-23,s3://10.7910/DVN/UBU601,dataset,dataset
8551010,DVN/BZA22S,https://doi.org/10.7910/DVN/BZA22S,doi,10.7910,/,Harvard Dataverse,2024-07-30,s3://10.7910/DVN/BZA22S,dataset,dataset
8551136,DVN/AJLO8J,https://doi.org/10.7910/DVN/AJLO8J,doi,10.7910,/,Harvard Dataverse,2024-07-23,s3://10.7910/DVN/AJLO8J,dataset,dataset
8564731,DVN/2KAQO1,https://doi.org/10.7910/DVN/2KAQO1,doi,10.7910,/,Harvard Dataverse,2024-08-11,s3://10.7910/DVN/2KAQO1,dataset,dataset
8939591,DVN/EXKA90,https://doi.org/10.7910/DVN/EXKA90,doi,10.7910,/,Harvard Dataverse,2024-06-20,s3://10.7910/DVN/EXKA90,dataset,dataset
8944167,DVN/SKKYFB,https://doi.org/10.7910/DVN/SKKYFB,doi,10.7910,/,Harvard Dataverse,2024-08-02,s3://10.7910/DVN/SKKYFB,dataset,dataset
9268436,DVN/JIVKHE,https://doi.org/10.7910/DVN/JIVKHE,doi,10.7910,/,Harvard Dataverse,2024-06-18,s3://10.7910/DVN/JIVKHE,dataset,dataset
9271970,DVN/D1NDLH,https://doi.org/10.7910/DVN/D1NDLH,doi,10.7910,/,Harvard Dataverse,2024-06-05,s3://10.7910/DVN/D1NDLH,dataset,dataset
9850711,DVN/26P4MC,https://doi.org/10.7910/DVN/26P4MC,doi,10.7910,/,Harvard Dataverse,2024-07-24,s3://10.7910/DVN/26P4MC,dataset,dataset
10056953,DVN/9FUPQQ,https://doi.org/10.7910/DVN/9FUPQQ,doi,10.7910,/,Harvard Dataverse,2024-08-09,s3://10.7910/DVN/9FUPQQ,dataset,dataset
10108647,DVN/1L325J,https://doi.org/10.7910/DVN/1L325J,doi,10.7910,/,Harvard Dataverse,2024-08-12,s3://10.7910/DVN/1L325J,dataset,dataset
10123476,DVN/HQQJUK,https://doi.org/10.7910/DVN/HQQJUK,doi,10.7910,/,Harvard Dataverse,2024-08-09,s3://10.7910/DVN/HQQJUK,dataset,dataset
10124533,DVN/ZB9RB1,https://doi.org/10.7910/DVN/ZB9RB1,doi,10.7910,/,Harvard Dataverse,2024-10-07,s3://10.7910/DVN/ZB9RB1,dataset,dataset
10141844,DVN/OEZDGT,https://doi.org/10.7910/DVN/OEZDGT,doi,10.7910,/,Harvard Dataverse,2025-02-12,s3://10.7910/DVN/OEZDGT,dataset,dataset
10148745,DVN/LIIUJK,https://doi.org/10.7910/DVN/LIIUJK,doi,10.7910,/,Harvard Dataverse,2024-11-22,s3://10.7910/DVN/LIIUJK,dataset,dataset
10172831,DVN/NWDZJB,https://doi.org/10.7910/DVN/NWDZJB,doi,10.7910,/,Harvard Dataverse,2024-10-25,s3://10.7910/DVN/NWDZJB,dataset,dataset
10192136,DVN/AU1MVC,https://doi.org/10.7910/DVN/AU1MVC,doi,10.7910,/,Harvard Dataverse,2024-05-17,s3://10.7910/DVN/AU1MVC,dataset,dataset
10195784,DVN/3FNP7Q,https://doi.org/10.7910/DVN/3FNP7Q,doi,10.7910,/,Harvard Dataverse,2024-09-21,s3://10.7910/DVN/3FNP7Q,dataset,dataset
10224743,DVN/J8BBJB,https://doi.org/10.7910/DVN/J8BBJB,doi,10.7910,/,Harvard Dataverse,2025-02-26,s3://10.7910/DVN/J8BBJB,dataset,dataset
10227994,DVN/361LGD,https://doi.org/10.7910/DVN/361LGD,doi,10.7910,/,Harvard Dataverse,2024-10-07,s3://10.7910/DVN/361LGD,dataset,dataset
10233389,DVN/IMQIF9,https://doi.org/10.7910/DVN/IMQIF9,doi,10.7910,/,Harvard Dataverse,2025-11-18,s3://10.7910/DVN/IMQIF9,dataset,dataset
10256001,DVN/IPGCTN,https://doi.org/10.7910/DVN/IPGCTN,doi,10.7910,/,Harvard Dataverse,2024-09-10,s3://10.7910/DVN/IPGCTN,dataset,dataset
10256309,DVN/GTEBJA,https://doi.org/10.7910/DVN/GTEBJA,doi,10.7910,/,Harvard Dataverse,2024-11-18,s3://10.7910/DVN/GTEBJA,dataset,dataset
10257720,DVN/DFZKB6,https://doi.org/10.7910/DVN/DFZKB6,doi,10.7910,/,Harvard Dataverse,2024-10-24,s3://10.7910/DVN/DFZKB6,dataset,dataset
10263029,DVN/CZOPH3,https://doi.org/10.7910/DVN/CZOPH3,doi,10.7910,/,Harvard Dataverse,2025-01-10,s3://10.7910/DVN/CZOPH3,dataset,dataset
10263727,DVN/AQFTHK,https://doi.org/10.7910/DVN/AQFTHK,doi,10.7910,/,Harvard Dataverse,2024-06-10,s3://10.7910/DVN/AQFTHK,dataset,dataset
10269808,DVN/OPXLWV,https://doi.org/10.7910/DVN/OPXLWV,doi,10.7910,/,Harvard Dataverse,2025-03-26,s3://10.7910/DVN/OPXLWV,dataset,dataset
10271086,DVN/BLGFDU,https://doi.org/10.7910/DVN/BLGFDU,doi,10.7910,/,Harvard Dataverse,2024-12-17,s3://10.7910/DVN/BLGFDU,dataset,dataset
10363015,DVN/PGGT4N,https://doi.org/10.7910/DVN/PGGT4N,doi,10.7910,/,Harvard Dataverse,2024-08-06,s3://10.7910/DVN/PGGT4N,dataset,dataset
10363454,DVN/GQ01SY,https://doi.org/10.7910/DVN/GQ01SY,doi,10.7910,/,Harvard Dataverse,2024-09-20,s3://10.7910/DVN/GQ01SY,dataset,dataset
10366103,DVN/JXCCBJ,https://doi.org/10.7910/DVN/JXCCBJ,doi,10.7910,/,Harvard Dataverse,2025-02-12,s3://10.7910/DVN/JXCCBJ,dataset,dataset
10367602,DVN/LLQ5ZL,https://doi.org/10.7910/DVN/LLQ5ZL,doi,10.7910,/,Harvard Dataverse,2024-10-07,s3://10.7910/DVN/LLQ5ZL,dataset,dataset
10386112,DVN/HRUXYI,https://doi.org/10.7910/DVN/HRUXYI,doi,10.7910,/,Harvard Dataverse,2024-11-02,s3://10.7910/DVN/HRUXYI,dataset,dataset
10386555,DVN/DEDZRZ,https://doi.org/10.7910/DVN/DEDZRZ,doi,10.7910,/,Harvard Dataverse,2024-10-24,s3://10.7910/DVN/DEDZRZ,dataset,dataset
10389768,DVN/MGQMTX,https://doi.org/10.7910/DVN/MGQMTX,doi,10.7910,/,Harvard Dataverse,2024-09-01,s3://10.7910/DVN/MGQMTX,dataset,dataset
10391448,DVN/PY0NKM,https://doi.org/10.7910/DVN/PY0NKM,doi,10.7910,/,Harvard Dataverse,2024-10-16,s3://10.7910/DVN/PY0NKM,dataset,dataset
10406292,DVN/I3VHZK,https://doi.org/10.7910/DVN/I3VHZK,doi,10.7910,/,Harvard Dataverse,2024-11-12,s3://10.7910/DVN/I3VHZK,dataset,dataset
10412760,DVN/1GDQYY,https://doi.org/10.7910/DVN/1GDQYY,doi,10.7910,/,Harvard Dataverse,2025-02-11,s3://10.7910/DVN/1GDQYY,dataset,dataset
10414104,DVN/RIBWNJ,https://doi.org/10.7910/DVN/RIBWNJ,doi,10.7910,/,Harvard Dataverse,2024-11-18,s3://10.7910/DVN/RIBWNJ,dataset,dataset
10421986,DVN/JYJLUB,https://doi.org/10.7910/DVN/JYJLUB,doi,10.7910,/,Harvard Dataverse,2024-11-01,s3://10.7910/DVN/JYJLUB,dataset,dataset
10424185,DVN/AQIBQD,https://doi.org/10.7910/DVN/AQIBQD,doi,10.7910,/,Harvard Dataverse,2025-01-24,s3://10.7910/DVN/AQIBQD,dataset,dataset
10438101,DVN/K3WTHS,https://doi.org/10.7910/DVN/K3WTHS,doi,10.7910,/,Harvard Dataverse,2025-03-26,s3://10.7910/DVN/K3WTHS,dataset,dataset
10501915,DVN/LUXWMV,https://doi.org/10.7910/DVN/LUXWMV,doi,10.7910,/,Harvard Dataverse,2024-11-08,s3://10.7910/DVN/LUXWMV,dataset,dataset
10548308,DVN/87TSER,https://doi.org/10.7910/DVN/87TSER,doi,10.7910,/,Harvard Dataverse,2024-11-13,s3://10.7910/DVN/87TSER,dataset,dataset
10550367,DVN/LTUYNA,https://doi.org/10.7910/DVN/LTUYNA,doi,10.7910,/,Harvard Dataverse,2025-02-26,s3://10.7910/DVN/LTUYNA,dataset,dataset
10566328,DVN/GTY7AQ,https://doi.org/10.7910/DVN/GTY7AQ,doi,10.7910,/,Harvard Dataverse,2025-09-23,s3://10.7910/DVN/GTY7AQ,dataset,dataset
10629778,DVN/8MSBXV,https://doi.org/10.7910/DVN/8MSBXV,doi,10.7910,/,Harvard Dataverse,2025-03-05,s3://10.7910/DVN/8MSBXV,dataset,dataset
10694699,DVN/XAQTLA,https://doi.org/10.7910/DVN/XAQTLA,doi,10.7910,/,Harvard Dataverse,2025-01-13,s3://10.7910/DVN/XAQTLA,dataset,dataset
10698479,DVN/VPW1CU,https://doi.org/10.7910/DVN/VPW1CU,doi,10.7910,/,Harvard Dataverse,2025-05-05,s3://10.7910/DVN/VPW1CU,dataset,dataset
10714450,DVN/RX4AS5,https://doi.org/10.7910/DVN/RX4AS5,doi,10.7910,/,Harvard Dataverse,2025-02-13,s3://10.7910/DVN/RX4AS5,dataset,dataset
10731549,DVN/AIN4HY,https://doi.org/10.7910/DVN/AIN4HY,doi,10.7910,/,Harvard Dataverse,2025-11-03,s3://10.7910/DVN/AIN4HY,dataset,dataset
10740874,DVN/C0VFMH,https://doi.org/10.7910/DVN/C0VFMH,doi,10.7910,/,Harvard Dataverse,2025-01-30,s3://10.7910/DVN/C0VFMH,dataset,dataset
10741191,DVN/9TKY1T,https://doi.org/10.7910/DVN/9TKY1T,doi,10.7910,/,Harvard Dataverse,2025-03-26,s3://10.7910/DVN/9TKY1T,dataset,dataset
10742200,DVN/P4AIQI,https://doi.org/10.7910/DVN/P4AIQI,doi,10.7910,/,Harvard Dataverse,2025-07-29,s3://10.7910/DVN/P4AIQI,dataset,dataset
10761615,DVN/ZJQOQC,https://doi.org/10.7910/DVN/ZJQOQC,doi,10.7910,/,Harvard Dataverse,2025-04-16,s3://10.7910/DVN/ZJQOQC,dataset,dataset
10763201,DVN/PNYFKH,https://doi.org/10.7910/DVN/PNYFKH,doi,10.7910,/,Harvard Dataverse,2025-02-28,s3://10.7910/DVN/PNYFKH,dataset,dataset
10775160,DVN/FIGDU9,https://doi.org/10.7910/DVN/FIGDU9,doi,10.7910,/,Harvard Dataverse,2025-03-12,s3://10.7910/DVN/FIGDU9,dataset,dataset
10790596,DVN/UPJ2BE,https://doi.org/10.7910/DVN/UPJ2BE,doi,10.7910,/,Harvard Dataverse,2025-02-12,s3://10.7910/DVN/UPJ2BE,dataset,dataset
10795923,DVN/VMXTRC,https://doi.org/10.7910/DVN/VMXTRC,doi,10.7910,/,Harvard Dataverse,2025-05-05,s3://10.7910/DVN/VMXTRC,dataset,dataset
10807832,DVN/GLMWLB,https://doi.org/10.7910/DVN/GLMWLB,doi,10.7910,/,Harvard Dataverse,2025-05-21,s3://10.7910/DVN/GLMWLB,dataset,dataset
10811276,DVN/BLVM1N,https://doi.org/10.7910/DVN/BLVM1N,doi,10.7910,/,Harvard Dataverse,2025-03-04,s3://10.7910/DVN/BLVM1N,dataset,dataset
10825741,DVN/7CO9EQ,https://doi.org/10.7910/DVN/7CO9EQ,doi,10.7910,/,Harvard Dataverse,2025-03-26,s3://10.7910/DVN/7CO9EQ,dataset,dataset
10840016,DVN/BNCVZK,https://doi.org/10.7910/DVN/BNCVZK,doi,10.7910,/,Harvard Dataverse,2025-07-29,s3://10.7910/DVN/BNCVZK,dataset,dataset
10845749,DVN/0XQNDR,https://doi.org/10.7910/DVN/0XQNDR,doi,10.7910,/,Harvard Dataverse,2025-03-13,s3://10.7910/DVN/0XQNDR,dataset,dataset
10846671,DVN/QCIJRO,https://doi.org/10.7910/DVN/QCIJRO,doi,10.7910,/,Harvard Dataverse,2025-04-27,s3://10.7910/DVN/QCIJRO,dataset,dataset
10850393,DVN/XHRC8Y,https://doi.org/10.7910/DVN/XHRC8Y,doi,10.7910,/,Harvard Dataverse,2025-02-12,s3://10.7910/DVN/XHRC8Y,dataset,dataset
10851997,DVN/SLGAXZ,https://doi.org/10.7910/DVN/SLGAXZ,doi,10.7910,/,Harvard Dataverse,2025-12-17,s3://10.7910/DVN/SLGAXZ,dataset,dataset
10864789,DVN/I3WHUA,https://doi.org/10.7910/DVN/I3WHUA,doi,10.7910,/,Harvard Dataverse,2025-04-27,s3://10.7910/DVN/I3WHUA,dataset,dataset
10866853,DVN/LWOCWO,https://doi.org/10.7910/DVN/LWOCWO,doi,10.7910,/,Harvard Dataverse,2025-09-04,s3://10.7910/DVN/LWOCWO,dataset,dataset
10884784,DVN/TGAL7M,https://doi.org/10.7910/DVN/TGAL7M,doi,10.7910,/,Harvard Dataverse,2025-05-07,s3://10.7910/DVN/TGAL7M,dataset,dataset
10897489,DVN/6LWKUY,https://doi.org/10.7910/DVN/6LWKUY,doi,10.7910,/,Harvard Dataverse,2025-05-05,s3://10.7910/DVN/6LWKUY,dataset,dataset
10902696,DVN/SHHGAH,https://doi.org/10.7910/DVN/SHHGAH,doi,10.7910,/,Harvard Dataverse,2025-11-12,s3://10.7910/DVN/SHHGAH,dataset,dataset
10908555,DVN/LUDVT5,https://doi.org/10.7910/DVN/LUDVT5,doi,10.7910,/,Harvard Dataverse,2025-07-11,s3://10.7910/DVN/LUDVT5,dataset,dataset
10908595,DVN/OTTHXV,https://doi.org/10.7910/DVN/OTTHXV,doi,10.7910,/,Harvard Dataverse,2025-06-17,s3://10.7910/DVN/OTTHXV,dataset,dataset
10927141,DVN/PTCCAB,https://doi.org/10.7910/DVN/PTCCAB,doi,10.7910,/,Harvard Dataverse,2025-09-01,s3://10.7910/DVN/PTCCAB,dataset,dataset
10989018,DVN/LOOT8D,https://doi.org/10.7910/DVN/LOOT8D,doi,10.7910,/,Harvard Dataverse,2025-05-07,s3://10.7910/DVN/LOOT8D,dataset,dataset
11001843,DVN/ELBOXX,https://doi.org/10.7910/DVN/ELBOXX,doi,10.7910,/,Harvard Dataverse,2025-05-22,s3://10.7910/DVN/ELBOXX,dataset,dataset
11028002,DVN/9GJKJW,https://doi.org/10.7910/DVN/9GJKJW,doi,10.7910,/,Harvard Dataverse,2025-07-21,s3://10.7910/DVN/9GJKJW,dataset,dataset
11031958,DVN/15NAK8,https://doi.org/10.7910/DVN/15NAK8,doi,10.7910,/,Harvard Dataverse,2025-07-21,s3://10.7910/DVN/15NAK8,dataset,dataset
11057351,DVN/VESLGI,https://doi.org/10.7910/DVN/VESLGI,doi,10.7910,/,Harvard Dataverse,2025-06-13,s3://10.7910/DVN/VESLGI,dataset,dataset
11075532,DVN/YRTJOP,https://doi.org/10.7910/DVN/YRTJOP,doi,10.7910,/,Harvard Dataverse,2025-08-25,s3://10.7910/DVN/YRTJOP,dataset,dataset
11103108,DVN/ZXZXLU,https://doi.org/10.7910/DVN/ZXZXLU,doi,10.7910,/,Harvard Dataverse,2025-09-01,s3://10.7910/DVN/ZXZXLU,dataset,dataset
11106950,DVN/GAI1LM,https://doi.org/10.7910/DVN/GAI1LM,doi,10.7910,/,Harvard Dataverse,2025-09-08,s3://10.7910/DVN/GAI1LM,dataset,dataset
11113209,DVN/PVERG0,https://doi.org/10.7910/DVN/PVERG0,doi,10.7910,/,Harvard Dataverse,2025-10-09,s3://10.7910/DVN/PVERG0,dataset,dataset
11115235,DVN/FPXUW5,https://doi.org/10.7910/DVN/FPXUW5,doi,10.7910,/,Harvard Dataverse,2025-06-10,s3://10.7910/DVN/FPXUW5,dataset,dataset
11193571,DVN/YXJFGQ,https://doi.org/10.7910/DVN/YXJFGQ,doi,10.7910,/,Harvard Dataverse,2025-07-28,s3://10.7910/DVN/YXJFGQ,dataset,dataset
11193950,DVN/7JMQQZ,https://doi.org/10.7910/DVN/7JMQQZ,doi,10.7910,/,Harvard Dataverse,2025-08-19,s3://10.7910/DVN/7JMQQZ,dataset,dataset
11213772,DVN/X87YY2,https://doi.org/10.7910/DVN/X87YY2,doi,10.7910,/,Harvard Dataverse,2025-08-20,s3://10.7910/DVN/X87YY2,dataset,dataset
11336702,DVN/J6C26T,https://doi.org/10.7910/DVN/J6C26T,doi,10.7910,/,Harvard Dataverse,2025-09-01,s3://10.7910/DVN/J6C26T,dataset,dataset
11391195,DVN/E5JUHU,https://doi.org/10.7910/DVN/E5JUHU,doi,10.7910,/,Harvard Dataverse,2025-07-28,s3://10.7910/DVN/E5JUHU,dataset,dataset
11564751,DVN/XO4H3J,https://doi.org/10.7910/DVN/XO4H3J,doi,10.7910,/,Harvard Dataverse,2025-09-01,s3://10.7910/DVN/XO4H3J,dataset,dataset
11571320,DVN/3XR9UP,https://doi.org/10.7910/DVN/3XR9UP,doi,10.7910,/,Harvard Dataverse,2025-07-29,s3://10.7910/DVN/3XR9UP,dataset,dataset
11573216,DVN/BKWODJ,https://doi.org/10.7910/DVN/BKWODJ,doi,10.7910,/,Harvard Dataverse,2025-12-06,s3://10.7910/DVN/BKWODJ,dataset,dataset
11582052,DVN/U10SJ6,https://doi.org/10.7910/DVN/U10SJ6,doi,10.7910,/,Harvard Dataverse,2025-11-20,s3://10.7910/DVN/U10SJ6,dataset,dataset
11599727,DVN/E0BJIZ,https://doi.org/10.7910/DVN/E0BJIZ,doi,10.7910,/,Harvard Dataverse,2025-08-29,s3://10.7910/DVN/E0BJIZ,dataset,dataset
11674459,DVN/VXA6WY,https://doi.org/10.7910/DVN/VXA6WY,doi,10.7910,/,Harvard Dataverse,2025-10-17,s3://10.7910/DVN/VXA6WY,dataset,dataset
11717985,DVN/CWYNS5,https://doi.org/10.7910/DVN/CWYNS5,doi,10.7910,/,Harvard Dataverse,2025-11-26,s3://10.7910/DVN/CWYNS5,dataset,dataset
11799519,DVN/XY1FFE,https://doi.org/10.7910/DVN/XY1FFE,doi,10.7910,/,Harvard Dataverse,2025-12-17,s3://10.7910/DVN/XY1FFE,dataset,dataset
11807603,DVN/YTSK3R,https://doi.org/10.7910/DVN/YTSK3R,doi,10.7910,/,Harvard Dataverse,2025-11-25,s3://10.7910/DVN/YTSK3R,dataset,dataset
11857362,DVN/UOJNCQ,https://doi.org/10.7910/DVN/UOJNCQ,doi,10.7910,/,Harvard Dataverse,2025-11-25,s3://10.7910/DVN/UOJNCQ,dataset,dataset
12109484,DVN/PRBIAS,https://doi.org/10.7910/DVN/PRBIAS,doi,10.7910,/,Harvard Dataverse,2025-11-03,s3://10.7910/DVN/PRBIAS,dataset,dataset
12554897,DVN/NCONLM,https://doi.org/10.7910/DVN/NCONLM,doi,10.7910,/,Harvard Dataverse,2025-12-18,s3://10.7910/DVN/NCONLM,dataset,dataset
13229747,DVN/PZ2VKQ,https://doi.org/10.7910/DVN/PZ2VKQ,doi,10.7910,/,Harvard Dataverse,2025-12-16,s3://10.7910/DVN/PZ2VKQ,dataset,dataset
