collection_id,source,dataset_id,persistent_id,protocol,authority,identifier,publication_date
restat,dataverse,,https://doi.org/10.7910/DVN/24195,doi,10.7910,DVN/24195,2014-03-26
restat,dataverse,,https://doi.org/10.7910/DVN/7XXMRI,doi,10.7910,DVN/7XXMRI,2012-01-17
restat,dataverse,,https://doi.org/10.7910/DVN/RHHG2B,doi,10.7910,DVN/RHHG2B,2013-09-06
restat,dataverse,,https://doi.org/10.7910/DVN/28098,doi,10.7910,DVN/28098,2014-12-12
restat,dataverse,,https://doi.org/10.7910/DVN/23476,doi,10.7910,DVN/23476,2014-02-06
restat,dataverse,,https://doi.org/10.7910/DVN/CGXCNE,doi,10.7910,DVN/CGXCNE,2012-07-19
restat,dataverse,,https://doi.org/10.7910/DVN/4BJC20,doi,10.7910,DVN/4BJC20,2013-05-22
restat,dataverse,,https://doi.org/10.7910/DVN/27103,doi,10.7910,DVN/27103,2015-03-26
restat,dataverse,,https://doi.org/10.7910/DVN/25391,doi,10.7910,DVN/25391,2014-04-25
restat,dataverse,,https://doi.org/10.7910/DVN/27087,doi,10.7910,DVN/27087,2014-08-19
restat,dataverse,,https://doi.org/10.7910/DVN/DV1NR6,doi,10.7910,DVN/DV1NR6,2013-01-14
restat,dataverse,,https://doi.org/10.7910/DVN/PHQT9R,doi,10.7910,DVN/PHQT9R,2012-07-19
restat,dataverse,,https://doi.org/10.7910/DVN/26944,doi,10.7910,DVN/26944,2015-03-26
restat,dataverse,,https://doi.org/10.7910/DVN/ODMTSB,doi,10.7910,DVN/ODMTSB,2012-08-01
restat,dataverse,,https://doi.org/10.7910/DVN/BYCAFE,doi,10.7910,DVN/BYCAFE,2013-01-14
restat,dataverse,,https://doi.org/10.7910/DVN/CTKI9J,doi,10.7910,DVN/CTKI9J,2013-01-11
restat,dataverse,,https://doi.org/10.7910/DVN/6BEESP,doi,10.7910,DVN/6BEESP,2010-11-23
restat,dataverse,,https://doi.org/10.7910/DVN/ZDKETT,doi,10.7910,DVN/ZDKETT,2013-03-05
restat,dataverse,,https://doi.org/10.7910/DVN/VOFHJA,doi,10.7910,DVN/VOFHJA,2012-05-09
restat,dataverse,,https://doi.org/10.7910/DVN/26061,doi,10.7910,DVN/26061,2014-05-23
restat,dataverse,,https://doi.org/10.7910/DVN/BMCNEW,doi,10.7910,DVN/BMCNEW,2012-12-13
restat,dataverse,,https://doi.org/10.7910/DVN/26402,doi,10.7910,DVN/26402,2014-07-17
restat,dataverse,,https://doi.org/10.7910/DVN/OYVNGX,doi,10.7910,DVN/OYVNGX,2012-10-02
restat,dataverse,,https://doi.org/10.7910/DVN/DLHBZR,doi,10.7910,DVN/DLHBZR,2013-03-18
restat,dataverse,,https://doi.org/10.7910/DVN/7HYIFJ,doi,10.7910,DVN/7HYIFJ,2013-05-13
restat,dataverse,,https://doi.org/10.7910/DVN/W5FQL8,doi,10.7910,DVN/W5FQL8,2012-07-19
restat,dataverse,,https://doi.org/10.7910/DVN/27607,doi,10.7910,DVN/27607,2015-01-16
restat,dataverse,,https://doi.org/10.7910/DVN/RQMEJU,doi,10.7910,DVN/RQMEJU,2010-11-23
restat,dataverse,,https://doi.org/10.7910/DVN/REST_A_00306,doi,10.7910,DVN/REST_A_00306,2013-11-12
restat,dataverse,,https://doi.org/10.7910/DVN/28695,doi,10.7910,DVN/28695,2015-01-16
restat,dataverse,,https://doi.org/10.7910/DVN/22955,doi,10.7910,DVN/22955,2013-10-28
restat,dataverse,,https://doi.org/10.7910/DVN/23985,doi,10.7910,DVN/23985,2013-12-19
restat,dataverse,,https://doi.org/10.7910/DVN/VRO3YI,doi,10.7910,DVN/VRO3YI,2012-09-20
restat,dataverse,,https://doi.org/10.7910/DVN/ASF1RN,doi,10.7910,DVN/ASF1RN,2012-10-02
restat,dataverse,,https://doi.org/10.7910/DVN/BITKQY,doi,10.7910,DVN/BITKQY,2012-05-09
restat,dataverse,,https://doi.org/10.7910/DVN/26565,doi,10.7910,DVN/26565,2014-07-17
restat,dataverse,,https://doi.org/10.7910/DVN/RTLK44,doi,10.7910,DVN/RTLK44,2013-09-06
restat,dataverse,,https://doi.org/10.7910/DVN/27065,doi,10.7910,DVN/27065,2014-08-19
restat,dataverse,,https://doi.org/10.7910/DVN/FA5NPP,doi,10.7910,DVN/FA5NPP,2012-01-17
restat,dataverse,,https://doi.org/10.7910/DVN/FVLZUU,doi,10.7910,DVN/FVLZUU,2013-01-14
restat,dataverse,,https://doi.org/10.7910/DVN/26042,doi,10.7910,DVN/26042,2014-05-21
restat,dataverse,,https://doi.org/10.7910/DVN/CHSHK7,doi,10.7910,DVN/CHSHK7,2012-08-03
restat,dataverse,,https://doi.org/10.7910/DVN/0MLOGV,doi,10.7910,DVN/0MLOGV,2013-09-12
restat,dataverse,,https://doi.org/10.7910/DVN/QCJE5B,doi,10.7910,DVN/QCJE5B,2013-06-12
restat,dataverse,,https://doi.org/10.7910/DVN/EYRYZQ,doi,10.7910,DVN/EYRYZQ,2013-08-28
restat,dataverse,,https://doi.org/10.7910/DVN/28810,doi,10.7910,DVN/28810,2015-01-26
restat,dataverse,,https://doi.org/10.7910/DVN/THGHFB,doi,10.7910,DVN/THGHFB,2013-03-26
restat,dataverse,,https://doi.org/10.7910/DVN/27070,doi,10.7910,DVN/27070,2014-08-19
restat,dataverse,,https://doi.org/10.7910/DVN/DXYJK9,doi,10.7910,DVN/DXYJK9,2012-04-13
restat,dataverse,,https://doi.org/10.7910/DVN/FMPXWB,doi,10.7910,DVN/FMPXWB,2012-10-02
restat,dataverse,,https://doi.org/10.7910/DVN/7W6GFB,doi,10.7910,DVN/7W6GFB,2012-08-03
restat,dataverse,,https://doi.org/10.7910/DVN/YJ3QDZ,doi,10.7910,DVN/YJ3QDZ,2010-12-13
restat,dataverse,,https://doi.org/10.7910/DVN/29224,doi,10.7910,DVN/29224,2015-03-13
restat,dataverse,,https://doi.org/10.7910/DVN/PSSAC6,doi,10.7910,DVN/PSSAC6,2012-10-02
restat,dataverse,,https://doi.org/10.7910/DVN/HP5OV8,doi,10.7910,DVN/HP5OV8,2012-05-30
restat,dataverse,,https://doi.org/10.7910/DVN/DWOALN,doi,10.7910,DVN/DWOALN,2012-06-15
restat,dataverse,,https://doi.org/10.7910/DVN/27435,doi,10.7910,DVN/27435,2014-09-26
restat,dataverse,,https://doi.org/10.7910/DVN/26903,doi,10.7910,DVN/26903,2014-08-04
restat,dataverse,,https://doi.org/10.7910/DVN/8IDRTG,doi,10.7910,DVN/8IDRTG,2013-01-11
restat,dataverse,,https://doi.org/10.7910/DVN/5FNJLN,doi,10.7910,DVN/5FNJLN,2012-05-08
restat,dataverse,,https://doi.org/10.7910/DVN/19VCPG,doi,10.7910,DVN/19VCPG,2012-01-17
restat,dataverse,,https://doi.org/10.7910/DVN/28406,doi,10.7910,DVN/28406,2015-01-07
restat,dataverse,,https://doi.org/10.7910/DVN/29563,doi,10.7910,DVN/29563,2015-03-23
restat,dataverse,,https://doi.org/10.7910/DVN/5NWRNW,doi,10.7910,DVN/5NWRNW,2012-05-10
restat,dataverse,,https://doi.org/10.7910/DVN/GYVBNX,doi,10.7910,DVN/GYVBNX,2011-04-19
restat,dataverse,,https://doi.org/10.7910/DVN/26888,doi,10.7910,DVN/26888,2014-08-04
restat,dataverse,,https://doi.org/10.7910/DVN/QROGX6,doi,10.7910,DVN/QROGX6,2010-11-23
restat,dataverse,,https://doi.org/10.7910/DVN/25496,doi,10.7910,DVN/25496,2014-04-11
restat,dataverse,,https://doi.org/10.7910/DVN/YE5XZS,doi,10.7910,DVN/YE5XZS,2010-10-19
restat,dataverse,,https://doi.org/10.7910/DVN/6T1NBL,doi,10.7910,DVN/6T1NBL,2012-07-19
restat,dataverse,,https://doi.org/10.7910/DVN/GKSAJL,doi,10.7910,DVN/GKSAJL,2013-04-05
restat,dataverse,,https://doi.org/10.7910/DVN/X9F0JG,doi,10.7910,DVN/X9F0JG,2011-01-14
restat,dataverse,,https://doi.org/10.7910/DVN/27451,doi,10.7910,DVN/27451,2014-09-29
restat,dataverse,,https://doi.org/10.7910/DVN/DSCKVC,doi,10.7910,DVN/DSCKVC,2011-03-31
restat,dataverse,,https://doi.org/10.7910/DVN/GDJZ08,doi,10.7910,DVN/GDJZ08,2013-03-04
restat,dataverse,,https://doi.org/10.7910/DVN/27802,doi,10.7910,DVN/27802,2014-11-14
restat,dataverse,,https://doi.org/10.7910/DVN/27700,doi,10.7910,DVN/27700,2014-10-28
restat,dataverse,,https://doi.org/10.7910/DVN/24567,doi,10.7910,DVN/24567,2014-01-30
restat,dataverse,,https://doi.org/10.7910/DVN/26717,doi,10.7910,DVN/26717,2014-07-17
restat,dataverse,,https://doi.org/10.7910/DVN/26909,doi,10.7910,DVN/26909,2015-03-26
restat,dataverse,,https://doi.org/10.7910/DVN/IRNEGM,doi,10.7910,DVN/IRNEGM,2013-02-11
restat,dataverse,,https://doi.org/10.7910/DVN/7QPEIP,doi,10.7910,DVN/7QPEIP,2012-01-13
restat,dataverse,,https://doi.org/10.7910/DVN/ZZ48BK,doi,10.7910,DVN/ZZ48BK,2014-05-21
restat,dataverse,,https://doi.org/10.7910/DVN/26873,doi,10.7910,DVN/26873,2015-01-16
restat,dataverse,,https://doi.org/10.7910/DVN/27098,doi,10.7910,DVN/27098,2014-08-19
restat,dataverse,,https://doi.org/10.7910/DVN/29693,doi,10.7910,DVN/29693,2015-03-30
restat,dataverse,,https://doi.org/10.7910/DVN/AMDL12,doi,10.7910,DVN/AMDL12,2012-02-07
restat,dataverse,,https://doi.org/10.7910/DVN/27042,doi,10.7910,DVN/27042,2015-01-23
restat,dataverse,,https://doi.org/10.7910/DVN/29908,doi,10.7910,DVN/29908,2015-04-09
restat,dataverse,,https://doi.org/10.7910/DVN/YJ3D8P,doi,10.7910,DVN/YJ3D8P,2012-06-20
restat,dataverse,,https://doi.org/10.7910/DVN/A9Y8QA,doi,10.7910,DVN/A9Y8QA,2012-12-12
restat,dataverse,,https://doi.org/10.7910/DVN/1AJV3A,doi,10.7910,DVN/1AJV3A,2012-12-12
restat,dataverse,,https://doi.org/10.7910/DVN/L8XQAH,doi,10.7910,DVN/L8XQAH,2012-01-13
restat,dataverse,,https://doi.org/10.7910/DVN/28390,doi,10.7910,DVN/28390,2014-12-19
restat,dataverse,,https://doi.org/10.7910/DVN/24223,doi,10.7910,DVN/24223,2014-01-13
restat,dataverse,,https://doi.org/10.7910/DVN/26954,doi,10.7910,DVN/26954,2014-09-26
restat,dataverse,,https://doi.org/10.7910/DVN/OWLEH3,doi,10.7910,DVN/OWLEH3,2012-10-02
restat,dataverse,,https://doi.org/10.7910/DVN/A0LV0A,doi,10.7910,DVN/A0LV0A,2013-03-14
restat,dataverse,,https://doi.org/10.7910/DVN/29906,doi,10.7910,DVN/29906,2015-04-09
restat,dataverse,,https://doi.org/10.7910/DVN/27249,doi,10.7910,DVN/27249,2014-09-12
restat,dataverse,,https://doi.org/10.7910/DVN/LCEITG,doi,10.7910,DVN/LCEITG,2012-02-01
restat,dataverse,,https://doi.org/10.7910/DVN/I4LUQG,doi,10.7910,DVN/I4LUQG,2017-09-11
restat,dataverse,,https://doi.org/10.7910/DVN/QAGZZ7,doi,10.7910,DVN/QAGZZ7,2019-04-17
restat,dataverse,,https://doi.org/10.7910/DVN/OBOLXQ,doi,10.7910,DVN/OBOLXQ,2021-10-12
restat,dataverse,,https://doi.org/10.7910/DVN/8FOAEF,doi,10.7910,DVN/8FOAEF,2024-09-18
restat,dataverse,,https://doi.org/10.7910/DVN/BFP2IC,doi,10.7910,DVN/BFP2IC,2015-05-29
restat,dataverse,,https://doi.org/10.7910/DVN/NQELML,doi,10.7910,DVN/NQELML,2015-06-24
restat,dataverse,,https://doi.org/10.7910/DVN/RZU4WX,doi,10.7910,DVN/RZU4WX,2017-01-13
restat,dataverse,,https://doi.org/10.7910/DVN/GJB5F1,doi,10.7910,DVN/GJB5F1,2017-02-07
restat,dataverse,,https://doi.org/10.7910/DVN/WIQBCR,doi,10.7910,DVN/WIQBCR,2017-04-07
restat,dataverse,,https://doi.org/10.7910/DVN/ID6SYF,doi,10.7910,DVN/ID6SYF,2017-05-10
restat,dataverse,,https://doi.org/10.7910/DVN/QNKHZQ,doi,10.7910,DVN/QNKHZQ,2017-06-29
restat,dataverse,,https://doi.org/10.7910/DVN/SS0AA5,doi,10.7910,DVN/SS0AA5,2017-05-31
restat,dataverse,,https://doi.org/10.7910/DVN/5JWBXU,doi,10.7910,DVN/5JWBXU,2018-02-23
restat,dataverse,,https://doi.org/10.7910/DVN/H6IPNT,doi,10.7910,DVN/H6IPNT,2018-03-23
restat,dataverse,,https://doi.org/10.7910/DVN/8SATPR,doi,10.7910,DVN/8SATPR,2018-09-26
restat,dataverse,,https://doi.org/10.7910/DVN/T70TLT,doi,10.7910,DVN/T70TLT,2018-05-18
restat,dataverse,,https://doi.org/10.7910/DVN/O7BAYF,doi,10.7910,DVN/O7BAYF,2018-06-28
restat,dataverse,,https://doi.org/10.7910/DVN/021GV6,doi,10.7910,DVN/021GV6,2016-08-24
restat,dataverse,,https://doi.org/10.7910/DVN/JS3AVM,doi,10.7910,DVN/JS3AVM,2016-12-14
restat,dataverse,,https://doi.org/10.7910/DVN/ZRGEPA,doi,10.7910,DVN/ZRGEPA,2017-11-22
restat,dataverse,,https://doi.org/10.7910/DVN/M3YGAI,doi,10.7910,DVN/M3YGAI,2017-10-25
restat,dataverse,,https://doi.org/10.7910/DVN/DX6YLE,doi,10.7910,DVN/DX6YLE,2018-01-24
restat,dataverse,,https://doi.org/10.7910/DVN/FFPAXW,doi,10.7910,DVN/FFPAXW,2017-12-23
restat,dataverse,,https://doi.org/10.7910/DVN/OST8NQ,doi,10.7910,DVN/OST8NQ,2018-01-17
restat,dataverse,,https://doi.org/10.7910/DVN/Q99FI0,doi,10.7910,DVN/Q99FI0,2018-01-24
restat,dataverse,,https://doi.org/10.7910/DVN/ETS5LV,doi,10.7910,DVN/ETS5LV,2018-08-30
restat,dataverse,,https://doi.org/10.7910/DVN/W4B8MB,doi,10.7910,DVN/W4B8MB,2018-08-30
restat,dataverse,,https://doi.org/10.7910/DVN/8SPXEQ,doi,10.7910,DVN/8SPXEQ,2018-10-12
restat,dataverse,,https://doi.org/10.7910/DVN/082YQD,doi,10.7910,DVN/082YQD,2018-10-29
restat,dataverse,,https://doi.org/10.7910/DVN/RCZN4X,doi,10.7910,DVN/RCZN4X,2018-10-26
restat,dataverse,,https://doi.org/10.7910/DVN/ZQ5YCL,doi,10.7910,DVN/ZQ5YCL,2018-11-05
restat,dataverse,,https://doi.org/10.7910/DVN/CAASNH,doi,10.7910,DVN/CAASNH,2018-12-07
restat,dataverse,,https://doi.org/10.7910/DVN/FHXGDK,doi,10.7910,DVN/FHXGDK,2019-10-02
restat,dataverse,,https://doi.org/10.7910/DVN/S6QSGP,doi,10.7910,DVN/S6QSGP,2012-07-19
restat,dataverse,,https://doi.org/10.7910/DVN/28934,doi,10.7910,DVN/28934,2015-01-30
restat,dataverse,,https://doi.org/10.7910/DVN/TBXVB3,doi,10.7910,DVN/TBXVB3,2020-10-09
restat,dataverse,,https://doi.org/10.7910/DVN/PXAFCW,doi,10.7910,DVN/PXAFCW,2016-12-07
restat,dataverse,,https://doi.org/10.7910/DVN/RCWCPE,doi,10.7910,DVN/RCWCPE,2024-01-11
restat,dataverse,,https://doi.org/10.7910/DVN/1RRYTT,doi,10.7910,DVN/1RRYTT,2018-12-13
restat,dataverse,,https://doi.org/10.7910/DVN/N3TUEA,doi,10.7910,DVN/N3TUEA,2019-07-22
restat,dataverse,,https://doi.org/10.7910/DVN/EH3JBW,doi,10.7910,DVN/EH3JBW,2019-07-22
restat,dataverse,,https://doi.org/10.7910/DVN/PUXK8C,doi,10.7910,DVN/PUXK8C,2021-01-27
restat,dataverse,,https://doi.org/10.7910/DVN/DEDOUB,doi,10.7910,DVN/DEDOUB,2019-07-24
restat,dataverse,,https://doi.org/10.7910/DVN/CL6XJ9,doi,10.7910,DVN/CL6XJ9,2019-08-30
restat,dataverse,,https://doi.org/10.7910/DVN/DPMTHY,doi,10.7910,DVN/DPMTHY,2019-02-11
restat,dataverse,,https://doi.org/10.7910/DVN/QZY3JR,doi,10.7910,DVN/QZY3JR,2019-02-04
restat,dataverse,,https://doi.org/10.7910/DVN/EISFTL,doi,10.7910,DVN/EISFTL,2019-08-19
restat,dataverse,,https://doi.org/10.7910/DVN/IO8NQU,doi,10.7910,DVN/IO8NQU,2019-07-17
restat,dataverse,,https://doi.org/10.7910/DVN/LZOGOB,doi,10.7910,DVN/LZOGOB,2019-12-19
restat,dataverse,,https://doi.org/10.7910/DVN/WPTLQP,doi,10.7910,DVN/WPTLQP,2020-01-22
restat,dataverse,,https://doi.org/10.7910/DVN/14K229,doi,10.7910,DVN/14K229,2020-04-15
restat,dataverse,,https://doi.org/10.7910/DVN/SGJDLC,doi,10.7910,DVN/SGJDLC,2021-03-31
restat,dataverse,,https://doi.org/10.7910/DVN/AGHAM2,doi,10.7910,DVN/AGHAM2,2021-05-18
restat,dataverse,,https://doi.org/10.7910/DVN/CPJUP3,doi,10.7910,DVN/CPJUP3,2021-06-16
restat,dataverse,,https://doi.org/10.7910/DVN/J7LTLI,doi,10.7910,DVN/J7LTLI,2020-08-05
restat,dataverse,,https://doi.org/10.7910/DVN/ZPLSBR,doi,10.7910,DVN/ZPLSBR,2020-11-09
restat,dataverse,,https://doi.org/10.7910/DVN/5LB20Z,doi,10.7910,DVN/5LB20Z,2020-11-16
restat,dataverse,,https://doi.org/10.7910/DVN/IUFTLZ,doi,10.7910,DVN/IUFTLZ,2021-03-16
restat,dataverse,,https://doi.org/10.7910/DVN/XQBGEY,doi,10.7910,DVN/XQBGEY,2021-03-18
restat,dataverse,,https://doi.org/10.7910/DVN/U3QAGB,doi,10.7910,DVN/U3QAGB,2021-03-17
restat,dataverse,,https://doi.org/10.7910/DVN/X3W9MK,doi,10.7910,DVN/X3W9MK,2023-07-26
restat,dataverse,,https://doi.org/10.7910/DVN/2VHAYX,doi,10.7910,DVN/2VHAYX,2021-07-13
restat,dataverse,,https://doi.org/10.7910/DVN/PIAZWN,doi,10.7910,DVN/PIAZWN,2018-05-11
restat,dataverse,,https://doi.org/10.7910/DVN/RHZDPF,doi,10.7910,DVN/RHZDPF,2020-11-30
restat,dataverse,,https://doi.org/10.7910/DVN/FO9PLR,doi,10.7910,DVN/FO9PLR,2021-02-12
restat,dataverse,,https://doi.org/10.7910/DVN/YUMTH5,doi,10.7910,DVN/YUMTH5,2021-03-09
restat,dataverse,,https://doi.org/10.7910/DVN/ZQDPTB,doi,10.7910,DVN/ZQDPTB,2021-04-28
restat,dataverse,,https://doi.org/10.7910/DVN/2RSIXB,doi,10.7910,DVN/2RSIXB,2022-02-14
restat,dataverse,,https://doi.org/10.7910/DVN/MC2AOT,doi,10.7910,DVN/MC2AOT,2022-01-18
restat,dataverse,,https://doi.org/10.7910/DVN/RAXNSH,doi,10.7910,DVN/RAXNSH,2025-07-31
restat,dataverse,,https://doi.org/10.7910/DVN/WCTVTA,doi,10.7910,DVN/WCTVTA,2022-01-18
restat,dataverse,,https://doi.org/10.7910/DVN/LQJ7I0,doi,10.7910,DVN/LQJ7I0,2022-01-31
restat,dataverse,,https://doi.org/10.7910/DVN/HG6X7N,doi,10.7910,DVN/HG6X7N,2022-02-14
restat,dataverse,,https://doi.org/10.7910/DVN/TYVVY2,doi,10.7910,DVN/TYVVY2,2024-03-26
restat,dataverse,,https://doi.org/10.7910/DVN/0BGBPA,doi,10.7910,DVN/0BGBPA,2021-06-23
restat,dataverse,,https://doi.org/10.7910/DVN/EF3AMU,doi,10.7910,DVN/EF3AMU,2022-03-10
restat,dataverse,,https://doi.org/10.7910/DVN/SEAEEM,doi,10.7910,DVN/SEAEEM,2022-04-10
restat,dataverse,,https://doi.org/10.7910/DVN/IPWCES,doi,10.7910,DVN/IPWCES,2024-01-24
restat,dataverse,,https://doi.org/10.7910/DVN/XRVCVG,doi,10.7910,DVN/XRVCVG,2022-05-24
restat,dataverse,,https://doi.org/10.7910/DVN/9SRRLX,doi,10.7910,DVN/9SRRLX,2021-08-19
restat,dataverse,,https://doi.org/10.7910/DVN/7X8SMP,doi,10.7910,DVN/7X8SMP,2025-05-26
restat,dataverse,,https://doi.org/10.7910/DVN/CCRZPN,doi,10.7910,DVN/CCRZPN,2025-06-05
restat,dataverse,,https://doi.org/10.7910/DVN/OHUWKM,doi,10.7910,DVN/OHUWKM,2015-08-19
restat,dataverse,,https://doi.org/10.7910/DVN/R193JO,doi,10.7910,DVN/R193JO,2015-12-16
restat,dataverse,,https://doi.org/10.7910/DVN/NKWMQM,doi,10.7910,DVN/NKWMQM,2016-03-17
restat,dataverse,,https://doi.org/10.7910/DVN/PPMUSK,doi,10.7910,DVN/PPMUSK,2025-01-06
restat,dataverse,,https://doi.org/10.7910/DVN/VYGD8T,doi,10.7910,DVN/VYGD8T,2025-01-08
restat,dataverse,,https://doi.org/10.7910/DVN/VUCWUM,doi,10.7910,DVN/VUCWUM,2025-01-21
restat,dataverse,,https://doi.org/10.7910/DVN/MNCIDW,doi,10.7910,DVN/MNCIDW,2025-01-21
restat,dataverse,,https://doi.org/10.7910/DVN/7MBEPB,doi,10.7910,DVN/7MBEPB,2024-09-23
restat,dataverse,,https://doi.org/10.7910/DVN/28KXCS,doi,10.7910,DVN/28KXCS,2024-09-30
restat,dataverse,,https://doi.org/10.7910/DVN/XSVITM,doi,10.7910,DVN/XSVITM,2024-12-10
restat,dataverse,,https://doi.org/10.7910/DVN/UVSLIN,doi,10.7910,DVN/UVSLIN,2025-02-18
restat,dataverse,,https://doi.org/10.7910/DVN/RE2FIL,doi,10.7910,DVN/RE2FIL,2024-02-29
restat,dataverse,,https://doi.org/10.7910/DVN/S7SO3O,doi,10.7910,DVN/S7SO3O,2024-02-28
restat,dataverse,,https://doi.org/10.7910/DVN/3ZWJLB,doi,10.7910,DVN/3ZWJLB,2024-06-17
restat,dataverse,,https://doi.org/10.7910/DVN/0AILQP,doi,10.7910,DVN/0AILQP,2024-08-22
restat,dataverse,,https://doi.org/10.7910/DVN/9W8D9R,doi,10.7910,DVN/9W8D9R,2012-04-17
restat,dataverse,,https://doi.org/10.7910/DVN/EPF255,doi,10.7910,DVN/EPF255,2012-01-13
restat,dataverse,,https://doi.org/10.7910/DVN/XKETSJ,doi,10.7910,DVN/XKETSJ,2012-01-13
restat,dataverse,,https://doi.org/10.7910/DVN/QQQFMN,doi,10.7910,DVN/QQQFMN,2012-08-03
restat,dataverse,,https://doi.org/10.7910/DVN/438KUP,doi,10.7910,DVN/438KUP,2012-09-28
restat,dataverse,,https://doi.org/10.7910/DVN/27515,doi,10.7910,DVN/27515,2014-10-07
restat,dataverse,,https://doi.org/10.7910/DVN/27521,doi,10.7910,DVN/27521,2014-10-07
restat,dataverse,,https://doi.org/10.7910/DVN/26180,doi,10.7910,DVN/26180,2014-05-27
restat,dataverse,,https://doi.org/10.7910/DVN/LMGLLP,doi,10.7910,DVN/LMGLLP,2012-04-17
restat,dataverse,,https://doi.org/10.7910/DVN/C7KPZK,doi,10.7910,DVN/C7KPZK,2012-01-25
restat,dataverse,,https://doi.org/10.7910/DVN/26904,doi,10.7910,DVN/26904,2015-03-26
restat,dataverse,,https://doi.org/10.7910/DVN/27117,doi,10.7910,DVN/27117,2014-09-05
restat,dataverse,,https://doi.org/10.7910/DVN/WS02O2,doi,10.7910,DVN/WS02O2,2010-09-17
restat,dataverse,,https://doi.org/10.7910/DVN/29190,doi,10.7910,DVN/29190,2015-02-25
restat,dataverse,,https://doi.org/10.7910/DVN/27037,doi,10.7910,DVN/27037,2015-03-26
restat,dataverse,,https://doi.org/10.7910/DVN/I3VVHM,doi,10.7910,DVN/I3VVHM,2012-08-06
restat,dataverse,,https://doi.org/10.7910/DVN/22932,doi,10.7910,DVN/22932,2013-10-28
restat,dataverse,,https://doi.org/10.7910/DVN/28764,doi,10.7910,DVN/28764,2015-03-25
restat,dataverse,,https://doi.org/10.7910/DVN/VIVQYS,doi,10.7910,DVN/VIVQYS,2012-02-01
restat,dataverse,,https://doi.org/10.7910/DVN/27893,doi,10.7910,DVN/27893,2014-12-08
restat,dataverse,,https://doi.org/10.7910/DVN/GIFITM,doi,10.7910,DVN/GIFITM,2013-05-17
restat,dataverse,,https://doi.org/10.7910/DVN/IYAMP5,doi,10.7910,DVN/IYAMP5,2012-04-17
restat,dataverse,,https://doi.org/10.7910/DVN/WEARVD,doi,10.7910,DVN/WEARVD,2012-10-02
restat,dataverse,,https://doi.org/10.7910/DVN/27186,doi,10.7910,DVN/27186,2014-09-12
restat,dataverse,,https://doi.org/10.7910/DVN/L4DUZ7,doi,10.7910,DVN/L4DUZ7,2011-09-30
restat,dataverse,,https://doi.org/10.7910/DVN/VYA6CX,doi,10.7910,DVN/VYA6CX,2010-11-23
restat,dataverse,,https://doi.org/10.7910/DVN/SFKPQK,doi,10.7910,DVN/SFKPQK,2012-01-17
restat,dataverse,,https://doi.org/10.7910/DVN/27189,doi,10.7910,DVN/27189,2015-01-08
restat,dataverse,,https://doi.org/10.7910/DVN/CMRTZU,doi,10.7910,DVN/CMRTZU,2024-05-15
restat,dataverse,,https://doi.org/10.7910/DVN/ZXWXYX,doi,10.7910,DVN/ZXWXYX,2024-06-03
restat,dataverse,,https://doi.org/10.7910/DVN/LBJ0BH,doi,10.7910,DVN/LBJ0BH,2024-05-31
restat,dataverse,,https://doi.org/10.7910/DVN/JXUMLQ,doi,10.7910,DVN/JXUMLQ,2024-06-13
restat,dataverse,,https://doi.org/10.7910/DVN/XS029A,doi,10.7910,DVN/XS029A,2016-06-22
restat,dataverse,,https://doi.org/10.7910/DVN/FDEHZY,doi,10.7910,DVN/FDEHZY,2016-07-28
restat,dataverse,,https://doi.org/10.7910/DVN/JMWMWW,doi,10.7910,DVN/JMWMWW,2016-09-09
restat,dataverse,,https://doi.org/10.7910/DVN/CVEELC,doi,10.7910,DVN/CVEELC,2024-08-30
restat,dataverse,,https://doi.org/10.7910/DVN/IXPM1B,doi,10.7910,DVN/IXPM1B,2024-10-17
restat,dataverse,,https://doi.org/10.7910/DVN/PCN3FP,doi,10.7910,DVN/PCN3FP,2024-12-02
restat,dataverse,,https://doi.org/10.7910/DVN/WFLPUA,doi,10.7910,DVN/WFLPUA,2025-02-18
restat,dataverse,,https://doi.org/10.7910/DVN/HFWW9L,doi,10.7910,DVN/HFWW9L,2025-02-18
restat,dataverse,,https://doi.org/10.7910/DVN/GDSUEC,doi,10.7910,DVN/GDSUEC,2025-02-21
restat,dataverse,,https://doi.org/10.7910/DVN/27757,doi,10.7910,DVN/27757,2014-11-07
restat,dataverse,,https://doi.org/10.7910/DVN/28699,doi,10.7910,DVN/28699,2015-01-16
restat,dataverse,,https://doi.org/10.7910/DVN/22853,doi,10.7910,DVN/22853,2014-03-21
restat,dataverse,,https://doi.org/10.7910/DVN/4S5EFW,doi,10.7910,DVN/4S5EFW,2013-09-09
restat,dataverse,,https://doi.org/10.7910/DVN/WYFVVN,doi,10.7910,DVN/WYFVVN,2013-02-28
restat,dataverse,,https://doi.org/10.7910/DVN/9AVJ61,doi,10.7910,DVN/9AVJ61,2011-01-14
restat,dataverse,,https://doi.org/10.7910/DVN/0IIHRH,doi,10.7910,DVN/0IIHRH,2012-01-13
restat,dataverse,,https://doi.org/10.7910/DVN/YVDYXQ,doi,10.7910,DVN/YVDYXQ,2012-08-03
restat,dataverse,,https://doi.org/10.7910/DVN/26953,doi,10.7910,DVN/26953,2015-03-26
restat,dataverse,,https://doi.org/10.7910/DVN/REST_A_00267,doi,10.7910,DVN/REST_A_00267,2013-11-14
restat,dataverse,,https://doi.org/10.7910/DVN/27181,doi,10.7910,DVN/27181,2014-09-09
restat,dataverse,,https://doi.org/10.7910/DVN/T0Q9KP,doi,10.7910,DVN/T0Q9KP,2013-06-19
restat,dataverse,,https://doi.org/10.7910/DVN/FKW5PP,doi,10.7910,DVN/FKW5PP,2013-03-21
restat,dataverse,,https://doi.org/10.7910/DVN1/22633,doi,10.7910,DVN1/22633,2013-09-30
restat,dataverse,,https://doi.org/10.7910/DVN/SHRAOL,doi,10.7910,DVN/SHRAOL,2013-01-28
restat,dataverse,,https://doi.org/10.7910/DVN/27337,doi,10.7910,DVN/27337,2015-08-31
restat,dataverse,,https://doi.org/10.7910/DVN/HVX2YP,doi,10.7910,DVN/HVX2YP,2012-08-03
restat,dataverse,,https://doi.org/10.7910/DVN/QXMPBS,doi,10.7910,DVN/QXMPBS,2012-01-13
restat,dataverse,,https://doi.org/10.7910/DVN/FK9E3J,doi,10.7910,DVN/FK9E3J,2012-01-17
restat,dataverse,,https://doi.org/10.7910/DVN/X8C3CO,doi,10.7910,DVN/X8C3CO,2013-05-13
restat,dataverse,,https://doi.org/10.7910/DVN/26803,doi,10.7910,DVN/26803,2014-07-31
restat,dataverse,,https://doi.org/10.7910/DVN/22817,doi,10.7910,DVN/22817,2014-01-30
restat,dataverse,,https://doi.org/10.7910/DVN/27397,doi,10.7910,DVN/27397,2014-09-26
restat,dataverse,,https://doi.org/10.7910/DVN/RR4AYC,doi,10.7910,DVN/RR4AYC,2012-06-01
restat,dataverse,,https://doi.org/10.7910/DVN/7LBCWR,doi,10.7910,DVN/7LBCWR,2012-01-17
restat,dataverse,,https://doi.org/10.7910/DVN/FGLKNE,doi,10.7910,DVN/FGLKNE,2013-05-29
restat,dataverse,,https://doi.org/10.7910/DVN/ZIC6PW,doi,10.7910,DVN/ZIC6PW,2020-06-30
restat,dataverse,,https://doi.org/10.7910/DVN/TJMVBS,doi,10.7910,DVN/TJMVBS,2020-07-14
restat,dataverse,,https://doi.org/10.7910/DVN/MUREET,doi,10.7910,DVN/MUREET,2022-03-16
restat,dataverse,,https://doi.org/10.7910/DVN/YUDEVH,doi,10.7910,DVN/YUDEVH,2020-07-23
restat,dataverse,,https://doi.org/10.7910/DVN/MZUYN3,doi,10.7910,DVN/MZUYN3,2019-03-01
restat,dataverse,,https://doi.org/10.7910/DVN/DDNOOW,doi,10.7910,DVN/DDNOOW,2020-06-12
restat,dataverse,,https://doi.org/10.7910/DVN/FKDN0S,doi,10.7910,DVN/FKDN0S,2021-12-09
restat,dataverse,,https://doi.org/10.7910/DVN/CUJNMQ,doi,10.7910,DVN/CUJNMQ,2021-11-01
restat,dataverse,,https://doi.org/10.7910/DVN/YTKR6B,doi,10.7910,DVN/YTKR6B,2021-11-15
restat,dataverse,,https://doi.org/10.7910/DVN/GVZL5V,doi,10.7910,DVN/GVZL5V,2025-03-06
restat,dataverse,,https://doi.org/10.7910/DVN/9568AJ,doi,10.7910,DVN/9568AJ,2021-12-14
restat,dataverse,,https://doi.org/10.7910/DVN/9E0TS1,doi,10.7910,DVN/9E0TS1,2019-10-21
restat,dataverse,,https://doi.org/10.7910/DVN/BE2JAD,doi,10.7910,DVN/BE2JAD,2019-09-18
restat,dataverse,,https://doi.org/10.7910/DVN/C8JKBM,doi,10.7910,DVN/C8JKBM,2019-04-01
restat,dataverse,,https://doi.org/10.7910/DVN/SDUGGM,doi,10.7910,DVN/SDUGGM,2017-02-10
restat,dataverse,,https://doi.org/10.7910/DVN/S8KRRM,doi,10.7910,DVN/S8KRRM,2017-03-22
restat,dataverse,,https://doi.org/10.7910/DVN/AJY6QR,doi,10.7910,DVN/AJY6QR,2020-09-15
restat,dataverse,,https://doi.org/10.7910/DVN/MCGOCJ,doi,10.7910,DVN/MCGOCJ,2021-07-23
restat,dataverse,,https://doi.org/10.7910/DVN/4VR1EI,doi,10.7910,DVN/4VR1EI,2021-08-30
restat,dataverse,,https://doi.org/10.7910/DVN/9IHB5S,doi,10.7910,DVN/9IHB5S,2021-09-29
restat,dataverse,,https://doi.org/10.7910/DVN/66DM1I,doi,10.7910,DVN/66DM1I,2018-05-23
restat,dataverse,,https://doi.org/10.7910/DVN/DHZUOT,doi,10.7910,DVN/DHZUOT,2018-06-21
restat,dataverse,,https://doi.org/10.7910/DVN/A0ZC97,doi,10.7910,DVN/A0ZC97,2019-08-07
restat,dataverse,,https://doi.org/10.7910/DVN/SWRYPL,doi,10.7910,DVN/SWRYPL,2017-12-13
restat,dataverse,,https://doi.org/10.7910/DVN/OS7LCY,doi,10.7910,DVN/OS7LCY,2018-11-05
restat,dataverse,,https://doi.org/10.7910/DVN/RCLBOF,doi,10.7910,DVN/RCLBOF,2018-11-05
restat,dataverse,,https://doi.org/10.7910/DVN/6JSH69,doi,10.7910,DVN/6JSH69,2019-05-29
restat,dataverse,,https://doi.org/10.7910/DVN/DPI7GD,doi,10.7910,DVN/DPI7GD,2025-07-08
restat,dataverse,,https://doi.org/10.7910/DVN/LT4QSR,doi,10.7910,DVN/LT4QSR,2025-07-09
restat,dataverse,,https://doi.org/10.7910/DVN/1N8BDR,doi,10.7910,DVN/1N8BDR,2025-07-07
restat,dataverse,,https://doi.org/10.7910/DVN/MTUG2N,doi,10.7910,DVN/MTUG2N,2024-07-29
restat,dataverse,,https://doi.org/10.7910/DVN/NUEPZU,doi,10.7910,DVN/NUEPZU,2024-12-12
restat,dataverse,,https://doi.org/10.7910/DVN/27616,doi,10.7910,DVN/27616,2014-10-17
restat,dataverse,,https://doi.org/10.7910/DVN/24747,doi,10.7910,DVN/24747,2014-02-19
restat,dataverse,,https://doi.org/10.7910/DVN/G7AOIO,doi,10.7910,DVN/G7AOIO,2013-09-06
restat,dataverse,,https://doi.org/10.7910/DVN/28945,doi,10.7910,DVN/28945,2015-02-27
restat,dataverse,,https://doi.org/10.7910/DVN/MKRDC0,doi,10.7910,DVN/MKRDC0,2012-08-08
restat,dataverse,,https://doi.org/10.7910/DVN/27261,doi,10.7910,DVN/27261,2014-09-12
restat,dataverse,,https://doi.org/10.7910/DVN/27938,doi,10.7910,DVN/27938,2014-12-01
restat,dataverse,,https://doi.org/10.7910/DVN/28775,doi,10.7910,DVN/28775,2015-01-23
restat,dataverse,,https://doi.org/10.7910/DVN/24076,doi,10.7910,DVN/24076,2014-01-22
restat,dataverse,,https://doi.org/10.7910/DVN/SEPVIW,doi,10.7910,DVN/SEPVIW,2012-06-01
restat,dataverse,,https://doi.org/10.7910/DVN/CTUDHB,doi,10.7910,DVN/CTUDHB,2013-04-05
restat,dataverse,,https://doi.org/10.7910/DVN/IQQEDX,doi,10.7910,DVN/IQQEDX,2013-08-06
restat,dataverse,,https://doi.org/10.7910/DVN/27743,doi,10.7910,DVN/27743,2014-11-07
restat,dataverse,,https://doi.org/10.7910/DVN/00234,doi,10.7910,DVN/00234,2014-04-04
restat,dataverse,,https://doi.org/10.7910/DVN/26093,doi,10.7910,DVN/26093,2014-05-23
restat,dataverse,,https://doi.org/10.7910/DVN/27828,doi,10.7910,DVN/27828,2014-12-19
restat,dataverse,,https://doi.org/10.7910/DVN/26870,doi,10.7910,DVN/26870,2014-07-31
restat,dataverse,,https://doi.org/10.7910/DVN/UW4JV2,doi,10.7910,DVN/UW4JV2,2012-08-03
restat,dataverse,,https://doi.org/10.7910/DVN/24180,doi,10.7910,DVN/24180,2014-01-13
restat,dataverse,,https://doi.org/10.7910/DVN/27294,doi,10.7910,DVN/27294,2015-03-26
restat,dataverse,,https://doi.org/10.7910/DVN/BPUZG1,doi,10.7910,DVN/BPUZG1,2012-08-08
restat,dataverse,,https://doi.org/10.7910/DVN/26769,doi,10.7910,DVN/26769,2015-01-16
restat,dataverse,,https://doi.org/10.7910/DVN/5I6Z2C,doi,10.7910,DVN/5I6Z2C,2011-03-31
restat,dataverse,,https://doi.org/10.7910/DVN/AXVXMI,doi,10.7910,DVN/AXVXMI,2013-01-14
restat,dataverse,,https://doi.org/10.7910/DVN/GPZAMC,doi,10.7910,DVN/GPZAMC,2012-05-30
restat,dataverse,,https://doi.org/10.7910/DVN/26312,doi,10.7910,DVN/26312,2014-07-17
restat,dataverse,,https://doi.org/10.7910/DVN/24648,doi,10.7910,DVN/24648,2014-02-19
restat,dataverse,,https://doi.org/10.7910/DVN/4FGHHE,doi,10.7910,DVN/4FGHHE,2012-01-25
restat,dataverse,,https://doi.org/10.7910/DVN/ARFBBO,doi,10.7910,DVN/ARFBBO,2013-01-28
restat,dataverse,,https://doi.org/10.7910/DVN/NBEKXN,doi,10.7910,DVN/NBEKXN,2013-01-28
restat,dataverse,,https://doi.org/10.7910/DVN/VGZJEM,doi,10.7910,DVN/VGZJEM,2013-03-26
restat,dataverse,,https://doi.org/10.7910/DVN/KC2XE6,doi,10.7910,DVN/KC2XE6,2012-05-09
restat,dataverse,,https://doi.org/10.7910/DVN/EPCYUL,doi,10.7910,DVN/EPCYUL,2012-08-01
restat,dataverse,,https://doi.org/10.7910/DVN/MTQDUN,doi,10.7910,DVN/MTQDUN,2012-03-15
restat,dataverse,,https://doi.org/10.7910/DVN/CWFOFN,doi,10.7910,DVN/CWFOFN,2014-02-06
restat,dataverse,,https://doi.org/10.7910/DVN/27301,doi,10.7910,DVN/27301,2014-09-24
restat,dataverse,,https://doi.org/10.7910/DVN/LK5Z6Z,doi,10.7910,DVN/LK5Z6Z,2013-08-14
restat,dataverse,,https://doi.org/10.7910/DVN/27665,doi,10.7910,DVN/27665,2014-10-28
restat,dataverse,,https://doi.org/10.7910/DVN/AWBBBD,doi,10.7910,DVN/AWBBBD,2012-05-14
restat,dataverse,,https://doi.org/10.7910/DVN/YWGKFQ,doi,10.7910,DVN/YWGKFQ,2012-09-21
restat,dataverse,,https://doi.org/10.7910/DVN/HR2Z6R,doi,10.7910,DVN/HR2Z6R,2012-01-17
restat,dataverse,,https://doi.org/10.7910/DVN/CQ708D,doi,10.7910,DVN/CQ708D,2024-10-08
restat,dataverse,,https://doi.org/10.7910/DVN/BEW1GO,doi,10.7910,DVN/BEW1GO,2024-10-07
restat,dataverse,,https://doi.org/10.7910/DVN/F7M8UX,doi,10.7910,DVN/F7M8UX,2024-12-10
restat,dataverse,,https://doi.org/10.7910/DVN/UXN4VF,doi,10.7910,DVN/UXN4VF,2024-12-16
restat,dataverse,,https://doi.org/10.7910/DVN/XLJGUI,doi,10.7910,DVN/XLJGUI,2024-09-17
restat,dataverse,,https://doi.org/10.7910/DVN/V5VKRG,doi,10.7910,DVN/V5VKRG,2024-11-20
restat,dataverse,,https://doi.org/10.7910/DVN/9M3TTL,doi,10.7910,DVN/9M3TTL,2025-03-10
restat,dataverse,,https://doi.org/10.7910/DVN/BKKE6Z,doi,10.7910,DVN/BKKE6Z,2025-04-09
restat,dataverse,,https://doi.org/10.7910/DVN/RAVJMD,doi,10.7910,DVN/RAVJMD,2025-04-16
restat,dataverse,,https://doi.org/10.7910/DVN/XW4TQH,doi,10.7910,DVN/XW4TQH,2025-04-24
restat,dataverse,,https://doi.org/10.7910/DVN/SXRVYF,doi,10.7910,DVN/SXRVYF,2024-09-16
restat,dataverse,,https://doi.org/10.7910/DVN/TVLJFL,doi,10.7910,DVN/TVLJFL,2025-06-26
restat,dataverse,,https://doi.org/10.7910/DVN/RXZWK4,doi,10.7910,DVN/RXZWK4,2024-09-26
restat,dataverse,,https://doi.org/10.7910/DVN/73P3H5,doi,10.7910,DVN/73P3H5,2024-09-23
restat,dataverse,,https://doi.org/10.7910/DVN/JCNOHR,doi,10.7910,DVN/JCNOHR,2025-02-06
restat,dataverse,,https://doi.org/10.7910/DVN/WUT9AM,doi,10.7910,DVN/WUT9AM,2025-07-07
restat,dataverse,,https://doi.org/10.7910/DVN/NTYMVY,doi,10.7910,DVN/NTYMVY,2024-09-23
restat,dataverse,,https://doi.org/10.7910/DVN/GGJZMW,doi,10.7910,DVN/GGJZMW,2024-08-22
restat,dataverse,,https://doi.org/10.7910/DVN/WTO2V2,doi,10.7910,DVN/WTO2V2,2024-07-31
restat,dataverse,,https://doi.org/10.7910/DVN/81II8S,doi,10.7910,DVN/81II8S,2025-03-10
restat,dataverse,,https://doi.org/10.7910/DVN/E38EUS,doi,10.7910,DVN/E38EUS,2025-01-23
restat,dataverse,,https://doi.org/10.7910/DVN/4XZMHY,doi,10.7910,DVN/4XZMHY,2025-01-29
restat,dataverse,,https://doi.org/10.7910/DVN/HP9FIQ,doi,10.7910,DVN/HP9FIQ,2025-01-27
restat,dataverse,,https://doi.org/10.7910/DVN/TMGUPN,doi,10.7910,DVN/TMGUPN,2025-01-27
restat,dataverse,,https://doi.org/10.7910/DVN/RROWVW,doi,10.7910,DVN/RROWVW,2025-06-01
restat,dataverse,,https://doi.org/10.7910/DVN/RRSJZ4,doi,10.7910,DVN/RRSJZ4,2025-07-31
restat,dataverse,,https://doi.org/10.7910/DVN/H9FJHY,doi,10.7910,DVN/H9FJHY,2024-05-09
restat,dataverse,,https://doi.org/10.7910/DVN/MJ2WT0,doi,10.7910,DVN/MJ2WT0,2024-06-03
restat,dataverse,,https://doi.org/10.7910/DVN/ZF6NUJ,doi,10.7910,DVN/ZF6NUJ,2024-05-31
restat,dataverse,,https://doi.org/10.7910/DVN/GXUZ6X,doi,10.7910,DVN/GXUZ6X,2018-08-30
restat,dataverse,,https://doi.org/10.7910/DVN/BM54JY,doi,10.7910,DVN/BM54JY,2018-03-23
restat,dataverse,,https://doi.org/10.7910/DVN/E6HKJZ,doi,10.7910,DVN/E6HKJZ,2020-05-11
restat,dataverse,,https://doi.org/10.7910/DVN/CCZ82I,doi,10.7910,DVN/CCZ82I,2020-05-11
restat,dataverse,,https://doi.org/10.7910/DVN/BO2REL,doi,10.7910,DVN/BO2REL,2016-09-28
restat,dataverse,,https://doi.org/10.7910/DVN/OWKX5N,doi,10.7910,DVN/OWKX5N,2016-10-26
restat,dataverse,,https://doi.org/10.7910/DVN/EF9I1W,doi,10.7910,DVN/EF9I1W,2022-03-10
restat,dataverse,,https://doi.org/10.7910/DVN/CP3FYH,doi,10.7910,DVN/CP3FYH,2016-04-08
restat,dataverse,,https://doi.org/10.7910/DVN/GUMVSS,doi,10.7910,DVN/GUMVSS,2018-01-24
restat,dataverse,,https://doi.org/10.7910/DVN/XFJ5GW,doi,10.7910,DVN/XFJ5GW,2020-01-17
restat,dataverse,,https://doi.org/10.7910/DVN/3AXSLI,doi,10.7910,DVN/3AXSLI,2020-01-20
restat,dataverse,,https://doi.org/10.7910/DVN/FHJ86Q,doi,10.7910,DVN/FHJ86Q,2017-03-07
restat,dataverse,,https://doi.org/10.7910/DVN/4DLSI3,doi,10.7910,DVN/4DLSI3,2017-04-05
restat,dataverse,,https://doi.org/10.7910/DVN/IJH0GT,doi,10.7910,DVN/IJH0GT,2019-02-15
restat,dataverse,,https://doi.org/10.7910/DVN/5A69IZ,doi,10.7910,DVN/5A69IZ,2018-10-12
restat,dataverse,,https://doi.org/10.7910/DVN/GVOBTP,doi,10.7910,DVN/GVOBTP,2018-05-29
restat,dataverse,,https://doi.org/10.7910/DVN/CRESIS,doi,10.7910,DVN/CRESIS,2018-07-23
restat,dataverse,,https://doi.org/10.7910/DVN/YPFY0J,doi,10.7910,DVN/YPFY0J,2018-09-26
restat,dataverse,,https://doi.org/10.7910/DVN/JGTHXF,doi,10.7910,DVN/JGTHXF,2019-05-17
restat,dataverse,,https://doi.org/10.7910/DVN/UVUXDR,doi,10.7910,DVN/UVUXDR,2019-08-07
restat,dataverse,,https://doi.org/10.7910/DVN/OHR4Y6,doi,10.7910,DVN/OHR4Y6,2016-01-22
restat,dataverse,,https://doi.org/10.7910/DVN/MVF3YU,doi,10.7910,DVN/MVF3YU,2016-01-15
restat,dataverse,,https://doi.org/10.7910/DVN/GEI4YW,doi,10.7910,DVN/GEI4YW,2017-07-17
restat,dataverse,,https://doi.org/10.7910/DVN/X7RZTO,doi,10.7910,DVN/X7RZTO,2018-11-19
restat,dataverse,,https://doi.org/10.7910/DVN/8AGDN8,doi,10.7910,DVN/8AGDN8,2019-01-09
restat,dataverse,,https://doi.org/10.7910/DVN/YTEELK,doi,10.7910,DVN/YTEELK,2017-05-12
restat,dataverse,,https://doi.org/10.7910/DVN/FPJHJ2,doi,10.7910,DVN/FPJHJ2,2017-06-28
restat,dataverse,,https://doi.org/10.7910/DVN/QVNQL4,doi,10.7910,DVN/QVNQL4,2016-11-30
restat,dataverse,,https://doi.org/10.7910/DVN/OERHSC,doi,10.7910,DVN/OERHSC,2016-12-14
restat,dataverse,,https://doi.org/10.7910/DVN/DMJQCB,doi,10.7910,DVN/DMJQCB,2023-09-28
restat,dataverse,,https://doi.org/10.7910/DVN/M2KSXB,doi,10.7910,DVN/M2KSXB,2023-10-04
restat,dataverse,,https://doi.org/10.7910/DVN/750PNH,doi,10.7910,DVN/750PNH,2023-11-30
restat,dataverse,,https://doi.org/10.7910/DVN/R0WN9H,doi,10.7910,DVN/R0WN9H,2024-03-12
restat,dataverse,,https://doi.org/10.7910/DVN/2KHG2I,doi,10.7910,DVN/2KHG2I,2024-04-09
restat,dataverse,,https://doi.org/10.7910/DVN/9TWG7D,doi,10.7910,DVN/9TWG7D,2024-05-13
restat,dataverse,,https://doi.org/10.7910/DVN/0MO7D1,doi,10.7910,DVN/0MO7D1,2023-10-17
restat,dataverse,,https://doi.org/10.7910/DVN/MA31ZM,doi,10.7910,DVN/MA31ZM,2023-05-16
restat,dataverse,,https://doi.org/10.7910/DVN/JDWBWF,doi,10.7910,DVN/JDWBWF,2021-06-23
restat,dataverse,,https://doi.org/10.7910/DVN/U2HYDI,doi,10.7910,DVN/U2HYDI,2021-06-23
restat,dataverse,,https://doi.org/10.7910/DVN/S6HOGF,doi,10.7910,DVN/S6HOGF,2021-07-23
restat,dataverse,,https://doi.org/10.7910/DVN/JQXZET,doi,10.7910,DVN/JQXZET,2021-09-15
restat,dataverse,,https://doi.org/10.7910/DVN/GYTVXH,doi,10.7910,DVN/GYTVXH,2021-09-13
restat,dataverse,,https://doi.org/10.7910/DVN/WO0U6C,doi,10.7910,DVN/WO0U6C,2022-03-02
restat,dataverse,,https://doi.org/10.7910/DVN/YTOX8Q,doi,10.7910,DVN/YTOX8Q,2025-07-31
restat,dataverse,,https://doi.org/10.7910/DVN/HAGWN1,doi,10.7910,DVN/HAGWN1,2022-02-28
restat,dataverse,,https://doi.org/10.7910/DVN/XVGGNR,doi,10.7910,DVN/XVGGNR,2021-07-06
restat,dataverse,,https://doi.org/10.7910/DVN/UXSPYH,doi,10.7910,DVN/UXSPYH,2021-07-28
restat,dataverse,,https://doi.org/10.7910/DVN/LN0ELC,doi,10.7910,DVN/LN0ELC,2021-09-27
restat,dataverse,,https://doi.org/10.7910/DVN/Z9I0CL,doi,10.7910,DVN/Z9I0CL,2022-01-11
restat,dataverse,,https://doi.org/10.7910/DVN/XIHRVW,doi,10.7910,DVN/XIHRVW,2021-11-17
restat,dataverse,,https://doi.org/10.7910/DVN/KVSG8J,doi,10.7910,DVN/KVSG8J,2021-11-12
restat,dataverse,,https://doi.org/10.7910/DVN/7MBDYO,doi,10.7910,DVN/7MBDYO,2021-12-02
restat,dataverse,,https://doi.org/10.7910/DVN/SXOD39,doi,10.7910,DVN/SXOD39,2021-11-23
restat,dataverse,,https://doi.org/10.7910/DVN/DNF4QC,doi,10.7910,DVN/DNF4QC,2023-11-27
restat,dataverse,,https://doi.org/10.7910/DVN/JNPSYQ,doi,10.7910,DVN/JNPSYQ,2025-07-31
restat,dataverse,,https://doi.org/10.7910/DVN/W90WVL,doi,10.7910,DVN/W90WVL,2023-09-14
restat,dataverse,,https://doi.org/10.7910/DVN/8HNU55,doi,10.7910,DVN/8HNU55,2023-09-27
restat,dataverse,,https://doi.org/10.7910/DVN/UOIODS,doi,10.7910,DVN/UOIODS,2023-09-28
restat,dataverse,,https://doi.org/10.7910/DVN/E5D3F8,doi,10.7910,DVN/E5D3F8,2023-09-27
restat,dataverse,,https://doi.org/10.7910/DVN/FQQRJP,doi,10.7910,DVN/FQQRJP,2022-04-18
restat,dataverse,,https://doi.org/10.7910/DVN/MGYHRC,doi,10.7910,DVN/MGYHRC,2025-07-31
restat,dataverse,,https://doi.org/10.7910/DVN/HYIDT9,doi,10.7910,DVN/HYIDT9,2024-04-30
restat,dataverse,,https://doi.org/10.7910/DVN/FQEYSA,doi,10.7910,DVN/FQEYSA,2024-01-08
restat,dataverse,,https://doi.org/10.7910/DVN/8IPDGC,doi,10.7910,DVN/8IPDGC,2024-01-10
restat,dataverse,,https://doi.org/10.7910/DVN/G4HDCF,doi,10.7910,DVN/G4HDCF,2024-02-12
restat,dataverse,,https://doi.org/10.7910/DVN/G03ZJH,doi,10.7910,DVN/G03ZJH,2024-03-26
restat,dataverse,,https://doi.org/10.7910/DVN/QIF7JP,doi,10.7910,DVN/QIF7JP,2024-07-29
restat,dataverse,,https://doi.org/10.7910/DVN/N6F3WU,doi,10.7910,DVN/N6F3WU,2024-07-29
restat,dataverse,,https://doi.org/10.7910/DVN/MEWTDH,doi,10.7910,DVN/MEWTDH,2024-11-06
restat,dataverse,,https://doi.org/10.7910/DVN/8BF0QB,doi,10.7910,DVN/8BF0QB,2024-08-23
restat,dataverse,,https://doi.org/10.7910/DVN/NUDHEA,doi,10.7910,DVN/NUDHEA,2024-08-23
restat,dataverse,,https://doi.org/10.7910/DVN/5DASMW,doi,10.7910,DVN/5DASMW,2024-08-29
restat,dataverse,,https://doi.org/10.7910/DVN/GZ5ATX,doi,10.7910,DVN/GZ5ATX,2024-08-23
restat,dataverse,,https://doi.org/10.7910/DVN/N1PYRP,doi,10.7910,DVN/N1PYRP,2021-07-01
restat,dataverse,,https://doi.org/10.7910/DVN/L3WZXS,doi,10.7910,DVN/L3WZXS,2021-09-13
restat,dataverse,,https://doi.org/10.7910/DVN/OSJSWK,doi,10.7910,DVN/OSJSWK,2016-01-20
restat,dataverse,,https://doi.org/10.7910/DVN/PDHMHF,doi,10.7910,DVN/PDHMHF,2016-12-14
restat,dataverse,,https://doi.org/10.7910/DVN/39RCOG,doi,10.7910,DVN/39RCOG,2016-09-28
restat,dataverse,,https://doi.org/10.7910/DVN/ZKQPK7,doi,10.7910,DVN/ZKQPK7,2019-03-29
restat,dataverse,,https://doi.org/10.7910/DVN/M3EPPH,doi,10.7910,DVN/M3EPPH,2024-11-04
restat,dataverse,,https://doi.org/10.7910/DVN/I5MIIC,doi,10.7910,DVN/I5MIIC,2025-05-27
restat,dataverse,,https://doi.org/10.7910/DVN/C0VSJ0,doi,10.7910,DVN/C0VSJ0,2018-10-12
restat,dataverse,,https://doi.org/10.7910/DVN/WNHJV9,doi,10.7910,DVN/WNHJV9,2020-01-17
restat,dataverse,,https://doi.org/10.7910/DVN/ODIYMX,doi,10.7910,DVN/ODIYMX,2020-04-23
restat,dataverse,,https://doi.org/10.7910/DVN/4UN7CS,doi,10.7910,DVN/4UN7CS,2019-11-25
restat,dataverse,,https://doi.org/10.7910/DVN/Z3EESV,doi,10.7910,DVN/Z3EESV,2018-07-16
restat,dataverse,,https://doi.org/10.7910/DVN/RTQTZ4,doi,10.7910,DVN/RTQTZ4,2022-11-16
restat,dataverse,,https://doi.org/10.7910/DVN/ASXOBS,doi,10.7910,DVN/ASXOBS,2016-01-06
restat,dataverse,,https://doi.org/10.7910/DVN/TLSIUF,doi,10.7910,DVN/TLSIUF,2017-05-26
restat,dataverse,,https://doi.org/10.7910/DVN/BMOWRF,doi,10.7910,DVN/BMOWRF,2015-09-15
restat,dataverse,,https://doi.org/10.7910/DVN/9QM7KX,doi,10.7910,DVN/9QM7KX,2010-09-17
restat,dataverse,,https://doi.org/10.7910/DVN/HQIJNY,doi,10.7910,DVN/HQIJNY,2013-12-09
restat,dataverse,,https://doi.org/10.7910/DVN/25538,doi,10.7910,DVN/25538,2014-04-23
restat,dataverse,,https://doi.org/10.7910/DVN/26259,doi,10.7910,DVN/26259,2014-07-17
restat,dataverse,,https://doi.org/10.7910/DVN/AAKVGN,doi,10.7910,DVN/AAKVGN,2013-09-06
restat,dataverse,,https://doi.org/10.7910/DVN/28549,doi,10.7910,DVN/28549,2015-01-07
restat,dataverse,,https://doi.org/10.7910/DVN/C13ZBJ,doi,10.7910,DVN/C13ZBJ,2015-05-11
restat,dataverse,,https://doi.org/10.7910/DVN/HWTW20,doi,10.7910,DVN/HWTW20,2015-08-10
restat,dataverse,,https://doi.org/10.7910/DVN/HVONZL,doi,10.7910,DVN/HVONZL,2017-10-25
restat,dataverse,,https://doi.org/10.7910/DVN/NPQUVK,doi,10.7910,DVN/NPQUVK,2012-09-25
restat,dataverse,,https://doi.org/10.7910/DVN/27174,doi,10.7910,DVN/27174,2014-08-25
restat,dataverse,,https://doi.org/10.7910/DVN/28824,doi,10.7910,DVN/28824,2015-01-30
restat,dataverse,,https://doi.org/10.7910/DVN/JF6UVS,doi,10.7910,DVN/JF6UVS,2010-12-13
restat,dataverse,,https://doi.org/10.7910/DVN/27299,doi,10.7910,DVN/27299,2014-09-09
restat,dataverse,,https://doi.org/10.7910/DVN/UJNWFN,doi,10.7910,DVN/UJNWFN,2013-08-28
restat,dataverse,,https://doi.org/10.7910/DVN/27110,doi,10.7910,DVN/27110,2014-08-25
restat,dataverse,,https://doi.org/10.7910/DVN/27437,doi,10.7910,DVN/27437,2015-01-23
restat,dataverse,,https://doi.org/10.7910/DVN/VEHPPS,doi,10.7910,DVN/VEHPPS,2012-03-15
restat,dataverse,,https://doi.org/10.7910/DVN/GUMZTY,doi,10.7910,DVN/GUMZTY,2012-06-01
restat,dataverse,,https://doi.org/10.7910/DVN/DRY8IV,doi,10.7910,DVN/DRY8IV,2012-08-03
restat,dataverse,,https://doi.org/10.7910/DVN/U6Q9LR,doi,10.7910,DVN/U6Q9LR,2012-05-30
restat,dataverse,,https://doi.org/10.7910/DVN/27059,doi,10.7910,DVN/27059,2014-08-19
restat,dataverse,,https://doi.org/10.7910/DVN/SOLDNK,doi,10.7910,DVN/SOLDNK,2012-01-13
restat,dataverse,,https://doi.org/10.7910/DVN/DB5RXR,doi,10.7910,DVN/DB5RXR,2012-03-19
restat,dataverse,,https://doi.org/10.7910/DVN/NJCEDK,doi,10.7910,DVN/NJCEDK,2012-08-14
restat,dataverse,,https://doi.org/10.7910/DVN/DZI33N,doi,10.7910,DVN/DZI33N,2018-07-23
restat,dataverse,,https://doi.org/10.7910/DVN/YQDVSL,doi,10.7910,DVN/YQDVSL,2012-03-20
restat,dataverse,,https://doi.org/10.7910/DVN/25452,doi,10.7910,DVN/25452,2014-04-09
restat,dataverse,,https://doi.org/10.7910/DVN/ZVSJWQ,doi,10.7910,DVN/ZVSJWQ,2012-01-13
restat,dataverse,,https://doi.org/10.7910/DVN/27304,doi,10.7910,DVN/27304,2015-03-26
restat,dataverse,,https://doi.org/10.7910/DVN/27175,doi,10.7910,DVN/27175,2014-09-12
restat,dataverse,,https://doi.org/10.7910/DVN/27017,doi,10.7910,DVN/27017,2015-01-16
restat,dataverse,,https://doi.org/10.7910/DVN/8WEXYD,doi,10.7910,DVN/8WEXYD,2012-05-09
restat,dataverse,,https://doi.org/10.7910/DVN/26865,doi,10.7910,DVN/26865,2014-07-31
restat,dataverse,,https://doi.org/10.7910/DVN/14574,doi,10.7910,DVN/14574,2014-04-11
restat,dataverse,,https://doi.org/10.7910/DVN/23078,doi,10.7910,DVN/23078,2013-10-28
restat,dataverse,,https://doi.org/10.7910/DVN/25093,doi,10.7910,DVN/25093,2014-03-26
restat,dataverse,,https://doi.org/10.7910/DVN/JLCPQB,doi,10.7910,DVN/JLCPQB,2012-03-15
restat,dataverse,,https://doi.org/10.7910/DVN/26908,doi,10.7910,DVN/26908,2014-08-19
restat,dataverse,,https://doi.org/10.7910/DVN/OJ0B7G,doi,10.7910,DVN/OJ0B7G,2012-04-11
restat,dataverse,,https://doi.org/10.7910/DVN/27326,doi,10.7910,DVN/27326,2014-09-12
restat,dataverse,,https://doi.org/10.7910/DVN/KY4VCO,doi,10.7910,DVN/KY4VCO,2012-06-20
restat,dataverse,,https://doi.org/10.7910/DVN/7XP4A7,doi,10.7910,DVN/7XP4A7,2013-07-24
restat,dataverse,,https://doi.org/10.7910/DVN/22801,doi,10.7910,DVN/22801,2013-10-17
restat,dataverse,,https://doi.org/10.7910/DVN/XS4UKI,doi,10.7910,DVN/XS4UKI,2012-03-19
restat,dataverse,,https://doi.org/10.7910/DVN/OYARM2,doi,10.7910,DVN/OYARM2,2010-09-17
restat,dataverse,,https://doi.org/10.7910/DVN/4BCJHN,doi,10.7910,DVN/4BCJHN,2012-08-22
restat,dataverse,,https://doi.org/10.7910/DVN/YCHH9G,doi,10.7910,DVN/YCHH9G,2012-01-19
restat,dataverse,,https://doi.org/10.7910/DVN/28817,doi,10.7910,DVN/28817,2015-01-26
restat,dataverse,,https://doi.org/10.7910/DVN/JDYHHQ,doi,10.7910,DVN/JDYHHQ,2013-03-26
restat,dataverse,,https://doi.org/10.7910/DVN/24588,doi,10.7910,DVN/24588,2014-02-06
restat,dataverse,,https://doi.org/10.7910/DVN/6YYDOQ,doi,10.7910,DVN/6YYDOQ,2012-10-03
restat,dataverse,,https://doi.org/10.7910/DVN/RW3KS5,doi,10.7910,DVN/RW3KS5,2013-01-14
restat,dataverse,,https://doi.org/10.7910/DVN/8I3W1L,doi,10.7910,DVN/8I3W1L,2012-04-17
restat,dataverse,,https://doi.org/10.7910/DVN/29477,doi,10.7910,DVN/29477,2015-03-16
restat,dataverse,,https://doi.org/10.7910/DVN/22819,doi,10.7910,DVN/22819,2013-10-17
restat,dataverse,,https://doi.org/10.7910/DVN/27234,doi,10.7910,DVN/27234,2014-09-12
restat,dataverse,,https://doi.org/10.7910/DVN/CQG5G3,doi,10.7910,DVN/CQG5G3,2012-08-08
restat,dataverse,,https://doi.org/10.7910/DVN/XGIXHN,doi,10.7910,DVN/XGIXHN,2012-01-13
restat,dataverse,,https://doi.org/10.7910/DVN/23VBVQ,doi,10.7910,DVN/23VBVQ,2025-07-28
restat,dataverse,,https://doi.org/10.7910/DVN/BQ7IMR,doi,10.7910,DVN/BQ7IMR,2024-05-13
restat,dataverse,,https://doi.org/10.7910/DVN/SMXVOQ,doi,10.7910,DVN/SMXVOQ,2025-02-11
restat,dataverse,,https://doi.org/10.7910/DVN/IAYQ0Y,doi,10.7910,DVN/IAYQ0Y,2024-10-08
restat,dataverse,,https://doi.org/10.7910/DVN/FMDFYU,doi,10.7910,DVN/FMDFYU,2024-05-14
restat,dataverse,,https://doi.org/10.7910/DVN/EYZH8T,doi,10.7910,DVN/EYZH8T,2022-02-22
restat,dataverse,,https://doi.org/10.7910/DVN/HPLRPE,doi,10.7910,DVN/HPLRPE,2022-01-25
restat,dataverse,,https://doi.org/10.7910/DVN/19D6PT,doi,10.7910,DVN/19D6PT,2024-06-20
restat,dataverse,,https://doi.org/10.7910/DVN/HQMZEM,doi,10.7910,DVN/HQMZEM,2021-02-11
restat,dataverse,,https://doi.org/10.7910/DVN/PXYDZU,doi,10.7910,DVN/PXYDZU,2020-07-28
restat,dataverse,,https://doi.org/10.7910/DVN/NI53ZL,doi,10.7910,DVN/NI53ZL,2020-07-22
restat,dataverse,,https://doi.org/10.7910/DVN/1N9GMT,doi,10.7910,DVN/1N9GMT,2022-09-26
restat,dataverse,,https://doi.org/10.7910/DVN/QDFDKE,doi,10.7910,DVN/QDFDKE,2024-04-24
restat,dataverse,,https://doi.org/10.7910/DVN/6M1W9F,doi,10.7910,DVN/6M1W9F,2020-02-19
restat,dataverse,,https://doi.org/10.7910/DVN/FSQ6DS,doi,10.7910,DVN/FSQ6DS,2021-11-10
restat,dataverse,,https://doi.org/10.7910/DVN/DLII84,doi,10.7910,DVN/DLII84,2021-12-06
restat,dataverse,,https://doi.org/10.7910/DVN/S6QR5N,doi,10.7910,DVN/S6QR5N,2022-01-21
restat,dataverse,,https://doi.org/10.7910/DVN/QO8S5L,doi,10.7910,DVN/QO8S5L,2022-01-11
restat,dataverse,,https://doi.org/10.7910/DVN/XJI9LO,doi,10.7910,DVN/XJI9LO,2025-06-20
restat,dataverse,,https://doi.org/10.7910/DVN/5TGIWC,doi,10.7910,DVN/5TGIWC,2019-02-27
restat,dataverse,,https://doi.org/10.7910/DVN/UC2ENJ,doi,10.7910,DVN/UC2ENJ,2017-04-05
restat,dataverse,,https://doi.org/10.7910/DVN/A4MIJR,doi,10.7910,DVN/A4MIJR,2019-10-09
restat,dataverse,,https://doi.org/10.7910/DVN/UMRDI3,doi,10.7910,DVN/UMRDI3,2020-10-08
restat,dataverse,,https://doi.org/10.7910/DVN/ZFEBRV,doi,10.7910,DVN/ZFEBRV,2021-07-09
restat,dataverse,,https://doi.org/10.7910/DVN/XQOFQN,doi,10.7910,DVN/XQOFQN,2024-02-23
restat,dataverse,,https://doi.org/10.7910/DVN/FFMT75,doi,10.7910,DVN/FFMT75,2023-11-05
restat,dataverse,,https://doi.org/10.7910/DVN/EK8SDB,doi,10.7910,DVN/EK8SDB,2021-05-03
restat,dataverse,,https://doi.org/10.7910/DVN/3IBT5Y,doi,10.7910,DVN/3IBT5Y,2021-04-07
restat,dataverse,,https://doi.org/10.7910/DVN/MCYZDO,doi,10.7910,DVN/MCYZDO,2021-05-10
restat,dataverse,,https://doi.org/10.7910/DVN/YZTMUD,doi,10.7910,DVN/YZTMUD,2024-06-21
restat,dataverse,,https://doi.org/10.7910/DVN/28521,doi,10.7910,DVN/28521,2015-01-12
restat,dataverse,,https://doi.org/10.7910/DVN/27431,doi,10.7910,DVN/27431,2014-10-03
restat,dataverse,,https://doi.org/10.7910/DVN/WXTJVB,doi,10.7910,DVN/WXTJVB,2013-01-14
restat,dataverse,,https://doi.org/10.7910/DVN/MNDIPW,doi,10.7910,DVN/MNDIPW,2013-09-30
restat,dataverse,,https://doi.org/10.7910/DVN/28943,doi,10.7910,DVN/28943,2015-01-30
restat,dataverse,,https://doi.org/10.7910/DVN/NHONSD,doi,10.7910,DVN/NHONSD,2011-03-31
restat,dataverse,,https://doi.org/10.7910/DVN/XXREKE,doi,10.7910,DVN/XXREKE,2012-12-13
restat,dataverse,,https://doi.org/10.7910/DVN/JCICCX,doi,10.7910,DVN/JCICCX,2017-10-17
restat,dataverse,,https://doi.org/10.7910/DVN/MMA4XL,doi,10.7910,DVN/MMA4XL,2023-06-26
restat,dataverse,,https://doi.org/10.7910/DVN/DYHNYK,doi,10.7910,DVN/DYHNYK,2022-05-16
restat,dataverse,,https://doi.org/10.7910/DVN/7KWOOX,doi,10.7910,DVN/7KWOOX,2023-12-11
restat,dataverse,,https://doi.org/10.7910/DVN/VJP82S,doi,10.7910,DVN/VJP82S,2024-01-29
restat,dataverse,,https://doi.org/10.7910/DVN/UVPPAK,doi,10.7910,DVN/UVPPAK,2025-07-03
restat,dataverse,,https://doi.org/10.7910/DVN/0KVKGA,doi,10.7910,DVN/0KVKGA,2024-02-12
restat,dataverse,,https://doi.org/10.7910/DVN/74EI9T,doi,10.7910,DVN/74EI9T,2020-08-17
restat,dataverse,,https://doi.org/10.7910/DVN/1YY2SH,doi,10.7910,DVN/1YY2SH,2020-09-11
restat,dataverse,,https://doi.org/10.7910/DVN/TGBRZO,doi,10.7910,DVN/TGBRZO,2021-05-06
restat,dataverse,,https://doi.org/10.7910/DVN/5XJFHS,doi,10.7910,DVN/5XJFHS,2021-07-13
restat,dataverse,,https://doi.org/10.7910/DVN/OTUQUB,doi,10.7910,DVN/OTUQUB,2022-08-01
restat,dataverse,,https://doi.org/10.7910/DVN/E3MAGL,doi,10.7910,DVN/E3MAGL,2021-10-27
restat,dataverse,,https://doi.org/10.7910/DVN/IOOCOE,doi,10.7910,DVN/IOOCOE,2018-01-17
restat,dataverse,,https://doi.org/10.7910/DVN/K6QU2J,doi,10.7910,DVN/K6QU2J,2020-01-27
restat,dataverse,,https://doi.org/10.7910/DVN/8Z0LIV,doi,10.7910,DVN/8Z0LIV,2020-01-27
restat,dataverse,,https://doi.org/10.7910/DVN/JP1ZT0,doi,10.7910,DVN/JP1ZT0,2020-01-27
restat,dataverse,,https://doi.org/10.7910/DVN/XDO6LF,doi,10.7910,DVN/XDO6LF,2020-02-24
restat,dataverse,,https://doi.org/10.7910/DVN/IGYXEF,doi,10.7910,DVN/IGYXEF,2019-11-06
restat,dataverse,,https://doi.org/10.7910/DVN/YKRD5N,doi,10.7910,DVN/YKRD5N,2018-01-19
restat,dataverse,,https://doi.org/10.7910/DVN/ENTXDD,doi,10.7910,DVN/ENTXDD,2022-03-08
restat,dataverse,,https://doi.org/10.7910/DVN/EHASPS,doi,10.7910,DVN/EHASPS,2018-08-13
restat,dataverse,,https://doi.org/10.7910/DVN/WBH8KW,doi,10.7910,DVN/WBH8KW,2019-02-25
restat,dataverse,,https://doi.org/10.7910/DVN/6LPBJF,doi,10.7910,DVN/6LPBJF,2020-04-28
restat,dataverse,,https://doi.org/10.7910/DVN/ZXC6XH,doi,10.7910,DVN/ZXC6XH,2020-01-10
restat,dataverse,,https://doi.org/10.7910/DVN/VLODHM,doi,10.7910,DVN/VLODHM,2022-04-04
restat,dataverse,,https://doi.org/10.7910/DVN/D3KJFT,doi,10.7910,DVN/D3KJFT,2022-04-13
restat,dataverse,,https://doi.org/10.7910/DVN/V50EKE,doi,10.7910,DVN/V50EKE,2017-11-22
restat,dataverse,,https://doi.org/10.7910/DVN/26394,doi,10.7910,DVN/26394,2014-07-17
restat,dataverse,,https://doi.org/10.7910/DVN/ZRSPMT,doi,10.7910,DVN/ZRSPMT,2021-07-09
restat,dataverse,,https://doi.org/10.7910/DVN/A7FXQU,doi,10.7910,DVN/A7FXQU,2018-08-30
restat,dataverse,,https://doi.org/10.7910/DVN/AKQN5B,doi,10.7910,DVN/AKQN5B,2019-05-06
restat,dataverse,,https://doi.org/10.7910/DVN/6ME9UJ,doi,10.7910,DVN/6ME9UJ,2020-04-06
restat,dataverse,,https://doi.org/10.7910/DVN/BMBDFC,doi,10.7910,DVN/BMBDFC,2021-05-12
restat,dataverse,,https://doi.org/10.7910/DVN/DQJHDH,doi,10.7910,DVN/DQJHDH,2024-05-01
restat,dataverse,,https://doi.org/10.7910/DVN/EIPOFB,doi,10.7910,DVN/EIPOFB,2025-04-09
restat,dataverse,,https://doi.org/10.7910/DVN/YUNGTJ,doi,10.7910,DVN/YUNGTJ,2016-04-01
restat,dataverse,,https://doi.org/10.7910/DVN/SU5E5S,doi,10.7910,DVN/SU5E5S,2019-10-04
restat,dataverse,,https://doi.org/10.7910/DVN/WF0G3I,doi,10.7910,DVN/WF0G3I,2021-04-13
restat,dataverse,,https://doi.org/10.7910/DVN/HZFSGD,doi,10.7910,DVN/HZFSGD,2021-03-22
restat,dataverse,,https://doi.org/10.7910/DVN/QLTKXC,doi,10.7910,DVN/QLTKXC,2021-10-26
restat,dataverse,,https://doi.org/10.7910/DVN/22812,doi,10.7910,DVN/22812,2013-10-17
restat,dataverse,,https://doi.org/10.7910/DVN/28116,doi,10.7910,DVN/28116,2014-12-12
restat,dataverse,,https://doi.org/10.7910/DVN/26737,doi,10.7910,DVN/26737,2015-01-08
restat,dataverse,,https://doi.org/10.7910/DVN/27555,doi,10.7910,DVN/27555,2014-10-10
restat,dataverse,,https://doi.org/10.7910/DVN/YUDMG5,doi,10.7910,DVN/YUDMG5,2024-04-08
restat,dataverse,,https://doi.org/10.7910/DVN/R81HSK,doi,10.7910,DVN/R81HSK,2012-01-17
restat,dataverse,,https://doi.org/10.7910/DVN/MJCDBS,doi,10.7910,DVN/MJCDBS,2012-01-17
restat,dataverse,,https://doi.org/10.7910/DVN/GCBK24,doi,10.7910,DVN/GCBK24,2012-03-15
restat,dataverse,,https://doi.org/10.7910/DVN/KL5ROP,doi,10.7910,DVN/KL5ROP,2012-10-02
restat,dataverse,,https://doi.org/10.7910/DVN/LJGLDK,doi,10.7910,DVN/LJGLDK,2015-04-20
restat,dataverse,,https://doi.org/10.7910/DVN/VYLU3M,doi,10.7910,DVN/VYLU3M,2025-01-07
restat,dataverse,,https://doi.org/10.7910/DVN/HIT56P,doi,10.7910,DVN/HIT56P,2024-12-09
restat,dataverse,,https://doi.org/10.7910/DVN/U17HOB,doi,10.7910,DVN/U17HOB,2013-09-06
restat,dataverse,,https://doi.org/10.7910/DVN/CC42MM,doi,10.7910,DVN/CC42MM,2012-01-17
restat,dataverse,,https://doi.org/10.7910/DVN/26816,doi,10.7910,DVN/26816,2015-03-26
restat,dataverse,,https://doi.org/10.7910/DVN/27505,doi,10.7910,DVN/27505,2015-01-16
restat,dataverse,,https://doi.org/10.7910/DVN/26735,doi,10.7910,DVN/26735,2015-01-23
restat,dataverse,,https://doi.org/10.7910/DVN/KNTTQB,doi,10.7910,DVN/KNTTQB,2013-05-17
restat,dataverse,,https://doi.org/10.7910/DVN/ULGS5H,doi,10.7910,DVN/ULGS5H,2013-09-06
restat,dataverse,,https://doi.org/10.7910/DVN/EUKMBF,doi,10.7910,DVN/EUKMBF,2012-12-12
restat,dataverse,,https://doi.org/10.7910/DVN/IE4XVT,doi,10.7910,DVN/IE4XVT,2010-10-19
restat,dataverse,,https://doi.org/10.7910/DVN/BDZMNG,doi,10.7910,DVN/BDZMNG,2010-08-03
restat,dataverse,,https://doi.org/10.7910/DVN/MJAPQ9,doi,10.7910,DVN/MJAPQ9,2015-10-22
restat,dataverse,,https://doi.org/10.7910/DVN/UJO3WH,doi,10.7910,DVN/UJO3WH,2015-07-01
restat,dataverse,,https://doi.org/10.7910/DVN/21SOIQ,doi,10.7910,DVN/21SOIQ,2015-12-11
restat,dataverse,,https://doi.org/10.7910/DVN/S2HWCS,doi,10.7910,DVN/S2HWCS,2016-06-20
restat,dataverse,,https://doi.org/10.7910/DVN/PODEN5,doi,10.7910,DVN/PODEN5,2017-12-20
restat,dataverse,,https://doi.org/10.7910/DVN/LK86SC,doi,10.7910,DVN/LK86SC,2017-10-25
restat,dataverse,,https://doi.org/10.7910/DVN/XL4LZU,doi,10.7910,DVN/XL4LZU,2021-03-22
restat,dataverse,,https://doi.org/10.7910/DVN/IQAKLC,doi,10.7910,DVN/IQAKLC,2021-06-02
restat,dataverse,,https://doi.org/10.7910/DVN/L1RVJC,doi,10.7910,DVN/L1RVJC,2021-06-16
restat,dataverse,,https://doi.org/10.7910/DVN/RUQQYM,doi,10.7910,DVN/RUQQYM,2018-09-28
restat,dataverse,,https://doi.org/10.7910/DVN/B2OMH2,doi,10.7910,DVN/B2OMH2,2020-10-05
restat,dataverse,,https://doi.org/10.7910/DVN/JJV7SM,doi,10.7910,DVN/JJV7SM,2020-12-15
restat,dataverse,,https://doi.org/10.7910/DVN/QLFCKO,doi,10.7910,DVN/QLFCKO,2020-10-21
restat,dataverse,,https://doi.org/10.7910/DVN/P8EZKH,doi,10.7910,DVN/P8EZKH,2017-02-10
restat,dataverse,,https://doi.org/10.7910/DVN/NNRVNC,doi,10.7910,DVN/NNRVNC,2017-05-10
restat,dataverse,,https://doi.org/10.7910/DVN/ZVWOCH,doi,10.7910,DVN/ZVWOCH,2016-08-11
restat,dataverse,,https://doi.org/10.7910/DVN/KKGA79,doi,10.7910,DVN/KKGA79,2017-03-20
restat,dataverse,,https://doi.org/10.7910/DVN/8KQJBJ,doi,10.7910,DVN/8KQJBJ,2018-07-25
restat,dataverse,,https://doi.org/10.7910/DVN/IEFKZX,doi,10.7910,DVN/IEFKZX,2018-04-27
restat,dataverse,,https://doi.org/10.7910/DVN/TOYGWR,doi,10.7910,DVN/TOYGWR,2018-03-23
restat,dataverse,,https://doi.org/10.7910/DVN/UJE1UY,doi,10.7910,DVN/UJE1UY,2017-06-29
restat,dataverse,,https://doi.org/10.7910/DVN/MFAHOX,doi,10.7910,DVN/MFAHOX,2020-06-30
restat,dataverse,,https://doi.org/10.7910/DVN/3XQLAG,doi,10.7910,DVN/3XQLAG,2020-05-18
restat,dataverse,,https://doi.org/10.7910/DVN/WMUGC4,doi,10.7910,DVN/WMUGC4,2018-08-16
restat,dataverse,,https://doi.org/10.7910/DVN/I7WLOV,doi,10.7910,DVN/I7WLOV,2021-09-15
restat,dataverse,,https://doi.org/10.7910/DVN/STFNPY,doi,10.7910,DVN/STFNPY,2018-07-16
restat,dataverse,,https://doi.org/10.7910/DVN/OK5PUL,doi,10.7910,DVN/OK5PUL,2019-02-04
restat,dataverse,,https://doi.org/10.7910/DVN/2QZHPA,doi,10.7910,DVN/2QZHPA,2020-04-20
restat,dataverse,,https://doi.org/10.7910/DVN/HXZOCG,doi,10.7910,DVN/HXZOCG,2020-11-09
restat,dataverse,,https://doi.org/10.7910/DVN/VVV4NA,doi,10.7910,DVN/VVV4NA,2024-08-22
restat,dataverse,,https://doi.org/10.7910/DVN/BVWWOQ,doi,10.7910,DVN/BVWWOQ,2015-08-31
restat,dataverse,,https://doi.org/10.7910/DVN/UNXRHW,doi,10.7910,DVN/UNXRHW,2017-05-30
restat,dataverse,,https://doi.org/10.7910/DVN/1NKJO3,doi,10.7910,DVN/1NKJO3,2016-05-23
restat,dataverse,,https://doi.org/10.7910/DVN/4LAELO,doi,10.7910,DVN/4LAELO,2016-08-03
restat,dataverse,,https://doi.org/10.7910/DVN/GKJWUG,doi,10.7910,DVN/GKJWUG,2015-10-20
restat,dataverse,,https://doi.org/10.7910/DVN/JFT9I2,doi,10.7910,DVN/JFT9I2,2024-06-03
restat,dataverse,,https://doi.org/10.7910/DVN/HJFWTK,doi,10.7910,DVN/HJFWTK,2012-09-20
restat,dataverse,,https://doi.org/10.7910/DVN/ZSQJOM,doi,10.7910,DVN/ZSQJOM,2012-08-03
restat,dataverse,,https://doi.org/10.7910/DVN/CAGFVL,doi,10.7910,DVN/CAGFVL,2013-08-06
restat,dataverse,,https://doi.org/10.7910/DVN/27184,doi,10.7910,DVN/27184,2014-09-12
restat,dataverse,,https://doi.org/10.7910/DVN/27780,doi,10.7910,DVN/27780,2014-11-10
restat,dataverse,,https://doi.org/10.7910/DVN/23493,doi,10.7910,DVN/23493,2013-12-03
restat,dataverse,,https://doi.org/10.7910/DVN/27159,doi,10.7910,DVN/27159,2015-03-26
restat,dataverse,,https://doi.org/10.7910/DVN/QKCHYM,doi,10.7910,DVN/QKCHYM,2013-01-11
restat,dataverse,,https://doi.org/10.7910/DVN/SFUKMW,doi,10.7910,DVN/SFUKMW,2012-05-09
restat,dataverse,,https://doi.org/10.7910/DVN/27514,doi,10.7910,DVN/27514,2014-10-07
restat,dataverse,,https://doi.org/10.7910/DVN/24349,doi,10.7910,DVN/24349,2014-01-22
restat,dataverse,,https://doi.org/10.7910/DVN/BC6GOW,doi,10.7910,DVN/BC6GOW,2012-05-15
restat,dataverse,,https://doi.org/10.7910/DVN/VPF6HI,doi,10.7910,DVN/VPF6HI,2023-11-28
restat,dataverse,,https://doi.org/10.7910/DVN/TBUGVA,doi,10.7910,DVN/TBUGVA,2024-01-08
restat,dataverse,,https://doi.org/10.7910/DVN/LAC9ZB,doi,10.7910,DVN/LAC9ZB,2017-01-25
restat,dataverse,,https://doi.org/10.7910/DVN/WSHXJR,doi,10.7910,DVN/WSHXJR,2018-06-28
restat,dataverse,,https://doi.org/10.7910/DVN/X3P3WR,doi,10.7910,DVN/X3P3WR,2018-06-25
restat,dataverse,,https://doi.org/10.7910/DVN/KEIMA9,doi,10.7910,DVN/KEIMA9,2019-05-06
restat,dataverse,,https://doi.org/10.7910/DVN/ELQNSN,doi,10.7910,DVN/ELQNSN,2020-01-17
restat,dataverse,,https://doi.org/10.7910/DVN/OLKHD7,doi,10.7910,DVN/OLKHD7,2019-11-04
restat,dataverse,,https://doi.org/10.7910/DVN/WCS9PO,doi,10.7910,DVN/WCS9PO,2017-12-15
restat,dataverse,,https://doi.org/10.7910/DVN/GJFTDC,doi,10.7910,DVN/GJFTDC,2019-02-25
restat,dataverse,,https://doi.org/10.7910/DVN/YT45AO,doi,10.7910,DVN/YT45AO,2016-07-27
restat,dataverse,,https://doi.org/10.7910/DVN/GHXA9H,doi,10.7910,DVN/GHXA9H,2017-08-23
restat,dataverse,,https://doi.org/10.7910/DVN/PY8LBS,doi,10.7910,DVN/PY8LBS,2016-02-05
restat,dataverse,,https://doi.org/10.7910/DVN/GVZZVH,doi,10.7910,DVN/GVZZVH,2016-01-28
restat,dataverse,,https://doi.org/10.7910/DVN/KKMRXB,doi,10.7910,DVN/KKMRXB,2019-02-27
restat,dataverse,,https://doi.org/10.7910/DVN/VEZTKG,doi,10.7910,DVN/VEZTKG,2025-04-29
restat,dataverse,,https://doi.org/10.7910/DVN/26764,doi,10.7910,DVN/26764,2015-03-13
restat,dataverse,,https://doi.org/10.7910/DVN/AW2UQU,doi,10.7910,DVN/AW2UQU,2013-09-06
restat,dataverse,,https://doi.org/10.7910/DVN/TEW68X,doi,10.7910,DVN/TEW68X,2013-09-09
restat,dataverse,,https://doi.org/10.7910/DVN/QUSG2J,doi,10.7910,DVN/QUSG2J,2013-04-15
restat,dataverse,,https://doi.org/10.7910/DVN/FLRRCM,doi,10.7910,DVN/FLRRCM,2013-09-09
restat,dataverse,,https://doi.org/10.7910/DVN/28731,doi,10.7910,DVN/28731,2015-01-23
restat,dataverse,,https://doi.org/10.7910/DVN/MN8XTU,doi,10.7910,DVN/MN8XTU,2012-06-07
restat,dataverse,,https://doi.org/10.7910/DVN/HSLWDN,doi,10.7910,DVN/HSLWDN,2012-06-15
restat,dataverse,,https://doi.org/10.7910/DVN/WF8YEM,doi,10.7910,DVN/WF8YEM,2013-02-28
restat,dataverse,,https://doi.org/10.7910/DVN/27669,doi,10.7910,DVN/27669,2014-10-28
restat,dataverse,,https://doi.org/10.7910/DVN/26947,doi,10.7910,DVN/26947,2015-03-26
restat,dataverse,,https://doi.org/10.7910/DVN/SPDQZR,doi,10.7910,DVN/SPDQZR,2013-05-29
restat,dataverse,,https://doi.org/10.7910/DVN/HQZEMA,doi,10.7910,DVN/HQZEMA,2012-04-11
restat,dataverse,,https://doi.org/10.7910/DVN/SPRN0C,doi,10.7910,DVN/SPRN0C,2010-11-23
restat,dataverse,,https://doi.org/10.7910/DVN/FNTRQI,doi,10.7910,DVN/FNTRQI,2024-12-02
restat,dataverse,,https://doi.org/10.7910/DVN/TS1BUU,doi,10.7910,DVN/TS1BUU,2025-02-13
restat,dataverse,,https://doi.org/10.7910/DVN/IOXYOV,doi,10.7910,DVN/IOXYOV,2015-07-30
restat,dataverse,,https://doi.org/10.7910/DVN/N4TMYQ,doi,10.7910,DVN/N4TMYQ,2015-10-06
restat,dataverse,,https://doi.org/10.7910/DVN/V9DYKW,doi,10.7910,DVN/V9DYKW,2015-09-14
restat,dataverse,,https://doi.org/10.7910/DVN/HNLHPG,doi,10.7910,DVN/HNLHPG,2016-01-28
restat,dataverse,,https://doi.org/10.7910/DVN/LPZLBF,doi,10.7910,DVN/LPZLBF,2018-05-08
restat,dataverse,,https://doi.org/10.7910/DVN/JEGTBX,doi,10.7910,DVN/JEGTBX,2022-03-10
restat,dataverse,,https://doi.org/10.7910/DVN/USYJLG,doi,10.7910,DVN/USYJLG,2021-01-12
restat,dataverse,,https://doi.org/10.7910/DVN/Z0HZW9,doi,10.7910,DVN/Z0HZW9,2016-05-12
restat,dataverse,,https://doi.org/10.7910/DVN/KY9AWG,doi,10.7910,DVN/KY9AWG,2019-05-13
restat,dataverse,,https://doi.org/10.7910/DVN/DIH2BZ,doi,10.7910,DVN/DIH2BZ,2019-05-28
restat,dataverse,,https://doi.org/10.7910/DVN/PG6GQS,doi,10.7910,DVN/PG6GQS,2022-03-17
restat,dataverse,,https://doi.org/10.7910/DVN/WTQMNQ,doi,10.7910,DVN/WTQMNQ,2021-02-12
restat,dataverse,,https://doi.org/10.7910/DVN/DGYKYJ,doi,10.7910,DVN/DGYKYJ,2021-01-27
restat,dataverse,,https://doi.org/10.7910/DVN/BIASID,doi,10.7910,DVN/BIASID,2021-02-11
restat,dataverse,,https://doi.org/10.7910/DVN/DOQPNK,doi,10.7910,DVN/DOQPNK,2020-02-19
restat,dataverse,,https://doi.org/10.7910/DVN/67CUSW,doi,10.7910,DVN/67CUSW,2020-04-08
restat,dataverse,,https://doi.org/10.7910/DVN/IER6EF,doi,10.7910,DVN/IER6EF,2020-08-24
restat,dataverse,,https://doi.org/10.7910/DVN/JIYR8A,doi,10.7910,DVN/JIYR8A,2020-06-08
restat,dataverse,,https://doi.org/10.7910/DVN/GDV9UM,doi,10.7910,DVN/GDV9UM,2024-01-08
restat,dataverse,,https://doi.org/10.7910/DVN/H5CWEP,doi,10.7910,DVN/H5CWEP,2024-08-23
restat,dataverse,,https://doi.org/10.7910/DVN/CE4EAZ,doi,10.7910,DVN/CE4EAZ,2024-05-28
restat,dataverse,,https://doi.org/10.7910/DVN/YOMTZT,doi,10.7910,DVN/YOMTZT,2015-08-31
restat,dataverse,,https://doi.org/10.7910/DVN/9NOYOV,doi,10.7910,DVN/9NOYOV,2015-06-11
restat,dataverse,,https://doi.org/10.7910/DVN/QP8HEN,doi,10.7910,DVN/QP8HEN,2025-06-19
restat,dataverse,,https://doi.org/10.7910/DVN/PQ7QNG,doi,10.7910,DVN/PQ7QNG,2024-10-16
restat,dataverse,,https://doi.org/10.7910/DVN/25073,doi,10.7910,DVN/25073,2014-03-21
restat,dataverse,,https://doi.org/10.7910/DVN/PCDG7J,doi,10.7910,DVN/PCDG7J,2013-03-14
restat,dataverse,,https://doi.org/10.7910/DVN/24256,doi,10.7910,DVN/24256,2014-01-22
restat,dataverse,,https://doi.org/10.7910/DVN/5RWA8I,doi,10.7910,DVN/5RWA8I,2013-01-11
restat,dataverse,,https://doi.org/10.7910/DVN/MOTPKF,doi,10.7910,DVN/MOTPKF,2012-04-11
restat,dataverse,,https://doi.org/10.7910/DVN/22906,doi,10.7910,DVN/22906,2013-10-28
restat,dataverse,,https://doi.org/10.7910/DVN/28627,doi,10.7910,DVN/28627,2015-01-12
restat,dataverse,,https://doi.org/10.7910/DVN/26247,doi,10.7910,DVN/26247,2014-07-17
restat,dataverse,,https://doi.org/10.7910/DVN/26890,doi,10.7910,DVN/26890,2014-08-19
restat,dataverse,,https://doi.org/10.7910/DVN/CJM3JS,doi,10.7910,DVN/CJM3JS,2012-08-01
restat,dataverse,,https://doi.org/10.7910/DVN/ZTC4ND,doi,10.7910,DVN/ZTC4ND,2012-01-19
restat,dataverse,,https://doi.org/10.7910/DVN/24208,doi,10.7910,DVN/24208,2014-01-13
restat,dataverse,,https://doi.org/10.7910/DVN/UJDNLD,doi,10.7910,DVN/UJDNLD,2012-04-24
restat,dataverse,,https://doi.org/10.7910/DVN/25205,doi,10.7910,DVN/25205,2014-03-26
restat,dataverse,,https://doi.org/10.7910/DVN/26894,doi,10.7910,DVN/26894,2014-09-24
restat,dataverse,,https://doi.org/10.7910/DVN/RQOCKS,doi,10.7910,DVN/RQOCKS,2016-09-02
restat,dataverse,,https://doi.org/10.7910/DVN/KSPAQI,doi,10.7910,DVN/KSPAQI,2020-01-31
restat,dataverse,,https://doi.org/10.7910/DVN/MTCDFC,doi,10.7910,DVN/MTCDFC,2020-01-22
restat,dataverse,,https://doi.org/10.7910/DVN/KYZ6JR,doi,10.7910,DVN/KYZ6JR,2020-05-18
restat,dataverse,,https://doi.org/10.7910/DVN/GGW9CH,doi,10.7910,DVN/GGW9CH,2020-10-08
restat,dataverse,,https://doi.org/10.7910/DVN/ZFC44M,doi,10.7910,DVN/ZFC44M,2021-05-18
restat,dataverse,,https://doi.org/10.7910/DVN/SQFG9J,doi,10.7910,DVN/SQFG9J,2024-01-16
restat,dataverse,,https://doi.org/10.7910/DVN/RLCDQM,doi,10.7910,DVN/RLCDQM,2010-11-23
restat,dataverse,,https://doi.org/10.7910/DVN/27394,doi,10.7910,DVN/27394,2015-01-16
restat,dataverse,,https://doi.org/10.7910/DVN/27106,doi,10.7910,DVN/27106,2014-11-21
restat,dataverse,,https://doi.org/10.7910/DVN/23304,doi,10.7910,DVN/23304,2013-11-14
restat,dataverse,,https://doi.org/10.7910/DVN/26059,doi,10.7910,DVN/26059,2014-05-21
restat,dataverse,,https://doi.org/10.7910/DVN/OWE9CV,doi,10.7910,DVN/OWE9CV,2012-05-15
restat,dataverse,,https://doi.org/10.7910/DVN/JZKKZB,doi,10.7910,DVN/JZKKZB,2016-06-08
restat,dataverse,,https://doi.org/10.7910/DVN/UGHQLX,doi,10.7910,DVN/UGHQLX,2015-11-17
restat,dataverse,,https://doi.org/10.7910/DVN/C8UDDL,doi,10.7910,DVN/C8UDDL,2021-02-24
restat,dataverse,,https://doi.org/10.7910/DVN/IZA0UB,doi,10.7910,DVN/IZA0UB,2011-01-14
restat,dataverse,,https://doi.org/10.7910/DVN/29144,doi,10.7910,DVN/29144,2015-03-04
restat,dataverse,,https://doi.org/10.7910/DVN/IEAWD5,doi,10.7910,DVN/IEAWD5,2012-08-17
restat,dataverse,,https://doi.org/10.7910/DVN/FYCLRC,doi,10.7910,DVN/FYCLRC,2012-04-11
restat,dataverse,,https://doi.org/10.7910/DVN/23186,doi,10.7910,DVN/23186,2013-11-05
restat,dataverse,,https://doi.org/10.7910/DVN/QA1IDU,doi,10.7910,DVN/QA1IDU,2023-10-31
restat,dataverse,,https://doi.org/10.7910/DVN/WG9KVF,doi,10.7910,DVN/WG9KVF,2022-01-18
restat,dataverse,,https://doi.org/10.7910/DVN/5OA7MU,doi,10.7910,DVN/5OA7MU,2021-04-14
restat,dataverse,,https://doi.org/10.7910/DVN/LWVAKX,doi,10.7910,DVN/LWVAKX,2020-09-21
restat,dataverse,,https://doi.org/10.7910/DVN/F26FNK,doi,10.7910,DVN/F26FNK,2018-01-19
restat,dataverse,,https://doi.org/10.7910/DVN/IGD4BN,doi,10.7910,DVN/IGD4BN,2017-10-25
restat,dataverse,,https://doi.org/10.7910/DVN/F8RFXE,doi,10.7910,DVN/F8RFXE,2023-11-20
restat,dataverse,,https://doi.org/10.7910/DVN/3MJ7IR,doi,10.7910,DVN/3MJ7IR,2018-12-07
restat,dataverse,,https://doi.org/10.7910/DVN/4GT3U3,doi,10.7910,DVN/4GT3U3,2020-02-03
restat,dataverse,,https://doi.org/10.7910/DVN/SNETL6,doi,10.7910,DVN/SNETL6,2019-12-19
restat,dataverse,,https://doi.org/10.7910/DVN/I9IYWY,doi,10.7910,DVN/I9IYWY,2023-11-16
restat,dataverse,,https://doi.org/10.7910/DVN/L1PJNW,doi,10.7910,DVN/L1PJNW,2016-10-05
restat,dataverse,,https://doi.org/10.7910/DVN/KRUVIQ,doi,10.7910,DVN/KRUVIQ,2019-04-17
restat,dataverse,,https://doi.org/10.7910/DVN/UYHHFS,doi,10.7910,DVN/UYHHFS,2018-05-11
restat,dataverse,,https://doi.org/10.7910/DVN/UWXULC,doi,10.7910,DVN/UWXULC,2020-10-26
restat,dataverse,,https://doi.org/10.7910/DVN/W2FWN0,doi,10.7910,DVN/W2FWN0,2020-06-15
restat,dataverse,,https://doi.org/10.7910/DVN/O55EYQ,doi,10.7910,DVN/O55EYQ,2021-08-18
restat,dataverse,,https://doi.org/10.7910/DVN/EJUHKT,doi,10.7910,DVN/EJUHKT,2015-08-10
restat,dataverse,,https://doi.org/10.7910/DVN/WMW4SI,doi,10.7910,DVN/WMW4SI,2015-11-18
restat,dataverse,,https://doi.org/10.7910/DVN/6TC8RO,doi,10.7910,DVN/6TC8RO,2015-09-10
restat,dataverse,,https://doi.org/10.7910/DVN/72C3NP,doi,10.7910,DVN/72C3NP,2016-04-11
restat,dataverse,,https://doi.org/10.7910/DVN/IUJ3VZ,doi,10.7910,DVN/IUJ3VZ,2016-05-04
restat,dataverse,,https://doi.org/10.7910/DVN/NJH7YO,doi,10.7910,DVN/NJH7YO,2011-01-14
restat,dataverse,,https://doi.org/10.7910/DVN/WM6SDZ,doi,10.7910,DVN/WM6SDZ,2013-09-05
restat,dataverse,,https://doi.org/10.7910/DVN/TUXWCQ,doi,10.7910,DVN/TUXWCQ,2012-08-17
restat,dataverse,,https://doi.org/10.7910/DVN/26412,doi,10.7910,DVN/26412,2014-07-17
restat,dataverse,,https://doi.org/10.7910/DVN/26410,doi,10.7910,DVN/26410,2014-07-17
restat,dataverse,,https://doi.org/10.7910/DVN/45VM4F,doi,10.7910,DVN/45VM4F,2013-04-15
restat,dataverse,,https://doi.org/10.7910/DVN/25293,doi,10.7910,DVN/25293,2014-04-02
restat,dataverse,,https://doi.org/10.7910/DVN/27088,doi,10.7910,DVN/27088,2015-01-16
restat,dataverse,,https://doi.org/10.7910/DVN/7VSTUV,doi,10.7910,DVN/7VSTUV,2012-08-01
restat,dataverse,,https://doi.org/10.7910/DVN/27409,doi,10.7910,DVN/27409,2014-09-29
restat,dataverse,,https://doi.org/10.7910/DVN/28639,doi,10.7910,DVN/28639,2015-03-26
restat,dataverse,,https://doi.org/10.7910/DVN/24305,doi,10.7910,DVN/24305,2014-01-22
restat,dataverse,,https://doi.org/10.7910/DVN/27349,doi,10.7910,DVN/27349,2015-03-26
restat,dataverse,,https://doi.org/10.7910/DVN/VIHWTY,doi,10.7910,DVN/VIHWTY,2012-05-23
restat,dataverse,,https://doi.org/10.7910/DVN/5TNQIV,doi,10.7910,DVN/5TNQIV,2010-12-13
restat,dataverse,,https://doi.org/10.7910/DVN/8PX4XD,doi,10.7910,DVN/8PX4XD,2012-08-17
restat,dataverse,,https://doi.org/10.7910/DVN/UIVLGH,doi,10.7910,DVN/UIVLGH,2013-09-05
restat,dataverse,,https://doi.org/10.7910/DVN/27313,doi,10.7910,DVN/27313,2016-01-13
restat,dataverse,,https://doi.org/10.7910/DVN/ZDZBH0,doi,10.7910,DVN/ZDZBH0,2023-12-20
restat,dataverse,,https://doi.org/10.7910/DVN/MMK2NZ,doi,10.7910,DVN/MMK2NZ,2018-02-09
restat,dataverse,,https://doi.org/10.7910/DVN/FGBZCK,doi,10.7910,DVN/FGBZCK,2018-02-21
restat,dataverse,,https://doi.org/10.7910/DVN/XRZVED,doi,10.7910,DVN/XRZVED,2019-11-04
restat,dataverse,,https://doi.org/10.7910/DVN/15KKQX,doi,10.7910,DVN/15KKQX,2019-07-17
restat,dataverse,,https://doi.org/10.7910/DVN/DCA9QW,doi,10.7910,DVN/DCA9QW,2019-07-24
restat,dataverse,,https://doi.org/10.7910/DVN/GIASIB,doi,10.7910,DVN/GIASIB,2019-09-30
restat,dataverse,,https://doi.org/10.7910/DVN/DO8ZS4,doi,10.7910,DVN/DO8ZS4,2022-02-01
restat,dataverse,,https://doi.org/10.7910/DVN/27461,doi,10.7910,DVN/27461,2015-01-23
restat,dataverse,,https://doi.org/10.7910/DVN/G2E8G3,doi,10.7910,DVN/G2E8G3,2012-05-09
restat,dataverse,,https://doi.org/10.7910/DVN/23576,doi,10.7910,DVN/23576,2013-12-03
restat,dataverse,,https://doi.org/10.7910/DVN/27523,doi,10.7910,DVN/27523,2014-10-07
restat,dataverse,,https://doi.org/10.7910/DVN/28522,doi,10.7910,DVN/28522,2015-01-07
restat,dataverse,,https://doi.org/10.7910/DVN/26069,doi,10.7910,DVN/26069,2014-05-23
restat,dataverse,,https://doi.org/10.7910/DVN/24130,doi,10.7910,DVN/24130,2014-03-21
restat,dataverse,,https://doi.org/10.7910/DVN/87PME7,doi,10.7910,DVN/87PME7,2013-07-24
restat,dataverse,,https://doi.org/10.7910/DVN/PKWF1G,doi,10.7910,DVN/PKWF1G,2010-10-19
restat,dataverse,,https://doi.org/10.7910/DVN/27513,doi,10.7910,DVN/27513,2014-10-07
restat,dataverse,,https://doi.org/10.7910/DVN/CAA4Z6,doi,10.7910,DVN/CAA4Z6,2012-08-14
restat,dataverse,,https://doi.org/10.7910/DVN/52DR9T,doi,10.7910,DVN/52DR9T,2010-08-31
restat,dataverse,,https://doi.org/10.7910/DVN/YG3VTR,doi,10.7910,DVN/YG3VTR,2019-05-03
restat,dataverse,,https://doi.org/10.7910/DVN/LAK5DC,doi,10.7910,DVN/LAK5DC,2019-07-17
restat,dataverse,,https://doi.org/10.7910/DVN/HM7AZC,doi,10.7910,DVN/HM7AZC,2020-06-30
restat,dataverse,,https://doi.org/10.7910/DVN/AZS9KD,doi,10.7910,DVN/AZS9KD,2024-03-01
restat,dataverse,,https://doi.org/10.7910/DVN/574HZE,doi,10.7910,DVN/574HZE,2019-05-01
restat,dataverse,,https://doi.org/10.7910/DVN/XE7YVI,doi,10.7910,DVN/XE7YVI,2021-01-22
restat,dataverse,,https://doi.org/10.7910/DVN/FLGN9P,doi,10.7910,DVN/FLGN9P,2022-03-10
restat,dataverse,,https://doi.org/10.7910/DVN/NL1NHS,doi,10.7910,DVN/NL1NHS,2021-02-17
restat,dataverse,,https://doi.org/10.7910/DVN/SWCGSP,doi,10.7910,DVN/SWCGSP,2021-08-10
restat,dataverse,,https://doi.org/10.7910/DVN/6G6KJI,doi,10.7910,DVN/6G6KJI,2021-09-01
restat,dataverse,,https://doi.org/10.7910/DVN/P7RH9B,doi,10.7910,DVN/P7RH9B,2021-03-30
restat,dataverse,,https://doi.org/10.7910/DVN/D1UOGN,doi,10.7910,DVN/D1UOGN,2021-07-27
restat,dataverse,,https://doi.org/10.7910/DVN/HBQLA6,doi,10.7910,DVN/HBQLA6,2021-06-23
restat,dataverse,,https://doi.org/10.7910/DVN/AFWOU2,doi,10.7910,DVN/AFWOU2,2021-09-29
restat,dataverse,,https://doi.org/10.7910/DVN/TDYFSY,doi,10.7910,DVN/TDYFSY,2021-11-10
restat,dataverse,,https://doi.org/10.7910/DVN/OJRERL,doi,10.7910,DVN/OJRERL,2021-09-13
restat,dataverse,,https://doi.org/10.7910/DVN/S5YGGK,doi,10.7910,DVN/S5YGGK,2024-04-19
restat,dataverse,,https://doi.org/10.7910/DVN/ZLUBEE,doi,10.7910,DVN/ZLUBEE,2024-01-16
restat,dataverse,,https://doi.org/10.7910/DVN/KUBR3L,doi,10.7910,DVN/KUBR3L,2015-07-02
restat,dataverse,,https://doi.org/10.7910/DVN/M3IOZR,doi,10.7910,DVN/M3IOZR,2015-05-28
restat,dataverse,,https://doi.org/10.7910/DVN/MVFMLB,doi,10.7910,DVN/MVFMLB,2015-07-01
restat,dataverse,,https://doi.org/10.7910/DVN/R35B2J,doi,10.7910,DVN/R35B2J,2018-10-12
restat,dataverse,,https://doi.org/10.7910/DVN/27842,doi,10.7910,DVN/27842,2014-11-21
restat,dataverse,,https://doi.org/10.7910/DVN/NNK8I7,doi,10.7910,DVN/NNK8I7,2013-05-17
restat,dataverse,,https://doi.org/10.7910/DVN/NIBJTZ,doi,10.7910,DVN/NIBJTZ,2012-04-13
restat,dataverse,,https://doi.org/10.7910/DVN/MX5TD1,doi,10.7910,DVN/MX5TD1,2011-03-31
restat,dataverse,,https://doi.org/10.7910/DVN/27838,doi,10.7910,DVN/27838,2014-11-18
restat,dataverse,,https://doi.org/10.7910/DVN/27527,doi,10.7910,DVN/27527,2014-10-07
restat,dataverse,,https://doi.org/10.7910/DVN/R3PF2F,doi,10.7910,DVN/R3PF2F,2014-01-29
restat,dataverse,,https://doi.org/10.7910/DVN/24769,doi,10.7910,DVN/24769,2014-03-19
restat,dataverse,,https://doi.org/10.7910/DVN/CP8KOU,doi,10.7910,DVN/CP8KOU,2013-06-12
restat,dataverse,,https://doi.org/10.7910/DVN/B0Z5VT,doi,10.7910,DVN/B0Z5VT,2011-01-14
restat,dataverse,,https://doi.org/10.7910/DVN/CVK22Q,doi,10.7910,DVN/CVK22Q,2013-03-14
restat,dataverse,,https://doi.org/10.7910/DVN/DZUVZG,doi,10.7910,DVN/DZUVZG,2017-06-02
restat,dataverse,,https://doi.org/10.7910/DVN/GCRZBA,doi,10.7910,DVN/GCRZBA,2024-12-09
restat,dataverse,,https://doi.org/10.7910/DVN/QRWQUO,doi,10.7910,DVN/QRWQUO,2025-01-06
restat,dataverse,,https://doi.org/10.7910/DVN/KBVB9F,doi,10.7910,DVN/KBVB9F,2025-02-21
restat,dataverse,,https://doi.org/10.7910/DVN/TCFMWJ,doi,10.7910,DVN/TCFMWJ,2025-05-05
restat,dataverse,,https://doi.org/10.7910/DVN/6BGJCT,doi,10.7910,DVN/6BGJCT,2024-08-06
restat,dataverse,,https://doi.org/10.7910/DVN/0SLRWA,doi,10.7910,DVN/0SLRWA,2025-03-05
restat,dataverse,,https://doi.org/10.7910/DVN/JHHVJU,doi,10.7910,DVN/JHHVJU,2024-10-17
restat,dataverse,,https://doi.org/10.7910/DVN/4TDOT9,doi,10.7910,DVN/4TDOT9,2025-03-25
restat,dataverse,,https://doi.org/10.7910/DVN/WKOICH,doi,10.7910,DVN/WKOICH,2024-05-29
restat,dataverse,,https://doi.org/10.7910/DVN/CZ7URJ,doi,10.7910,DVN/CZ7URJ,2018-01-31
restat,dataverse,,https://doi.org/10.7910/DVN/JYNKF8,doi,10.7910,DVN/JYNKF8,2020-04-08
restat,dataverse,,https://doi.org/10.7910/DVN/CZQWBG,doi,10.7910,DVN/CZQWBG,2019-07-24
restat,dataverse,,https://doi.org/10.7910/DVN/XZRZ7K,doi,10.7910,DVN/XZRZ7K,2022-03-21
restat,dataverse,,https://doi.org/10.7910/DVN/JD5ZHT,doi,10.7910,DVN/JD5ZHT,2022-04-13
restat,dataverse,,https://doi.org/10.7910/DVN/OPW2YH,doi,10.7910,DVN/OPW2YH,2022-07-11
restat,dataverse,,https://doi.org/10.7910/DVN/XSYPO2,doi,10.7910,DVN/XSYPO2,2016-06-22
restat,dataverse,,https://doi.org/10.7910/DVN/RA1WEY,doi,10.7910,DVN/RA1WEY,2017-07-24
restat,dataverse,,https://doi.org/10.7910/DVN/R8SGBQ,doi,10.7910,DVN/R8SGBQ,2018-07-16
restat,dataverse,,https://doi.org/10.7910/DVN/KIXXKS,doi,10.7910,DVN/KIXXKS,2018-08-13
restat,dataverse,,https://doi.org/10.7910/DVN/LEZCZ6,doi,10.7910,DVN/LEZCZ6,2018-08-30
restat,dataverse,,https://doi.org/10.7910/DVN/G1JEV3,doi,10.7910,DVN/G1JEV3,2018-08-30
restat,dataverse,,https://doi.org/10.7910/DVN/MHARGO,doi,10.7910,DVN/MHARGO,2021-06-23
restat,dataverse,,https://doi.org/10.7910/DVN/V1ZYPY,doi,10.7910,DVN/V1ZYPY,2021-09-07
restat,dataverse,,https://doi.org/10.7910/DVN/JLSL54,doi,10.7910,DVN/JLSL54,2025-06-27
restat,dataverse,,https://doi.org/10.7910/DVN/QBFQRH,doi,10.7910,DVN/QBFQRH,2025-07-28
restat,dataverse,,https://doi.org/10.7910/DVN/25221,doi,10.7910,DVN/25221,2014-05-23
restat,dataverse,,https://doi.org/10.7910/DVN/D4UKZU,doi,10.7910,DVN/D4UKZU,2012-08-03
restat,dataverse,,https://doi.org/10.7910/DVN/26891,doi,10.7910,DVN/26891,2014-08-19
restat,dataverse,,https://doi.org/10.7910/DVN/LKGPVK,doi,10.7910,DVN/LKGPVK,2013-05-17
restat,dataverse,,https://doi.org/10.7910/DVN/HQLI7W,doi,10.7910,DVN/HQLI7W,2012-05-10
restat,dataverse,,https://doi.org/10.7910/DVN/27474,doi,10.7910,DVN/27474,2014-10-03
restat,dataverse,,https://doi.org/10.7910/DVN/Y9R8SF,doi,10.7910,DVN/Y9R8SF,2012-05-14
restat,dataverse,,https://doi.org/10.7910/DVN/X5ZCTK,doi,10.7910,DVN/X5ZCTK,2013-09-05
restat,dataverse,,https://doi.org/10.7910/DVN/24575,doi,10.7910,DVN/24575,2014-02-06
restat,dataverse,,https://doi.org/10.7910/DVN/CQQFEJ,doi,10.7910,DVN/CQQFEJ,2010-08-01
restat,dataverse,,https://doi.org/10.7910/DVN/ZKNTUA,doi,10.7910,DVN/ZKNTUA,2013-09-06
restat,dataverse,,https://doi.org/10.7910/DVN/RSGV4Q,doi,10.7910,DVN/RSGV4Q,2012-12-13
restat,dataverse,,https://doi.org/10.7910/DVN/VZDBQF,doi,10.7910,DVN/VZDBQF,2024-11-06
restat,dataverse,,https://doi.org/10.7910/DVN/DLV1UU,doi,10.7910,DVN/DLV1UU,2024-06-17
restat,dataverse,,https://doi.org/10.7910/DVN/OS3EDE,doi,10.7910,DVN/OS3EDE,2017-05-26
restat,dataverse,,https://doi.org/10.7910/DVN/XKHMUZ,doi,10.7910,DVN/XKHMUZ,2016-01-30
restat,dataverse,,https://doi.org/10.7910/DVN/PJ4JZ2,doi,10.7910,DVN/PJ4JZ2,2016-05-04
restat,dataverse,,https://doi.org/10.7910/DVN/DS1JYM,doi,10.7910,DVN/DS1JYM,2018-07-18
restat,dataverse,,https://doi.org/10.7910/DVN/KFMHJ2,doi,10.7910,DVN/KFMHJ2,2018-06-12
restat,dataverse,,https://doi.org/10.7910/DVN/V65YUM,doi,10.7910,DVN/V65YUM,2018-06-25
restat,dataverse,,https://doi.org/10.7910/DVN/YGTU5T,doi,10.7910,DVN/YGTU5T,2018-06-21
restat,dataverse,,https://doi.org/10.7910/DVN/ZQMVGX,doi,10.7910,DVN/ZQMVGX,2024-09-03
restat,dataverse,,https://doi.org/10.7910/DVN/FZWOMK,doi,10.7910,DVN/FZWOMK,2017-03-03
restat,dataverse,,https://doi.org/10.7910/DVN/GXDIBE,doi,10.7910,DVN/GXDIBE,2019-08-05
restat,dataverse,,https://doi.org/10.7910/DVN/DL4S2M,doi,10.7910,DVN/DL4S2M,2020-01-10
restat,dataverse,,https://doi.org/10.7910/DVN/82ZWRP,doi,10.7910,DVN/82ZWRP,2020-09-30
restat,dataverse,,https://doi.org/10.7910/DVN/JIYDQT,doi,10.7910,DVN/JIYDQT,2018-11-21
restat,dataverse,,https://doi.org/10.7910/DVN/MM4G30,doi,10.7910,DVN/MM4G30,2021-06-17
restat,dataverse,,https://doi.org/10.7910/DVN/KZIDUB,doi,10.7910,DVN/KZIDUB,2021-09-14
restat,dataverse,,https://doi.org/10.7910/DVN/CGCSIU,doi,10.7910,DVN/CGCSIU,2012-04-23
restat,dataverse,,https://doi.org/10.7910/DVN/24203,doi,10.7910,DVN/24203,2014-01-13
restat,dataverse,,https://doi.org/10.7910/DVN/26754,doi,10.7910,DVN/26754,2015-01-16
restat,dataverse,,https://doi.org/10.7910/DVN/26993,doi,10.7910,DVN/26993,2014-08-19
restat,dataverse,,https://doi.org/10.7910/DVN/7X7DRM,doi,10.7910,DVN/7X7DRM,2012-08-06
restat,dataverse,,https://doi.org/10.7910/DVN/A35WXZ,doi,10.7910,DVN/A35WXZ,2012-08-14
restat,dataverse,,https://doi.org/10.7910/DVN/29557,doi,10.7910,DVN/29557,2015-03-23
restat,dataverse,,https://doi.org/10.7910/DVN/27922,doi,10.7910,DVN/27922,2014-12-01
restat,dataverse,,https://doi.org/10.7910/DVN/OX8SKX,doi,10.7910,DVN/OX8SKX,2017-05-26
restat,dataverse,,https://doi.org/10.7910/DVN/HNNMQT,doi,10.7910,DVN/HNNMQT,2018-07-25
restat,dataverse,,https://doi.org/10.7910/DVN/MKRCFU,doi,10.7910,DVN/MKRCFU,2020-05-29
restat,dataverse,,https://doi.org/10.7910/DVN/YH7WKF,doi,10.7910,DVN/YH7WKF,2020-08-15
restat,dataverse,,https://doi.org/10.7910/DVN/K3PRYB,doi,10.7910,DVN/K3PRYB,2022-03-10
restat,dataverse,,https://doi.org/10.7910/DVN/IBCAKF,doi,10.7910,DVN/IBCAKF,2021-12-17
restat,dataverse,,https://doi.org/10.7910/DVN/UZLJXR,doi,10.7910,DVN/UZLJXR,2018-08-30
restat,dataverse,,https://doi.org/10.7910/DVN/2DO8QP,doi,10.7910,DVN/2DO8QP,2017-11-15
restat,dataverse,,https://doi.org/10.7910/DVN/7LOMGW,doi,10.7910,DVN/7LOMGW,2016-08-11
restat,dataverse,,https://doi.org/10.7910/DVN/ZXNDJM,doi,10.7910,DVN/ZXNDJM,2023-08-29
restat,dataverse,,https://doi.org/10.7910/DVN/CDFU0K,doi,10.7910,DVN/CDFU0K,2019-11-15
restat,dataverse,,https://doi.org/10.7910/DVN/VV5I5E,doi,10.7910,DVN/VV5I5E,2018-10-22
restat,dataverse,,https://doi.org/10.7910/DVN/27335,doi,10.7910,DVN/27335,2014-11-18
restat,dataverse,,https://doi.org/10.7910/DVN/26967,doi,10.7910,DVN/26967,2016-01-13
restat,dataverse,,https://doi.org/10.7910/DVN/25123,doi,10.7910,DVN/25123,2014-03-26
restat,dataverse,,https://doi.org/10.7910/DVN/U5X65H,doi,10.7910,DVN/U5X65H,2020-07-08
restat,dataverse,,https://doi.org/10.7910/DVN/BIRIRI,doi,10.7910,DVN/BIRIRI,2020-10-13
restat,dataverse,,https://doi.org/10.7910/DVN/XHVR1L,doi,10.7910,DVN/XHVR1L,2024-04-30
restat,dataverse,,https://doi.org/10.7910/DVN/GDIFBK,doi,10.7910,DVN/GDIFBK,2022-03-10
restat,dataverse,,https://doi.org/10.7910/DVN/XP63F9,doi,10.7910,DVN/XP63F9,2020-12-02
restat,dataverse,,https://doi.org/10.7910/DVN/5JJ6OE,doi,10.7910,DVN/5JJ6OE,2022-06-24
restat,dataverse,,https://doi.org/10.7910/DVN/26798,doi,10.7910,DVN/26798,2015-01-16
restat,dataverse,,https://doi.org/10.7910/DVN/27228,doi,10.7910,DVN/27228,2014-09-09
restat,dataverse,,https://doi.org/10.7910/DVN/2PCYI6,doi,10.7910,DVN/2PCYI6,2022-06-24
restat,dataverse,,https://doi.org/10.7910/DVN/RRHANS,doi,10.7910,DVN/RRHANS,2020-11-04
restat,dataverse,,https://doi.org/10.7910/DVN/VDGSX8,doi,10.7910,DVN/VDGSX8,2019-07-17
restat,dataverse,,https://doi.org/10.7910/DVN/NSKGM7,doi,10.7910,DVN/NSKGM7,2017-02-28
restat,dataverse,,https://doi.org/10.7910/DVN/44EDZW,doi,10.7910,DVN/44EDZW,2017-03-20
restat,dataverse,,https://doi.org/10.7910/DVN/5JILCG,doi,10.7910,DVN/5JILCG,2020-12-15
restat,dataverse,,https://doi.org/10.7910/DVN/6NK8GV,doi,10.7910,DVN/6NK8GV,2021-07-06
restat,dataverse,,https://doi.org/10.7910/DVN/ZYTP50,doi,10.7910,DVN/ZYTP50,2015-05-06
restat,dataverse,,https://doi.org/10.7910/DVN/9RO4OM,doi,10.7910,DVN/9RO4OM,2025-03-06
restat,dataverse,,https://doi.org/10.7910/DVN/7BCE4A,doi,10.7910,DVN/7BCE4A,2019-05-03
restat,dataverse,,https://doi.org/10.7910/DVN/MUD8GF,doi,10.7910,DVN/MUD8GF,2021-09-23
restat,dataverse,,https://doi.org/10.7910/DVN/BNOUBY,doi,10.7910,DVN/BNOUBY,2021-10-26
restat,dataverse,,https://doi.org/10.7910/DVN/GKCGPD,doi,10.7910,DVN/GKCGPD,2021-06-14
restat,dataverse,,https://doi.org/10.7910/DVN/RT1SAX,doi,10.7910,DVN/RT1SAX,2022-01-31
restat,dataverse,,https://doi.org/10.7910/DVN/VQT8TH,doi,10.7910,DVN/VQT8TH,2023-12-18
restat,dataverse,,https://doi.org/10.7910/DVN/MONEID,doi,10.7910,DVN/MONEID,2021-04-19
restat,dataverse,,https://doi.org/10.7910/DVN/R32MC3,doi,10.7910,DVN/R32MC3,2021-03-17
restat,dataverse,,https://doi.org/10.7910/DVN/0YALNP,doi,10.7910,DVN/0YALNP,2016-06-20
restat,dataverse,,https://doi.org/10.7910/DVN/C8YCXJ,doi,10.7910,DVN/C8YCXJ,2021-06-23
restat,dataverse,,https://doi.org/10.7910/DVN/2L2TTB,doi,10.7910,DVN/2L2TTB,2021-06-23
restat,dataverse,,https://doi.org/10.7910/DVN/UQRKJF,doi,10.7910,DVN/UQRKJF,2021-11-23
restat,dataverse,,https://doi.org/10.7910/DVN/27138,doi,10.7910,DVN/27138,2015-01-23
restat,dataverse,,https://doi.org/10.7910/DVN/SXADJN,doi,10.7910,DVN/SXADJN,2024-11-20
restat,dataverse,,https://doi.org/10.7910/DVN/FFIU52,doi,10.7910,DVN/FFIU52,2013-03-20
restat,dataverse,,https://doi.org/10.7910/DVN/KSTT2Q,doi,10.7910,DVN/KSTT2Q,2019-02-27
restat,dataverse,,https://doi.org/10.7910/DVN/LIGQUA,doi,10.7910,DVN/LIGQUA,2019-02-25
restat,dataverse,,https://doi.org/10.7910/DVN/DDL8ZI,doi,10.7910,DVN/DDL8ZI,2023-06-21
restat,dataverse,,https://doi.org/10.7910/DVN/CGQOTA,doi,10.7910,DVN/CGQOTA,2024-06-06
restat,dataverse,,https://doi.org/10.7910/DVN/GJWNZW,doi,10.7910,DVN/GJWNZW,2016-01-28
restat,dataverse,,https://doi.org/10.7910/DVN/9RRH28,doi,10.7910,DVN/9RRH28,2023-11-08
restat,dataverse,,https://doi.org/10.7910/DVN/RGIUEV,doi,10.7910,DVN/RGIUEV,2020-02-10
restat,dataverse,,https://doi.org/10.7910/DVN/TKRUEJ,doi,10.7910,DVN/TKRUEJ,2013-05-17
restat,dataverse,,https://doi.org/10.7910/DVN/BDGGCZ,doi,10.7910,DVN/BDGGCZ,2019-01-09
restat,dataverse,,https://doi.org/10.7910/DVN/EIN1MN,doi,10.7910,DVN/EIN1MN,2020-11-24
restat,dataverse,,https://doi.org/10.7910/DVN/ZUGSFZ,doi,10.7910,DVN/ZUGSFZ,2020-04-28
restat,dataverse,,https://doi.org/10.7910/DVN/V789QF,doi,10.7910,DVN/V789QF,2020-09-15
restat,dataverse,,https://doi.org/10.7910/DVN/WPAQNJ,doi,10.7910,DVN/WPAQNJ,2022-01-13
restat,dataverse,,https://doi.org/10.7910/DVN/YACODR,doi,10.7910,DVN/YACODR,2024-09-05
restat,dataverse,,https://doi.org/10.7910/DVN/JCP8CM,doi,10.7910,DVN/JCP8CM,2020-10-08
restat,dataverse,,https://doi.org/10.7910/DVN/BLEBHI,doi,10.7910,DVN/BLEBHI,2019-08-05
restat,dataverse,,https://doi.org/10.7910/DVN/RU4RS0,doi,10.7910,DVN/RU4RS0,2022-01-18
restat,dataverse,,https://doi.org/10.7910/DVN/VSAQQI,doi,10.7910,DVN/VSAQQI,2021-03-25
restat,dataverse,,https://doi.org/10.7910/DVN/3KTD2W,doi,10.7910,DVN/3KTD2W,2020-05-04
restat,dataverse,,https://doi.org/10.7910/DVN/WJ6ETP,doi,10.7910,DVN/WJ6ETP,2021-02-26
restat,dataverse,,https://doi.org/10.7910/DVN/24587,doi,10.7910,DVN/24587,2014-04-02
restat,dataverse,,https://doi.org/10.7910/DVN/1FWZ7O,doi,10.7910,DVN/1FWZ7O,2022-01-18
restat,dataverse,,https://doi.org/10.7910/DVN/NXHL8U,doi,10.7910,DVN/NXHL8U,2015-12-14
restat,dataverse,,https://doi.org/10.7910/DVN/AFEJAT,doi,10.7910,DVN/AFEJAT,2021-03-10
restat,dataverse,,https://doi.org/10.7910/DVN/PZKLIN,doi,10.7910,DVN/PZKLIN,2023-08-07
restat,dataverse,,https://doi.org/10.7910/DVN/Y1VFA8,doi,10.7910,DVN/Y1VFA8,2016-02-29
restat,dataverse,,https://doi.org/10.7910/DVN/L0BCW6,doi,10.7910,DVN/L0BCW6,2023-08-29
restat,dataverse,,https://doi.org/10.7910/DVN/OKPT56,doi,10.7910,DVN/OKPT56,2020-05-13
restat,dataverse,,https://doi.org/10.7910/DVN/1NWXKD,doi,10.7910,DVN/1NWXKD,2019-06-24
restat,dataverse,,https://doi.org/10.7910/DVN/26800,doi,10.7910,DVN/26800,2015-01-23
restat,dataverse,,https://doi.org/10.7910/DVN/EJPSR5,doi,10.7910,DVN/EJPSR5,2025-07-04
restat,dataverse,,https://doi.org/10.7910/DVN/I457VS,doi,10.7910,DVN/I457VS,2025-05-27
restat,dataverse,,https://doi.org/10.7910/DVN/EEHUME,doi,10.7910,DVN/EEHUME,2021-03-08
restat,dataverse,,https://doi.org/10.7910/DVN/REST_A_00357,doi,10.7910,DVN/REST_A_00357,2014-05-27
restat,dataverse,,https://doi.org/10.7910/DVN/27467,doi,10.7910,DVN/27467,2015-01-08
restat,dataverse,,https://doi.org/10.7910/DVN/PAOZHW,doi,10.7910,DVN/PAOZHW,2013-09-19
restat,dataverse,,https://doi.org/10.7910/DVN/28325,doi,10.7910,DVN/28325,2014-12-19
restat,dataverse,,https://doi.org/10.7910/DVN/27205,doi,10.7910,DVN/27205,2014-09-02
restat,dataverse,,https://doi.org/10.7910/DVN/Q8LHF3,doi,10.7910,DVN/Q8LHF3,2012-06-07
restat,dataverse,,https://doi.org/10.7910/DVN/24196,doi,10.7910,DVN/24196,2014-01-13
restat,dataverse,,https://doi.org/10.7910/DVN/ZNOX0G,doi,10.7910,DVN/ZNOX0G,2021-10-25
restat,dataverse,,https://doi.org/10.7910/DVN/XWO9OT,doi,10.7910,DVN/XWO9OT,2021-08-23
restat,dataverse,,https://doi.org/10.7910/DVN/VLJMH4,doi,10.7910,DVN/VLJMH4,2022-02-16
restat,dataverse,,https://doi.org/10.7910/DVN/NLETBY,doi,10.7910,DVN/NLETBY,2015-12-16
restat,dataverse,,https://doi.org/10.7910/DVN/PSN1VR,doi,10.7910,DVN/PSN1VR,2012-03-19
restat,dataverse,,https://doi.org/10.7910/DVN/27281,doi,10.7910,DVN/27281,2015-01-16
restat,dataverse,,https://doi.org/10.7910/DVN/27312,doi,10.7910,DVN/27312,2014-09-12
restat,dataverse,,https://doi.org/10.7910/DVN/JXQETW,doi,10.7910,DVN/JXQETW,2017-02-15
restat,dataverse,,https://doi.org/10.7910/DVN/CLPGTP,doi,10.7910,DVN/CLPGTP,2025-04-30
restat,dataverse,,https://doi.org/10.7910/DVN/5U8VQY,doi,10.7910,DVN/5U8VQY,2021-08-03
restat,dataverse,,https://doi.org/10.7910/DVN/8JT51R,doi,10.7910,DVN/8JT51R,2021-10-04
restat,dataverse,,https://doi.org/10.7910/DVN/OG88EU,doi,10.7910,DVN/OG88EU,2024-10-31
restat,dataverse,,https://doi.org/10.7910/DVN/WV2UYI,doi,10.7910,DVN/WV2UYI,2020-07-08
restat,dataverse,,https://doi.org/10.7910/DVN/QSEPXE,doi,10.7910,DVN/QSEPXE,2020-10-26
restat,dataverse,,https://doi.org/10.7910/DVN/XONETC,doi,10.7910,DVN/XONETC,2021-06-07
restat,dataverse,,https://doi.org/10.7910/DVN/BG3V8P,doi,10.7910,DVN/BG3V8P,2024-03-01
restat,dataverse,,https://doi.org/10.7910/DVN/ULULMJ,doi,10.7910,DVN/ULULMJ,2020-12-15
restat,dataverse,,https://doi.org/10.7910/DVN/CMNO3P,doi,10.7910,DVN/CMNO3P,2018-07-23
restat,dataverse,,https://doi.org/10.7910/DVN/J84H5M,doi,10.7910,DVN/J84H5M,2019-08-30
restat,dataverse,,https://doi.org/10.7910/DVN/EQLOYJ,doi,10.7910,DVN/EQLOYJ,2015-12-14
restat,dataverse,,https://doi.org/10.7910/DVN/23116,doi,10.7910,DVN/23116,2013-11-05
restat,dataverse,,https://doi.org/10.7910/DVN/27345,doi,10.7910,DVN/27345,2025-05-29
restat,dataverse,,https://doi.org/10.7910/DVN/27340,doi,10.7910,DVN/27340,2014-09-19
restat,dataverse,,https://doi.org/10.7910/DVN/M8FCSU,doi,10.7910,DVN/M8FCSU,2011-04-19
restat,dataverse,,https://doi.org/10.7910/DVN/B3KR8A,doi,10.7910,DVN/B3KR8A,2013-05-17
restat,dataverse,,https://doi.org/10.7910/DVN/29944,doi,10.7910,DVN/29944,2015-04-09
restat,dataverse,,https://doi.org/10.7910/DVN/27289,doi,10.7910,DVN/27289,2014-09-06
restat,dataverse,,https://doi.org/10.7910/DVN/BGW6LO,doi,10.7910,DVN/BGW6LO,2020-10-05
restat,dataverse,,https://doi.org/10.7910/DVN/EOFVTU,doi,10.7910,DVN/EOFVTU,2016-09-21
restat,dataverse,,https://doi.org/10.7910/DVN/N1BIJA,doi,10.7910,DVN/N1BIJA,2018-08-13
restat,dataverse,,https://doi.org/10.7910/DVN/1IY2KS,doi,10.7910,DVN/1IY2KS,2022-02-14
restat,dataverse,,https://doi.org/10.7910/DVN/60YMMB,doi,10.7910,DVN/60YMMB,2025-06-12
restat,dataverse,,https://doi.org/10.7910/DVN/RJ7VUQ,doi,10.7910,DVN/RJ7VUQ,2018-09-28
restat,dataverse,,https://doi.org/10.7910/DVN/GSCELX,doi,10.7910,DVN/GSCELX,2023-08-07
restat,dataverse,,https://doi.org/10.7910/DVN/FTFGTW,doi,10.7910,DVN/FTFGTW,2021-12-08
restat,dataverse,,https://doi.org/10.7910/DVN/NGHYPI,doi,10.7910,DVN/NGHYPI,2020-06-09
restat,dataverse,,https://doi.org/10.7910/DVN/PNMOXB,doi,10.7910,DVN/PNMOXB,2017-02-23
restat,dataverse,,https://doi.org/10.7910/DVN/T1VWCH,doi,10.7910,DVN/T1VWCH,2022-05-19
restat,dataverse,,https://doi.org/10.7910/DVN/LZWVK3,doi,10.7910,DVN/LZWVK3,2024-06-10
restat,dataverse,,https://doi.org/10.7910/DVN/8UNT8Q,doi,10.7910,DVN/8UNT8Q,2023-11-14
restat,dataverse,,https://doi.org/10.7910/DVN/YAS0F5,doi,10.7910,DVN/YAS0F5,2023-11-06
restat,dataverse,,https://doi.org/10.7910/DVN/EDQTTB,doi,10.7910,DVN/EDQTTB,2024-03-21
restat,dataverse,,https://doi.org/10.7910/DVN/24705,doi,10.7910,DVN/24705,2014-02-19
restat,dataverse,,https://doi.org/10.7910/DVN/6WNSN7,doi,10.7910,DVN/6WNSN7,2019-01-07
restat,dataverse,,https://doi.org/10.7910/DVN/DZBURR,doi,10.7910,DVN/DZBURR,2024-01-08
restat,dataverse,,https://doi.org/10.7910/DVN/HE9H8U,doi,10.7910,DVN/HE9H8U,2021-05-26
restat,dataverse,,https://doi.org/10.7910/DVN/RSKS3L,doi,10.7910,DVN/RSKS3L,2022-04-12
restat,dataverse,,https://doi.org/10.7910/DVN/KPHTAI,doi,10.7910,DVN/KPHTAI,2020-10-26
restat,dataverse,,https://doi.org/10.7910/DVN/ZQZ1MF,doi,10.7910,DVN/ZQZ1MF,2021-04-14
restat,dataverse,,https://doi.org/10.7910/DVN/1H3CPO,doi,10.7910,DVN/1H3CPO,2021-01-12
restat,dataverse,,https://doi.org/10.7910/DVN/RMIBIW,doi,10.7910,DVN/RMIBIW,2023-03-02
restat,dataverse,,https://doi.org/10.7910/DVN/HZ4L3L,doi,10.7910,DVN/HZ4L3L,2013-05-14
restat,dataverse,,https://doi.org/10.7910/DVN/3TZSY3,doi,10.7910,DVN/3TZSY3,2024-02-20
restat,dataverse,,https://doi.org/10.7910/DVN/FCENJS,doi,10.7910,DVN/FCENJS,2024-02-23
restat,dataverse,,https://doi.org/10.7910/DVN/XRVEZJ,doi,10.7910,DVN/XRVEZJ,2021-01-12
restat,dataverse,,https://doi.org/10.7910/DVN/27831,doi,10.7910,DVN/27831,2015-11-13
restat,dataverse,,https://doi.org/10.7910/DVN/EEIHFK,doi,10.7910,DVN/EEIHFK,2024-06-10
restat,dataverse,,https://doi.org/10.7910/DVN/ABT3OE,doi,10.7910,DVN/ABT3OE,2018-02-28
restat,dataverse,,https://doi.org/10.7910/DVN/35PIZO,doi,10.7910,DVN/35PIZO,2019-04-05
restat,dataverse,,https://doi.org/10.7910/DVN/AFCZV0,doi,10.7910,DVN/AFCZV0,2024-09-02
restat,dataverse,,https://doi.org/10.7910/DVN/AQDEXY,doi,10.7910,DVN/AQDEXY,2025-03-13
restat,dataverse,,https://doi.org/10.7910/DVN/IZAH5W,doi,10.7910,DVN/IZAH5W,2024-08-05
restat,dataverse,,https://doi.org/10.7910/DVN/AQYQ5G,doi,10.7910,DVN/AQYQ5G,2023-03-17
restat,dataverse,,https://doi.org/10.7910/DVN/JKPD0L,doi,10.7910,DVN/JKPD0L,2025-05-30
restat,dataverse,,https://doi.org/10.7910/DVN/Z6YULW,doi,10.7910,DVN/Z6YULW,2020-12-01
restat,dataverse,,https://doi.org/10.7910/DVN/13K1WQ,doi,10.7910,DVN/13K1WQ,2019-03-13
restat,dataverse,,https://doi.org/10.7910/DVN/16NCG3,doi,10.7910,DVN/16NCG3,2021-03-08
restat,dataverse,,https://doi.org/10.7910/DVN/28100,doi,10.7910,DVN/28100,2015-01-08
restat,dataverse,,https://doi.org/10.7910/DVN/27291,doi,10.7910,DVN/27291,2014-09-12
restat,dataverse,,https://doi.org/10.7910/DVN/27031,doi,10.7910,DVN/27031,2014-10-03
restat,dataverse,,https://doi.org/10.7910/DVN/CFPFGR,doi,10.7910,DVN/CFPFGR,2013-05-30
restat,dataverse,,https://doi.org/10.7910/DVN/FR0IWP,doi,10.7910,DVN/FR0IWP,2016-05-25
restat,dataverse,,https://doi.org/10.7910/DVN/Z1H2FC,doi,10.7910,DVN/Z1H2FC,2021-11-29
restat,dataverse,,https://doi.org/10.7910/DVN/GLMYNB,doi,10.7910,DVN/GLMYNB,2023-10-10
restat,dataverse,,https://doi.org/10.7910/DVN/EBLGOK,doi,10.7910,DVN/EBLGOK,2012-07-19
restat,dataverse,,https://doi.org/10.7910/DVN/D5FUKF,doi,10.7910,DVN/D5FUKF,2024-03-12
restat,dataverse,,https://doi.org/10.7910/DVN/YF7C5W,doi,10.7910,DVN/YF7C5W,2023-11-15
restat,dataverse,,https://doi.org/10.7910/DVN/UUXXSE,doi,10.7910,DVN/UUXXSE,2023-09-25
restat,dataverse,,https://doi.org/10.7910/DVN/6BZZ3Z,doi,10.7910,DVN/6BZZ3Z,2019-05-01
restat,dataverse,,https://doi.org/10.7910/DVN/WYTSSD,doi,10.7910,DVN/WYTSSD,2019-05-03
restat,dataverse,,https://doi.org/10.7910/DVN/ZMWCFJ,doi,10.7910,DVN/ZMWCFJ,2022-01-13
restat,dataverse,,https://doi.org/10.7910/DVN/OOEXJS,doi,10.7910,DVN/OOEXJS,2015-07-01
restat,dataverse,,https://doi.org/10.7910/DVN/67QCH2,doi,10.7910,DVN/67QCH2,2015-11-10
restat,dataverse,,https://doi.org/10.7910/DVN/GL5CCD,doi,10.7910,DVN/GL5CCD,2018-01-10
restat,dataverse,,https://doi.org/10.7910/DVN/YETJIS,doi,10.7910,DVN/YETJIS,2022-02-17
restat,dataverse,,https://doi.org/10.7910/DVN/WHID9V,doi,10.7910,DVN/WHID9V,2016-06-08
restat,dataverse,,https://doi.org/10.7910/DVN/3EYP3I,doi,10.7910,DVN/3EYP3I,2016-02-19
restat,dataverse,,https://doi.org/10.7910/DVN/OITIFH,doi,10.7910,DVN/OITIFH,2024-08-23
restat,dataverse,,https://doi.org/10.7910/DVN/87M91U,doi,10.7910,DVN/87M91U,2024-11-07
restat,dataverse,,https://doi.org/10.7910/DVN/A3F1TC,doi,10.7910,DVN/A3F1TC,2012-08-01
restat,dataverse,,https://doi.org/10.7910/DVN/26733,doi,10.7910,DVN/26733,2015-01-08
restat,dataverse,,https://doi.org/10.7910/DVN/Z8WHEO,doi,10.7910,DVN/Z8WHEO,2017-06-08
restat,dataverse,,https://doi.org/10.7910/DVN/8PTX1L,doi,10.7910,DVN/8PTX1L,2019-03-01
restat,dataverse,,https://doi.org/10.7910/DVN/AMYQ5K,doi,10.7910,DVN/AMYQ5K,2021-09-23
restat,dataverse,,https://doi.org/10.7910/DVN/JFGPNE,doi,10.7910,DVN/JFGPNE,2016-05-23
restat,dataverse,,https://doi.org/10.7910/DVN/H7G1QQ,doi,10.7910,DVN/H7G1QQ,2021-06-14
restat,dataverse,,https://doi.org/10.7910/DVN/STI1L7,doi,10.7910,DVN/STI1L7,2022-01-31
restat,dataverse,,https://doi.org/10.7910/DVN/XWIS3H,doi,10.7910,DVN/XWIS3H,2023-10-10
restat,dataverse,,https://doi.org/10.7910/DVN/D0NO6V,doi,10.7910,DVN/D0NO6V,2021-08-23
restat,dataverse,,https://doi.org/10.7910/DVN/JDLNSY,doi,10.7910,DVN/JDLNSY,2021-04-05
restat,dataverse,,https://doi.org/10.7910/DVN/24481,doi,10.7910,DVN/24481,2014-01-29
restat,dataverse,,https://doi.org/10.7910/DVN/PXDEPG,doi,10.7910,DVN/PXDEPG,2024-05-20
restat,dataverse,,https://doi.org/10.7910/DVN/OUNQTQ,doi,10.7910,DVN/OUNQTQ,2025-01-06
restat,dataverse,,https://doi.org/10.7910/DVN/DMJREU,doi,10.7910,DVN/DMJREU,2018-01-16
restat,dataverse,,https://doi.org/10.7910/DVN/FRJOXO,doi,10.7910,DVN/FRJOXO,2023-02-16
restat,dataverse,,https://doi.org/10.7910/DVN/Q9VQIU,doi,10.7910,DVN/Q9VQIU,2016-05-09
restat,dataverse,,https://doi.org/10.7910/DVN/RGMV5E,doi,10.7910,DVN/RGMV5E,2021-02-17
restat,dataverse,,https://doi.org/10.7910/DVN/27408,doi,10.7910,DVN/27408,2015-01-23
restat,dataverse,,https://doi.org/10.7910/DVN/6JUQUW,doi,10.7910,DVN/6JUQUW,2025-06-06
restat,dataverse,,https://doi.org/10.7910/DVN/ZVSHZE,doi,10.7910,DVN/ZVSHZE,2024-07-29
restat,dataverse,,https://doi.org/10.7910/DVN/RUTN7X,doi,10.7910,DVN/RUTN7X,2021-03-11
restat,dataverse,,https://doi.org/10.7910/DVN/Z8IEAE,doi,10.7910,DVN/Z8IEAE,2021-08-30
restat,dataverse,,https://doi.org/10.7910/DVN/KEASZR,doi,10.7910,DVN/KEASZR,2016-07-21
restat,dataverse,,https://doi.org/10.7910/DVN/VAOEHQ,doi,10.7910,DVN/VAOEHQ,2022-02-22
restat,dataverse,,https://doi.org/10.7910/DVN/M1PFKO,doi,10.7910,DVN/M1PFKO,2020-05-12
restat,dataverse,,https://doi.org/10.7910/DVN/28592,doi,10.7910,DVN/28592,2015-01-08
restat,dataverse,,https://doi.org/10.7910/DVN/M6AGWJ,doi,10.7910,DVN/M6AGWJ,2020-08-26
restat,dataverse,,https://doi.org/10.7910/DVN/5HFDZI,doi,10.7910,DVN/5HFDZI,2024-10-24
restat,dataverse,,https://doi.org/10.7910/DVN/2FQ6KG,doi,10.7910,DVN/2FQ6KG,2024-05-28
restat,dataverse,,https://doi.org/10.7910/DVN/D5HSP3,doi,10.7910,DVN/D5HSP3,2023-10-23
restat,dataverse,,https://doi.org/10.7910/DVN/IILJ4B,doi,10.7910,DVN/IILJ4B,2020-04-15
restat,dataverse,,https://doi.org/10.7910/DVN/KZB7CS,doi,10.7910,DVN/KZB7CS,2022-06-06
restat,dataverse,,https://doi.org/10.7910/DVN/JZ4VYY,doi,10.7910,DVN/JZ4VYY,2025-01-30
restat,dataverse,,https://doi.org/10.7910/DVN/7VO7SR,doi,10.7910,DVN/7VO7SR,2012-01-17
restat,dataverse,,https://doi.org/10.7910/DVN/OJVUQG,doi,10.7910,DVN/OJVUQG,2024-01-05
restat,dataverse,,https://doi.org/10.7910/DVN/BXFWE5,doi,10.7910,DVN/BXFWE5,2021-11-23
restat,dataverse,,https://doi.org/10.7910/DVN/YKOTXF,doi,10.7910,DVN/YKOTXF,2016-12-14
restat,dataverse,,https://doi.org/10.7910/DVN/PUV4L0,doi,10.7910,DVN/PUV4L0,2016-07-06
restat,dataverse,,https://doi.org/10.7910/DVN/R7RYIV,doi,10.7910,DVN/R7RYIV,2016-08-04
restat,dataverse,,https://doi.org/10.7910/DVN/CEFHPP,doi,10.7910,DVN/CEFHPP,2024-04-19
restat,dataverse,,https://doi.org/10.7910/DVN/MF6NZG,doi,10.7910,DVN/MF6NZG,2013-07-31
restat,dataverse,,https://doi.org/10.7910/DVN/1PC3LO,doi,10.7910,DVN/1PC3LO,2019-03-01
restat,dataverse,,https://doi.org/10.7910/DVN/MRIWOI,doi,10.7910,DVN/MRIWOI,2019-02-25
restat,dataverse,,https://doi.org/10.7910/DVN/STB8AJ,doi,10.7910,DVN/STB8AJ,2019-01-09
restat,dataverse,,https://doi.org/10.7910/DVN/BHIUHV,doi,10.7910,DVN/BHIUHV,2018-02-05
restat,dataverse,,https://doi.org/10.7910/DVN/28802,doi,10.7910,DVN/28802,2015-01-30
restat,dataverse,,https://doi.org/10.7910/DVN/EJ1YAH,doi,10.7910,DVN/EJ1YAH,2013-05-20
restat,dataverse,,https://doi.org/10.7910/DVN/TKILQK,doi,10.7910,DVN/TKILQK,2022-03-28
restat,dataverse,,https://doi.org/10.7910/DVN/JQJO5O,doi,10.7910,DVN/JQJO5O,2023-09-13
restat,dataverse,,https://doi.org/10.7910/DVN/GBBB2J,doi,10.7910,DVN/GBBB2J,2017-11-08
restat,dataverse,,https://doi.org/10.7910/DVN/UGMXUQ,doi,10.7910,DVN/UGMXUQ,2023-07-18
restat,dataverse,,https://doi.org/10.7910/DVN/NOHDM7,doi,10.7910,DVN/NOHDM7,2018-05-18
restat,dataverse,,https://doi.org/10.7910/DVN/N0WLWC,doi,10.7910,DVN/N0WLWC,2022-02-25
restat,dataverse,,https://doi.org/10.7910/DVN/ZJYWTG,doi,10.7910,DVN/ZJYWTG,2025-04-23
restat,dataverse,,https://doi.org/10.7910/DVN/ITH04F,doi,10.7910,DVN/ITH04F,2020-01-22
restat,dataverse,,https://doi.org/10.7910/DVN/1VBRPR,doi,10.7910,DVN/1VBRPR,2024-03-18
restat,dataverse,,https://doi.org/10.7910/DVN/CPNSGW,doi,10.7910,DVN/CPNSGW,2020-09-17
restat,dataverse,,https://doi.org/10.7910/DVN/KTWYZ6,doi,10.7910,DVN/KTWYZ6,2020-08-31
restat,dataverse,,https://doi.org/10.7910/DVN/RKPFLB,doi,10.7910,DVN/RKPFLB,2020-09-21
restat,dataverse,,https://doi.org/10.7910/DVN/TNGJ6E,doi,10.7910,DVN/TNGJ6E,2018-11-21
restat,dataverse,,https://doi.org/10.7910/DVN/RD8M8A,doi,10.7910,DVN/RD8M8A,2024-05-14
restat,dataverse,,https://doi.org/10.7910/DVN/23407,doi,10.7910,DVN/23407,2013-11-21
restat,dataverse,,https://doi.org/10.7910/DVN/D5OPR9,doi,10.7910,DVN/D5OPR9,2016-06-22
restat,dataverse,,https://doi.org/10.7910/DVN/FWVDD3,doi,10.7910,DVN/FWVDD3,2022-11-16
restat,dataverse,,https://doi.org/10.7910/DVN/TQESTH,doi,10.7910,DVN/TQESTH,2020-10-19
restat,dataverse,,https://doi.org/10.7910/DVN/EMY6LO,doi,10.7910,DVN/EMY6LO,2020-10-26
restat,dataverse,,https://doi.org/10.7910/DVN/8H6YSP,doi,10.7910,DVN/8H6YSP,2013-08-14
restat,dataverse,,https://doi.org/10.7910/DVN/VVR1SX,doi,10.7910,DVN/VVR1SX,2020-07-14
restat,dataverse,,https://doi.org/10.7910/DVN/Z1WVWW,doi,10.7910,DVN/Z1WVWW,2017-02-21
restat,dataverse,,https://doi.org/10.7910/DVN/6AXHGT,doi,10.7910,DVN/6AXHGT,2019-02-11
restat,dataverse,,https://doi.org/10.7910/DVN/ISD0TW,doi,10.7910,DVN/ISD0TW,2020-06-16
restat,dataverse,,https://doi.org/10.7910/DVN/0SWOOA,doi,10.7910,DVN/0SWOOA,2022-02-17
restat,dataverse,,https://doi.org/10.7910/DVN/OUI4P2,doi,10.7910,DVN/OUI4P2,2018-07-19
restat,dataverse,,https://doi.org/10.7910/DVN/9C4TPV,doi,10.7910,DVN/9C4TPV,2018-02-26
restat,dataverse,,https://doi.org/10.7910/DVN/MUF2HC,doi,10.7910,DVN/MUF2HC,2018-09-26
restat,dataverse,,https://doi.org/10.7910/DVN/UIDQYS,doi,10.7910,DVN/UIDQYS,2015-08-19
restat,dataverse,,https://doi.org/10.7910/DVN/3SLMJY,doi,10.7910,DVN/3SLMJY,2016-10-24
restat,dataverse,,https://doi.org/10.7910/DVN/A9DLQQ,doi,10.7910,DVN/A9DLQQ,2017-03-03
restat,dataverse,,https://doi.org/10.7910/DVN/QQYHQS,doi,10.7910,DVN/QQYHQS,2016-07-11
restat,dataverse,,https://doi.org/10.7910/DVN/2UFWXH,doi,10.7910,DVN/2UFWXH,2022-06-03
restat,dataverse,,https://doi.org/10.7910/DVN/YH0VGY,doi,10.7910,DVN/YH0VGY,2020-08-18
restat,dataverse,,https://doi.org/10.7910/DVN/VBH5SJ,doi,10.7910,DVN/VBH5SJ,2020-06-30
restat,dataverse,,https://doi.org/10.7910/DVN/26968,doi,10.7910,DVN/26968,2014-08-19
restat,dataverse,,https://doi.org/10.7910/DVN/JJGI1G,doi,10.7910,DVN/JJGI1G,2013-07-24
restat,dataverse,,https://doi.org/10.7910/DVN/N2IA8K,doi,10.7910,DVN/N2IA8K,2016-08-26
restat,dataverse,,https://doi.org/10.7910/DVN/27404,doi,10.7910,DVN/27404,2015-01-23
restat,dataverse,,https://doi.org/10.7910/DVN/23251,doi,10.7910,DVN/23251,2013-11-12
restat,dataverse,,https://doi.org/10.7910/DVN/28663,doi,10.7910,DVN/28663,2015-01-16
restat,dataverse,,https://doi.org/10.7910/DVN/IBSPOH,doi,10.7910,DVN/IBSPOH,2024-01-09
restat,dataverse,,https://doi.org/10.7910/DVN/NKJNUN,doi,10.7910,DVN/NKJNUN,2020-07-27
restat,dataverse,,https://doi.org/10.7910/DVN/GHLGSW,doi,10.7910,DVN/GHLGSW,2024-12-20
restat,dataverse,,https://doi.org/10.7910/DVN/RVJAZF,doi,10.7910,DVN/RVJAZF,2021-08-02
restat,dataverse,,https://doi.org/10.7910/DVN/HTC12M,doi,10.7910,DVN/HTC12M,2024-10-08
restat,dataverse,,https://doi.org/10.7910/DVN/WHOPIM,doi,10.7910,DVN/WHOPIM,2023-07-26
restat,dataverse,,https://doi.org/10.7910/DVN/MCRSVD,doi,10.7910,DVN/MCRSVD,2020-01-31
restat,dataverse,,https://doi.org/10.7910/DVN/DSWKIJ,doi,10.7910,DVN/DSWKIJ,2024-12-02
restat,dataverse,,https://doi.org/10.7910/DVN/BF4W3E,doi,10.7910,DVN/BF4W3E,2025-02-11
restat,dataverse,,https://doi.org/10.7910/DVN/DHI3LF,doi,10.7910,DVN/DHI3LF,2021-05-17
restat,dataverse,,https://doi.org/10.7910/DVN/49GVIF,doi,10.7910,DVN/49GVIF,2021-12-06
restat,dataverse,,https://doi.org/10.7910/DVN/YYPKCI,doi,10.7910,DVN/YYPKCI,2021-07-23
restat,dataverse,,https://doi.org/10.7910/DVN/VWRHQK,doi,10.7910,DVN/VWRHQK,2020-02-05
restat,dataverse,,https://doi.org/10.7910/DVN/DHKQ7B,doi,10.7910,DVN/DHKQ7B,2018-09-28
restat,dataverse,,https://doi.org/10.7910/DVN/NI225N,doi,10.7910,DVN/NI225N,2016-02-19
restat,dataverse,,https://doi.org/10.7910/DVN/I1KOQF,doi,10.7910,DVN/I1KOQF,2024-04-19
restat,dataverse,,https://doi.org/10.7910/DVN/VK18MT,doi,10.7910,DVN/VK18MT,2022-04-12
restat,dataverse,,https://doi.org/10.7910/DVN/2MIHB5,doi,10.7910,DVN/2MIHB5,2012-04-23
restat,dataverse,,https://doi.org/10.7910/DVN/RF2JAX,doi,10.7910,DVN/RF2JAX,2012-09-14
restat,dataverse,,https://doi.org/10.7910/DVN/ABE7VS,doi,10.7910,DVN/ABE7VS,2015-12-11
restat,dataverse,,https://doi.org/10.7910/DVN/Z1COLP,doi,10.7910,DVN/Z1COLP,2016-06-20
restat,dataverse,,https://doi.org/10.7910/DVN/JZYACJ,doi,10.7910,DVN/JZYACJ,2017-10-04
restat,dataverse,,https://doi.org/10.7910/DVN/GPGLEM,doi,10.7910,DVN/GPGLEM,2017-11-22
restat,dataverse,,https://doi.org/10.7910/DVN/67PJF4,doi,10.7910,DVN/67PJF4,2021-09-13
restat,dataverse,,https://doi.org/10.7910/DVN/UUPZ6Z,doi,10.7910,DVN/UUPZ6Z,2019-02-15
restat,dataverse,,https://doi.org/10.7910/DVN/YYNAA8,doi,10.7910,DVN/YYNAA8,2020-10-05
restat,dataverse,,https://doi.org/10.7910/DVN/VOUXOS,doi,10.7910,DVN/VOUXOS,2021-01-18
restat,dataverse,,https://doi.org/10.7910/DVN/DDVBFE,doi,10.7910,DVN/DDVBFE,2021-01-26
restat,dataverse,,https://doi.org/10.7910/DVN/HFCHNF,doi,10.7910,DVN/HFCHNF,2019-06-19
restat,dataverse,,https://doi.org/10.7910/DVN/PWO85V,doi,10.7910,DVN/PWO85V,2019-08-14
restat,dataverse,,https://doi.org/10.7910/DVN/COHBLD,doi,10.7910,DVN/COHBLD,2021-02-10
restat,dataverse,,https://doi.org/10.7910/DVN/DAKKPU,doi,10.7910,DVN/DAKKPU,2013-10-08
restat,dataverse,,https://doi.org/10.7910/DVN/24762,doi,10.7910,DVN/24762,2014-02-20
restat,dataverse,,https://doi.org/10.7910/DVN/IY4WS6,doi,10.7910,DVN/IY4WS6,2015-04-29
restat,dataverse,,https://doi.org/10.7910/DVN/W5H2KD,doi,10.7910,DVN/W5H2KD,2021-02-03
restat,dataverse,,https://doi.org/10.7910/DVN/9KKB3W,doi,10.7910,DVN/9KKB3W,2016-04-07
restat,dataverse,,https://doi.org/10.7910/DVN/TDSNDK,doi,10.7910,DVN/TDSNDK,2016-06-15
restat,dataverse,,https://doi.org/10.7910/DVN/26742,doi,10.7910,DVN/26742,2015-01-23
restat,dataverse,,https://doi.org/10.7910/DVN/27541,doi,10.7910,DVN/27541,2014-10-10
restat,dataverse,,https://doi.org/10.7910/DVN/AZKGPW,doi,10.7910,DVN/AZKGPW,2012-06-01
restat,dataverse,,https://doi.org/10.7910/DVN/26906,doi,10.7910,DVN/26906,2014-08-04
restat,dataverse,,https://doi.org/10.7910/DVN/28641,doi,10.7910,DVN/28641,2015-01-23
restat,dataverse,,https://doi.org/10.7910/DVN/27102,doi,10.7910,DVN/27102,2014-08-19
restat,dataverse,,https://doi.org/10.7910/DVN/MKRXRF,doi,10.7910,DVN/MKRXRF,2013-07-24
restat,dataverse,,https://doi.org/10.7910/DVN/JSDHFJ,doi,10.7910,DVN/JSDHFJ,2015-07-04
restat,dataverse,,https://doi.org/10.7910/DVN/8EPWQF,doi,10.7910,DVN/8EPWQF,2017-05-12
restat,dataverse,,https://doi.org/10.7910/DVN/RDTN4L,doi,10.7910,DVN/RDTN4L,2025-01-30
restat,dataverse,,https://doi.org/10.7910/DVN/25020,doi,10.7910,DVN/25020,2014-03-21
restat,dataverse,,https://doi.org/10.7910/DVN/1LFLUL,doi,10.7910,DVN/1LFLUL,2013-09-06
restat,dataverse,,https://doi.org/10.7910/DVN/25493,doi,10.7910,DVN/25493,2014-04-11
restat,dataverse,,https://doi.org/10.7910/DVN/UCVPTW,doi,10.7910,DVN/UCVPTW,2013-03-26
restat,dataverse,,https://doi.org/10.7910/DVN/YIMOND,doi,10.7910,DVN/YIMOND,2013-02-25
restat,dataverse,,https://doi.org/10.7910/DVN/29187,doi,10.7910,DVN/29187,2015-03-06
restat,dataverse,,https://doi.org/10.7910/DVN/25085,doi,10.7910,DVN/25085,2014-03-26
restat,dataverse,,https://doi.org/10.7910/DVN/HTQ5KB,doi,10.7910,DVN/HTQ5KB,2013-01-11
restat,dataverse,,https://doi.org/10.7910/DVN/ASCZFD,doi,10.7910,DVN/ASCZFD,2012-05-09
restat,dataverse,,https://doi.org/10.7910/DVN/EJ0NF7,doi,10.7910,DVN/EJ0NF7,2018-05-11
restat,dataverse,,https://doi.org/10.7910/DVN/00IT1L,doi,10.7910,DVN/00IT1L,2018-02-05
restat,dataverse,,https://doi.org/10.7910/DVN/37ZBCF,doi,10.7910,DVN/37ZBCF,2018-02-23
restat,dataverse,,https://doi.org/10.7910/DVN/A4QA9I,doi,10.7910,DVN/A4QA9I,2019-02-11
restat,dataverse,,https://doi.org/10.7910/DVN/MHIAIA,doi,10.7910,DVN/MHIAIA,2017-10-05
restat,dataverse,,https://doi.org/10.7910/DVN/7A2GHQ,doi,10.7910,DVN/7A2GHQ,2021-01-12
restat,dataverse,,https://doi.org/10.7910/DVN/QADILD,doi,10.7910,DVN/QADILD,2020-05-29
restat,dataverse,,https://doi.org/10.7910/DVN/URN2LW,doi,10.7910,DVN/URN2LW,2021-02-19
restat,dataverse,,https://doi.org/10.7910/DVN/XV9XRC,doi,10.7910,DVN/XV9XRC,2025-07-14
restat,dataverse,,https://doi.org/10.7910/DVN/XYZ1NA,doi,10.7910,DVN/XYZ1NA,2020-08-26
restat,dataverse,,https://doi.org/10.7910/DVN/YOIHIM,doi,10.7910,DVN/YOIHIM,2020-02-24
restat,dataverse,,https://doi.org/10.7910/DVN/3DTLQX,doi,10.7910,DVN/3DTLQX,2021-01-22
restat,dataverse,,https://doi.org/10.7910/DVN/GHJ67Q,doi,10.7910,DVN/GHJ67Q,2025-03-11
restat,dataverse,,https://doi.org/10.7910/DVN/5DLNMA,doi,10.7910,DVN/5DLNMA,2017-08-23
restat,dataverse,,https://doi.org/10.7910/DVN/TNAQB0,doi,10.7910,DVN/TNAQB0,2012-05-14
restat,dataverse,,https://doi.org/10.7910/DVN/0LCVNZ,doi,10.7910,DVN/0LCVNZ,2012-10-05
restat,dataverse,,https://doi.org/10.7910/DVN/OXBYO7,doi,10.7910,DVN/OXBYO7,2022-03-25
restat,dataverse,,https://doi.org/10.7910/DVN/ZOTA28,doi,10.7910,DVN/ZOTA28,2022-05-11
restat,dataverse,,https://doi.org/10.7910/DVN/SZIXGN,doi,10.7910,DVN/SZIXGN,2021-06-23
restat,dataverse,,https://doi.org/10.7910/DVN/JOMOPR,doi,10.7910,DVN/JOMOPR,2021-11-29
restat,dataverse,,https://doi.org/10.7910/DVN/PGOLWR,doi,10.7910,DVN/PGOLWR,2024-03-04
restat,dataverse,,https://doi.org/10.7910/DVN/GSXAWW,doi,10.7910,DVN/GSXAWW,2020-11-04
restat,dataverse,,https://doi.org/10.7910/DVN/EPZOIM,doi,10.7910,DVN/EPZOIM,2021-04-21
restat,dataverse,,https://doi.org/10.7910/DVN/FRYUA9,doi,10.7910,DVN/FRYUA9,2020-09-30
restat,dataverse,,https://doi.org/10.7910/DVN/TB5D5J,doi,10.7910,DVN/TB5D5J,2020-12-10
restat,dataverse,,https://doi.org/10.7910/DVN/J1IBDI,doi,10.7910,DVN/J1IBDI,2021-02-04
restat,dataverse,,https://doi.org/10.7910/DVN/26789,doi,10.7910,DVN/26789,2015-01-16
restat,dataverse,,https://doi.org/10.7910/DVN/27664,doi,10.7910,DVN/27664,2015-03-16
restat,dataverse,,https://doi.org/10.7910/DVN/23002,doi,10.7910,DVN/23002,2013-10-28
restat,dataverse,,https://doi.org/10.7910/DVN/TQ4VLM,doi,10.7910,DVN/TQ4VLM,2019-12-05
restat,dataverse,,https://doi.org/10.7910/DVN/MWN45S,doi,10.7910,DVN/MWN45S,2020-03-30
restat,dataverse,,https://doi.org/10.7910/DVN/27FLUG,doi,10.7910,DVN/27FLUG,2022-07-21
restat,dataverse,,https://doi.org/10.7910/DVN/VO6FKW,doi,10.7910,DVN/VO6FKW,2022-01-16
restat,dataverse,,https://doi.org/10.7910/DVN/PQ6ILM,doi,10.7910,DVN/PQ6ILM,2015-07-01
restat,dataverse,,https://doi.org/10.7910/DVN/210SQS,doi,10.7910,DVN/210SQS,2015-07-30
restat,dataverse,,https://doi.org/10.7910/DVN/EN03L3,doi,10.7910,DVN/EN03L3,2013-09-06
restat,dataverse,,https://doi.org/10.7910/DVN/GF6QDS,doi,10.7910,DVN/GF6QDS,2013-09-10
restat,dataverse,,https://doi.org/10.7910/DVN/26898,doi,10.7910,DVN/26898,2014-08-11
restat,dataverse,,https://doi.org/10.7910/DVN/KRQDAG,doi,10.7910,DVN/KRQDAG,2020-04-16
restat,dataverse,,https://doi.org/10.7910/DVN/0FWS7C,doi,10.7910,DVN/0FWS7C,2024-09-11
restat,dataverse,,https://doi.org/10.7910/DVN/FZSTJF,doi,10.7910,DVN/FZSTJF,2024-03-01
restat,dataverse,,https://doi.org/10.7910/DVN/1JNPUA,doi,10.7910,DVN/1JNPUA,2018-01-24
restat,dataverse,,https://doi.org/10.7910/DVN/51OD5A,doi,10.7910,DVN/51OD5A,2017-06-29
restat,dataverse,,https://doi.org/10.7910/DVN/JOBFPK,doi,10.7910,DVN/JOBFPK,2018-04-02
restat,dataverse,,https://doi.org/10.7910/DVN/E7HAPA,doi,10.7910,DVN/E7HAPA,2024-02-12
restat,dataverse,,https://doi.org/10.7910/DVN/MV25MZ,doi,10.7910,DVN/MV25MZ,2019-10-02
restat,dataverse,,https://doi.org/10.7910/DVN/YEZKUQ,doi,10.7910,DVN/YEZKUQ,2025-05-24
restat,dataverse,,https://doi.org/10.7910/DVN/PXXVHA,doi,10.7910,DVN/PXXVHA,2025-02-21
restat,dataverse,,https://doi.org/10.7910/DVN/NNGPMJ,doi,10.7910,DVN/NNGPMJ,2013-01-30
restat,dataverse,,https://doi.org/10.7910/DVN/IENDDJ,doi,10.7910,DVN/IENDDJ,2016-02-26
restat,dataverse,,https://doi.org/10.7910/DVN/IPPVHC,doi,10.7910,DVN/IPPVHC,2012-03-19
restat,dataverse,,https://doi.org/10.7910/DVN/FDYBSG,doi,10.7910,DVN/FDYBSG,2013-05-20
restat,dataverse,,https://doi.org/10.7910/DVN/24300,doi,10.7910,DVN/24300,2014-01-22
restat,dataverse,,https://doi.org/10.7910/DVN/27208,doi,10.7910,DVN/27208,2015-01-23
restat,dataverse,,https://doi.org/10.7910/DVN/28269,doi,10.7910,DVN/28269,2014-12-19
restat,dataverse,,https://doi.org/10.7910/DVN/BWV3OD,doi,10.7910,DVN/BWV3OD,2013-08-21
restat,dataverse,,https://doi.org/10.7910/DVN/25506,doi,10.7910,DVN/25506,2014-04-23
restat,dataverse,,https://doi.org/10.7910/DVN/26895,doi,10.7910,DVN/26895,2014-08-19
restat,dataverse,,https://doi.org/10.7910/DVN/3OJ5KA,doi,10.7910,DVN/3OJ5KA,2020-07-22
restat,dataverse,,https://doi.org/10.7910/DVN/YQ177E,doi,10.7910,DVN/YQ177E,2022-10-21
restat,dataverse,,https://doi.org/10.7910/DVN/AHDBLV,doi,10.7910,DVN/AHDBLV,2021-06-24
restat,dataverse,,https://doi.org/10.7910/DVN/BZYEIY,doi,10.7910,DVN/BZYEIY,2019-01-30
restat,dataverse,,https://doi.org/10.7910/DVN/AA03ZL,doi,10.7910,DVN/AA03ZL,2018-12-13
restat,dataverse,,https://doi.org/10.7910/DVN/YUI2BC,doi,10.7910,DVN/YUI2BC,2019-01-09
restat,dataverse,,https://doi.org/10.7910/DVN/Z6XX7Q,doi,10.7910,DVN/Z6XX7Q,2019-12-13
restat,dataverse,,https://doi.org/10.7910/DVN/HG1I8B,doi,10.7910,DVN/HG1I8B,2020-01-08
restat,dataverse,,https://doi.org/10.7910/DVN/P1MIQP,doi,10.7910,DVN/P1MIQP,2019-02-27
restat,dataverse,,https://doi.org/10.7910/DVN/GSR1LK,doi,10.7910,DVN/GSR1LK,2017-03-01
restat,dataverse,,https://doi.org/10.7910/DVN/BSJHXZ,doi,10.7910,DVN/BSJHXZ,2017-02-08
restat,dataverse,,https://doi.org/10.7910/DVN/7YJE1Z,doi,10.7910,DVN/7YJE1Z,2016-09-09
restat,dataverse,,https://doi.org/10.7910/DVN/PYWQYU,doi,10.7910,DVN/PYWQYU,2018-05-21
restat,dataverse,,https://doi.org/10.7910/DVN/AD1QS1,doi,10.7910,DVN/AD1QS1,2022-04-13
restat,dataverse,,https://doi.org/10.7910/DVN/MVMR3I,doi,10.7910,DVN/MVMR3I,2022-02-24
restat,dataverse,,https://doi.org/10.7910/DVN/QGLYYT,doi,10.7910,DVN/QGLYYT,2022-02-16
restat,dataverse,,https://doi.org/10.7910/DVN/ZT6RUW,doi,10.7910,DVN/ZT6RUW,2022-03-23
restat,dataverse,,https://doi.org/10.7910/DVN/36OL91,doi,10.7910,DVN/36OL91,2016-01-28
restat,dataverse,,https://doi.org/10.7910/DVN/KXVAUK,doi,10.7910,DVN/KXVAUK,2015-07-30
restat,dataverse,,https://doi.org/10.7910/DVN/8ZZCAN,doi,10.7910,DVN/8ZZCAN,2021-09-09
restat,dataverse,,https://doi.org/10.7910/DVN/PSIDIV,doi,10.7910,DVN/PSIDIV,2023-09-25
restat,dataverse,,https://doi.org/10.7910/DVN/DEYXOG,doi,10.7910,DVN/DEYXOG,2021-08-04
restat,dataverse,,https://doi.org/10.7910/DVN/7QQ6GK,doi,10.7910,DVN/7QQ6GK,2020-03-06
restat,dataverse,,https://doi.org/10.7910/DVN/G2IKPH,doi,10.7910,DVN/G2IKPH,2020-08-26
restat,dataverse,,https://doi.org/10.7910/DVN/AK4IBY,doi,10.7910,DVN/AK4IBY,2021-06-03
restat,dataverse,,https://doi.org/10.7910/DVN/H9EQ05,doi,10.7910,DVN/H9EQ05,2019-07-24
restat,dataverse,,https://doi.org/10.7910/DVN/8D9EQ6,doi,10.7910,DVN/8D9EQ6,2022-05-19
restat,dataverse,,https://doi.org/10.7910/DVN/3WQ6YH,doi,10.7910,DVN/3WQ6YH,2019-02-15
restat,dataverse,,https://doi.org/10.7910/DVN/0QJQGM,doi,10.7910,DVN/0QJQGM,2018-05-13
restat,dataverse,,https://doi.org/10.7910/DVN/LFACJ1,doi,10.7910,DVN/LFACJ1,2011-01-14
restat,dataverse,,https://doi.org/10.7910/DVN/29522,doi,10.7910,DVN/29522,2015-03-26
restat,dataverse,,https://doi.org/10.7910/DVN/W5DZAJ,doi,10.7910,DVN/W5DZAJ,2013-03-06
restat,dataverse,,https://doi.org/10.7910/DVN/28235,doi,10.7910,DVN/28235,2019-08-07
restat,dataverse,,https://doi.org/10.7910/DVN/QKP9EJ,doi,10.7910,DVN/QKP9EJ,2017-05-16
restat,dataverse,,https://doi.org/10.7910/DVN/U6KFOC,doi,10.7910,DVN/U6KFOC,2016-05-04
restat,dataverse,,https://doi.org/10.7910/DVN/MCAVFP,doi,10.7910,DVN/MCAVFP,2016-11-07
restat,dataverse,,https://doi.org/10.7910/DVN/2CRT3U,doi,10.7910,DVN/2CRT3U,2020-12-02
restat,dataverse,,https://doi.org/10.7910/DVN/QLU59Z,doi,10.7910,DVN/QLU59Z,2021-01-28
restat,dataverse,,https://doi.org/10.7910/DVN/OXZ0SD,doi,10.7910,DVN/OXZ0SD,2024-02-21
restat,dataverse,,https://doi.org/10.7910/DVN/QTUYPD,doi,10.7910,DVN/QTUYPD,2010-12-01
restat,dataverse,,https://doi.org/10.7910/DVN/28051,doi,10.7910,DVN/28051,2015-01-16
restat,dataverse,,https://doi.org/10.7910/DVN/L0Z0K6,doi,10.7910,DVN/L0Z0K6,2019-10-31
restat,dataverse,,https://doi.org/10.7910/DVN/2NOOLT,doi,10.7910,DVN/2NOOLT,2025-06-09
restat,dataverse,,https://doi.org/10.7910/DVN/OJWRWM,doi,10.7910,DVN/OJWRWM,2020-05-11
restat,dataverse,,https://doi.org/10.7910/DVN/M67AIP,doi,10.7910,DVN/M67AIP,2021-02-03
restat,dataverse,,https://doi.org/10.7910/DVN/CUIXDH,doi,10.7910,DVN/CUIXDH,2013-02-22
restat,dataverse,,https://doi.org/10.7910/DVN/FSN6ZY,doi,10.7910,DVN/FSN6ZY,2019-05-15
restat,dataverse,,https://doi.org/10.7910/DVN/YZCXOK,doi,10.7910,DVN/YZCXOK,2025-02-10
restat,dataverse,,https://doi.org/10.7910/DVN/SIGIPU,doi,10.7910,DVN/SIGIPU,2017-04-07
restat,dataverse,,https://doi.org/10.7910/DVN/E8Q4BX,doi,10.7910,DVN/E8Q4BX,2022-01-31
restat,dataverse,,https://doi.org/10.7910/DVN/0GP4IQ,doi,10.7910,DVN/0GP4IQ,2020-11-26
restat,dataverse,,https://doi.org/10.7910/DVN/9SUPHG,doi,10.7910,DVN/9SUPHG,2019-05-03
restat,dataverse,,https://doi.org/10.7910/DVN/LQGQAE,doi,10.7910,DVN/LQGQAE,2015-07-30
restat,dataverse,,https://doi.org/10.7910/DVN/FMEJRM,doi,10.7910,DVN/FMEJRM,2017-05-26
restat,dataverse,,https://doi.org/10.7910/DVN/24651,doi,10.7910,DVN/24651,2014-02-19
restat,dataverse,,https://doi.org/10.7910/DVN/GZWFAU,doi,10.7910,DVN/GZWFAU,2023-10-16
restat,dataverse,,https://doi.org/10.7910/DVN/27626,doi,10.7910,DVN/27626,2015-01-12
restat,dataverse,,https://doi.org/10.7910/DVN/85KC2A,doi,10.7910,DVN/85KC2A,2021-12-07
restat,dataverse,,https://doi.org/10.7910/DVN/BTJAVM,doi,10.7910,DVN/BTJAVM,2021-08-11
restat,dataverse,,https://doi.org/10.7910/DVN/HOBVLK,doi,10.7910,DVN/HOBVLK,2016-03-23
restat,dataverse,,https://doi.org/10.7910/DVN/TMYUPY,doi,10.7910,DVN/TMYUPY,2024-01-17
restat,dataverse,,https://doi.org/10.7910/DVN/IU3EJ0,doi,10.7910,DVN/IU3EJ0,2021-12-07
restat,dataverse,,https://doi.org/10.7910/DVN/3GOXDP,doi,10.7910,DVN/3GOXDP,2017-03-22
restat,dataverse,,https://doi.org/10.7910/DVN/FAZJE4,doi,10.7910,DVN/FAZJE4,2016-10-14
restat,dataverse,,https://doi.org/10.7910/DVN/BYVP7L,doi,10.7910,DVN/BYVP7L,2020-08-24
restat,dataverse,,https://doi.org/10.7910/DVN/P4WHAG,doi,10.7910,DVN/P4WHAG,2024-03-08
restat,dataverse,,https://doi.org/10.7910/DVN/AD79UA,doi,10.7910,DVN/AD79UA,2022-08-11
restat,dataverse,,https://doi.org/10.7910/DVN/4IO1JV,doi,10.7910,DVN/4IO1JV,2024-07-15
restat,dataverse,,https://doi.org/10.7910/DVN/RZG8QK,doi,10.7910,DVN/RZG8QK,2024-09-03
restat,dataverse,,https://doi.org/10.7910/DVN/QY5TOO,doi,10.7910,DVN/QY5TOO,2024-03-01
restat,dataverse,,https://doi.org/10.7910/DVN/HKSOK8,doi,10.7910,DVN/HKSOK8,2023-08-14
restat,dataverse,,https://doi.org/10.7910/DVN/6ZFAFP,doi,10.7910,DVN/6ZFAFP,2024-06-17
restat,dataverse,,https://doi.org/10.7910/DVN/VYYD8W,doi,10.7910,DVN/VYYD8W,2025-08-04
restat,dataverse,,https://doi.org/10.7910/DVN/JNPNNN,doi,10.7910,DVN/JNPNNN,2025-08-04
restat,dataverse,,https://doi.org/10.7910/DVN/FRZRM9,doi,10.7910,DVN/FRZRM9,2022-03-30
restat,dataverse,,https://doi.org/10.7910/DVN/24WM4F,doi,10.7910,DVN/24WM4F,2025-08-18
restat,dataverse,,https://doi.org/10.7910/DVN/J0QFKB,doi,10.7910,DVN/J0QFKB,2025-08-11
restat,dataverse,,https://doi.org/10.7910/DVN/GFUZLC,doi,10.7910,DVN/GFUZLC,2025-09-11
restat,dataverse,,https://doi.org/10.7910/DVN/URJMRF,doi,10.7910,DVN/URJMRF,2024-01-24
restat,dataverse,,https://doi.org/10.7910/DVN/O4MF9P,doi,10.7910,DVN/O4MF9P,2025-08-25
restat,dataverse,,https://doi.org/10.7910/DVN/NVR4D9,doi,10.7910,DVN/NVR4D9,2025-08-25
restat,dataverse,,https://doi.org/10.7910/DVN/RKPYLX,doi,10.7910,DVN/RKPYLX,2025-09-02
restat,dataverse,,https://doi.org/10.7910/DVN/5RYXKR,doi,10.7910,DVN/5RYXKR,2025-10-02
restat,dataverse,,https://doi.org/10.7910/DVN/EI4H9L,doi,10.7910,DVN/EI4H9L,2025-09-23
restat,dataverse,,https://doi.org/10.7910/DVN/REXLPS,doi,10.7910,DVN/REXLPS,2025-05-15
restat,dataverse,,https://doi.org/10.7910/DVN/HADXW1,doi,10.7910,DVN/HADXW1,2025-09-05
restat,dataverse,,https://doi.org/10.7910/DVN/CXD91W,doi,10.7910,DVN/CXD91W,2025-09-08
restat,dataverse,,https://doi.org/10.7910/DVN/ZWM1BL,doi,10.7910,DVN/ZWM1BL,2025-09-03
restat,dataverse,,https://doi.org/10.7910/DVN/H98UDW,doi,10.7910,DVN/H98UDW,2025-09-03
restat,dataverse,,https://doi.org/10.7910/DVN/TVBSQE,doi,10.7910,DVN/TVBSQE,2025-09-05
restat,dataverse,,https://doi.org/10.7910/DVN/5RKSRE,doi,10.7910,DVN/5RKSRE,2025-09-05
restat,dataverse,,https://doi.org/10.7910/DVN/SVVULN,doi,10.7910,DVN/SVVULN,2025-09-05
restat,dataverse,,https://doi.org/10.7910/DVN/BI6L0B,doi,10.7910,DVN/BI6L0B,2025-09-10
restat,dataverse,,https://doi.org/10.7910/DVN/QVSWBX,doi,10.7910,DVN/QVSWBX,2025-10-12
restat,dataverse,,https://doi.org/10.7910/DVN/1GUCMQ,doi,10.7910,DVN/1GUCMQ,2025-10-23
restat,dataverse,,https://doi.org/10.7910/DVN/DNE7IX,doi,10.7910,DVN/DNE7IX,2025-11-03
restat,dataverse,,https://doi.org/10.7910/DVN/FR9JMK,doi,10.7910,DVN/FR9JMK,2025-11-03
restat,dataverse,,https://doi.org/10.7910/DVN/3XTGBS,doi,10.7910,DVN/3XTGBS,2025-11-03
restat,dataverse,,https://doi.org/10.7910/DVN/HW9OST,doi,10.7910,DVN/HW9OST,2025-11-04
restat,dataverse,,https://doi.org/10.7910/DVN/MYETXM,doi,10.7910,DVN/MYETXM,2025-11-10
restat,dataverse,,https://doi.org/10.7910/DVN/IRIWHX,doi,10.7910,DVN/IRIWHX,2025-11-10
restat,dataverse,,https://doi.org/10.7910/DVN/TXDGZK,doi,10.7910,DVN/TXDGZK,2025-10-29
restat,dataverse,,https://doi.org/10.7910/DVN/UOSWDI,doi,10.7910,DVN/UOSWDI,2022-08-01
restat,dataverse,,https://doi.org/10.7910/DVN/S5DWHC,doi,10.7910,DVN/S5DWHC,2022-07-14
restat,dataverse,,https://doi.org/10.7910/DVN/ELORNT,doi,10.7910,DVN/ELORNT,2025-10-29
restat,dataverse,,https://doi.org/10.7910/DVN/8UZCC4,doi,10.7910,DVN/8UZCC4,2025-10-29
restat,dataverse,,https://doi.org/10.7910/DVN/J0VYD9,doi,10.7910,DVN/J0VYD9,2025-10-29
restat,dataverse,,https://doi.org/10.7910/DVN/XSPIAO,doi,10.7910,DVN/XSPIAO,2022-10-18
restat,dataverse,,https://doi.org/10.7910/DVN/FFXAT5,doi,10.7910,DVN/FFXAT5,2025-04-16
restat,dataverse,,https://doi.org/10.7910/DVN/KBWIFW,doi,10.7910,DVN/KBWIFW,2022-09-28
restat,dataverse,,https://doi.org/10.7910/DVN/U1GN7U,doi,10.7910,DVN/U1GN7U,2022-06-24
restat,dataverse,,https://doi.org/10.7910/DVN/Y4HXIV,doi,10.7910,DVN/Y4HXIV,2022-07-11
restat,dataverse,,https://doi.org/10.7910/DVN/CSGEJI,doi,10.7910,DVN/CSGEJI,2022-08-23
restat,dataverse,,https://doi.org/10.7910/DVN/8AAPIH,doi,10.7910,DVN/8AAPIH,2022-08-22
restat,dataverse,,https://doi.org/10.7910/DVN/QRQNCF,doi,10.7910,DVN/QRQNCF,2022-08-19
restat,dataverse,,https://doi.org/10.7910/DVN/I3DQMY,doi,10.7910,DVN/I3DQMY,2022-06-28
restat,dataverse,,https://doi.org/10.7910/DVN/N3KNUK,doi,10.7910,DVN/N3KNUK,2022-10-03
restat,dataverse,,https://doi.org/10.7910/DVN/MM6ZCV,doi,10.7910,DVN/MM6ZCV,2025-10-30
restat,dataverse,,https://doi.org/10.7910/DVN/1B5KF1,doi,10.7910,DVN/1B5KF1,2023-01-04
restat,dataverse,,https://doi.org/10.7910/DVN/XEOZDD,doi,10.7910,DVN/XEOZDD,2022-07-11
restat,dataverse,,https://doi.org/10.7910/DVN/I67BTE,doi,10.7910,DVN/I67BTE,2022-08-19
restat,dataverse,,https://doi.org/10.7910/DVN/K2WPSL,doi,10.7910,DVN/K2WPSL,2022-04-21
restat,dataverse,,https://doi.org/10.7910/DVN/NRHYPE,doi,10.7910,DVN/NRHYPE,2022-06-30
restat,dataverse,,https://doi.org/10.7910/DVN/MIWSW2,doi,10.7910,DVN/MIWSW2,2022-07-18
restat,dataverse,,https://doi.org/10.7910/DVN/7J8ZJX,doi,10.7910,DVN/7J8ZJX,2022-07-18
restat,dataverse,,https://doi.org/10.7910/DVN/UMLWGW,doi,10.7910,DVN/UMLWGW,2022-08-31
restat,dataverse,,https://doi.org/10.7910/DVN/6FS8HY,doi,10.7910,DVN/6FS8HY,2022-07-11
restat,dataverse,,https://doi.org/10.7910/DVN/XS8LWC,doi,10.7910,DVN/XS8LWC,2022-06-23
restat,dataverse,,https://doi.org/10.7910/DVN/YPPOCT,doi,10.7910,DVN/YPPOCT,2022-04-28
restat,dataverse,,https://doi.org/10.7910/DVN/XIPWVS,doi,10.7910,DVN/XIPWVS,2022-07-11
restat,dataverse,,https://doi.org/10.7910/DVN/JOJNTP,doi,10.7910,DVN/JOJNTP,2025-10-28
restat,dataverse,,https://doi.org/10.7910/DVN/0FTWNU,doi,10.7910,DVN/0FTWNU,2025-10-28
restat,dataverse,,https://doi.org/10.7910/DVN/MDGA0J,doi,10.7910,DVN/MDGA0J,2025-10-28
restat,dataverse,,https://doi.org/10.7910/DVN/E4AJ17,doi,10.7910,DVN/E4AJ17,2022-10-19
restat,dataverse,,https://doi.org/10.7910/DVN/L28UAQ,doi,10.7910,DVN/L28UAQ,2022-06-30
restat,dataverse,,https://doi.org/10.7910/DVN/YL87YD,doi,10.7910,DVN/YL87YD,2022-04-18
restat,dataverse,,https://doi.org/10.7910/DVN/PSOYNM,doi,10.7910,DVN/PSOYNM,2022-06-07
restat,dataverse,,https://doi.org/10.7910/DVN/WZXPDW,doi,10.7910,DVN/WZXPDW,2022-06-15
restat,dataverse,,https://doi.org/10.7910/DVN/CFVXNH,doi,10.7910,DVN/CFVXNH,2022-08-02
restat,dataverse,,https://doi.org/10.7910/DVN/4QZLJV,doi,10.7910,DVN/4QZLJV,2025-10-28
restat,dataverse,,https://doi.org/10.7910/DVN/UJRBVN,doi,10.7910,DVN/UJRBVN,2025-11-06
restat,dataverse,,https://doi.org/10.7910/DVN/YVBKWT,doi,10.7910,DVN/YVBKWT,2025-12-02
restat,dataverse,,https://doi.org/10.7910/DVN/BGVIHX,doi,10.7910,DVN/BGVIHX,2025-11-06
restat,dataverse,,https://doi.org/10.7910/DVN/NOGOH7,doi,10.7910,DVN/NOGOH7,2025-07-14
restat,dataverse,,https://doi.org/10.7910/DVN/RZOY26,doi,10.7910,DVN/RZOY26,2025-11-19
restat,dataverse,,https://doi.org/10.7910/DVN/FZWIMT,doi,10.7910,DVN/FZWIMT,2025-11-20
restat,dataverse,,https://doi.org/10.7910/DVN/EZ7LBL,doi,10.7910,DVN/EZ7LBL,2025-11-24
restat,dataverse,,https://doi.org/10.7910/DVN/7SE1CQ,doi,10.7910,DVN/7SE1CQ,2025-11-24
restat,dataverse,,https://doi.org/10.7910/DVN/WCTAIJ,doi,10.7910,DVN/WCTAIJ,2025-12-01
restat,dataverse,,https://doi.org/10.7910/DVN/G4FOWA,doi,10.7910,DVN/G4FOWA,2022-11-01
restat,dataverse,,https://doi.org/10.7910/DVN/0AALDE,doi,10.7910,DVN/0AALDE,2022-08-23
restat,dataverse,,https://doi.org/10.7910/DVN/NDDWHJ,doi,10.7910,DVN/NDDWHJ,2022-07-23
restat,dataverse,,https://doi.org/10.7910/DVN/RBTKTN,doi,10.7910,DVN/RBTKTN,2025-12-11
restat,dataverse,,https://doi.org/10.7910/DVN/O1I2XH,doi,10.7910,DVN/O1I2XH,2023-11-20
restat,dataverse,,https://doi.org/10.7910/DVN/97W7H3,doi,10.7910,DVN/97W7H3,2022-08-26
restat,dataverse,,https://doi.org/10.7910/DVN/5M9BXV,doi,10.7910,DVN/5M9BXV,2022-10-27
restat,dataverse,,https://doi.org/10.7910/DVN/VSAZZF,doi,10.7910,DVN/VSAZZF,2022-09-22
restat,dataverse,,https://doi.org/10.7910/DVN/9IL4FN,doi,10.7910,DVN/9IL4FN,2022-08-19
restat,dataverse,,https://doi.org/10.7910/DVN/BCBUCE,doi,10.7910,DVN/BCBUCE,2023-02-22
restat,dataverse,,https://doi.org/10.7910/DVN/MR3MTE,doi,10.7910,DVN/MR3MTE,2022-12-09
restat,dataverse,,https://doi.org/10.7910/DVN/NWR5HJ,doi,10.7910,DVN/NWR5HJ,2022-10-18
restat,dataverse,,https://doi.org/10.7910/DVN/ZRJA12,doi,10.7910,DVN/ZRJA12,2023-01-06
restat,dataverse,,https://doi.org/10.7910/DVN/YTOKIG,doi,10.7910,DVN/YTOKIG,2025-12-09
restat,dataverse,,https://doi.org/10.7910/DVN/AYBK2E,doi,10.7910,DVN/AYBK2E,2022-10-24
restat,dataverse,,https://doi.org/10.7910/DVN/6CT254,doi,10.7910,DVN/6CT254,2023-01-10
restat,dataverse,,https://doi.org/10.7910/DVN/0TNZBQ,doi,10.7910,DVN/0TNZBQ,2022-11-02
restat,dataverse,,https://doi.org/10.7910/DVN/UGQCL6,doi,10.7910,DVN/UGQCL6,2022-09-13
restat,dataverse,,https://doi.org/10.7910/DVN/P9YW0Y,doi,10.7910,DVN/P9YW0Y,2025-12-09
restat,dataverse,,https://doi.org/10.7910/DVN/TSJZGV,doi,10.7910,DVN/TSJZGV,2025-12-16
restat,dataverse,,https://doi.org/10.7910/DVN/XOGT8R,doi,10.7910,DVN/XOGT8R,2022-08-23
restat,dataverse,,https://doi.org/10.7910/DVN/TE9UHZ,doi,10.7910,DVN/TE9UHZ,2026-02-20
restat,dataverse,,https://doi.org/10.7910/DVN/VSCJWH,doi,10.7910,DVN/VSCJWH,2026-02-17
restat,dataverse,,https://doi.org/10.7910/DVN/0IXNU5,doi,10.7910,DVN/0IXNU5,2026-02-23
restat,dataverse,,https://doi.org/10.7910/DVN/K29X2J,doi,10.7910,DVN/K29X2J,2026-02-23
restat,dataverse,,https://doi.org/10.7910/DVN/2QA3X6,doi,10.7910,DVN/2QA3X6,2026-03-04
restat,dataverse,,https://doi.org/10.7910/DVN/AFCO8T,doi,10.7910,DVN/AFCO8T,2026-01-06
restat,dataverse,,https://doi.org/10.7910/DVN/B17WFQ,doi,10.7910,DVN/B17WFQ,2025-12-20
restat,dataverse,,https://doi.org/10.7910/DVN/8XIVBY,doi,10.7910,DVN/8XIVBY,2026-01-06
restat,dataverse,,https://doi.org/10.7910/DVN/KYGVTY,doi,10.7910,DVN/KYGVTY,2026-01-07
restat,dataverse,,https://doi.org/10.7910/DVN/VH6QHQ,doi,10.7910,DVN/VH6QHQ,2026-01-07
restat,dataverse,,https://doi.org/10.7910/DVN/ATFJDD,doi,10.7910,DVN/ATFJDD,2026-01-07
restat,dataverse,,https://doi.org/10.7910/DVN/58OI0B,doi,10.7910,DVN/58OI0B,2026-01-08
restat,dataverse,,https://doi.org/10.7910/DVN/TIL9MR,doi,10.7910,DVN/TIL9MR,2026-01-15
restat,dataverse,,https://doi.org/10.7910/DVN/6RP7NY,doi,10.7910,DVN/6RP7NY,2026-02-09
restat,dataverse,,https://doi.org/10.7910/DVN/ISAIHK,doi,10.7910,DVN/ISAIHK,2026-02-09
restat,dataverse,,https://doi.org/10.7910/DVN/GKIFPD,doi,10.7910,DVN/GKIFPD,2026-01-28
restat,dataverse,,https://doi.org/10.7910/DVN/BLM4JX,doi,10.7910,DVN/BLM4JX,2026-01-21
restat,dataverse,,https://doi.org/10.7910/DVN/VNOQYR,doi,10.7910,DVN/VNOQYR,2026-01-20
restat,dataverse,,https://doi.org/10.7910/DVN/MUEMQR,doi,10.7910,DVN/MUEMQR,2026-01-20
restat,dataverse,,https://doi.org/10.7910/DVN/AQIPI0,doi,10.7910,DVN/AQIPI0,2026-01-27
restat,dataverse,,https://doi.org/10.7910/DVN/GNDABS,doi,10.7910,DVN/GNDABS,2026-01-22
restat,dataverse,,https://doi.org/10.7910/DVN/8FLBZO,doi,10.7910,DVN/8FLBZO,2024-01-05
restat,dataverse,,https://doi.org/10.7910/DVN/TDNVTQ,doi,10.7910,DVN/TDNVTQ,2026-02-02
restat,dataverse,,https://doi.org/10.7910/DVN/XECHG6,doi,10.7910,DVN/XECHG6,2026-02-02
restat,dataverse,,https://doi.org/10.7910/DVN/VEYWBY,doi,10.7910,DVN/VEYWBY,2026-02-11
restat,dataverse,,https://doi.org/10.7910/DVN/LPSITL,doi,10.7910,DVN/LPSITL,2026-02-17
restat,dataverse,,https://doi.org/10.7910/DVN/6NQN5Z,doi,10.7910,DVN/6NQN5Z,2026-02-17
restat,dataverse,,https://doi.org/10.7910/DVN/CKAC6O,doi,10.7910,DVN/CKAC6O,2026-02-17
restat,dataverse,,https://doi.org/10.7910/DVN/UTXG0H,doi,10.7910,DVN/UTXG0H,2026-03-09
restat,dataverse,,https://doi.org/10.7910/DVN/UIXKD7,doi,10.7910,DVN/UIXKD7,2026-03-06
restat,dataverse,,https://doi.org/10.7910/DVN/HKIQ8F,doi,10.7910,DVN/HKIQ8F,2026-03-26
restat,dataverse,,https://doi.org/10.7910/DVN/PX8HMO,doi,10.7910,DVN/PX8HMO,2026-03-30
restat,dataverse,,https://doi.org/10.7910/DVN/VGXTRB,doi,10.7910,DVN/VGXTRB,2026-03-30
restat,dataverse,,https://doi.org/10.7910/DVN/1KBSHK,doi,10.7910,DVN/1KBSHK,2026-03-30
restat,dataverse,,https://doi.org/10.7910/DVN/FIQ8FM,doi,10.7910,DVN/FIQ8FM,2026-03-26
restat,dataverse,,https://doi.org/10.7910/DVN/XSCPXH,doi,10.7910,DVN/XSCPXH,2026-03-13
restat,dataverse,,https://doi.org/10.7910/DVN/L3SQTO,doi,10.7910,DVN/L3SQTO,2026-03-18
restat,dataverse,,https://doi.org/10.7910/DVN/KEAHFW,doi,10.7910,DVN/KEAHFW,2026-03-12
restat,dataverse,,https://doi.org/10.7910/DVN/Q4RJDL,doi,10.7910,DVN/Q4RJDL,2026-03-16
restat,dataverse,,https://doi.org/10.7910/DVN/5JGHDM,doi,10.7910,DVN/5JGHDM,2026-03-16
restat,dataverse,,https://doi.org/10.7910/DVN/UZSCJO,doi,10.7910,DVN/UZSCJO,2026-03-31
restat,dataverse,,https://doi.org/10.7910/DVN/25XVNO,doi,10.7910,DVN/25XVNO,2026-04-01
restat,dataverse,,https://doi.org/10.7910/DVN/EZBJDL,doi,10.7910,DVN/EZBJDL,2026-04-01
restat,dataverse,,https://doi.org/10.7910/DVN/QLAPHR,doi,10.7910,DVN/QLAPHR,2026-04-02
restat,dataverse,,https://doi.org/10.7910/DVN/0TXDTW,doi,10.7910,DVN/0TXDTW,2026-04-07
restat,dataverse,,https://doi.org/10.7910/DVN/WF4ZKI,doi,10.7910,DVN/WF4ZKI,2026-04-13
restat,dataverse,,https://doi.org/10.7910/DVN/L4REYL,doi,10.7910,DVN/L4REYL,2026-04-06
restat,dataverse,,https://doi.org/10.7910/DVN/F1MTEN,doi,10.7910,DVN/F1MTEN,2026-04-13
restat,dataverse,,https://doi.org/10.7910/DVN/MTXZCV,doi,10.7910,DVN/MTXZCV,2022-11-08
restat,dataverse,,https://doi.org/10.7910/DVN/IIBLL0,doi,10.7910,DVN/IIBLL0,2022-10-05
restat,dataverse,,https://doi.org/10.7910/DVN/WEPZWG,doi,10.7910,DVN/WEPZWG,2022-10-26
restat,dataverse,,https://doi.org/10.7910/DVN/Y59ZGT,doi,10.7910,DVN/Y59ZGT,2023-01-25
restat,dataverse,,https://doi.org/10.7910/DVN/V9APBJ,doi,10.7910,DVN/V9APBJ,2022-09-13
restat,dataverse,,https://doi.org/10.7910/DVN/COOOVI,doi,10.7910,DVN/COOOVI,2023-01-21
restat,dataverse,,https://doi.org/10.7910/DVN/7MMFHE,doi,10.7910,DVN/7MMFHE,2026-04-14
restat,dataverse,,https://doi.org/10.7910/DVN/LTQFM7,doi,10.7910,DVN/LTQFM7,2022-12-23
restat,dataverse,,https://doi.org/10.7910/DVN/PGKCU7,doi,10.7910,DVN/PGKCU7,2022-11-08
restat,dataverse,,https://doi.org/10.7910/DVN/IF2ROQ,doi,10.7910,DVN/IF2ROQ,2022-10-31
restat,dataverse,,https://doi.org/10.7910/DVN/WBUJ5Q,doi,10.7910,DVN/WBUJ5Q,2022-10-20
restat,dataverse,,https://doi.org/10.7910/DVN/QQ7VOI,doi,10.7910,DVN/QQ7VOI,2026-04-21
restat,dataverse,,https://doi.org/10.7910/DVN/OMJ8ZI,doi,10.7910,DVN/OMJ8ZI,2026-04-22
restat,dataverse,,https://doi.org/10.7910/DVN/JA7LWT,doi,10.7910,DVN/JA7LWT,2023-05-18
restat,dataverse,,https://doi.org/10.7910/DVN/RNFFK8,doi,10.7910,DVN/RNFFK8,2023-02-13
restat,dataverse,,https://doi.org/10.7910/DVN/RN0PBL,doi,10.7910,DVN/RN0PBL,2023-04-26
restat,dataverse,,https://doi.org/10.7910/DVN/C6XWVL,doi,10.7910,DVN/C6XWVL,2023-03-20
restat,dataverse,,https://doi.org/10.7910/DVN/0LADWK,doi,10.7910,DVN/0LADWK,2023-04-14
restat,dataverse,,https://doi.org/10.7910/DVN/SMQFGS,doi,10.7910,DVN/SMQFGS,2023-02-14
restat,dataverse,,https://doi.org/10.7910/DVN/NDICX4,doi,10.7910,DVN/NDICX4,2023-02-14
restat,dataverse,,https://doi.org/10.7910/DVN/GOFDVL,doi,10.7910,DVN/GOFDVL,2023-02-16
restat,dataverse,,https://doi.org/10.7910/DVN/TORLVE,doi,10.7910,DVN/TORLVE,2023-02-01
restat,dataverse,,https://doi.org/10.7910/DVN/00ZPO1,doi,10.7910,DVN/00ZPO1,2025-06-05
restat,dataverse,,https://doi.org/10.7910/DVN/KLAVNE,doi,10.7910,DVN/KLAVNE,2023-04-13
restat,dataverse,,https://doi.org/10.7910/DVN/HYVOBX,doi,10.7910,DVN/HYVOBX,2023-03-30
restat,dataverse,,https://doi.org/10.7910/DVN/8NLR4I,doi,10.7910,DVN/8NLR4I,2023-03-14
restat,dataverse,,https://doi.org/10.7910/DVN/LALW0S,doi,10.7910,DVN/LALW0S,2023-09-07
restat,dataverse,,https://doi.org/10.7910/DVN/PWJ9LH,doi,10.7910,DVN/PWJ9LH,2023-03-07
restat,dataverse,,https://doi.org/10.7910/DVN/H48SJY,doi,10.7910,DVN/H48SJY,2023-01-31
restat,dataverse,,https://doi.org/10.7910/DVN/TDP8QG,doi,10.7910,DVN/TDP8QG,2023-02-07
restat,dataverse,,https://doi.org/10.7910/DVN/DMDCHM,doi,10.7910,DVN/DMDCHM,2024-01-11
restat,dataverse,,https://doi.org/10.7910/DVN/PSO21N,doi,10.7910,DVN/PSO21N,2023-01-19
restat,dataverse,,https://doi.org/10.7910/DVN/WCGYI2,doi,10.7910,DVN/WCGYI2,2023-02-02
restat,dataverse,,https://doi.org/10.7910/DVN/3VNBNS,doi,10.7910,DVN/3VNBNS,2023-05-17
restat,dataverse,,https://doi.org/10.7910/DVN/PRPCWY,doi,10.7910,DVN/PRPCWY,2023-06-09
restat,dataverse,,https://doi.org/10.7910/DVN/UO368B,doi,10.7910,DVN/UO368B,2023-04-25
restat,dataverse,,https://doi.org/10.7910/DVN/QEJCGF,doi,10.7910,DVN/QEJCGF,2023-05-12
restat,dataverse,,https://doi.org/10.7910/DVN/TVHSON,doi,10.7910,DVN/TVHSON,2023-10-19
restat,dataverse,,https://doi.org/10.7910/DVN/OPPYLH,doi,10.7910,DVN/OPPYLH,2023-05-23
restat,dataverse,,https://doi.org/10.7910/DVN/RFMLD3,doi,10.7910,DVN/RFMLD3,2023-05-19
restat,dataverse,,https://doi.org/10.7910/DVN/FJUJQR,doi,10.7910,DVN/FJUJQR,2023-06-27
restat,dataverse,,https://doi.org/10.7910/DVN/X6D4DS,doi,10.7910,DVN/X6D4DS,2023-03-22
restat,dataverse,,https://doi.org/10.7910/DVN/XDKAJA,doi,10.7910,DVN/XDKAJA,2023-05-09
restat,dataverse,,https://doi.org/10.7910/DVN/OMAYRB,doi,10.7910,DVN/OMAYRB,2023-03-16
restat,dataverse,,https://doi.org/10.7910/DVN/2I9YCM,doi,10.7910,DVN/2I9YCM,2025-06-10
restat,dataverse,,https://doi.org/10.7910/DVN/CJUWRL,doi,10.7910,DVN/CJUWRL,2023-07-24
restat,dataverse,,https://doi.org/10.7910/DVN/KDERGV,doi,10.7910,DVN/KDERGV,2023-09-25
restat,dataverse,,https://doi.org/10.7910/DVN/FP1Y6A,doi,10.7910,DVN/FP1Y6A,2023-05-05
restat,dataverse,,https://doi.org/10.7910/DVN/POZYPM,doi,10.7910,DVN/POZYPM,2023-04-10
restat,dataverse,,https://doi.org/10.7910/DVN/RVRCAP,doi,10.7910,DVN/RVRCAP,2023-01-26
restat,dataverse,,https://doi.org/10.7910/DVN/S1PRMM,doi,10.7910,DVN/S1PRMM,2023-04-25
restat,dataverse,,https://doi.org/10.7910/DVN/RCBVNM,doi,10.7910,DVN/RCBVNM,2023-04-03
restat,dataverse,,https://doi.org/10.7910/DVN/QD1XOM,doi,10.7910,DVN/QD1XOM,2023-02-17
restat,dataverse,,https://doi.org/10.7910/DVN/BHBWAW,doi,10.7910,DVN/BHBWAW,2026-03-21
restat,dataverse,,https://doi.org/10.7910/DVN/WMHM8G,doi,10.7910,DVN/WMHM8G,2022-09-07
restat,dataverse,,https://doi.org/10.7910/DVN/WDBENQ,doi,10.7910,DVN/WDBENQ,2022-09-16
restat,dataverse,,https://doi.org/10.7910/DVN/KDY5JW,doi,10.7910,DVN/KDY5JW,2022-11-01
restat,dataverse,,https://doi.org/10.7910/DVN/QI5Y6Z,doi,10.7910,DVN/QI5Y6Z,2022-10-03
restat,dataverse,,https://doi.org/10.7910/DVN/KPUOAC,doi,10.7910,DVN/KPUOAC,2022-09-26
restat,dataverse,,https://doi.org/10.7910/DVN/YOKRLV,doi,10.7910,DVN/YOKRLV,2026-04-22
restat,dataverse,,https://doi.org/10.7910/DVN/XG6U9H,doi,10.7910,DVN/XG6U9H,2023-01-20
restat,dataverse,,https://doi.org/10.7910/DVN/OEZR4T,doi,10.7910,DVN/OEZR4T,2023-02-16
restat,dataverse,,https://doi.org/10.7910/DVN/KB6IRZ,doi,10.7910,DVN/KB6IRZ,2023-04-25
restat,dataverse,,https://doi.org/10.7910/DVN/NBL4I5,doi,10.7910,DVN/NBL4I5,2026-03-11
restat,dataverse,,https://doi.org/10.7910/DVN/7JYFBP,doi,10.7910,DVN/7JYFBP,2023-02-14
restat,dataverse,,https://doi.org/10.7910/DVN/P1ZZY1,doi,10.7910,DVN/P1ZZY1,2023-02-08
restat,dataverse,,https://doi.org/10.7910/DVN/FIZXAC,doi,10.7910,DVN/FIZXAC,2023-01-31
restat,dataverse,,https://doi.org/10.7910/DVN/CGV4AN,doi,10.7910,DVN/CGV4AN,2023-01-10
restat,dataverse,,https://doi.org/10.7910/DVN/GEIUN7,doi,10.7910,DVN/GEIUN7,2022-11-21
restat,dataverse,,https://doi.org/10.7910/DVN/JCQMHK,doi,10.7910,DVN/JCQMHK,2023-01-06
restat,dataverse,,https://doi.org/10.7910/DVN/QM7GZ5,doi,10.7910,DVN/QM7GZ5,2023-08-14
restat,dataverse,,https://doi.org/10.7910/DVN/K8TNAZ,doi,10.7910,DVN/K8TNAZ,2023-03-08
restat,dataverse,,https://doi.org/10.7910/DVN/U8COG3,doi,10.7910,DVN/U8COG3,2023-02-15
restat,dataverse,,https://doi.org/10.7910/DVN/BSRMPB,doi,10.7910,DVN/BSRMPB,2022-11-01
restat,dataverse,,https://doi.org/10.7910/DVN/I9NTUC,doi,10.7910,DVN/I9NTUC,2023-01-10
restat,dataverse,,https://doi.org/10.7910/DVN/EXP6IL,doi,10.7910,DVN/EXP6IL,2023-05-06
restat,dataverse,,https://doi.org/10.7910/DVN/MHDNI4,doi,10.7910,DVN/MHDNI4,2023-08-31
restat,dataverse,,https://doi.org/10.7910/DVN/QJ8VA1,doi,10.7910,DVN/QJ8VA1,2023-01-10
restat,dataverse,,https://doi.org/10.7910/DVN/1DXVNH,doi,10.7910,DVN/1DXVNH,2026-06-08
restat,dataverse,,https://doi.org/10.7910/DVN/FXUJIQ,doi,10.7910,DVN/FXUJIQ,2026-06-09
restat,dataverse,,https://doi.org/10.7910/DVN/XHM6OT,doi,10.7910,DVN/XHM6OT,2026-06-10
restat,dataverse,,https://doi.org/10.7910/DVN/RTE5IF,doi,10.7910,DVN/RTE5IF,2026-05-14
restat,dataverse,,https://doi.org/10.7910/DVN/XMK1OD,doi,10.7910,DVN/XMK1OD,2026-06-22
restat,dataverse,,https://doi.org/10.7910/DVN/GRT5EV,doi,10.7910,DVN/GRT5EV,2026-06-17
restat,dataverse,,https://doi.org/10.7910/DVN/KAL6HU,doi,10.7910,DVN/KAL6HU,2026-05-26
restat,dataverse,,https://doi.org/10.7910/DVN/SLMCYH,doi,10.7910,DVN/SLMCYH,2026-06-17
restat,dataverse,,https://doi.org/10.7910/DVN/3FXA0V,doi,10.7910,DVN/3FXA0V,2023-10-04
restat,dataverse,,https://doi.org/10.7910/DVN/64PORL,doi,10.7910,DVN/64PORL,2026-05-01
restat,dataverse,,https://doi.org/10.7910/DVN/GIHSXB,doi,10.7910,DVN/GIHSXB,2026-05-11
restat,dataverse,,https://doi.org/10.7910/DVN/1G8JTM,doi,10.7910,DVN/1G8JTM,2026-05-11
restat,dataverse,,https://doi.org/10.7910/DVN/A3QQ6Q,doi,10.7910,DVN/A3QQ6Q,2026-05-21
restat,dataverse,,https://doi.org/10.7910/DVN/YEKB95,doi,10.7910,DVN/YEKB95,2026-04-15
restat,dataverse,,https://doi.org/10.7910/DVN/J7LNLD,doi,10.7910,DVN/J7LNLD,2026-05-26
restat,dataverse,,https://doi.org/10.7910/DVN/PAMDGQ,doi,10.7910,DVN/PAMDGQ,2026-05-26
restat,dataverse,,https://doi.org/10.7910/DVN/1XXCAU,doi,10.7910,DVN/1XXCAU,2026-07-06
restat,dataverse,,https://doi.org/10.7910/DVN/5BPEXH,doi,10.7910,DVN/5BPEXH,2026-07-08
restat,dataverse,,https://doi.org/10.7910/DVN/QDY9XQ,doi,10.7910,DVN/QDY9XQ,2023-09-18
restat,dataverse,,https://doi.org/10.7910/DVN/DHEJUS,doi,10.7910,DVN/DHEJUS,2023-06-21
restat,dataverse,,https://doi.org/10.7910/DVN/IH5WTC,doi,10.7910,DVN/IH5WTC,2023-07-10
restat,dataverse,,https://doi.org/10.7910/DVN/R0SNRC,doi,10.7910,DVN/R0SNRC,2023-09-12
restat,dataverse,,https://doi.org/10.7910/DVN/MSFUPZ,doi,10.7910,DVN/MSFUPZ,2026-07-01
restat,dataverse,,https://doi.org/10.7910/DVN/HGGTD0,doi,10.7910,DVN/HGGTD0,2026-07-01
restat,dataverse,,https://doi.org/10.7910/DVN/TZ7OOV,doi,10.7910,DVN/TZ7OOV,2026-07-01
restat,dataverse,,https://doi.org/10.7910/DVN/38VNTB,doi,10.7910,DVN/38VNTB,2026-07-20
restat,dataverse,,https://doi.org/10.7910/DVN/NXDBLG,doi,10.7910,DVN/NXDBLG,2026-07-20
restat,dataverse,,https://doi.org/10.7910/DVN/BAFXDB,doi,10.7910,DVN/BAFXDB,2024-02-26
restat,dataverse,,https://doi.org/10.7910/DVN/SU0VJ2,doi,10.7910,DVN/SU0VJ2,2026-07-01
restat,dataverse,,https://doi.org/10.7910/DVN/HPDULZ,doi,10.7910,DVN/HPDULZ,2023-08-29
restat,dataverse,,https://doi.org/10.7910/DVN/JQJ6FZ,doi,10.7910,DVN/JQJ6FZ,2023-11-06
restat,dataverse,,https://doi.org/10.7910/DVN/SZEW8N,doi,10.7910,DVN/SZEW8N,2023-10-31
restat,dataverse,,https://doi.org/10.7910/DVN/9CTPJW,doi,10.7910,DVN/9CTPJW,2023-06-02
restat,dataverse,,https://doi.org/10.7910/DVN/ZSLOHJ,doi,10.7910,DVN/ZSLOHJ,2023-06-21
restat,dataverse,,https://doi.org/10.7910/DVN/A63PZX,doi,10.7910,DVN/A63PZX,2023-06-21
restat,dataverse,,https://doi.org/10.7910/DVN/DFBV7K,doi,10.7910,DVN/DFBV7K,2023-06-21
restat,dataverse,,https://doi.org/10.7910/DVN/ZZLKSD,doi,10.7910,DVN/ZZLKSD,2023-02-21
restat,dataverse,,https://doi.org/10.7910/DVN/TZKPTF,doi,10.7910,DVN/TZKPTF,2024-04-24
restat,dataverse,,https://doi.org/10.7910/DVN/LW3LAH,doi,10.7910,DVN/LW3LAH,2023-06-14
restat,dataverse,,https://doi.org/10.7910/DVN/5KKFOZ,doi,10.7910,DVN/5KKFOZ,2023-04-07
restat,dataverse,,https://doi.org/10.7910/DVN/4RDM7T,doi,10.7910,DVN/4RDM7T,2023-02-24
restat,dataverse,,https://doi.org/10.7910/DVN/FGGPHG,doi,10.7910,DVN/FGGPHG,2026-07-28
restat,dataverse,,https://doi.org/10.7910/DVN/FPKORT,doi,10.7910,DVN/FPKORT,2026-08-05
restat,dataverse,,https://doi.org/10.7910/DVN/VNL28C,doi,10.7910,DVN/VNL28C,2026-08-06
restat,dataverse,,https://doi.org/10.7910/DVN/KXFWTO,doi,10.7910,DVN/KXFWTO,2026-08-10
restat,dataverse,,https://doi.org/10.7910/DVN/XFTA0W,doi,10.7910,DVN/XFTA0W,2026-08-10
restat,dataverse,,https://doi.org/10.7910/DVN/DCKKLW,doi,10.7910,DVN/DCKKLW,2026-08-10
restat,dataverse,,https://doi.org/10.7910/DVN/WPZF3T,doi,10.7910,DVN/WPZF3T,2026-08-01
restat,dataverse,,https://doi.org/10.7910/DVN/ODRSRI,doi,10.7910,DVN/ODRSRI,2026-08-03
restat,dataverse,,https://doi.org/10.7910/DVN/ZIXTGH,doi,10.7910,DVN/ZIXTGH,2026-08-10
