id,identifier,persistentUrl,protocol,authority,separator,publisher,publicationDate,storageIdentifier,datasetType,type
55856,DVN/NOCNU0,https://doi.org/10.7910/DVN/NOCNU0,doi,10.7910,/,Harvard Dataverse,2007-11-28,s3://10.7910/DVN/NOCNU0,dataset,dataset
55857,DVN/8NIVGE,https://doi.org/10.7910/DVN/8NIVGE,doi,10.7910,/,Harvard Dataverse,2007-11-28,s3://10.7910/DVN/8NIVGE,dataset,dataset
55858,DVN/2KI03M,https://doi.org/10.7910/DVN/2KI03M,doi,10.7910,/,Harvard Dataverse,2007-11-28,s3://10.7910/DVN/2KI03M,dataset,dataset
55859,DVN/XSWKAW,https://doi.org/10.7910/DVN/XSWKAW,doi,10.7910,/,Harvard Dataverse,2007-11-28,s3://10.7910/DVN/XSWKAW,dataset,dataset
55860,DVN/6CMHW7,https://doi.org/10.7910/DVN/6CMHW7,doi,10.7910,/,Harvard Dataverse,2007-11-28,s3://1902.1/10070,dataset,dataset
55861,DVN/HR9GDW,https://doi.org/10.7910/DVN/HR9GDW,doi,10.7910,/,Harvard Dataverse,2007-11-28,s3://10.7910/DVN/HR9GDW,dataset,dataset
55862,DVN/HWCSL8,https://doi.org/10.7910/DVN/HWCSL8,doi,10.7910,/,Harvard Dataverse,2009-01-12,s3://10.7910/DVN/HWCSL8,dataset,dataset
55863,DVN/QDAGOB,https://doi.org/10.7910/DVN/QDAGOB,doi,10.7910,/,Harvard Dataverse,2008-04-18,s3://10.7910/DVN/QDAGOB,dataset,dataset
55864,DVN/KNKYMB,https://doi.org/10.7910/DVN/KNKYMB,doi,10.7910,/,Harvard Dataverse,2007-11-28,s3://10.7910/DVN/KNKYMB,dataset,dataset
55865,DVN/FQNN62,https://doi.org/10.7910/DVN/FQNN62,doi,10.7910,/,Harvard Dataverse,2008-06-06,s3://10.7910/DVN/FQNN62,dataset,dataset
55866,DVN/BKJUDA,https://doi.org/10.7910/DVN/BKJUDA,doi,10.7910,/,Harvard Dataverse,2008-04-07,s3://10.7910/DVN/BKJUDA,dataset,dataset
55867,DVN/0V0QRS,https://doi.org/10.7910/DVN/0V0QRS,doi,10.7910,/,Harvard Dataverse,2007-11-28,s3://10.7910/DVN/0V0QRS,dataset,dataset
55868,DVN/ED3YHK,https://doi.org/10.7910/DVN/ED3YHK,doi,10.7910,/,Harvard Dataverse,2007-11-28,s3://10.7910/DVN/ED3YHK,dataset,dataset
55869,DVN/UE5HBI,https://doi.org/10.7910/DVN/UE5HBI,doi,10.7910,/,Harvard Dataverse,2007-11-28,s3://10.7910/DVN/UE5HBI,dataset,dataset
55870,DVN/PBK8DB,https://doi.org/10.7910/DVN/PBK8DB,doi,10.7910,/,Harvard Dataverse,2008-04-07,s3://10.7910/DVN/PBK8DB,dataset,dataset
55871,DVN/R0JNJP,https://doi.org/10.7910/DVN/R0JNJP,doi,10.7910,/,Harvard Dataverse,2007-11-28,s3://10.7910/DVN/R0JNJP,dataset,dataset
55872,DVN/MST7UF,https://doi.org/10.7910/DVN/MST7UF,doi,10.7910,/,Harvard Dataverse,2008-04-07,s3://10.7910/DVN/MST7UF,dataset,dataset
55873,DVN/VA4DNX,https://doi.org/10.7910/DVN/VA4DNX,doi,10.7910,/,Harvard Dataverse,2009-01-12,s3://1902.1/12262,dataset,dataset
55874,DVN/IG1WQN,https://doi.org/10.7910/DVN/IG1WQN,doi,10.7910,/,Harvard Dataverse,2007-11-28,s3://10.7910/DVN/IG1WQN,dataset,dataset
55875,DVN/ORTPNR,https://doi.org/10.7910/DVN/ORTPNR,doi,10.7910,/,Harvard Dataverse,2008-06-06,s3://10.7910/DVN/ORTPNR,dataset,dataset
55876,DVN/XCCACE,https://doi.org/10.7910/DVN/XCCACE,doi,10.7910,/,Harvard Dataverse,2007-11-28,s3://10.7910/DVN/XCCACE,dataset,dataset
55877,DVN/ETMVGL,https://doi.org/10.7910/DVN/ETMVGL,doi,10.7910,/,Harvard Dataverse,2009-01-12,s3://1902.1/12270,dataset,dataset
55878,DVN/CZJ6W6,https://doi.org/10.7910/DVN/CZJ6W6,doi,10.7910,/,Harvard Dataverse,2007-11-28,s3://10.7910/DVN/CZJ6W6,dataset,dataset
55879,DVN/HMKU95,https://doi.org/10.7910/DVN/HMKU95,doi,10.7910,/,Harvard Dataverse,2008-04-18,s3://1902.1/11379,dataset,dataset
55880,DVN/RBZIEC,https://doi.org/10.7910/DVN/RBZIEC,doi,10.7910,/,Harvard Dataverse,2009-01-12,s3://10.7910/DVN/RBZIEC,dataset,dataset
55881,DVN/CDFXAJ,https://doi.org/10.7910/DVN/CDFXAJ,doi,10.7910,/,Harvard Dataverse,2007-11-28,s3://10.7910/DVN/CDFXAJ,dataset,dataset
55882,DVN/7P4QMZ,https://doi.org/10.7910/DVN/7P4QMZ,doi,10.7910,/,Harvard Dataverse,2007-11-28,s3://10.7910/DVN/7P4QMZ,dataset,dataset
55883,DVN/WQXEML,https://doi.org/10.7910/DVN/WQXEML,doi,10.7910,/,Harvard Dataverse,2009-01-12,s3://10.7910/DVN/WQXEML,dataset,dataset
55884,DVN/OSQM4D,https://doi.org/10.7910/DVN/OSQM4D,doi,10.7910,/,Harvard Dataverse,2009-01-12,s3://10.7910/DVN/OSQM4D,dataset,dataset
55885,DVN/FFNJJP,https://doi.org/10.7910/DVN/FFNJJP,doi,10.7910,/,Harvard Dataverse,2008-04-07,s3://10.7910/DVN/FFNJJP,dataset,dataset
55886,DVN/YHH30L,https://doi.org/10.7910/DVN/YHH30L,doi,10.7910,/,Harvard Dataverse,2008-04-07,s3://10.7910/DVN/YHH30L,dataset,dataset
55887,DVN/4OTCJP,https://doi.org/10.7910/DVN/4OTCJP,doi,10.7910,/,Harvard Dataverse,2008-04-18,s3://10.7910/DVN/4OTCJP,dataset,dataset
55888,DVN/R1L6FS,https://doi.org/10.7910/DVN/R1L6FS,doi,10.7910,/,Harvard Dataverse,2009-01-12,s3://10.7910/DVN/R1L6FS,dataset,dataset
55889,DVN/SKVGMK,https://doi.org/10.7910/DVN/SKVGMK,doi,10.7910,/,Harvard Dataverse,2007-11-28,s3://1902.1/10031,dataset,dataset
55890,DVN/OEMQGQ,https://doi.org/10.7910/DVN/OEMQGQ,doi,10.7910,/,Harvard Dataverse,2007-11-28,s3://10.7910/DVN/OEMQGQ,dataset,dataset
55891,DVN/41MI2U,https://doi.org/10.7910/DVN/41MI2U,doi,10.7910,/,Harvard Dataverse,2008-06-06,s3://10.7910/DVN/41MI2U,dataset,dataset
55892,DVN/O352HJ,https://doi.org/10.7910/DVN/O352HJ,doi,10.7910,/,Harvard Dataverse,2007-11-28,s3://10.7910/DVN/O352HJ,dataset,dataset
55893,DVN/V6G2CC,https://doi.org/10.7910/DVN/V6G2CC,doi,10.7910,/,Harvard Dataverse,2007-11-28,s3://10.7910/DVN/V6G2CC,dataset,dataset
55894,DVN/1GDHUK,https://doi.org/10.7910/DVN/1GDHUK,doi,10.7910,/,Harvard Dataverse,2008-04-07,s3://10.7910/DVN/1GDHUK,dataset,dataset
55895,DVN/TR6EOM,https://doi.org/10.7910/DVN/TR6EOM,doi,10.7910,/,Harvard Dataverse,2007-11-28,s3://10.7910/DVN/TR6EOM,dataset,dataset
55896,DVN/CQ1VB2,https://doi.org/10.7910/DVN/CQ1VB2,doi,10.7910,/,Harvard Dataverse,2007-11-28,s3://10.7910/DVN/CQ1VB2,dataset,dataset
55897,DVN/07JMQS,https://doi.org/10.7910/DVN/07JMQS,doi,10.7910,/,Harvard Dataverse,2007-11-28,s3://1902.1/10062,dataset,dataset
55898,DVN/J4IWDO,https://doi.org/10.7910/DVN/J4IWDO,doi,10.7910,/,Harvard Dataverse,2007-11-28,s3://10.7910/DVN/J4IWDO,dataset,dataset
55899,DVN/JAPXJZ,https://doi.org/10.7910/DVN/JAPXJZ,doi,10.7910,/,Harvard Dataverse,2007-11-28,s3://10.7910/DVN/JAPXJZ,dataset,dataset
55900,DVN/DHSDFA,https://doi.org/10.7910/DVN/DHSDFA,doi,10.7910,/,Harvard Dataverse,2008-04-18,s3://10.7910/DVN/DHSDFA,dataset,dataset
55901,DVN/LLFJD0,https://doi.org/10.7910/DVN/LLFJD0,doi,10.7910,/,Harvard Dataverse,2007-11-28,s3://10.7910/DVN/LLFJD0,dataset,dataset
55902,DVN/OO3WK1,https://doi.org/10.7910/DVN/OO3WK1,doi,10.7910,/,Harvard Dataverse,2008-04-07,s3://10.7910/DVN/OO3WK1,dataset,dataset
55903,DVN/HB5YNR,https://doi.org/10.7910/DVN/HB5YNR,doi,10.7910,/,Harvard Dataverse,2008-06-06,s3://1902.1/11569,dataset,dataset
55904,DVN/TBNTNQ,https://doi.org/10.7910/DVN/TBNTNQ,doi,10.7910,/,Harvard Dataverse,2007-11-28,s3://10.7910/DVN/TBNTNQ,dataset,dataset
55905,DVN/CSWSUT,https://doi.org/10.7910/DVN/CSWSUT,doi,10.7910,/,Harvard Dataverse,2007-11-28,s3://10.7910/DVN/CSWSUT,dataset,dataset
55906,DVN/LJQOSO,https://doi.org/10.7910/DVN/LJQOSO,doi,10.7910,/,Harvard Dataverse,2008-04-07,s3://10.7910/DVN/LJQOSO,dataset,dataset
55907,DVN/B4OS8R,https://doi.org/10.7910/DVN/B4OS8R,doi,10.7910,/,Harvard Dataverse,2008-04-07,s3://10.7910/DVN/B4OS8R,dataset,dataset
55908,DVN/E46OPI,https://doi.org/10.7910/DVN/E46OPI,doi,10.7910,/,Harvard Dataverse,2008-04-07,s3://10.7910/DVN/E46OPI,dataset,dataset
55909,DVN/KH3PEG,https://doi.org/10.7910/DVN/KH3PEG,doi,10.7910,/,Harvard Dataverse,2007-11-28,s3://10.7910/DVN/KH3PEG,dataset,dataset
55910,DVN/9L6A8X,https://doi.org/10.7910/DVN/9L6A8X,doi,10.7910,/,Harvard Dataverse,2007-11-28,s3://1902.1/10038,dataset,dataset
55911,DVN/PK48VY,https://doi.org/10.7910/DVN/PK48VY,doi,10.7910,/,Harvard Dataverse,2007-11-28,s3://1902.1/10033,dataset,dataset
55912,DVN/9JGNGZ,https://doi.org/10.7910/DVN/9JGNGZ,doi,10.7910,/,Harvard Dataverse,2008-04-07,s3://10.7910/DVN/9JGNGZ,dataset,dataset
55913,DVN/ALOHVQ,https://doi.org/10.7910/DVN/ALOHVQ,doi,10.7910,/,Harvard Dataverse,2007-11-28,s3://10.7910/DVN/ALOHVQ,dataset,dataset
55914,DVN/3U6XTH,https://doi.org/10.7910/DVN/3U6XTH,doi,10.7910,/,Harvard Dataverse,2007-11-28,s3://1902.1/10037,dataset,dataset
55915,DVN/SW0GMM,https://doi.org/10.7910/DVN/SW0GMM,doi,10.7910,/,Harvard Dataverse,2008-04-07,s3://10.7910/DVN/SW0GMM,dataset,dataset
55916,DVN/VSTO1K,https://doi.org/10.7910/DVN/VSTO1K,doi,10.7910,/,Harvard Dataverse,2007-11-28,s3://10.7910/DVN/VSTO1K,dataset,dataset
55917,DVN/48LJLC,https://doi.org/10.7910/DVN/48LJLC,doi,10.7910,/,Harvard Dataverse,2008-06-06,s3://10.7910/DVN/48LJLC,dataset,dataset
55918,DVN/85YQQL,https://doi.org/10.7910/DVN/85YQQL,doi,10.7910,/,Harvard Dataverse,2009-01-12,s3://10.7910/DVN/85YQQL,dataset,dataset
55919,DVN/ULCOWM,https://doi.org/10.7910/DVN/ULCOWM,doi,10.7910,/,Harvard Dataverse,2007-11-28,s3://1902.1/10054,dataset,dataset
55920,DVN/WXQF1B,https://doi.org/10.7910/DVN/WXQF1B,doi,10.7910,/,Harvard Dataverse,2009-01-12,s3://10.7910/DVN/WXQF1B,dataset,dataset
55921,DVN/SLDEDV,https://doi.org/10.7910/DVN/SLDEDV,doi,10.7910,/,Harvard Dataverse,2009-01-12,s3://1902.1/12260,dataset,dataset
55922,DVN/NSZM9Y,https://doi.org/10.7910/DVN/NSZM9Y,doi,10.7910,/,Harvard Dataverse,2007-11-28,s3://10.7910/DVN/NSZM9Y,dataset,dataset
55923,DVN/YFZ13D,https://doi.org/10.7910/DVN/YFZ13D,doi,10.7910,/,Harvard Dataverse,2008-04-07,s3://10.7910/DVN/YFZ13D,dataset,dataset
55924,DVN/AP8JH4,https://doi.org/10.7910/DVN/AP8JH4,doi,10.7910,/,Harvard Dataverse,2009-01-12,s3://10.7910/DVN/AP8JH4,dataset,dataset
55925,DVN/PZ1QF8,https://doi.org/10.7910/DVN/PZ1QF8,doi,10.7910,/,Harvard Dataverse,2007-11-28,s3://10.7910/DVN/PZ1QF8,dataset,dataset
3006735,DVN/D4UHIQ,https://doi.org/10.7910/DVN/D4UHIQ,doi,10.7910,/,Harvard Dataverse,2017-03-14,s3://dvn-cloud:10.7910/DVN/D4UHIQ,dataset,dataset
3011389,DVN/JLNWM8,https://doi.org/10.7910/DVN/JLNWM8,doi,10.7910,/,Harvard Dataverse,2017-04-07,s3://10.7910/DVN/JLNWM8,dataset,dataset
3017123,DVN/MGWE8C,https://doi.org/10.7910/DVN/MGWE8C,doi,10.7910,/,Harvard Dataverse,2017-05-09,s3://10.7910/DVN/MGWE8C,dataset,dataset
3017130,DVN/KFA3YG,https://doi.org/10.7910/DVN/KFA3YG,doi,10.7910,/,Harvard Dataverse,2017-05-09,s3://10.7910/DVN/KFA3YG,dataset,dataset
3017862,DVN/LBXXFE,https://doi.org/10.7910/DVN/LBXXFE,doi,10.7910,/,Harvard Dataverse,2017-05-16,file,dataset,dataset
3017872,DVN/4O4R79,https://doi.org/10.7910/DVN/4O4R79,doi,10.7910,/,Harvard Dataverse,2017-05-15,file,dataset,dataset
3018061,DVN/N6M2OQ,https://doi.org/10.7910/DVN/N6M2OQ,doi,10.7910,/,Harvard Dataverse,2017-05-15,s3://10.7910/DVN/N6M2OQ,dataset,dataset
3018065,DVN/RXQO8P,https://doi.org/10.7910/DVN/RXQO8P,doi,10.7910,/,Harvard Dataverse,2017-05-16,s3://10.7910/DVN/RXQO8P,dataset,dataset
3018082,DVN/T0G0NU,https://doi.org/10.7910/DVN/T0G0NU,doi,10.7910,/,Harvard Dataverse,2017-05-16,s3://10.7910/DVN/T0G0NU,dataset,dataset
3018254,DVN/5LOHS5,https://doi.org/10.7910/DVN/5LOHS5,doi,10.7910,/,Harvard Dataverse,2019-04-19,s3://10.7910/DVN/5LOHS5,dataset,dataset
3018258,DVN/SVOKWW,https://doi.org/10.7910/DVN/SVOKWW,doi,10.7910,/,Harvard Dataverse,2019-04-19,s3://10.7910/DVN/SVOKWW,dataset,dataset
3018263,DVN/WWEAUB,https://doi.org/10.7910/DVN/WWEAUB,doi,10.7910,/,Harvard Dataverse,2017-05-17,s3://10.7910/DVN/WWEAUB,dataset,dataset
3018267,DVN/VJH91B,https://doi.org/10.7910/DVN/VJH91B,doi,10.7910,/,Harvard Dataverse,2017-05-17,s3://10.7910/DVN/VJH91B,dataset,dataset
3018270,DVN/TTPOJB,https://doi.org/10.7910/DVN/TTPOJB,doi,10.7910,/,Harvard Dataverse,2019-04-19,s3://10.7910/DVN/TTPOJB,dataset,dataset
3018287,DVN/5AIPK8,https://doi.org/10.7910/DVN/5AIPK8,doi,10.7910,/,Harvard Dataverse,2017-05-17,s3://10.7910/DVN/5AIPK8,dataset,dataset
3018306,DVN/3XQJU5,https://doi.org/10.7910/DVN/3XQJU5,doi,10.7910,/,Harvard Dataverse,2019-04-19,s3://10.7910/DVN/3XQJU5,dataset,dataset
3018376,DVN/II6BPW,https://doi.org/10.7910/DVN/II6BPW,doi,10.7910,/,Harvard Dataverse,2017-05-17,s3://10.7910/DVN/II6BPW,dataset,dataset
3018539,DVN/RBQZVS,https://doi.org/10.7910/DVN/RBQZVS,doi,10.7910,/,Harvard Dataverse,2019-04-19,s3://10.7910/DVN/RBQZVS,dataset,dataset
3027931,DVN/P0BKUW,https://doi.org/10.7910/DVN/P0BKUW,doi,10.7910,/,Harvard Dataverse,2017-06-16,s3://10.7910/DVN/P0BKUW,dataset,dataset
3027940,DVN/ZZZPM7,https://doi.org/10.7910/DVN/ZZZPM7,doi,10.7910,/,Harvard Dataverse,2017-06-17,s3://10.7910/DVN/ZZZPM7,dataset,dataset
3027945,DVN/65MCAE,https://doi.org/10.7910/DVN/65MCAE,doi,10.7910,/,Harvard Dataverse,2017-06-17,s3://10.7910/DVN/65MCAE,dataset,dataset
3027953,DVN/FUJGY1,https://doi.org/10.7910/DVN/FUJGY1,doi,10.7910,/,Harvard Dataverse,2017-06-17,s3://10.7910/DVN/FUJGY1,dataset,dataset
3027962,DVN/JTQCBQ,https://doi.org/10.7910/DVN/JTQCBQ,doi,10.7910,/,Harvard Dataverse,2017-06-17,s3://dvn-cloud:10.7910/DVN/JTQCBQ,dataset,dataset
3028031,DVN/XIT20Z,https://doi.org/10.7910/DVN/XIT20Z,doi,10.7910,/,Harvard Dataverse,2017-06-17,s3://10.7910/DVN/XIT20Z,dataset,dataset
3030249,DVN/XLVZOI,https://doi.org/10.7910/DVN/XLVZOI,doi,10.7910,/,Harvard Dataverse,2017-06-20,s3://10.7910/DVN/XLVZOI,dataset,dataset
3030251,DVN/7HQWDJ,https://doi.org/10.7910/DVN/7HQWDJ,doi,10.7910,/,Harvard Dataverse,2017-06-20,s3://10.7910/DVN/7HQWDJ,dataset,dataset
3030312,DVN/HGREW1,https://doi.org/10.7910/DVN/HGREW1,doi,10.7910,/,Harvard Dataverse,2017-06-21,s3://10.7910/DVN/HGREW1,dataset,dataset
3031268,DVN/P1IBFS,https://doi.org/10.7910/DVN/P1IBFS,doi,10.7910,/,Harvard Dataverse,2017-06-23,s3://10.7910/DVN/P1IBFS,dataset,dataset
3031756,DVN/RFB60P,https://doi.org/10.7910/DVN/RFB60P,doi,10.7910,/,Harvard Dataverse,2017-06-27,s3://10.7910/DVN/RFB60P,dataset,dataset
3032198,DVN/GSFGIV,https://doi.org/10.7910/DVN/GSFGIV,doi,10.7910,/,Harvard Dataverse,2017-06-29,s3://10.7910/DVN/GSFGIV,dataset,dataset
3032767,DVN/3CUHGN,https://doi.org/10.7910/DVN/3CUHGN,doi,10.7910,/,Harvard Dataverse,2017-07-04,s3://10.7910/DVN/3CUHGN,dataset,dataset
3035228,DVN/9PWWSE,https://doi.org/10.7910/DVN/9PWWSE,doi,10.7910,/,Harvard Dataverse,2017-07-08,s3://10.7910/DVN/9PWWSE,dataset,dataset
3035475,DVN/OLKEQL,https://doi.org/10.7910/DVN/OLKEQL,doi,10.7910,/,Harvard Dataverse,2017-07-10,s3://10.7910/DVN/OLKEQL,dataset,dataset
3036081,DVN/WUK8AN,https://doi.org/10.7910/DVN/WUK8AN,doi,10.7910,/,Harvard Dataverse,2017-07-13,s3://10.7910/DVN/WUK8AN,dataset,dataset
3036814,DVN/HZMT2S,https://doi.org/10.7910/DVN/HZMT2S,doi,10.7910,/,Harvard Dataverse,2017-07-17,s3://10.7910/DVN/HZMT2S,dataset,dataset
3036897,DVN/WY9SUD,https://doi.org/10.7910/DVN/WY9SUD,doi,10.7910,/,Harvard Dataverse,2017-07-18,s3://10.7910/DVN/WY9SUD,dataset,dataset
3037554,DVN/NQDLRO,https://doi.org/10.7910/DVN/NQDLRO,doi,10.7910,/,Harvard Dataverse,2017-07-21,s3://10.7910/DVN/NQDLRO,dataset,dataset
3037914,DVN/NXX3JJ,https://doi.org/10.7910/DVN/NXX3JJ,doi,10.7910,/,Harvard Dataverse,2017-07-24,s3://10.7910/DVN/NXX3JJ,dataset,dataset
3038779,DVN/2IU98Y,https://doi.org/10.7910/DVN/2IU98Y,doi,10.7910,/,Harvard Dataverse,2017-07-26,s3://10.7910/DVN/2IU98Y,dataset,dataset
3040559,DVN/W1AA3U,https://doi.org/10.7910/DVN/W1AA3U,doi,10.7910,/,Harvard Dataverse,2017-08-01,s3://10.7910/DVN/W1AA3U,dataset,dataset
3041016,DVN/4LIO9F,https://doi.org/10.7910/DVN/4LIO9F,doi,10.7910,/,Harvard Dataverse,2017-08-07,s3://dvn-cloud:10.7910/DVN/4LIO9F,dataset,dataset
3041030,DVN/6HELZS,https://doi.org/10.7910/DVN/6HELZS,doi,10.7910,/,Harvard Dataverse,2017-08-07,s3://10.7910/DVN/6HELZS,dataset,dataset
3041039,DVN/RFBMBY,https://doi.org/10.7910/DVN/RFBMBY,doi,10.7910,/,Harvard Dataverse,2017-08-07,s3://10.7910/DVN/RFBMBY,dataset,dataset
3041277,DVN/TS1TX0,https://doi.org/10.7910/DVN/TS1TX0,doi,10.7910,/,Harvard Dataverse,2017-08-07,s3://10.7910/DVN/TS1TX0,dataset,dataset
3041281,DVN/BIKSUI,https://doi.org/10.7910/DVN/BIKSUI,doi,10.7910,/,Harvard Dataverse,2017-08-07,s3://10.7910/DVN/BIKSUI,dataset,dataset
3041284,DVN/PLGKW5,https://doi.org/10.7910/DVN/PLGKW5,doi,10.7910,/,Harvard Dataverse,2017-08-07,s3://10.7910/DVN/PLGKW5,dataset,dataset
3042310,DVN/PUIVRF,https://doi.org/10.7910/DVN/PUIVRF,doi,10.7910,/,Harvard Dataverse,2017-08-08,s3://dvn-cloud:10.7910/DVN/PUIVRF,dataset,dataset
3042332,DVN/UBCYZG,https://doi.org/10.7910/DVN/UBCYZG,doi,10.7910,/,Harvard Dataverse,2017-08-08,s3://dvn-cloud:10.7910/DVN/UBCYZG,dataset,dataset
3042340,DVN/NFMGFD,https://doi.org/10.7910/DVN/NFMGFD,doi,10.7910,/,Harvard Dataverse,2017-08-08,s3://10.7910/DVN/NFMGFD,dataset,dataset
3042350,DVN/TPAB95,https://doi.org/10.7910/DVN/TPAB95,doi,10.7910,/,Harvard Dataverse,2017-08-08,s3://10.7910/DVN/TPAB95,dataset,dataset
3042382,DVN/KW8HZL,https://doi.org/10.7910/DVN/KW8HZL,doi,10.7910,/,Harvard Dataverse,2017-08-08,s3://10.7910/DVN/KW8HZL,dataset,dataset
3042478,DVN/OCAH1T,https://doi.org/10.7910/DVN/OCAH1T,doi,10.7910,/,Harvard Dataverse,2017-08-09,s3://10.7910/DVN/OCAH1T,dataset,dataset
3042480,DVN/JIQOXQ,https://doi.org/10.7910/DVN/JIQOXQ,doi,10.7910,/,Harvard Dataverse,2017-08-09,s3://10.7910/DVN/JIQOXQ,dataset,dataset
3042697,DVN/RCEBPK,https://doi.org/10.7910/DVN/RCEBPK,doi,10.7910,/,Harvard Dataverse,2017-08-09,s3://10.7910/DVN/RCEBPK,dataset,dataset
3042704,DVN/MNP61X,https://doi.org/10.7910/DVN/MNP61X,doi,10.7910,/,Harvard Dataverse,2017-08-15,s3://dvn-cloud:10.7910/DVN/MNP61X,dataset,dataset
3042709,DVN/ZDADTB,https://doi.org/10.7910/DVN/ZDADTB,doi,10.7910,/,Harvard Dataverse,2017-08-15,s3://10.7910/DVN/ZDADTB,dataset,dataset
3042712,DVN/SVDD2B,https://doi.org/10.7910/DVN/SVDD2B,doi,10.7910,/,Harvard Dataverse,2017-08-15,s3://10.7910/DVN/SVDD2B,dataset,dataset
3042719,DVN/OMYULN,https://doi.org/10.7910/DVN/OMYULN,doi,10.7910,/,Harvard Dataverse,2017-08-15,s3://10.7910/DVN/OMYULN,dataset,dataset
3042724,DVN/UWG0TJ,https://doi.org/10.7910/DVN/UWG0TJ,doi,10.7910,/,Harvard Dataverse,2017-08-15,s3://10.7910/DVN/UWG0TJ,dataset,dataset
3044566,DVN/BNGDFO,https://doi.org/10.7910/DVN/BNGDFO,doi,10.7910,/,Harvard Dataverse,2017-08-15,s3://10.7910/DVN/BNGDFO,dataset,dataset
3044568,DVN/OSLJ2Z,https://doi.org/10.7910/DVN/OSLJ2Z,doi,10.7910,/,Harvard Dataverse,2017-08-15,s3://10.7910/DVN/OSLJ2Z,dataset,dataset
3044575,DVN/HATIYO,https://doi.org/10.7910/DVN/HATIYO,doi,10.7910,/,Harvard Dataverse,2017-08-15,s3://10.7910/DVN/HATIYO,dataset,dataset
3044580,DVN/RWHDIJ,https://doi.org/10.7910/DVN/RWHDIJ,doi,10.7910,/,Harvard Dataverse,2017-08-15,s3://10.7910/DVN/RWHDIJ,dataset,dataset
3044590,DVN/MVCLDA,https://doi.org/10.7910/DVN/MVCLDA,doi,10.7910,/,Harvard Dataverse,2017-08-15,s3://10.7910/DVN/MVCLDA,dataset,dataset
3044594,DVN/OYNFCI,https://doi.org/10.7910/DVN/OYNFCI,doi,10.7910,/,Harvard Dataverse,2017-08-15,s3://10.7910/DVN/OYNFCI,dataset,dataset
3044597,DVN/GZCHJC,https://doi.org/10.7910/DVN/GZCHJC,doi,10.7910,/,Harvard Dataverse,2017-08-15,s3://10.7910/DVN/GZCHJC,dataset,dataset
3044602,DVN/OYI55F,https://doi.org/10.7910/DVN/OYI55F,doi,10.7910,/,Harvard Dataverse,2017-08-15,s3://10.7910/DVN/OYI55F,dataset,dataset
3044607,DVN/RX3CFQ,https://doi.org/10.7910/DVN/RX3CFQ,doi,10.7910,/,Harvard Dataverse,2017-08-15,s3://10.7910/DVN/RX3CFQ,dataset,dataset
3046764,DVN/CYIXIW,https://doi.org/10.7910/DVN/CYIXIW,doi,10.7910,/,Harvard Dataverse,2017-08-23,s3://10.7910/DVN/CYIXIW,dataset,dataset
3046767,DVN/DRZCQB,https://doi.org/10.7910/DVN/DRZCQB,doi,10.7910,/,Harvard Dataverse,2017-08-23,s3://10.7910/DVN/DRZCQB,dataset,dataset
3046770,DVN/NSDEJD,https://doi.org/10.7910/DVN/NSDEJD,doi,10.7910,/,Harvard Dataverse,2017-08-23,s3://10.7910/DVN/NSDEJD,dataset,dataset
3046773,DVN/EYCE4O,https://doi.org/10.7910/DVN/EYCE4O,doi,10.7910,/,Harvard Dataverse,2017-08-23,s3://10.7910/DVN/EYCE4O,dataset,dataset
3046779,DVN/J3VXNF,https://doi.org/10.7910/DVN/J3VXNF,doi,10.7910,/,Harvard Dataverse,2017-08-23,s3://10.7910/DVN/J3VXNF,dataset,dataset
3046782,DVN/C0GITL,https://doi.org/10.7910/DVN/C0GITL,doi,10.7910,/,Harvard Dataverse,2017-08-23,s3://10.7910/DVN/C0GITL,dataset,dataset
3046784,DVN/G1FLRY,https://doi.org/10.7910/DVN/G1FLRY,doi,10.7910,/,Harvard Dataverse,2017-08-23,s3://dvn-cloud:10.7910/DVN/G1FLRY,dataset,dataset
3046789,DVN/USQH7D,https://doi.org/10.7910/DVN/USQH7D,doi,10.7910,/,Harvard Dataverse,2017-08-24,s3://10.7910/DVN/USQH7D,dataset,dataset
3046793,DVN/MNMVYH,https://doi.org/10.7910/DVN/MNMVYH,doi,10.7910,/,Harvard Dataverse,2017-08-24,s3://10.7910/DVN/MNMVYH,dataset,dataset
3046799,DVN/AHBXWA,https://doi.org/10.7910/DVN/AHBXWA,doi,10.7910,/,Harvard Dataverse,2017-08-24,s3://10.7910/DVN/AHBXWA,dataset,dataset
3046803,DVN/NFLVJG,https://doi.org/10.7910/DVN/NFLVJG,doi,10.7910,/,Harvard Dataverse,2017-08-24,s3://10.7910/DVN/NFLVJG,dataset,dataset
3046806,DVN/P0TZCE,https://doi.org/10.7910/DVN/P0TZCE,doi,10.7910,/,Harvard Dataverse,2017-08-24,s3://10.7910/DVN/P0TZCE,dataset,dataset
3046809,DVN/3AAU1Y,https://doi.org/10.7910/DVN/3AAU1Y,doi,10.7910,/,Harvard Dataverse,2017-08-24,s3://10.7910/DVN/3AAU1Y,dataset,dataset
3046813,DVN/VAMRSP,https://doi.org/10.7910/DVN/VAMRSP,doi,10.7910,/,Harvard Dataverse,2017-08-24,s3://10.7910/DVN/VAMRSP,dataset,dataset
3046817,DVN/VDSNFL,https://doi.org/10.7910/DVN/VDSNFL,doi,10.7910,/,Harvard Dataverse,2017-08-24,s3://10.7910/DVN/VDSNFL,dataset,dataset
3046820,DVN/QTPPPQ,https://doi.org/10.7910/DVN/QTPPPQ,doi,10.7910,/,Harvard Dataverse,2017-08-24,s3://10.7910/DVN/QTPPPQ,dataset,dataset
3049050,DVN/NE6BHP,https://doi.org/10.7910/DVN/NE6BHP,doi,10.7910,/,Harvard Dataverse,2017-08-27,s3://10.7910/DVN/NE6BHP,dataset,dataset
3049142,DVN/OOBN39,https://doi.org/10.7910/DVN/OOBN39,doi,10.7910,/,Harvard Dataverse,2017-09-13,s3://10.7910/DVN/OOBN39,dataset,dataset
3049145,DVN/X6U5FC,https://doi.org/10.7910/DVN/X6U5FC,doi,10.7910,/,Harvard Dataverse,2017-09-13,s3://10.7910/DVN/X6U5FC,dataset,dataset
3049148,DVN/NYBSMR,https://doi.org/10.7910/DVN/NYBSMR,doi,10.7910,/,Harvard Dataverse,2017-09-13,s3://dvn-cloud:10.7910/DVN/NYBSMR,dataset,dataset
3049156,DVN/9SNERN,https://doi.org/10.7910/DVN/9SNERN,doi,10.7910,/,Harvard Dataverse,2017-09-13,s3://10.7910/DVN/9SNERN,dataset,dataset
3049159,DVN/ERNLHS,https://doi.org/10.7910/DVN/ERNLHS,doi,10.7910,/,Harvard Dataverse,2017-09-13,s3://dvn-cloud:10.7910/DVN/ERNLHS,dataset,dataset
3049169,DVN/SOQAME,https://doi.org/10.7910/DVN/SOQAME,doi,10.7910,/,Harvard Dataverse,2017-09-13,s3://10.7910/DVN/SOQAME,dataset,dataset
3049175,DVN/IHIDVP,https://doi.org/10.7910/DVN/IHIDVP,doi,10.7910,/,Harvard Dataverse,2017-09-13,s3://10.7910/DVN/IHIDVP,dataset,dataset
3049179,DVN/EPHIYQ,https://doi.org/10.7910/DVN/EPHIYQ,doi,10.7910,/,Harvard Dataverse,2017-09-13,s3://10.7910/DVN/EPHIYQ,dataset,dataset
3049519,DVN/SJMRIY,https://doi.org/10.7910/DVN/SJMRIY,doi,10.7910,/,Harvard Dataverse,2017-09-13,s3://10.7910/DVN/SJMRIY,dataset,dataset
3049827,DVN/EMLHCT,https://doi.org/10.7910/DVN/EMLHCT,doi,10.7910,/,Harvard Dataverse,2017-08-25,s3://10.7910/DVN/EMLHCT,dataset,dataset
3049895,DVN/JXTORX,https://doi.org/10.7910/DVN/JXTORX,doi,10.7910,/,Harvard Dataverse,2017-12-08,s3://10.7910/DVN/JXTORX,dataset,dataset
3049897,DVN/YHDZIP,https://doi.org/10.7910/DVN/YHDZIP,doi,10.7910,/,Harvard Dataverse,2017-12-08,s3://10.7910/DVN/YHDZIP,dataset,dataset
3049902,DVN/O0WT36,https://doi.org/10.7910/DVN/O0WT36,doi,10.7910,/,Harvard Dataverse,2017-12-08,s3://10.7910/DVN/O0WT36,dataset,dataset
3051237,DVN/OSXNZS,https://doi.org/10.7910/DVN/OSXNZS,doi,10.7910,/,Harvard Dataverse,2017-09-09,s3://10.7910/DVN/OSXNZS,dataset,dataset
3051847,DVN/W6R32B,https://doi.org/10.7910/DVN/W6R32B,doi,10.7910,/,Harvard Dataverse,2017-09-18,s3://10.7910/DVN/W6R32B,dataset,dataset
3051899,DVN/QXLWIF,https://doi.org/10.7910/DVN/QXLWIF,doi,10.7910,/,Harvard Dataverse,2017-09-13,s3://10.7910/DVN/QXLWIF,dataset,dataset
3052268,DVN/IQFAH7,https://doi.org/10.7910/DVN/IQFAH7,doi,10.7910,/,Harvard Dataverse,2017-09-16,s3://10.7910/DVN/IQFAH7,dataset,dataset
3052372,DVN/D409HA,https://doi.org/10.7910/DVN/D409HA,doi,10.7910,/,Harvard Dataverse,2017-12-07,file,dataset,dataset
3052376,DVN/MXW3BS,https://doi.org/10.7910/DVN/MXW3BS,doi,10.7910,/,Harvard Dataverse,2017-12-07,s3://10.7910/DVN/MXW3BS,dataset,dataset
3052378,DVN/1P0IL3,https://doi.org/10.7910/DVN/1P0IL3,doi,10.7910,/,Harvard Dataverse,2017-12-07,s3://10.7910/DVN/1P0IL3,dataset,dataset
3052382,DVN/27KBWG,https://doi.org/10.7910/DVN/27KBWG,doi,10.7910,/,Harvard Dataverse,2017-12-07,s3://10.7910/DVN/27KBWG,dataset,dataset
3052387,DVN/RXDTTS,https://doi.org/10.7910/DVN/RXDTTS,doi,10.7910,/,Harvard Dataverse,2017-12-07,file,dataset,dataset
3052391,DVN/2QG92Y,https://doi.org/10.7910/DVN/2QG92Y,doi,10.7910,/,Harvard Dataverse,2017-12-07,s3://10.7910/DVN/2QG92Y,dataset,dataset
3052396,DVN/YEVX5E,https://doi.org/10.7910/DVN/YEVX5E,doi,10.7910,/,Harvard Dataverse,2017-12-07,s3://10.7910/DVN/YEVX5E,dataset,dataset
3052401,DVN/QHZHJH,https://doi.org/10.7910/DVN/QHZHJH,doi,10.7910,/,Harvard Dataverse,2017-12-07,s3://10.7910/DVN/QHZHJH,dataset,dataset
3055650,DVN/8XBSTH,https://doi.org/10.7910/DVN/8XBSTH,doi,10.7910,/,Harvard Dataverse,2017-10-03,s3://10.7910/DVN/8XBSTH,dataset,dataset
3056369,DVN/3LOZPA,https://doi.org/10.7910/DVN/3LOZPA,doi,10.7910,/,Harvard Dataverse,2017-10-06,s3://10.7910/DVN/3LOZPA,dataset,dataset
3056490,DVN/TSJRMB,https://doi.org/10.7910/DVN/TSJRMB,doi,10.7910,/,Harvard Dataverse,2017-10-08,s3://10.7910/DVN/TSJRMB,dataset,dataset
3082656,DVN/VDZG7L,https://doi.org/10.7910/DVN/VDZG7L,doi,10.7910,/,Harvard Dataverse,2017-11-27,s3://10.7910/DVN/VDZG7L,dataset,dataset
3087803,DVN/QVLIL9,https://doi.org/10.7910/DVN/QVLIL9,doi,10.7910,/,Harvard Dataverse,2017-12-07,file,dataset,dataset
3087807,DVN/W0X5WA,https://doi.org/10.7910/DVN/W0X5WA,doi,10.7910,/,Harvard Dataverse,2017-12-07,s3://10.7910/DVN/W0X5WA,dataset,dataset
3087811,DVN/QYDIO2,https://doi.org/10.7910/DVN/QYDIO2,doi,10.7910,/,Harvard Dataverse,2017-12-07,s3://10.7910/DVN/QYDIO2,dataset,dataset
3087820,DVN/5WAFF0,https://doi.org/10.7910/DVN/5WAFF0,doi,10.7910,/,Harvard Dataverse,2017-12-07,s3://10.7910/DVN/5WAFF0,dataset,dataset
3087823,DVN/ZFBES1,https://doi.org/10.7910/DVN/ZFBES1,doi,10.7910,/,Harvard Dataverse,2017-12-07,file,dataset,dataset
3087833,DVN/DZQDQO,https://doi.org/10.7910/DVN/DZQDQO,doi,10.7910,/,Harvard Dataverse,2017-12-07,file,dataset,dataset
3087840,DVN/3KIQAW,https://doi.org/10.7910/DVN/3KIQAW,doi,10.7910,/,Harvard Dataverse,2017-12-07,s3://10.7910/DVN/3KIQAW,dataset,dataset
3087845,DVN/1R5N32,https://doi.org/10.7910/DVN/1R5N32,doi,10.7910,/,Harvard Dataverse,2017-12-07,s3://10.7910/DVN/1R5N32,dataset,dataset
3087848,DVN/R9PVOF,https://doi.org/10.7910/DVN/R9PVOF,doi,10.7910,/,Harvard Dataverse,2017-12-07,file,dataset,dataset
3087854,DVN/5KJ80Q,https://doi.org/10.7910/DVN/5KJ80Q,doi,10.7910,/,Harvard Dataverse,2017-12-07,file,dataset,dataset
3087860,DVN/5POLFL,https://doi.org/10.7910/DVN/5POLFL,doi,10.7910,/,Harvard Dataverse,2017-12-07,s3://10.7910/DVN/5POLFL,dataset,dataset
3087863,DVN/PQNQJT,https://doi.org/10.7910/DVN/PQNQJT,doi,10.7910,/,Harvard Dataverse,2017-12-07,s3://10.7910/DVN/PQNQJT,dataset,dataset
3087866,DVN/DAC9NX,https://doi.org/10.7910/DVN/DAC9NX,doi,10.7910,/,Harvard Dataverse,2017-12-07,file,dataset,dataset
3087891,DVN/RTB1IG,https://doi.org/10.7910/DVN/RTB1IG,doi,10.7910,/,Harvard Dataverse,2017-12-08,s3://10.7910/DVN/RTB1IG,dataset,dataset
3096909,DVN/MDFG8E,https://doi.org/10.7910/DVN/MDFG8E,doi,10.7910,/,Harvard Dataverse,2018-01-03,s3://10.7910/DVN/MDFG8E,dataset,dataset
3096917,DVN/FPIYZ7,https://doi.org/10.7910/DVN/FPIYZ7,doi,10.7910,/,Harvard Dataverse,2018-02-20,file,dataset,dataset
3106335,DVN/XJ28JK,https://doi.org/10.7910/DVN/XJ28JK,doi,10.7910,/,Harvard Dataverse,2018-01-14,file,dataset,dataset
3126319,DVN/8BB7RI,https://doi.org/10.7910/DVN/8BB7RI,doi,10.7910,/,Harvard Dataverse,2018-02-19,s3://10.7910/DVN/8BB7RI,dataset,dataset
3126327,DVN/68IBOR,https://doi.org/10.7910/DVN/68IBOR,doi,10.7910,/,Harvard Dataverse,2018-02-19,file,dataset,dataset
3126332,DVN/M9XE2D,https://doi.org/10.7910/DVN/M9XE2D,doi,10.7910,/,Harvard Dataverse,2018-02-19,s3://10.7910/DVN/M9XE2D,dataset,dataset
3126405,DVN/CISIP2,https://doi.org/10.7910/DVN/CISIP2,doi,10.7910,/,Harvard Dataverse,2018-02-19,s3://10.7910/DVN/CISIP2,dataset,dataset
3126421,DVN/RT5HRL,https://doi.org/10.7910/DVN/RT5HRL,doi,10.7910,/,Harvard Dataverse,2018-02-19,file,dataset,dataset
3126435,DVN/XJ5JR6,https://doi.org/10.7910/DVN/XJ5JR6,doi,10.7910,/,Harvard Dataverse,2018-02-19,file,dataset,dataset
3126576,DVN/4SBXCV,https://doi.org/10.7910/DVN/4SBXCV,doi,10.7910,/,Harvard Dataverse,2018-02-20,s3://10.7910/DVN/4SBXCV,dataset,dataset
3126588,DVN/LMWEMZ,https://doi.org/10.7910/DVN/LMWEMZ,doi,10.7910,/,Harvard Dataverse,2018-02-20,s3://10.7910/DVN/LMWEMZ,dataset,dataset
3127042,DVN/I8XQPM,https://doi.org/10.7910/DVN/I8XQPM,doi,10.7910,/,Harvard Dataverse,2018-02-21,s3://10.7910/DVN/I8XQPM,dataset,dataset
3127048,DVN/RFSS7J,https://doi.org/10.7910/DVN/RFSS7J,doi,10.7910,/,Harvard Dataverse,2018-02-21,file,dataset,dataset
3127054,DVN/KDKPJQ,https://doi.org/10.7910/DVN/KDKPJQ,doi,10.7910,/,Harvard Dataverse,2018-02-21,s3://10.7910/DVN/KDKPJQ,dataset,dataset
3135937,DVN/NRQFDQ,https://doi.org/10.7910/DVN/NRQFDQ,doi,10.7910,/,Harvard Dataverse,2018-03-21,s3://10.7910/DVN/NRQFDQ,dataset,dataset
3135948,DVN/78BIYW,https://doi.org/10.7910/DVN/78BIYW,doi,10.7910,/,Harvard Dataverse,2018-03-21,s3://10.7910/DVN/78BIYW,dataset,dataset
3136195,DVN/LCLJTT,https://doi.org/10.7910/DVN/LCLJTT,doi,10.7910,/,Harvard Dataverse,2018-03-24,s3://10.7910/DVN/LCLJTT,dataset,dataset
3136246,DVN/DUFHM1,https://doi.org/10.7910/DVN/DUFHM1,doi,10.7910,/,Harvard Dataverse,2018-03-24,s3://10.7910/DVN/DUFHM1,dataset,dataset
3136250,DVN/5ITNCA,https://doi.org/10.7910/DVN/5ITNCA,doi,10.7910,/,Harvard Dataverse,2018-03-24,s3://10.7910/DVN/5ITNCA,dataset,dataset
3137678,DVN/DGVYLR,https://doi.org/10.7910/DVN/DGVYLR,doi,10.7910,/,Harvard Dataverse,2018-03-28,s3://10.7910/DVN/DGVYLR,dataset,dataset
3138996,DVN/GCACQG,https://doi.org/10.7910/DVN/GCACQG,doi,10.7910,/,Harvard Dataverse,2018-04-02,s3://10.7910/DVN/GCACQG,dataset,dataset
3139001,DVN/92UDQH,https://doi.org/10.7910/DVN/92UDQH,doi,10.7910,/,Harvard Dataverse,2018-04-02,s3://10.7910/DVN/92UDQH,dataset,dataset
3140187,DVN/YAYEXN,https://doi.org/10.7910/DVN/YAYEXN,doi,10.7910,/,Harvard Dataverse,2018-04-04,s3://10.7910/DVN/YAYEXN,dataset,dataset
3140327,DVN/4XQUKB,https://doi.org/10.7910/DVN/4XQUKB,doi,10.7910,/,Harvard Dataverse,2018-04-13,s3://10.7910/DVN/4XQUKB,dataset,dataset
3142192,DVN/AKM97Q,https://doi.org/10.7910/DVN/AKM97Q,doi,10.7910,/,Harvard Dataverse,2018-04-13,s3://10.7910/DVN/AKM97Q,dataset,dataset
3148011,DVN/HHFTOT,https://doi.org/10.7910/DVN/HHFTOT,doi,10.7910,/,Harvard Dataverse,2022-04-27,s3://10.7910/DVN/HHFTOT,dataset,dataset
3148012,DVN/PJULHF,https://doi.org/10.7910/DVN/PJULHF,doi,10.7910,/,Harvard Dataverse,2022-04-27,s3://10.7910/DVN/PJULHF,dataset,dataset
3148015,DVN/G6PAPV,https://doi.org/10.7910/DVN/G6PAPV,doi,10.7910,/,Harvard Dataverse,2019-04-19,s3://10.7910/DVN/G6PAPV,dataset,dataset
3148017,DVN/K6TKBQ,https://doi.org/10.7910/DVN/K6TKBQ,doi,10.7910,/,Harvard Dataverse,2022-04-27,s3://10.7910/DVN/K6TKBQ,dataset,dataset
3178914,DVN/JERCL1,https://doi.org/10.7910/DVN/JERCL1,doi,10.7910,/,Harvard Dataverse,2018-06-28,s3://10.7910/DVN/JERCL1,dataset,dataset
3178931,DVN/GSY2TA,https://doi.org/10.7910/DVN/GSY2TA,doi,10.7910,/,Harvard Dataverse,2018-06-28,s3://10.7910/DVN/GSY2TA,dataset,dataset
3178954,DVN/COEPP1,https://doi.org/10.7910/DVN/COEPP1,doi,10.7910,/,Harvard Dataverse,2018-06-28,s3://10.7910/DVN/COEPP1,dataset,dataset
3178958,DVN/ETNFCY,https://doi.org/10.7910/DVN/ETNFCY,doi,10.7910,/,Harvard Dataverse,2018-06-28,s3://10.7910/DVN/ETNFCY,dataset,dataset
3179163,DVN/VPZZCQ,https://doi.org/10.7910/DVN/VPZZCQ,doi,10.7910,/,Harvard Dataverse,2018-06-28,s3://10.7910/DVN/VPZZCQ,dataset,dataset
3179196,DVN/JCL4GT,https://doi.org/10.7910/DVN/JCL4GT,doi,10.7910,/,Harvard Dataverse,2018-06-28,s3://10.7910/DVN/JCL4GT,dataset,dataset
3179934,DVN/RHLJCR,https://doi.org/10.7910/DVN/RHLJCR,doi,10.7910,/,Harvard Dataverse,2018-06-28,s3://10.7910/DVN/RHLJCR,dataset,dataset
3180112,DVN/N6CT4V,https://doi.org/10.7910/DVN/N6CT4V,doi,10.7910,/,Harvard Dataverse,2018-06-28,s3://10.7910/DVN/N6CT4V,dataset,dataset
3180207,DVN/QJP7R3,https://doi.org/10.7910/DVN/QJP7R3,doi,10.7910,/,Harvard Dataverse,2018-06-28,s3://10.7910/DVN/QJP7R3,dataset,dataset
3181446,DVN/WWGLRS,https://doi.org/10.7910/DVN/WWGLRS,doi,10.7910,/,Harvard Dataverse,2018-06-28,s3://10.7910/DVN/WWGLRS,dataset,dataset
3182260,DVN/HT1WSA,https://doi.org/10.7910/DVN/HT1WSA,doi,10.7910,/,Harvard Dataverse,2018-07-05,s3://10.7910/DVN/HT1WSA,dataset,dataset
3182274,DVN/KDT7ZK,https://doi.org/10.7910/DVN/KDT7ZK,doi,10.7910,/,Harvard Dataverse,2018-07-05,s3://10.7910/DVN/KDT7ZK,dataset,dataset
3182278,DVN/UPBIE0,https://doi.org/10.7910/DVN/UPBIE0,doi,10.7910,/,Harvard Dataverse,2018-07-05,s3://10.7910/DVN/UPBIE0,dataset,dataset
3182281,DVN/ESIII1,https://doi.org/10.7910/DVN/ESIII1,doi,10.7910,/,Harvard Dataverse,2018-07-05,s3://10.7910/DVN/ESIII1,dataset,dataset
3182427,DVN/OXCIRN,https://doi.org/10.7910/DVN/OXCIRN,doi,10.7910,/,Harvard Dataverse,2018-07-05,s3://10.7910/DVN/OXCIRN,dataset,dataset
3182433,DVN/7AUAM2,https://doi.org/10.7910/DVN/7AUAM2,doi,10.7910,/,Harvard Dataverse,2018-07-05,s3://10.7910/DVN/7AUAM2,dataset,dataset
3182442,DVN/9RCMPV,https://doi.org/10.7910/DVN/9RCMPV,doi,10.7910,/,Harvard Dataverse,2018-07-05,s3://10.7910/DVN/9RCMPV,dataset,dataset
3182462,DVN/X40QIH,https://doi.org/10.7910/DVN/X40QIH,doi,10.7910,/,Harvard Dataverse,2018-07-05,s3://10.7910/DVN/X40QIH,dataset,dataset
3182471,DVN/PHVXJK,https://doi.org/10.7910/DVN/PHVXJK,doi,10.7910,/,Harvard Dataverse,2018-07-05,s3://10.7910/DVN/PHVXJK,dataset,dataset
3182493,DVN/3WCRKI,https://doi.org/10.7910/DVN/3WCRKI,doi,10.7910,/,Harvard Dataverse,2018-07-05,s3://10.7910/DVN/3WCRKI,dataset,dataset
3182496,DVN/MOIPE7,https://doi.org/10.7910/DVN/MOIPE7,doi,10.7910,/,Harvard Dataverse,2018-07-05,s3://10.7910/DVN/MOIPE7,dataset,dataset
3182501,DVN/F4N6RG,https://doi.org/10.7910/DVN/F4N6RG,doi,10.7910,/,Harvard Dataverse,2018-07-05,s3://10.7910/DVN/F4N6RG,dataset,dataset
3182506,DVN/Z5ZGNF,https://doi.org/10.7910/DVN/Z5ZGNF,doi,10.7910,/,Harvard Dataverse,2022-04-27,s3://10.7910/DVN/Z5ZGNF,dataset,dataset
3182507,DVN/MU6TUI,https://doi.org/10.7910/DVN/MU6TUI,doi,10.7910,/,Harvard Dataverse,2022-04-27,s3://10.7910/DVN/MU6TUI,dataset,dataset
3182508,DVN/JXJ9MV,https://doi.org/10.7910/DVN/JXJ9MV,doi,10.7910,/,Harvard Dataverse,2019-04-19,s3://10.7910/DVN/JXJ9MV,dataset,dataset
3182718,DVN/BOHZ2R,https://doi.org/10.7910/DVN/BOHZ2R,doi,10.7910,/,Harvard Dataverse,2018-07-05,s3://10.7910/DVN/BOHZ2R,dataset,dataset
3182721,DVN/ELRK4I,https://doi.org/10.7910/DVN/ELRK4I,doi,10.7910,/,Harvard Dataverse,2018-07-05,s3://10.7910/DVN/ELRK4I,dataset,dataset
3182724,DVN/HLPVPK,https://doi.org/10.7910/DVN/HLPVPK,doi,10.7910,/,Harvard Dataverse,2018-07-05,s3://10.7910/DVN/HLPVPK,dataset,dataset
3182728,DVN/QMTXDA,https://doi.org/10.7910/DVN/QMTXDA,doi,10.7910,/,Harvard Dataverse,2018-07-05,s3://10.7910/DVN/QMTXDA,dataset,dataset
3182734,DVN/1OU6OD,https://doi.org/10.7910/DVN/1OU6OD,doi,10.7910,/,Harvard Dataverse,2018-07-05,s3://10.7910/DVN/1OU6OD,dataset,dataset
3182740,DVN/VSVQGM,https://doi.org/10.7910/DVN/VSVQGM,doi,10.7910,/,Harvard Dataverse,2018-07-05,s3://10.7910/DVN/VSVQGM,dataset,dataset
3182745,DVN/SYYEVW,https://doi.org/10.7910/DVN/SYYEVW,doi,10.7910,/,Harvard Dataverse,2018-07-05,s3://10.7910/DVN/SYYEVW,dataset,dataset
3182781,DVN/M8ZMYB,https://doi.org/10.7910/DVN/M8ZMYB,doi,10.7910,/,Harvard Dataverse,2018-07-05,s3://10.7910/DVN/M8ZMYB,dataset,dataset
3182787,DVN/6HDOGE,https://doi.org/10.7910/DVN/6HDOGE,doi,10.7910,/,Harvard Dataverse,2018-07-05,s3://10.7910/DVN/6HDOGE,dataset,dataset
3182790,DVN/3NGR05,https://doi.org/10.7910/DVN/3NGR05,doi,10.7910,/,Harvard Dataverse,2018-07-05,s3://10.7910/DVN/3NGR05,dataset,dataset
3182815,DVN/DYKHRO,https://doi.org/10.7910/DVN/DYKHRO,doi,10.7910,/,Harvard Dataverse,2018-07-05,s3://10.7910/DVN/DYKHRO,dataset,dataset
3182819,DVN/7N6ZEX,https://doi.org/10.7910/DVN/7N6ZEX,doi,10.7910,/,Harvard Dataverse,2018-07-05,s3://10.7910/DVN/7N6ZEX,dataset,dataset
3182823,DVN/MIZNA2,https://doi.org/10.7910/DVN/MIZNA2,doi,10.7910,/,Harvard Dataverse,2018-07-05,s3://10.7910/DVN/MIZNA2,dataset,dataset
3182826,DVN/YG5CEX,https://doi.org/10.7910/DVN/YG5CEX,doi,10.7910,/,Harvard Dataverse,2018-07-05,s3://10.7910/DVN/YG5CEX,dataset,dataset
3182870,DVN/SEJBJU,https://doi.org/10.7910/DVN/SEJBJU,doi,10.7910,/,Harvard Dataverse,2018-07-05,s3://10.7910/DVN/SEJBJU,dataset,dataset
3182873,DVN/RLCGG9,https://doi.org/10.7910/DVN/RLCGG9,doi,10.7910,/,Harvard Dataverse,2018-07-05,s3://10.7910/DVN/RLCGG9,dataset,dataset
3183007,DVN/G4W5TQ,https://doi.org/10.7910/DVN/G4W5TQ,doi,10.7910,/,Harvard Dataverse,2018-07-05,s3://10.7910/DVN/G4W5TQ,dataset,dataset
3183013,DVN/B7G5PU,https://doi.org/10.7910/DVN/B7G5PU,doi,10.7910,/,Harvard Dataverse,2018-07-05,s3://10.7910/DVN/B7G5PU,dataset,dataset
3183018,DVN/UHE8TY,https://doi.org/10.7910/DVN/UHE8TY,doi,10.7910,/,Harvard Dataverse,2018-07-05,s3://10.7910/DVN/UHE8TY,dataset,dataset
3183025,DVN/NFIALV,https://doi.org/10.7910/DVN/NFIALV,doi,10.7910,/,Harvard Dataverse,2018-07-05,s3://10.7910/DVN/NFIALV,dataset,dataset
3183031,DVN/BIXWNU,https://doi.org/10.7910/DVN/BIXWNU,doi,10.7910,/,Harvard Dataverse,2018-07-05,s3://10.7910/DVN/BIXWNU,dataset,dataset
3183037,DVN/GISNCV,https://doi.org/10.7910/DVN/GISNCV,doi,10.7910,/,Harvard Dataverse,2018-07-05,s3://10.7910/DVN/GISNCV,dataset,dataset
3183081,DVN/Z7DN56,https://doi.org/10.7910/DVN/Z7DN56,doi,10.7910,/,Harvard Dataverse,2018-07-05,s3://10.7910/DVN/Z7DN56,dataset,dataset
3183086,DVN/NKIRJ5,https://doi.org/10.7910/DVN/NKIRJ5,doi,10.7910,/,Harvard Dataverse,2018-07-05,s3://10.7910/DVN/NKIRJ5,dataset,dataset
3183091,DVN/F43LHM,https://doi.org/10.7910/DVN/F43LHM,doi,10.7910,/,Harvard Dataverse,2018-07-05,s3://10.7910/DVN/F43LHM,dataset,dataset
3183094,DVN/REAYUP,https://doi.org/10.7910/DVN/REAYUP,doi,10.7910,/,Harvard Dataverse,2018-07-05,s3://10.7910/DVN/REAYUP,dataset,dataset
3183116,DVN/KEUWTT,https://doi.org/10.7910/DVN/KEUWTT,doi,10.7910,/,Harvard Dataverse,2018-07-05,s3://10.7910/DVN/KEUWTT,dataset,dataset
3183125,DVN/1NF57V,https://doi.org/10.7910/DVN/1NF57V,doi,10.7910,/,Harvard Dataverse,2018-07-05,s3://10.7910/DVN/1NF57V,dataset,dataset
3183131,DVN/EKEXC9,https://doi.org/10.7910/DVN/EKEXC9,doi,10.7910,/,Harvard Dataverse,2018-07-05,s3://10.7910/DVN/EKEXC9,dataset,dataset
3183203,DVN/ZT72MK,https://doi.org/10.7910/DVN/ZT72MK,doi,10.7910,/,Harvard Dataverse,2018-07-05,s3://10.7910/DVN/ZT72MK,dataset,dataset
3183207,DVN/XX1KYY,https://doi.org/10.7910/DVN/XX1KYY,doi,10.7910,/,Harvard Dataverse,2018-07-05,s3://10.7910/DVN/XX1KYY,dataset,dataset
3183214,DVN/1G1COY,https://doi.org/10.7910/DVN/1G1COY,doi,10.7910,/,Harvard Dataverse,2018-07-05,s3://10.7910/DVN/1G1COY,dataset,dataset
3183217,DVN/AD8UDU,https://doi.org/10.7910/DVN/AD8UDU,doi,10.7910,/,Harvard Dataverse,2018-07-05,s3://10.7910/DVN/AD8UDU,dataset,dataset
3183313,DVN/SR7VMM,https://doi.org/10.7910/DVN/SR7VMM,doi,10.7910,/,Harvard Dataverse,2018-07-05,s3://10.7910/DVN/SR7VMM,dataset,dataset
3183317,DVN/BTCLRP,https://doi.org/10.7910/DVN/BTCLRP,doi,10.7910,/,Harvard Dataverse,2018-07-05,s3://10.7910/DVN/BTCLRP,dataset,dataset
3183322,DVN/BR99GD,https://doi.org/10.7910/DVN/BR99GD,doi,10.7910,/,Harvard Dataverse,2018-07-05,s3://10.7910/DVN/BR99GD,dataset,dataset
3183326,DVN/ZIYJD8,https://doi.org/10.7910/DVN/ZIYJD8,doi,10.7910,/,Harvard Dataverse,2018-07-05,s3://10.7910/DVN/ZIYJD8,dataset,dataset
3183328,DVN/LKERIV,https://doi.org/10.7910/DVN/LKERIV,doi,10.7910,/,Harvard Dataverse,2018-07-05,s3://10.7910/DVN/LKERIV,dataset,dataset
3183332,DVN/Y2EMIO,https://doi.org/10.7910/DVN/Y2EMIO,doi,10.7910,/,Harvard Dataverse,2018-07-05,s3://10.7910/DVN/Y2EMIO,dataset,dataset
3183546,DVN/UC2TBL,https://doi.org/10.7910/DVN/UC2TBL,doi,10.7910,/,Harvard Dataverse,2018-07-05,s3://10.7910/DVN/UC2TBL,dataset,dataset
3183585,DVN/VOTSZE,https://doi.org/10.7910/DVN/VOTSZE,doi,10.7910,/,Harvard Dataverse,2018-07-06,s3://10.7910/DVN/VOTSZE,dataset,dataset
3183595,DVN/O1PMGO,https://doi.org/10.7910/DVN/O1PMGO,doi,10.7910,/,Harvard Dataverse,2018-07-06,s3://10.7910/DVN/O1PMGO,dataset,dataset
3183662,DVN/CL1OYE,https://doi.org/10.7910/DVN/CL1OYE,doi,10.7910,/,Harvard Dataverse,2018-07-06,s3://10.7910/DVN/CL1OYE,dataset,dataset
3183665,DVN/BNCZED,https://doi.org/10.7910/DVN/BNCZED,doi,10.7910,/,Harvard Dataverse,2018-07-06,s3://10.7910/DVN/BNCZED,dataset,dataset
3183668,DVN/EWLYQG,https://doi.org/10.7910/DVN/EWLYQG,doi,10.7910,/,Harvard Dataverse,2018-07-06,s3://10.7910/DVN/EWLYQG,dataset,dataset
3183671,DVN/DFIF4K,https://doi.org/10.7910/DVN/DFIF4K,doi,10.7910,/,Harvard Dataverse,2018-07-06,s3://10.7910/DVN/DFIF4K,dataset,dataset
3183675,DVN/UIKN4F,https://doi.org/10.7910/DVN/UIKN4F,doi,10.7910,/,Harvard Dataverse,2018-07-06,s3://10.7910/DVN/UIKN4F,dataset,dataset
3183972,DVN/0COWAL,https://doi.org/10.7910/DVN/0COWAL,doi,10.7910,/,Harvard Dataverse,2018-07-06,s3://10.7910/DVN/0COWAL,dataset,dataset
3183988,DVN/VJ24XV,https://doi.org/10.7910/DVN/VJ24XV,doi,10.7910,/,Harvard Dataverse,2018-07-06,s3://10.7910/DVN/VJ24XV,dataset,dataset
3183992,DVN/CHEEWL,https://doi.org/10.7910/DVN/CHEEWL,doi,10.7910,/,Harvard Dataverse,2018-07-06,s3://10.7910/DVN/CHEEWL,dataset,dataset
3184004,DVN/GFXLI7,https://doi.org/10.7910/DVN/GFXLI7,doi,10.7910,/,Harvard Dataverse,2018-07-06,s3://10.7910/DVN/GFXLI7,dataset,dataset
3184007,DVN/TOADKZ,https://doi.org/10.7910/DVN/TOADKZ,doi,10.7910,/,Harvard Dataverse,2018-07-06,s3://10.7910/DVN/TOADKZ,dataset,dataset
3184039,DVN/ZDAUXW,https://doi.org/10.7910/DVN/ZDAUXW,doi,10.7910,/,Harvard Dataverse,2018-07-07,s3://10.7910/DVN/ZDAUXW,dataset,dataset
3184093,DVN/TUCJAY,https://doi.org/10.7910/DVN/TUCJAY,doi,10.7910,/,Harvard Dataverse,2018-07-07,s3://10.7910/DVN/TUCJAY,dataset,dataset
3184097,DVN/4UVM79,https://doi.org/10.7910/DVN/4UVM79,doi,10.7910,/,Harvard Dataverse,2018-07-07,s3://10.7910/DVN/4UVM79,dataset,dataset
3184107,DVN/TDHMNE,https://doi.org/10.7910/DVN/TDHMNE,doi,10.7910,/,Harvard Dataverse,2018-07-07,s3://10.7910/DVN/TDHMNE,dataset,dataset
3184110,DVN/SJZ9MY,https://doi.org/10.7910/DVN/SJZ9MY,doi,10.7910,/,Harvard Dataverse,2018-07-07,s3://10.7910/DVN/SJZ9MY,dataset,dataset
3184113,DVN/O8IPXU,https://doi.org/10.7910/DVN/O8IPXU,doi,10.7910,/,Harvard Dataverse,2018-07-07,s3://10.7910/DVN/O8IPXU,dataset,dataset
3184219,DVN/6DVBTI,https://doi.org/10.7910/DVN/6DVBTI,doi,10.7910,/,Harvard Dataverse,2018-07-09,s3://10.7910/DVN/6DVBTI,dataset,dataset
3184226,DVN/2TTPKI,https://doi.org/10.7910/DVN/2TTPKI,doi,10.7910,/,Harvard Dataverse,2018-07-09,s3://10.7910/DVN/2TTPKI,dataset,dataset
3184238,DVN/N5W2JZ,https://doi.org/10.7910/DVN/N5W2JZ,doi,10.7910,/,Harvard Dataverse,2018-07-09,s3://10.7910/DVN/N5W2JZ,dataset,dataset
3184242,DVN/MFDDLJ,https://doi.org/10.7910/DVN/MFDDLJ,doi,10.7910,/,Harvard Dataverse,2018-07-09,s3://10.7910/DVN/MFDDLJ,dataset,dataset
3184244,DVN/5JMNRV,https://doi.org/10.7910/DVN/5JMNRV,doi,10.7910,/,Harvard Dataverse,2018-07-09,s3://10.7910/DVN/5JMNRV,dataset,dataset
3184248,DVN/BXEBPQ,https://doi.org/10.7910/DVN/BXEBPQ,doi,10.7910,/,Harvard Dataverse,2018-07-09,s3://10.7910/DVN/BXEBPQ,dataset,dataset
3184267,DVN/Q5AIOP,https://doi.org/10.7910/DVN/Q5AIOP,doi,10.7910,/,Harvard Dataverse,2018-07-09,s3://10.7910/DVN/Q5AIOP,dataset,dataset
3184318,DVN/IW2NMF,https://doi.org/10.7910/DVN/IW2NMF,doi,10.7910,/,Harvard Dataverse,2018-07-09,s3://10.7910/DVN/IW2NMF,dataset,dataset
3184322,DVN/WLQCI4,https://doi.org/10.7910/DVN/WLQCI4,doi,10.7910,/,Harvard Dataverse,2018-07-09,s3://10.7910/DVN/WLQCI4,dataset,dataset
3184326,DVN/61HQCY,https://doi.org/10.7910/DVN/61HQCY,doi,10.7910,/,Harvard Dataverse,2018-07-09,s3://10.7910/DVN/61HQCY,dataset,dataset
3184334,DVN/8GUO4D,https://doi.org/10.7910/DVN/8GUO4D,doi,10.7910,/,Harvard Dataverse,2018-07-09,s3://10.7910/DVN/8GUO4D,dataset,dataset
3184338,DVN/2BJPFE,https://doi.org/10.7910/DVN/2BJPFE,doi,10.7910,/,Harvard Dataverse,2018-07-09,s3://10.7910/DVN/2BJPFE,dataset,dataset
3184367,DVN/BUYITG,https://doi.org/10.7910/DVN/BUYITG,doi,10.7910,/,Harvard Dataverse,2018-07-09,s3://10.7910/DVN/BUYITG,dataset,dataset
3184375,DVN/TQ3QOQ,https://doi.org/10.7910/DVN/TQ3QOQ,doi,10.7910,/,Harvard Dataverse,2018-07-09,s3://10.7910/DVN/TQ3QOQ,dataset,dataset
3184379,DVN/WJUNCD,https://doi.org/10.7910/DVN/WJUNCD,doi,10.7910,/,Harvard Dataverse,2018-07-09,s3://10.7910/DVN/WJUNCD,dataset,dataset
3184389,DVN/8QXG2B,https://doi.org/10.7910/DVN/8QXG2B,doi,10.7910,/,Harvard Dataverse,2018-07-09,s3://10.7910/DVN/8QXG2B,dataset,dataset
3184536,DVN/HHIGFD,https://doi.org/10.7910/DVN/HHIGFD,doi,10.7910,/,Harvard Dataverse,2018-07-10,s3://10.7910/DVN/HHIGFD,dataset,dataset
3184540,DVN/XFNBZ6,https://doi.org/10.7910/DVN/XFNBZ6,doi,10.7910,/,Harvard Dataverse,2018-07-10,s3://10.7910/DVN/XFNBZ6,dataset,dataset
3184545,DVN/52VIWE,https://doi.org/10.7910/DVN/52VIWE,doi,10.7910,/,Harvard Dataverse,2018-07-10,s3://10.7910/DVN/52VIWE,dataset,dataset
3184549,DVN/BZESQM,https://doi.org/10.7910/DVN/BZESQM,doi,10.7910,/,Harvard Dataverse,2018-07-10,s3://10.7910/DVN/BZESQM,dataset,dataset
3184552,DVN/PNRXXK,https://doi.org/10.7910/DVN/PNRXXK,doi,10.7910,/,Harvard Dataverse,2018-07-10,s3://10.7910/DVN/PNRXXK,dataset,dataset
3184556,DVN/4N9QYR,https://doi.org/10.7910/DVN/4N9QYR,doi,10.7910,/,Harvard Dataverse,2018-07-10,s3://10.7910/DVN/4N9QYR,dataset,dataset
3184559,DVN/RRNDRA,https://doi.org/10.7910/DVN/RRNDRA,doi,10.7910,/,Harvard Dataverse,2018-07-10,s3://10.7910/DVN/RRNDRA,dataset,dataset
3184561,DVN/PLMF84,https://doi.org/10.7910/DVN/PLMF84,doi,10.7910,/,Harvard Dataverse,2018-07-10,s3://10.7910/DVN/PLMF84,dataset,dataset
3184564,DVN/RNEDUG,https://doi.org/10.7910/DVN/RNEDUG,doi,10.7910,/,Harvard Dataverse,2018-07-10,s3://10.7910/DVN/RNEDUG,dataset,dataset
3184568,DVN/JRGEMU,https://doi.org/10.7910/DVN/JRGEMU,doi,10.7910,/,Harvard Dataverse,2018-07-10,s3://10.7910/DVN/JRGEMU,dataset,dataset
3184614,DVN/41LVLG,https://doi.org/10.7910/DVN/41LVLG,doi,10.7910,/,Harvard Dataverse,2018-07-10,s3://10.7910/DVN/41LVLG,dataset,dataset
3184712,DVN/O7OHWJ,https://doi.org/10.7910/DVN/O7OHWJ,doi,10.7910,/,Harvard Dataverse,2018-07-10,s3://10.7910/DVN/O7OHWJ,dataset,dataset
3184714,DVN/RESQGA,https://doi.org/10.7910/DVN/RESQGA,doi,10.7910,/,Harvard Dataverse,2018-07-10,s3://10.7910/DVN/RESQGA,dataset,dataset
3184738,DVN/WOEWTX,https://doi.org/10.7910/DVN/WOEWTX,doi,10.7910,/,Harvard Dataverse,2018-07-10,s3://10.7910/DVN/WOEWTX,dataset,dataset
3184741,DVN/GAR99G,https://doi.org/10.7910/DVN/GAR99G,doi,10.7910,/,Harvard Dataverse,2018-07-10,s3://10.7910/DVN/GAR99G,dataset,dataset
3184912,DVN/JV8QRH,https://doi.org/10.7910/DVN/JV8QRH,doi,10.7910,/,Harvard Dataverse,2018-07-11,s3://10.7910/DVN/JV8QRH,dataset,dataset
3184916,DVN/FGUCEF,https://doi.org/10.7910/DVN/FGUCEF,doi,10.7910,/,Harvard Dataverse,2018-07-11,s3://10.7910/DVN/FGUCEF,dataset,dataset
3184920,DVN/N2GGZ1,https://doi.org/10.7910/DVN/N2GGZ1,doi,10.7910,/,Harvard Dataverse,2018-07-11,s3://10.7910/DVN/N2GGZ1,dataset,dataset
3184923,DVN/IM4UE3,https://doi.org/10.7910/DVN/IM4UE3,doi,10.7910,/,Harvard Dataverse,2018-07-11,s3://10.7910/DVN/IM4UE3,dataset,dataset
3184932,DVN/D069OK,https://doi.org/10.7910/DVN/D069OK,doi,10.7910,/,Harvard Dataverse,2018-07-11,s3://10.7910/DVN/D069OK,dataset,dataset
3185154,DVN/4QKMAM,https://doi.org/10.7910/DVN/4QKMAM,doi,10.7910,/,Harvard Dataverse,2018-07-13,s3://10.7910/DVN/4QKMAM,dataset,dataset
3185166,DVN/ZXSSVW,https://doi.org/10.7910/DVN/ZXSSVW,doi,10.7910,/,Harvard Dataverse,2018-07-13,s3://10.7910/DVN/ZXSSVW,dataset,dataset
3185180,DVN/ZOOW11,https://doi.org/10.7910/DVN/ZOOW11,doi,10.7910,/,Harvard Dataverse,2018-07-13,s3://10.7910/DVN/ZOOW11,dataset,dataset
3185186,DVN/TX3VWP,https://doi.org/10.7910/DVN/TX3VWP,doi,10.7910,/,Harvard Dataverse,2018-07-13,s3://10.7910/DVN/TX3VWP,dataset,dataset
3185190,DVN/EJJAJ6,https://doi.org/10.7910/DVN/EJJAJ6,doi,10.7910,/,Harvard Dataverse,2018-07-13,s3://10.7910/DVN/EJJAJ6,dataset,dataset
3185193,DVN/NEJIDX,https://doi.org/10.7910/DVN/NEJIDX,doi,10.7910,/,Harvard Dataverse,2018-07-13,s3://10.7910/DVN/NEJIDX,dataset,dataset
3185196,DVN/TCJLUW,https://doi.org/10.7910/DVN/TCJLUW,doi,10.7910,/,Harvard Dataverse,2018-07-13,s3://10.7910/DVN/TCJLUW,dataset,dataset
3185360,DVN/TBY2KK,https://doi.org/10.7910/DVN/TBY2KK,doi,10.7910,/,Harvard Dataverse,2018-07-13,s3://10.7910/DVN/TBY2KK,dataset,dataset
3185367,DVN/BJATY1,https://doi.org/10.7910/DVN/BJATY1,doi,10.7910,/,Harvard Dataverse,2018-07-13,s3://10.7910/DVN/BJATY1,dataset,dataset
3185478,DVN/Q1IWXQ,https://doi.org/10.7910/DVN/Q1IWXQ,doi,10.7910,/,Harvard Dataverse,2018-07-13,s3://10.7910/DVN/Q1IWXQ,dataset,dataset
3185481,DVN/QDELJ8,https://doi.org/10.7910/DVN/QDELJ8,doi,10.7910,/,Harvard Dataverse,2018-07-13,s3://10.7910/DVN/QDELJ8,dataset,dataset
3185486,DVN/AAOROC,https://doi.org/10.7910/DVN/AAOROC,doi,10.7910,/,Harvard Dataverse,2018-07-13,s3://10.7910/DVN/AAOROC,dataset,dataset
3185582,DVN/ULAVUA,https://doi.org/10.7910/DVN/ULAVUA,doi,10.7910,/,Harvard Dataverse,2018-07-14,s3://10.7910/DVN/ULAVUA,dataset,dataset
3185592,DVN/KKU9SC,https://doi.org/10.7910/DVN/KKU9SC,doi,10.7910,/,Harvard Dataverse,2018-07-14,s3://10.7910/DVN/KKU9SC,dataset,dataset
3185595,DVN/A6UJAQ,https://doi.org/10.7910/DVN/A6UJAQ,doi,10.7910,/,Harvard Dataverse,2018-07-14,s3://10.7910/DVN/A6UJAQ,dataset,dataset
3185603,DVN/TXO7BA,https://doi.org/10.7910/DVN/TXO7BA,doi,10.7910,/,Harvard Dataverse,2018-07-14,s3://10.7910/DVN/TXO7BA,dataset,dataset
3185609,DVN/XYS5UJ,https://doi.org/10.7910/DVN/XYS5UJ,doi,10.7910,/,Harvard Dataverse,2018-07-14,s3://10.7910/DVN/XYS5UJ,dataset,dataset
3185612,DVN/0EDGGP,https://doi.org/10.7910/DVN/0EDGGP,doi,10.7910,/,Harvard Dataverse,2018-07-14,s3://10.7910/DVN/0EDGGP,dataset,dataset
3185615,DVN/WGEAK6,https://doi.org/10.7910/DVN/WGEAK6,doi,10.7910,/,Harvard Dataverse,2019-04-19,s3://10.7910/DVN/WGEAK6,dataset,dataset
3185616,DVN/R20TN3,https://doi.org/10.7910/DVN/R20TN3,doi,10.7910,/,Harvard Dataverse,2018-07-14,s3://10.7910/DVN/R20TN3,dataset,dataset
3185620,DVN/WETJ80,https://doi.org/10.7910/DVN/WETJ80,doi,10.7910,/,Harvard Dataverse,2018-07-14,s3://10.7910/DVN/WETJ80,dataset,dataset
3185623,DVN/SARLG6,https://doi.org/10.7910/DVN/SARLG6,doi,10.7910,/,Harvard Dataverse,2018-07-14,s3://10.7910/DVN/SARLG6,dataset,dataset
3185626,DVN/UENCQR,https://doi.org/10.7910/DVN/UENCQR,doi,10.7910,/,Harvard Dataverse,2018-07-14,s3://10.7910/DVN/UENCQR,dataset,dataset
3185665,DVN/50NQLW,https://doi.org/10.7910/DVN/50NQLW,doi,10.7910,/,Harvard Dataverse,2018-07-14,s3://10.7910/DVN/50NQLW,dataset,dataset
3185673,DVN/TBKV7W,https://doi.org/10.7910/DVN/TBKV7W,doi,10.7910,/,Harvard Dataverse,2018-07-15,s3://10.7910/DVN/TBKV7W,dataset,dataset
3185677,DVN/HGLIES,https://doi.org/10.7910/DVN/HGLIES,doi,10.7910,/,Harvard Dataverse,2018-07-15,s3://10.7910/DVN/HGLIES,dataset,dataset
3185685,DVN/Z1INJJ,https://doi.org/10.7910/DVN/Z1INJJ,doi,10.7910,/,Harvard Dataverse,2018-07-15,s3://10.7910/DVN/Z1INJJ,dataset,dataset
3185690,DVN/HFIJ07,https://doi.org/10.7910/DVN/HFIJ07,doi,10.7910,/,Harvard Dataverse,2018-07-15,s3://10.7910/DVN/HFIJ07,dataset,dataset
3185696,DVN/E9EEO3,https://doi.org/10.7910/DVN/E9EEO3,doi,10.7910,/,Harvard Dataverse,2018-07-15,s3://10.7910/DVN/E9EEO3,dataset,dataset
3185699,DVN/IVYYYZ,https://doi.org/10.7910/DVN/IVYYYZ,doi,10.7910,/,Harvard Dataverse,2018-07-15,s3://10.7910/DVN/IVYYYZ,dataset,dataset
3185760,DVN/5RZSHQ,https://doi.org/10.7910/DVN/5RZSHQ,doi,10.7910,/,Harvard Dataverse,2018-07-16,s3://10.7910/DVN/5RZSHQ,dataset,dataset
3185765,DVN/VX5NXO,https://doi.org/10.7910/DVN/VX5NXO,doi,10.7910,/,Harvard Dataverse,2018-07-16,s3://10.7910/DVN/VX5NXO,dataset,dataset
3185769,DVN/NSEOHP,https://doi.org/10.7910/DVN/NSEOHP,doi,10.7910,/,Harvard Dataverse,2018-07-16,s3://10.7910/DVN/NSEOHP,dataset,dataset
3185772,DVN/GLEY3J,https://doi.org/10.7910/DVN/GLEY3J,doi,10.7910,/,Harvard Dataverse,2018-07-16,s3://10.7910/DVN/GLEY3J,dataset,dataset
3185778,DVN/ZSIQSC,https://doi.org/10.7910/DVN/ZSIQSC,doi,10.7910,/,Harvard Dataverse,2018-07-16,s3://10.7910/DVN/ZSIQSC,dataset,dataset
3185781,DVN/ANZ6RK,https://doi.org/10.7910/DVN/ANZ6RK,doi,10.7910,/,Harvard Dataverse,2018-07-16,s3://10.7910/DVN/ANZ6RK,dataset,dataset
3192527,DVN/IMB3J2,https://doi.org/10.7910/DVN/IMB3J2,doi,10.7910,/,Harvard Dataverse,2018-07-17,s3://10.7910/DVN/IMB3J2,dataset,dataset
3192530,DVN/NJHWEJ,https://doi.org/10.7910/DVN/NJHWEJ,doi,10.7910,/,Harvard Dataverse,2018-07-17,s3://10.7910/DVN/NJHWEJ,dataset,dataset
3192550,DVN/MZV8SJ,https://doi.org/10.7910/DVN/MZV8SJ,doi,10.7910,/,Harvard Dataverse,2018-07-17,s3://10.7910/DVN/MZV8SJ,dataset,dataset
3192553,DVN/C039TM,https://doi.org/10.7910/DVN/C039TM,doi,10.7910,/,Harvard Dataverse,2018-07-17,s3://10.7910/DVN/C039TM,dataset,dataset
3192561,DVN/NJHQ8Y,https://doi.org/10.7910/DVN/NJHQ8Y,doi,10.7910,/,Harvard Dataverse,2018-07-17,s3://10.7910/DVN/NJHQ8Y,dataset,dataset
3192564,DVN/SQF8PX,https://doi.org/10.7910/DVN/SQF8PX,doi,10.7910,/,Harvard Dataverse,2018-07-17,s3://10.7910/DVN/SQF8PX,dataset,dataset
3192580,DVN/BOZ0QO,https://doi.org/10.7910/DVN/BOZ0QO,doi,10.7910,/,Harvard Dataverse,2018-07-17,s3://10.7910/DVN/BOZ0QO,dataset,dataset
3192589,DVN/LI1BK4,https://doi.org/10.7910/DVN/LI1BK4,doi,10.7910,/,Harvard Dataverse,2018-07-17,s3://10.7910/DVN/LI1BK4,dataset,dataset
3192591,DVN/MCU7GO,https://doi.org/10.7910/DVN/MCU7GO,doi,10.7910,/,Harvard Dataverse,2018-07-17,s3://10.7910/DVN/MCU7GO,dataset,dataset
3193992,DVN/IVIBHG,https://doi.org/10.7910/DVN/IVIBHG,doi,10.7910,/,Harvard Dataverse,2018-07-18,s3://10.7910/DVN/IVIBHG,dataset,dataset
3193996,DVN/Y1ZHZD,https://doi.org/10.7910/DVN/Y1ZHZD,doi,10.7910,/,Harvard Dataverse,2018-07-18,s3://10.7910/DVN/Y1ZHZD,dataset,dataset
3194002,DVN/RTSCG3,https://doi.org/10.7910/DVN/RTSCG3,doi,10.7910,/,Harvard Dataverse,2018-07-18,s3://10.7910/DVN/RTSCG3,dataset,dataset
3194008,DVN/KERCCN,https://doi.org/10.7910/DVN/KERCCN,doi,10.7910,/,Harvard Dataverse,2018-07-18,s3://10.7910/DVN/KERCCN,dataset,dataset
3194023,DVN/ZFEMA2,https://doi.org/10.7910/DVN/ZFEMA2,doi,10.7910,/,Harvard Dataverse,2018-07-18,s3://10.7910/DVN/ZFEMA2,dataset,dataset
3194026,DVN/AGZHQW,https://doi.org/10.7910/DVN/AGZHQW,doi,10.7910,/,Harvard Dataverse,2018-07-18,s3://10.7910/DVN/AGZHQW,dataset,dataset
3194213,DVN/B6TN91,https://doi.org/10.7910/DVN/B6TN91,doi,10.7910,/,Harvard Dataverse,2018-07-19,s3://10.7910/DVN/B6TN91,dataset,dataset
3194226,DVN/SSND4R,https://doi.org/10.7910/DVN/SSND4R,doi,10.7910,/,Harvard Dataverse,2018-07-19,s3://10.7910/DVN/SSND4R,dataset,dataset
3194240,DVN/GIO1FR,https://doi.org/10.7910/DVN/GIO1FR,doi,10.7910,/,Harvard Dataverse,2018-07-19,s3://10.7910/DVN/GIO1FR,dataset,dataset
3194244,DVN/OG0VYB,https://doi.org/10.7910/DVN/OG0VYB,doi,10.7910,/,Harvard Dataverse,2018-07-19,s3://10.7910/DVN/OG0VYB,dataset,dataset
3194270,DVN/NGD6P6,https://doi.org/10.7910/DVN/NGD6P6,doi,10.7910,/,Harvard Dataverse,2018-07-19,s3://10.7910/DVN/NGD6P6,dataset,dataset
3194289,DVN/EQSWX7,https://doi.org/10.7910/DVN/EQSWX7,doi,10.7910,/,Harvard Dataverse,2018-07-19,s3://10.7910/DVN/EQSWX7,dataset,dataset
3194357,DVN/H2EVNE,https://doi.org/10.7910/DVN/H2EVNE,doi,10.7910,/,Harvard Dataverse,2018-07-19,s3://10.7910/DVN/H2EVNE,dataset,dataset
3194536,DVN/RXDQP1,https://doi.org/10.7910/DVN/RXDQP1,doi,10.7910,/,Harvard Dataverse,2018-07-19,s3://10.7910/DVN/RXDQP1,dataset,dataset
3194541,DVN/CYICNZ,https://doi.org/10.7910/DVN/CYICNZ,doi,10.7910,/,Harvard Dataverse,2018-07-19,s3://10.7910/DVN/CYICNZ,dataset,dataset
3194545,DVN/HDOLHE,https://doi.org/10.7910/DVN/HDOLHE,doi,10.7910,/,Harvard Dataverse,2018-07-19,s3://10.7910/DVN/HDOLHE,dataset,dataset
3194548,DVN/DVK8OP,https://doi.org/10.7910/DVN/DVK8OP,doi,10.7910,/,Harvard Dataverse,2018-07-19,s3://10.7910/DVN/DVK8OP,dataset,dataset
3194552,DVN/CMIBWN,https://doi.org/10.7910/DVN/CMIBWN,doi,10.7910,/,Harvard Dataverse,2018-07-19,s3://10.7910/DVN/CMIBWN,dataset,dataset
3194554,DVN/FZHJUM,https://doi.org/10.7910/DVN/FZHJUM,doi,10.7910,/,Harvard Dataverse,2018-07-20,s3://10.7910/DVN/FZHJUM,dataset,dataset
3194730,DVN/EDSACZ,https://doi.org/10.7910/DVN/EDSACZ,doi,10.7910,/,Harvard Dataverse,2018-07-21,s3://10.7910/DVN/EDSACZ,dataset,dataset
3194733,DVN/BMXZLE,https://doi.org/10.7910/DVN/BMXZLE,doi,10.7910,/,Harvard Dataverse,2018-07-21,s3://10.7910/DVN/BMXZLE,dataset,dataset
3194737,DVN/WY3QZS,https://doi.org/10.7910/DVN/WY3QZS,doi,10.7910,/,Harvard Dataverse,2018-07-21,s3://10.7910/DVN/WY3QZS,dataset,dataset
3194741,DVN/LYGLR8,https://doi.org/10.7910/DVN/LYGLR8,doi,10.7910,/,Harvard Dataverse,2018-07-21,s3://10.7910/DVN/LYGLR8,dataset,dataset
3195692,DVN/PSOFAU,https://doi.org/10.7910/DVN/PSOFAU,doi,10.7910,/,Harvard Dataverse,2019-04-19,s3://10.7910/DVN/PSOFAU,dataset,dataset
3196435,DVN/XICFI5,https://doi.org/10.7910/DVN/XICFI5,doi,10.7910,/,Harvard Dataverse,2018-07-28,s3://10.7910/DVN/XICFI5,dataset,dataset
3196436,DVN/YETMOY,https://doi.org/10.7910/DVN/YETMOY,doi,10.7910,/,Harvard Dataverse,2018-07-28,s3://10.7910/DVN/YETMOY,dataset,dataset
3202494,DVN/ZAPWHZ,https://doi.org/10.7910/DVN/ZAPWHZ,doi,10.7910,/,Harvard Dataverse,2018-08-07,s3://10.7910/DVN/ZAPWHZ,dataset,dataset
3202508,DVN/GGN0AV,https://doi.org/10.7910/DVN/GGN0AV,doi,10.7910,/,Harvard Dataverse,2018-08-07,s3://10.7910/DVN/GGN0AV,dataset,dataset
3202516,DVN/K5MT68,https://doi.org/10.7910/DVN/K5MT68,doi,10.7910,/,Harvard Dataverse,2018-08-07,s3://10.7910/DVN/K5MT68,dataset,dataset
3202526,DVN/LP1F7C,https://doi.org/10.7910/DVN/LP1F7C,doi,10.7910,/,Harvard Dataverse,2018-08-07,s3://10.7910/DVN/LP1F7C,dataset,dataset
3202538,DVN/W8AAYK,https://doi.org/10.7910/DVN/W8AAYK,doi,10.7910,/,Harvard Dataverse,2018-08-07,s3://10.7910/DVN/W8AAYK,dataset,dataset
3202578,DVN/MFR950,https://doi.org/10.7910/DVN/MFR950,doi,10.7910,/,Harvard Dataverse,2018-08-07,s3://10.7910/DVN/MFR950,dataset,dataset
3202583,DVN/3EUZ4G,https://doi.org/10.7910/DVN/3EUZ4G,doi,10.7910,/,Harvard Dataverse,2018-08-07,s3://10.7910/DVN/3EUZ4G,dataset,dataset
3202595,DVN/UVC4CI,https://doi.org/10.7910/DVN/UVC4CI,doi,10.7910,/,Harvard Dataverse,2018-08-07,s3://10.7910/DVN/UVC4CI,dataset,dataset
3202603,DVN/XVAEWG,https://doi.org/10.7910/DVN/XVAEWG,doi,10.7910,/,Harvard Dataverse,2018-08-08,s3://10.7910/DVN/XVAEWG,dataset,dataset
3202701,DVN/NZCGYX,https://doi.org/10.7910/DVN/NZCGYX,doi,10.7910,/,Harvard Dataverse,2018-08-08,s3://10.7910/DVN/NZCGYX,dataset,dataset
3202720,DVN/2DLCPZ,https://doi.org/10.7910/DVN/2DLCPZ,doi,10.7910,/,Harvard Dataverse,2018-08-08,s3://10.7910/DVN/2DLCPZ,dataset,dataset
3202768,DVN/KMRVWY,https://doi.org/10.7910/DVN/KMRVWY,doi,10.7910,/,Harvard Dataverse,2018-08-08,s3://10.7910/DVN/KMRVWY,dataset,dataset
3202774,DVN/QUBP7M,https://doi.org/10.7910/DVN/QUBP7M,doi,10.7910,/,Harvard Dataverse,2018-08-08,s3://10.7910/DVN/QUBP7M,dataset,dataset
3202780,DVN/X2MB9M,https://doi.org/10.7910/DVN/X2MB9M,doi,10.7910,/,Harvard Dataverse,2018-08-08,s3://10.7910/DVN/X2MB9M,dataset,dataset
3202785,DVN/TYZK9Z,https://doi.org/10.7910/DVN/TYZK9Z,doi,10.7910,/,Harvard Dataverse,2018-08-08,s3://10.7910/DVN/TYZK9Z,dataset,dataset
3203034,DVN/EMK9FB,https://doi.org/10.7910/DVN/EMK9FB,doi,10.7910,/,Harvard Dataverse,2018-08-08,s3://10.7910/DVN/EMK9FB,dataset,dataset
3203931,DVN/UR5TNI,https://doi.org/10.7910/DVN/UR5TNI,doi,10.7910,/,Harvard Dataverse,2018-08-08,s3://10.7910/DVN/UR5TNI,dataset,dataset
3204092,DVN/IGLWYD,https://doi.org/10.7910/DVN/IGLWYD,doi,10.7910,/,Harvard Dataverse,2018-08-10,s3://10.7910/DVN/IGLWYD,dataset,dataset
3204116,DVN/44XF6M,https://doi.org/10.7910/DVN/44XF6M,doi,10.7910,/,Harvard Dataverse,2018-08-10,s3://10.7910/DVN/44XF6M,dataset,dataset
3204126,DVN/R1M1ID,https://doi.org/10.7910/DVN/R1M1ID,doi,10.7910,/,Harvard Dataverse,2018-08-10,s3://10.7910/DVN/R1M1ID,dataset,dataset
3204130,DVN/XY2TUK,https://doi.org/10.7910/DVN/XY2TUK,doi,10.7910,/,Harvard Dataverse,2018-08-10,s3://10.7910/DVN/XY2TUK,dataset,dataset
3204420,DVN/YAPXVG,https://doi.org/10.7910/DVN/YAPXVG,doi,10.7910,/,Harvard Dataverse,2018-08-10,s3://10.7910/DVN/YAPXVG,dataset,dataset
3204433,DVN/VCKGUZ,https://doi.org/10.7910/DVN/VCKGUZ,doi,10.7910,/,Harvard Dataverse,2018-08-10,s3://10.7910/DVN/VCKGUZ,dataset,dataset
3204438,DVN/M3CIGK,https://doi.org/10.7910/DVN/M3CIGK,doi,10.7910,/,Harvard Dataverse,2018-08-15,s3://10.7910/DVN/M3CIGK,dataset,dataset
3204450,DVN/CTMZX8,https://doi.org/10.7910/DVN/CTMZX8,doi,10.7910,/,Harvard Dataverse,2018-08-10,s3://10.7910/DVN/CTMZX8,dataset,dataset
3204460,DVN/BTUTYP,https://doi.org/10.7910/DVN/BTUTYP,doi,10.7910,/,Harvard Dataverse,2018-08-10,s3://10.7910/DVN/BTUTYP,dataset,dataset
3204486,DVN/2QS4R8,https://doi.org/10.7910/DVN/2QS4R8,doi,10.7910,/,Harvard Dataverse,2018-08-11,s3://10.7910/DVN/2QS4R8,dataset,dataset
3204495,DVN/0UNYW3,https://doi.org/10.7910/DVN/0UNYW3,doi,10.7910,/,Harvard Dataverse,2018-08-11,s3://10.7910/DVN/0UNYW3,dataset,dataset
3204808,DVN/FAG8BP,https://doi.org/10.7910/DVN/FAG8BP,doi,10.7910,/,Harvard Dataverse,2018-08-11,s3://10.7910/DVN/FAG8BP,dataset,dataset
3204927,DVN/P3SPTY,https://doi.org/10.7910/DVN/P3SPTY,doi,10.7910,/,Harvard Dataverse,2019-04-19,s3://10.7910/DVN/P3SPTY,dataset,dataset
3204934,DVN/VFNSX6,https://doi.org/10.7910/DVN/VFNSX6,doi,10.7910,/,Harvard Dataverse,2018-08-11,s3://10.7910/DVN/VFNSX6,dataset,dataset
3204941,DVN/MJ4RFL,https://doi.org/10.7910/DVN/MJ4RFL,doi,10.7910,/,Harvard Dataverse,2018-08-11,s3://10.7910/DVN/MJ4RFL,dataset,dataset
3204947,DVN/TF046M,https://doi.org/10.7910/DVN/TF046M,doi,10.7910,/,Harvard Dataverse,2018-08-12,s3://10.7910/DVN/TF046M,dataset,dataset
3205278,DVN/2AV2CC,https://doi.org/10.7910/DVN/2AV2CC,doi,10.7910,/,Harvard Dataverse,2018-08-12,s3://10.7910/DVN/2AV2CC,dataset,dataset
3205297,DVN/B47FTE,https://doi.org/10.7910/DVN/B47FTE,doi,10.7910,/,Harvard Dataverse,2018-08-12,s3://10.7910/DVN/B47FTE,dataset,dataset
3205309,DVN/4L80PR,https://doi.org/10.7910/DVN/4L80PR,doi,10.7910,/,Harvard Dataverse,2018-08-12,s3://10.7910/DVN/4L80PR,dataset,dataset
3205313,DVN/EM3QGY,https://doi.org/10.7910/DVN/EM3QGY,doi,10.7910,/,Harvard Dataverse,2018-08-12,s3://10.7910/DVN/EM3QGY,dataset,dataset
3205317,DVN/RTFF2X,https://doi.org/10.7910/DVN/RTFF2X,doi,10.7910,/,Harvard Dataverse,2018-08-12,s3://10.7910/DVN/RTFF2X,dataset,dataset
3205321,DVN/3YK0HL,https://doi.org/10.7910/DVN/3YK0HL,doi,10.7910,/,Harvard Dataverse,2018-08-12,s3://10.7910/DVN/3YK0HL,dataset,dataset
3205701,DVN/TLBTYD,https://doi.org/10.7910/DVN/TLBTYD,doi,10.7910,/,Harvard Dataverse,2018-08-12,s3://10.7910/DVN/TLBTYD,dataset,dataset
3205732,DVN/VMOCHO,https://doi.org/10.7910/DVN/VMOCHO,doi,10.7910,/,Harvard Dataverse,2018-08-13,s3://10.7910/DVN/VMOCHO,dataset,dataset
3205740,DVN/G8AF5G,https://doi.org/10.7910/DVN/G8AF5G,doi,10.7910,/,Harvard Dataverse,2018-08-13,s3://10.7910/DVN/G8AF5G,dataset,dataset
3205794,DVN/56L9JP,https://doi.org/10.7910/DVN/56L9JP,doi,10.7910,/,Harvard Dataverse,2018-08-13,s3://10.7910/DVN/56L9JP,dataset,dataset
3205907,DVN/N1DE4Q,https://doi.org/10.7910/DVN/N1DE4Q,doi,10.7910,/,Harvard Dataverse,2018-08-13,s3://10.7910/DVN/N1DE4Q,dataset,dataset
3205913,DVN/JOBDDI,https://doi.org/10.7910/DVN/JOBDDI,doi,10.7910,/,Harvard Dataverse,2018-08-13,s3://10.7910/DVN/JOBDDI,dataset,dataset
3206245,DVN/BEAPLB,https://doi.org/10.7910/DVN/BEAPLB,doi,10.7910,/,Harvard Dataverse,2018-08-13,s3://10.7910/DVN/BEAPLB,dataset,dataset
3206258,DVN/YGKKRU,https://doi.org/10.7910/DVN/YGKKRU,doi,10.7910,/,Harvard Dataverse,2018-08-14,s3://10.7910/DVN/YGKKRU,dataset,dataset
3206266,DVN/2NDL6R,https://doi.org/10.7910/DVN/2NDL6R,doi,10.7910,/,Harvard Dataverse,2018-08-13,s3://10.7910/DVN/2NDL6R,dataset,dataset
3206905,DVN/D9FAZL,https://doi.org/10.7910/DVN/D9FAZL,doi,10.7910,/,Harvard Dataverse,2018-08-14,s3://10.7910/DVN/D9FAZL,dataset,dataset
3206916,DVN/DVMT2R,https://doi.org/10.7910/DVN/DVMT2R,doi,10.7910,/,Harvard Dataverse,2018-08-14,s3://10.7910/DVN/DVMT2R,dataset,dataset
3206937,DVN/FSKY7K,https://doi.org/10.7910/DVN/FSKY7K,doi,10.7910,/,Harvard Dataverse,2018-08-14,s3://10.7910/DVN/FSKY7K,dataset,dataset
3206946,DVN/BEOQV2,https://doi.org/10.7910/DVN/BEOQV2,doi,10.7910,/,Harvard Dataverse,2018-08-14,s3://10.7910/DVN/BEOQV2,dataset,dataset
3376840,DVN/OEBTZA,https://doi.org/10.7910/DVN/OEBTZA,doi,10.7910,/,Harvard Dataverse,2019-03-07,s3://10.7910/DVN/OEBTZA,dataset,dataset
3411152,DVN/QPQBFB,https://doi.org/10.7910/DVN/QPQBFB,doi,10.7910,/,Harvard Dataverse,2019-04-19,s3://10.7910/DVN/QPQBFB,dataset,dataset
3422819,DVN/GFBDQO,https://doi.org/10.7910/DVN/GFBDQO,doi,10.7910,/,Harvard Dataverse,2019-04-29,s3://10.7910/DVN/GFBDQO,dataset,dataset
3424943,DVN/O7WKNO,https://doi.org/10.7910/DVN/O7WKNO,doi,10.7910,/,Harvard Dataverse,2019-05-03,s3://10.7910/DVN/O7WKNO,dataset,dataset
3426450,DVN/2IO3DL,https://doi.org/10.7910/DVN/2IO3DL,doi,10.7910,/,Harvard Dataverse,2019-05-10,s3://10.7910/DVN/2IO3DL,dataset,dataset
3440185,DVN/2BKCC0,https://doi.org/10.7910/DVN/2BKCC0,doi,10.7910,/,Harvard Dataverse,2019-05-28,s3://10.7910/DVN/2BKCC0,dataset,dataset
3596077,DVN/IMVRJG,https://doi.org/10.7910/DVN/IMVRJG,doi,10.7910,/,Harvard Dataverse,2019-10-02,s3://10.7910/DVN/IMVRJG,dataset,dataset
3596111,DVN/6EOZAY,https://doi.org/10.7910/DVN/6EOZAY,doi,10.7910,/,Harvard Dataverse,2019-10-02,s3://10.7910/DVN/6EOZAY,dataset,dataset
3609466,DVN/0J05KV,https://doi.org/10.7910/DVN/0J05KV,doi,10.7910,/,Harvard Dataverse,2019-10-21,s3://10.7910/DVN/0J05KV,dataset,dataset
3620590,DVN/S9VBBL,https://doi.org/10.7910/DVN/S9VBBL,doi,10.7910,/,Harvard Dataverse,2019-11-06,s3://10.7910/DVN/S9VBBL,dataset,dataset
3657711,DVN/H9XFYR,https://doi.org/10.7910/DVN/H9XFYR,doi,10.7910,/,Harvard Dataverse,2020-01-13,s3://10.7910/DVN/H9XFYR,dataset,dataset
3657728,DVN/BBXQIT,https://doi.org/10.7910/DVN/BBXQIT,doi,10.7910,/,Harvard Dataverse,2020-01-13,s3://10.7910/DVN/BBXQIT,dataset,dataset
3657729,DVN/SVSLO2,https://doi.org/10.7910/DVN/SVSLO2,doi,10.7910,/,Harvard Dataverse,2020-01-13,s3://10.7910/DVN/SVSLO2,dataset,dataset
3657740,DVN/E9O8QK,https://doi.org/10.7910/DVN/E9O8QK,doi,10.7910,/,Harvard Dataverse,2020-01-13,s3://10.7910/DVN/E9O8QK,dataset,dataset
3657747,DVN/JLAWY2,https://doi.org/10.7910/DVN/JLAWY2,doi,10.7910,/,Harvard Dataverse,2020-04-24,s3://10.7910/DVN/JLAWY2,dataset,dataset
3659844,DVN/74JESF,https://doi.org/10.7910/DVN/74JESF,doi,10.7910,/,Harvard Dataverse,2020-01-15,s3://10.7910/DVN/74JESF,dataset,dataset
3674528,DVN/YNA0IL,https://doi.org/10.7910/DVN/YNA0IL,doi,10.7910,/,Harvard Dataverse,2020-01-29,s3://10.7910/DVN/YNA0IL,dataset,dataset
3676755,DVN/TK9JNU,https://doi.org/10.7910/DVN/TK9JNU,doi,10.7910,/,Harvard Dataverse,2020-02-03,s3://10.7910/DVN/TK9JNU,dataset,dataset
3679493,DVN/8EWBO9,https://doi.org/10.7910/DVN/8EWBO9,doi,10.7910,/,Harvard Dataverse,2020-02-11,s3://10.7910/DVN/8EWBO9,dataset,dataset
3813283,DVN/RKMJNR,https://doi.org/10.7910/DVN/RKMJNR,doi,10.7910,/,Harvard Dataverse,2020-04-22,s3://10.7910/DVN/RKMJNR,dataset,dataset
3814239,DVN/OBRR7O,https://doi.org/10.7910/DVN/OBRR7O,doi,10.7910,/,Harvard Dataverse,2020-04-24,s3://10.7910/DVN/OBRR7O,dataset,dataset
3819772,DVN/Q0N8Y0,https://doi.org/10.7910/DVN/Q0N8Y0,doi,10.7910,/,Harvard Dataverse,2020-04-27,s3://10.7910/DVN/Q0N8Y0,dataset,dataset
3824468,DVN/RGIMXH,https://doi.org/10.7910/DVN/RGIMXH,doi,10.7910,/,Harvard Dataverse,2020-05-04,s3://10.7910/DVN/RGIMXH,dataset,dataset
3825812,DVN/LSAYBS,https://doi.org/10.7910/DVN/LSAYBS,doi,10.7910,/,Harvard Dataverse,2020-05-05,s3://10.7910/DVN/LSAYBS,dataset,dataset
3835256,DVN/XFQZI2,https://doi.org/10.7910/DVN/XFQZI2,doi,10.7910,/,Harvard Dataverse,2020-05-15,s3://10.7910/DVN/XFQZI2,dataset,dataset
3835274,DVN/WQA7TS,https://doi.org/10.7910/DVN/WQA7TS,doi,10.7910,/,Harvard Dataverse,2020-05-15,s3://10.7910/DVN/WQA7TS,dataset,dataset
3841111,DVN/TDTZHE,https://doi.org/10.7910/DVN/TDTZHE,doi,10.7910,/,Harvard Dataverse,2020-05-18,s3://10.7910/DVN/TDTZHE,dataset,dataset
3843667,DVN/1CBIQW,https://doi.org/10.7910/DVN/1CBIQW,doi,10.7910,/,Harvard Dataverse,2020-05-22,s3://10.7910/DVN/1CBIQW,dataset,dataset
3849288,DVN/DMBKBJ,https://doi.org/10.7910/DVN/DMBKBJ,doi,10.7910,/,Harvard Dataverse,2020-05-25,s3://10.7910/DVN/DMBKBJ,dataset,dataset
3872428,DVN/7PAAA3,https://doi.org/10.7910/DVN/7PAAA3,doi,10.7910,/,Harvard Dataverse,2022-04-27,s3://10.7910/DVN/7PAAA3,dataset,dataset
3878604,DVN/E2SVYK,https://doi.org/10.7910/DVN/E2SVYK,doi,10.7910,/,Harvard Dataverse,2022-04-27,s3://10.7910/DVN/E2SVYK,dataset,dataset
3891425,DVN/PNI3YB,https://doi.org/10.7910/DVN/PNI3YB,doi,10.7910,/,Harvard Dataverse,2020-06-22,s3://10.7910/DVN/PNI3YB,dataset,dataset
3982855,DVN/0EGY63,https://doi.org/10.7910/DVN/0EGY63,doi,10.7910,/,Harvard Dataverse,2022-04-27,s3://10.7910/DVN/0EGY63,dataset,dataset
3988259,DVN/VBNPJS,https://doi.org/10.7910/DVN/VBNPJS,doi,10.7910,/,Harvard Dataverse,2020-07-22,s3://10.7910/DVN/VBNPJS,dataset,dataset
4005173,DVN/VXDQKV,https://doi.org/10.7910/DVN/VXDQKV,doi,10.7910,/,Harvard Dataverse,2020-08-05,s3://10.7910/DVN/VXDQKV,dataset,dataset
4057024,DVN/OQFHMS,https://doi.org/10.7910/DVN/OQFHMS,doi,10.7910,/,Harvard Dataverse,2022-04-27,s3://10.7910/DVN/OQFHMS,dataset,dataset
4093142,DVN/WC7URM,https://doi.org/10.7910/DVN/WC7URM,doi,10.7910,/,Harvard Dataverse,2020-09-24,s3://10.7910/DVN/WC7URM,dataset,dataset
4093149,DVN/XYJXU5,https://doi.org/10.7910/DVN/XYJXU5,doi,10.7910,/,Harvard Dataverse,2020-09-24,s3://10.7910/DVN/XYJXU5,dataset,dataset
4098047,DVN/VHV4CO,https://doi.org/10.7910/DVN/VHV4CO,doi,10.7910,/,Harvard Dataverse,2020-09-29,s3://10.7910/DVN/VHV4CO,dataset,dataset
4105730,DVN/LIMPMU,https://doi.org/10.7910/DVN/LIMPMU,doi,10.7910,/,Harvard Dataverse,2020-10-08,s3://10.7910/DVN/LIMPMU,dataset,dataset
4105734,DVN/GCPM1D,https://doi.org/10.7910/DVN/GCPM1D,doi,10.7910,/,Harvard Dataverse,2020-10-08,s3://10.7910/DVN/GCPM1D,dataset,dataset
4139068,DVN/0S5YSH,https://doi.org/10.7910/DVN/0S5YSH,doi,10.7910,/,Harvard Dataverse,2020-10-13,s3://10.7910/DVN/0S5YSH,dataset,dataset
4160003,DVN/D6OQUK,https://doi.org/10.7910/DVN/D6OQUK,doi,10.7910,/,Harvard Dataverse,2020-10-29,s3://10.7910/DVN/D6OQUK,dataset,dataset
4170015,DVN/JJVUNZ,https://doi.org/10.7910/DVN/JJVUNZ,doi,10.7910,/,Harvard Dataverse,2020-11-11,s3://10.7910/DVN/JJVUNZ,dataset,dataset
4175617,DVN/YOBC8Z,https://doi.org/10.7910/DVN/YOBC8Z,doi,10.7910,/,Harvard Dataverse,2020-11-17,s3://10.7910/DVN/YOBC8Z,dataset,dataset
4202244,DVN/20YVPN,https://doi.org/10.7910/DVN/20YVPN,doi,10.7910,/,Harvard Dataverse,2020-12-01,s3://10.7910/DVN/20YVPN,dataset,dataset
4264329,DVN/BHNDHH,https://doi.org/10.7910/DVN/BHNDHH,doi,10.7910,/,Harvard Dataverse,2020-12-17,s3://10.7910/DVN/BHNDHH,dataset,dataset
4287991,DVN/P4EYHH,https://doi.org/10.7910/DVN/P4EYHH,doi,10.7910,/,Harvard Dataverse,2021-01-06,s3://10.7910/DVN/P4EYHH,dataset,dataset
4373310,DVN/KBSJOZ,https://doi.org/10.7910/DVN/KBSJOZ,doi,10.7910,/,Harvard Dataverse,2021-02-08,s3://10.7910/DVN/KBSJOZ,dataset,dataset
4377829,DVN/L80DZI,https://doi.org/10.7910/DVN/L80DZI,doi,10.7910,/,Harvard Dataverse,2021-04-14,s3://10.7910/DVN/L80DZI,dataset,dataset
4416893,DVN/EL7MH0,https://doi.org/10.7910/DVN/EL7MH0,doi,10.7910,/,Harvard Dataverse,2021-02-22,s3://10.7910/DVN/EL7MH0,dataset,dataset
4417335,DVN/2NNBF9,https://doi.org/10.7910/DVN/2NNBF9,doi,10.7910,/,Harvard Dataverse,2021-02-23,s3://10.7910/DVN/2NNBF9,dataset,dataset
4420039,DVN/XT6RCE,https://doi.org/10.7910/DVN/XT6RCE,doi,10.7910,/,Harvard Dataverse,2021-04-14,s3://10.7910/DVN/XT6RCE,dataset,dataset
4446138,DVN/XINDPB,https://doi.org/10.7910/DVN/XINDPB,doi,10.7910,/,Harvard Dataverse,2021-03-13,s3://10.7910/DVN/XINDPB,dataset,dataset
4507715,DVN/S0VCUQ,https://doi.org/10.7910/DVN/S0VCUQ,doi,10.7910,/,Harvard Dataverse,2021-04-08,s3://10.7910/DVN/S0VCUQ,dataset,dataset
4508497,DVN/1M5XOJ,https://doi.org/10.7910/DVN/1M5XOJ,doi,10.7910,/,Harvard Dataverse,2021-04-08,s3://10.7910/DVN/1M5XOJ,dataset,dataset
4552057,DVN/IIQEEM,https://doi.org/10.7910/DVN/IIQEEM,doi,10.7910,/,Harvard Dataverse,2021-04-14,s3://10.7910/DVN/IIQEEM,dataset,dataset
4552060,DVN/7PJPJ9,https://doi.org/10.7910/DVN/7PJPJ9,doi,10.7910,/,Harvard Dataverse,2021-04-14,s3://10.7910/DVN/7PJPJ9,dataset,dataset
4554330,DVN/N9LJHJ,https://doi.org/10.7910/DVN/N9LJHJ,doi,10.7910,/,Harvard Dataverse,2022-04-27,s3://10.7910/DVN/N9LJHJ,dataset,dataset
4604562,DVN/CBNJB2,https://doi.org/10.7910/DVN/CBNJB2,doi,10.7910,/,Harvard Dataverse,2021-05-04,s3://10.7910/DVN/CBNJB2,dataset,dataset
4631831,DVN/P8VP8L,https://doi.org/10.7910/DVN/P8VP8L,doi,10.7910,/,Harvard Dataverse,2021-05-08,s3://10.7910/DVN/P8VP8L,dataset,dataset
4631836,DVN/BEKPWV,https://doi.org/10.7910/DVN/BEKPWV,doi,10.7910,/,Harvard Dataverse,2021-05-08,s3://10.7910/DVN/BEKPWV,dataset,dataset
4655579,DVN/M8INWW,https://doi.org/10.7910/DVN/M8INWW,doi,10.7910,/,Harvard Dataverse,2021-05-17,s3://10.7910/DVN/M8INWW,dataset,dataset
4656648,DVN/YSAKX8,https://doi.org/10.7910/DVN/YSAKX8,doi,10.7910,/,Harvard Dataverse,2021-05-18,s3://10.7910/DVN/YSAKX8,dataset,dataset
4776590,DVN/H39FCV,https://doi.org/10.7910/DVN/H39FCV,doi,10.7910,/,Harvard Dataverse,2021-06-03,s3://10.7910/DVN/H39FCV,dataset,dataset
4776592,DVN/2JKA7I,https://doi.org/10.7910/DVN/2JKA7I,doi,10.7910,/,Harvard Dataverse,2021-06-03,s3://10.7910/DVN/2JKA7I,dataset,dataset
4805980,DVN/H3PQEX,https://doi.org/10.7910/DVN/H3PQEX,doi,10.7910,/,Harvard Dataverse,2021-06-14,s3://10.7910/DVN/H3PQEX,dataset,dataset
4805983,DVN/JV5OPA,https://doi.org/10.7910/DVN/JV5OPA,doi,10.7910,/,Harvard Dataverse,2021-06-14,s3://10.7910/DVN/JV5OPA,dataset,dataset
4809944,DVN/T9ZRHO,https://doi.org/10.7910/DVN/T9ZRHO,doi,10.7910,/,Harvard Dataverse,2021-06-19,s3://10.7910/DVN/T9ZRHO,dataset,dataset
4809953,DVN/8PVLQM,https://doi.org/10.7910/DVN/8PVLQM,doi,10.7910,/,Harvard Dataverse,2021-06-19,s3://10.7910/DVN/8PVLQM,dataset,dataset
4810408,DVN/BUOKNI,https://doi.org/10.7910/DVN/BUOKNI,doi,10.7910,/,Harvard Dataverse,2021-06-20,s3://10.7910/DVN/BUOKNI,dataset,dataset
4871497,DVN/LVK5M9,https://doi.org/10.7910/DVN/LVK5M9,doi,10.7910,/,Harvard Dataverse,2021-07-03,s3://10.7910/DVN/LVK5M9,dataset,dataset
4880191,DVN/FSJFKY,https://doi.org/10.7910/DVN/FSJFKY,doi,10.7910,/,Harvard Dataverse,2021-07-07,s3://10.7910/DVN/FSJFKY,dataset,dataset
4883441,DVN/SXN5J6,https://doi.org/10.7910/DVN/SXN5J6,doi,10.7910,/,Harvard Dataverse,2021-07-08,s3://10.7910/DVN/SXN5J6,dataset,dataset
4883651,DVN/DCLRIT,https://doi.org/10.7910/DVN/DCLRIT,doi,10.7910,/,Harvard Dataverse,2021-07-09,s3://10.7910/DVN/DCLRIT,dataset,dataset
4903563,DVN/PRJNG9,https://doi.org/10.7910/DVN/PRJNG9,doi,10.7910,/,Harvard Dataverse,2021-07-20,s3://10.7910/DVN/PRJNG9,dataset,dataset
4903591,DVN/6CWQNQ,https://doi.org/10.7910/DVN/6CWQNQ,doi,10.7910,/,Harvard Dataverse,2021-07-20,s3://10.7910/DVN/6CWQNQ,dataset,dataset
4917848,DVN/ISL3JV,https://doi.org/10.7910/DVN/ISL3JV,doi,10.7910,/,Harvard Dataverse,2021-07-23,s3://10.7910/DVN/ISL3JV,dataset,dataset
4918562,DVN/KDPJUC,https://doi.org/10.7910/DVN/KDPJUC,doi,10.7910,/,Harvard Dataverse,2021-07-23,s3://10.7910/DVN/KDPJUC,dataset,dataset
4924371,DVN/A4LII3,https://doi.org/10.7910/DVN/A4LII3,doi,10.7910,/,Harvard Dataverse,2021-07-25,s3://10.7910/DVN/A4LII3,dataset,dataset
4924398,DVN/EASYOE,https://doi.org/10.7910/DVN/EASYOE,doi,10.7910,/,Harvard Dataverse,2021-07-25,s3://10.7910/DVN/EASYOE,dataset,dataset
4946240,DVN/D17RVD,https://doi.org/10.7910/DVN/D17RVD,doi,10.7910,/,Harvard Dataverse,2021-08-02,s3://10.7910/DVN/D17RVD,dataset,dataset
4986552,DVN/QCWXD8,https://doi.org/10.7910/DVN/QCWXD8,doi,10.7910,/,Harvard Dataverse,2021-08-17,s3://10.7910/DVN/QCWXD8,dataset,dataset
4986568,DVN/0ZPJNK,https://doi.org/10.7910/DVN/0ZPJNK,doi,10.7910,/,Harvard Dataverse,2021-08-17,s3://10.7910/DVN/0ZPJNK,dataset,dataset
5005848,DVN/GKNDMN,https://doi.org/10.7910/DVN/GKNDMN,doi,10.7910,/,Harvard Dataverse,2021-08-24,s3://10.7910/DVN/GKNDMN,dataset,dataset
5005856,DVN/MWGOAV,https://doi.org/10.7910/DVN/MWGOAV,doi,10.7910,/,Harvard Dataverse,2021-08-24,s3://10.7910/DVN/MWGOAV,dataset,dataset
5028247,DVN/KGZFZH,https://doi.org/10.7910/DVN/KGZFZH,doi,10.7910,/,Harvard Dataverse,2021-09-01,s3://10.7910/DVN/KGZFZH,dataset,dataset
5028291,DVN/2MDO9U,https://doi.org/10.7910/DVN/2MDO9U,doi,10.7910,/,Harvard Dataverse,2021-09-01,s3://10.7910/DVN/2MDO9U,dataset,dataset
5117236,DVN/PECK1K,https://doi.org/10.7910/DVN/PECK1K,doi,10.7910,/,Harvard Dataverse,2022-04-27,s3://10.7910/DVN/PECK1K,dataset,dataset
5130428,DVN/U6DX5B,https://doi.org/10.7910/DVN/U6DX5B,doi,10.7910,/,Harvard Dataverse,2021-09-10,s3://10.7910/DVN/U6DX5B,dataset,dataset
5194010,DVN/A5V1RF,https://doi.org/10.7910/DVN/A5V1RF,doi,10.7910,/,Harvard Dataverse,2021-09-22,s3://10.7910/DVN/A5V1RF,dataset,dataset
5194012,DVN/LUAYU5,https://doi.org/10.7910/DVN/LUAYU5,doi,10.7910,/,Harvard Dataverse,2021-09-22,s3://10.7910/DVN/LUAYU5,dataset,dataset
5208850,DVN/5MBREF,https://doi.org/10.7910/DVN/5MBREF,doi,10.7910,/,Harvard Dataverse,2021-09-30,s3://10.7910/DVN/5MBREF,dataset,dataset
5612995,DVN/8XWQPU,https://doi.org/10.7910/DVN/8XWQPU,doi,10.7910,/,Harvard Dataverse,2021-12-06,s3://10.7910/DVN/8XWQPU,dataset,dataset
5613002,DVN/RNDPSQ,https://doi.org/10.7910/DVN/RNDPSQ,doi,10.7910,/,Harvard Dataverse,2021-12-06,s3://10.7910/DVN/RNDPSQ,dataset,dataset
5614894,DVN/7FGEV8,https://doi.org/10.7910/DVN/7FGEV8,doi,10.7910,/,Harvard Dataverse,2021-12-08,s3://10.7910/DVN/7FGEV8,dataset,dataset
5614901,DVN/VKWZNN,https://doi.org/10.7910/DVN/VKWZNN,doi,10.7910,/,Harvard Dataverse,2021-12-07,s3://10.7910/DVN/VKWZNN,dataset,dataset
5615884,DVN/ZD6LKN,https://doi.org/10.7910/DVN/ZD6LKN,doi,10.7910,/,Harvard Dataverse,2021-12-08,s3://10.7910/DVN/ZD6LKN,dataset,dataset
5707121,DVN/9GHSHP,https://doi.org/10.7910/DVN/9GHSHP,doi,10.7910,/,Harvard Dataverse,2022-01-04,s3://10.7910/DVN/9GHSHP,dataset,dataset
5707131,DVN/VQWDIE,https://doi.org/10.7910/DVN/VQWDIE,doi,10.7910,/,Harvard Dataverse,2022-01-04,s3://10.7910/DVN/VQWDIE,dataset,dataset
5707301,DVN/17FKNV,https://doi.org/10.7910/DVN/17FKNV,doi,10.7910,/,Harvard Dataverse,2022-01-05,s3://10.7910/DVN/17FKNV,dataset,dataset
5707305,DVN/IAAMDZ,https://doi.org/10.7910/DVN/IAAMDZ,doi,10.7910,/,Harvard Dataverse,2022-01-05,s3://10.7910/DVN/IAAMDZ,dataset,dataset
5722024,DVN/ZZZSOR,https://doi.org/10.7910/DVN/ZZZSOR,doi,10.7910,/,Harvard Dataverse,2022-01-07,s3://10.7910/DVN/ZZZSOR,dataset,dataset
5722044,DVN/7PFGFS,https://doi.org/10.7910/DVN/7PFGFS,doi,10.7910,/,Harvard Dataverse,2022-01-07,s3://10.7910/DVN/7PFGFS,dataset,dataset
5740015,DVN/KVYSPT,https://doi.org/10.7910/DVN/KVYSPT,doi,10.7910,/,Harvard Dataverse,2022-01-11,s3://10.7910/DVN/KVYSPT,dataset,dataset
5740029,DVN/WEYZR3,https://doi.org/10.7910/DVN/WEYZR3,doi,10.7910,/,Harvard Dataverse,2022-01-11,s3://10.7910/DVN/WEYZR3,dataset,dataset
5741623,DVN/ICTZ1A,https://doi.org/10.7910/DVN/ICTZ1A,doi,10.7910,/,Harvard Dataverse,2022-01-13,s3://10.7910/DVN/ICTZ1A,dataset,dataset
5741647,DVN/X7NZC9,https://doi.org/10.7910/DVN/X7NZC9,doi,10.7910,/,Harvard Dataverse,2022-01-13,s3://10.7910/DVN/X7NZC9,dataset,dataset
5741648,DVN/Y5A24M,https://doi.org/10.7910/DVN/Y5A24M,doi,10.7910,/,Harvard Dataverse,2022-01-13,s3://10.7910/DVN/Y5A24M,dataset,dataset
5742754,DVN/UKG3RS,https://doi.org/10.7910/DVN/UKG3RS,doi,10.7910,/,Harvard Dataverse,2022-01-14,s3://10.7910/DVN/UKG3RS,dataset,dataset
5791309,DVN/06W9VL,https://doi.org/10.7910/DVN/06W9VL,doi,10.7910,/,Harvard Dataverse,2022-01-26,s3://10.7910/DVN/06W9VL,dataset,dataset
5791314,DVN/IJQ8PC,https://doi.org/10.7910/DVN/IJQ8PC,doi,10.7910,/,Harvard Dataverse,2022-01-26,s3://10.7910/DVN/IJQ8PC,dataset,dataset
5794684,DVN/G1JQQ9,https://doi.org/10.7910/DVN/G1JQQ9,doi,10.7910,/,Harvard Dataverse,2022-01-27,s3://10.7910/DVN/G1JQQ9,dataset,dataset
5794828,DVN/VKULP9,https://doi.org/10.7910/DVN/VKULP9,doi,10.7910,/,Harvard Dataverse,2022-01-27,s3://10.7910/DVN/VKULP9,dataset,dataset
5794840,DVN/QNHR2D,https://doi.org/10.7910/DVN/QNHR2D,doi,10.7910,/,Harvard Dataverse,2022-01-27,s3://10.7910/DVN/QNHR2D,dataset,dataset
5811151,DVN/ODPYMD,https://doi.org/10.7910/DVN/ODPYMD,doi,10.7910,/,Harvard Dataverse,2022-02-04,s3://10.7910/DVN/ODPYMD,dataset,dataset
5811153,DVN/NGUEMV,https://doi.org/10.7910/DVN/NGUEMV,doi,10.7910,/,Harvard Dataverse,2022-02-04,s3://10.7910/DVN/NGUEMV,dataset,dataset
5856513,DVN/XVGPKM,https://doi.org/10.7910/DVN/XVGPKM,doi,10.7910,/,Harvard Dataverse,2022-02-07,s3://10.7910/DVN/XVGPKM,dataset,dataset
5856610,DVN/8HNPNA,https://doi.org/10.7910/DVN/8HNPNA,doi,10.7910,/,Harvard Dataverse,2022-02-07,s3://10.7910/DVN/8HNPNA,dataset,dataset
5857460,DVN/PJS3D0,https://doi.org/10.7910/DVN/PJS3D0,doi,10.7910,/,Harvard Dataverse,2022-02-08,s3://10.7910/DVN/PJS3D0,dataset,dataset
5858288,DVN/9QSLVV,https://doi.org/10.7910/DVN/9QSLVV,doi,10.7910,/,Harvard Dataverse,2022-02-09,s3://10.7910/DVN/9QSLVV,dataset,dataset
5860770,DVN/Q2TULK,https://doi.org/10.7910/DVN/Q2TULK,doi,10.7910,/,Harvard Dataverse,2022-02-10,s3://10.7910/DVN/Q2TULK,dataset,dataset
5861817,DVN/MATY7H,https://doi.org/10.7910/DVN/MATY7H,doi,10.7910,/,Harvard Dataverse,2022-02-11,s3://10.7910/DVN/MATY7H,dataset,dataset
6021156,DVN/Z0LDEI,https://doi.org/10.7910/DVN/Z0LDEI,doi,10.7910,/,Harvard Dataverse,2022-02-16,s3://10.7910/DVN/Z0LDEI,dataset,dataset
6021157,DVN/FQEQVL,https://doi.org/10.7910/DVN/FQEQVL,doi,10.7910,/,Harvard Dataverse,2022-02-16,s3://10.7910/DVN/FQEQVL,dataset,dataset
6021852,DVN/PMICO2,https://doi.org/10.7910/DVN/PMICO2,doi,10.7910,/,Harvard Dataverse,2022-02-18,s3://10.7910/DVN/PMICO2,dataset,dataset
6021864,DVN/WNMKRG,https://doi.org/10.7910/DVN/WNMKRG,doi,10.7910,/,Harvard Dataverse,2022-02-18,s3://10.7910/DVN/WNMKRG,dataset,dataset
6038474,DVN/OLNJSY,https://doi.org/10.7910/DVN/OLNJSY,doi,10.7910,/,Harvard Dataverse,2022-02-21,s3://10.7910/DVN/OLNJSY,dataset,dataset
6039367,DVN/3FFVI5,https://doi.org/10.7910/DVN/3FFVI5,doi,10.7910,/,Harvard Dataverse,2022-02-22,s3://10.7910/DVN/3FFVI5,dataset,dataset
6054475,DVN/3KKGGB,https://doi.org/10.7910/DVN/3KKGGB,doi,10.7910,/,Harvard Dataverse,2022-03-02,s3://10.7910/DVN/3KKGGB,dataset,dataset
6078877,DVN/PAJYGM,https://doi.org/10.7910/DVN/PAJYGM,doi,10.7910,/,Harvard Dataverse,2022-03-08,s3://10.7910/DVN/PAJYGM,dataset,dataset
6079724,DVN/RWOGUX,https://doi.org/10.7910/DVN/RWOGUX,doi,10.7910,/,Harvard Dataverse,2022-03-09,s3://10.7910/DVN/RWOGUX,dataset,dataset
6081646,DVN/9QPZ43,https://doi.org/10.7910/DVN/9QPZ43,doi,10.7910,/,Harvard Dataverse,2022-03-10,s3://10.7910/DVN/9QPZ43,dataset,dataset
6152075,DVN/3ZVRIQ,https://doi.org/10.7910/DVN/3ZVRIQ,doi,10.7910,/,Harvard Dataverse,2022-03-22,s3://10.7910/DVN/3ZVRIQ,dataset,dataset
6152080,DVN/TKYWBH,https://doi.org/10.7910/DVN/TKYWBH,doi,10.7910,/,Harvard Dataverse,2022-03-22,s3://10.7910/DVN/TKYWBH,dataset,dataset
6174227,DVN/KNFKME,https://doi.org/10.7910/DVN/KNFKME,doi,10.7910,/,Harvard Dataverse,2022-04-12,s3://10.7910/DVN/KNFKME,dataset,dataset
6174231,DVN/2M3EPD,https://doi.org/10.7910/DVN/2M3EPD,doi,10.7910,/,Harvard Dataverse,2022-04-12,s3://10.7910/DVN/2M3EPD,dataset,dataset
6183689,DVN/MU3WY4,https://doi.org/10.7910/DVN/MU3WY4,doi,10.7910,/,Harvard Dataverse,2022-04-27,s3://10.7910/DVN/MU3WY4,dataset,dataset
6183694,DVN/HIOJED,https://doi.org/10.7910/DVN/HIOJED,doi,10.7910,/,Harvard Dataverse,2022-04-27,s3://10.7910/DVN/HIOJED,dataset,dataset
6345849,DVN/BQZSGW,https://doi.org/10.7910/DVN/BQZSGW,doi,10.7910,/,Harvard Dataverse,2022-06-21,s3://10.7910/DVN/BQZSGW,dataset,dataset
6381359,DVN/XDQZVY,https://doi.org/10.7910/DVN/XDQZVY,doi,10.7910,/,Harvard Dataverse,2022-07-19,s3://10.7910/DVN/XDQZVY,dataset,dataset
6382624,DVN/ZWUFAZ,https://doi.org/10.7910/DVN/ZWUFAZ,doi,10.7910,/,Harvard Dataverse,2022-07-19,s3://10.7910/DVN/ZWUFAZ,dataset,dataset
6382640,DVN/6KHICW,https://doi.org/10.7910/DVN/6KHICW,doi,10.7910,/,Harvard Dataverse,2022-07-19,s3://10.7910/DVN/6KHICW,dataset,dataset
6390878,DVN/GK2YXJ,https://doi.org/10.7910/DVN/GK2YXJ,doi,10.7910,/,Harvard Dataverse,2022-07-25,s3://10.7910/DVN/GK2YXJ,dataset,dataset
6398543,DVN/2BYUSH,https://doi.org/10.7910/DVN/2BYUSH,doi,10.7910,/,Harvard Dataverse,2022-07-27,s3://10.7910/DVN/2BYUSH,dataset,dataset
6405677,DVN/XDBNWJ,https://doi.org/10.7910/DVN/XDBNWJ,doi,10.7910,/,Harvard Dataverse,2022-08-01,s3://10.7910/DVN/XDBNWJ,dataset,dataset
6410876,DVN/YMCDBG,https://doi.org/10.7910/DVN/YMCDBG,doi,10.7910,/,Harvard Dataverse,2022-08-02,s3://10.7910/DVN/YMCDBG,dataset,dataset
6410882,DVN/HPGB5W,https://doi.org/10.7910/DVN/HPGB5W,doi,10.7910,/,Harvard Dataverse,2022-08-02,s3://10.7910/DVN/HPGB5W,dataset,dataset
6411350,DVN/DAUJUF,https://doi.org/10.7910/DVN/DAUJUF,doi,10.7910,/,Harvard Dataverse,2022-08-03,s3://10.7910/DVN/DAUJUF,dataset,dataset
6583871,DVN/52GFWC,https://doi.org/10.7910/DVN/52GFWC,doi,10.7910,/,Harvard Dataverse,2022-10-24,s3://10.7910/DVN/52GFWC,dataset,dataset
10437219,DVN/3T6IHL,https://doi.org/10.7910/DVN/3T6IHL,doi,10.7910,/,Harvard Dataverse,2024-08-26,s3://10.7910/DVN/3T6IHL,dataset,dataset
10437298,DVN/1AHCCE,https://doi.org/10.7910/DVN/1AHCCE,doi,10.7910,/,Harvard Dataverse,2024-08-12,s3://10.7910/DVN/1AHCCE,dataset,dataset
10437438,DVN/NDPIPW,https://doi.org/10.7910/DVN/NDPIPW,doi,10.7910,/,Harvard Dataverse,2024-08-26,s3://10.7910/DVN/NDPIPW,dataset,dataset
10437498,DVN/JLMQMY,https://doi.org/10.7910/DVN/JLMQMY,doi,10.7910,/,Harvard Dataverse,2024-08-26,s3://10.7910/DVN/JLMQMY,dataset,dataset
10437500,DVN/YVLJJ5,https://doi.org/10.7910/DVN/YVLJJ5,doi,10.7910,/,Harvard Dataverse,2024-08-26,s3://10.7910/DVN/YVLJJ5,dataset,dataset
10443549,DVN/1PGBFC,https://doi.org/10.7910/DVN/1PGBFC,doi,10.7910,/,Harvard Dataverse,2024-09-05,s3://10.7910/DVN/1PGBFC,dataset,dataset
10444905,DVN/NUMV0I,https://doi.org/10.7910/DVN/NUMV0I,doi,10.7910,/,Harvard Dataverse,2024-09-06,s3://10.7910/DVN/NUMV0I,dataset,dataset
10501730,DVN/PVJZM7,https://doi.org/10.7910/DVN/PVJZM7,doi,10.7910,/,Harvard Dataverse,2024-09-06,s3://10.7910/DVN/PVJZM7,dataset,dataset
10501734,DVN/N1SWT1,https://doi.org/10.7910/DVN/N1SWT1,doi,10.7910,/,Harvard Dataverse,2024-09-06,s3://10.7910/DVN/N1SWT1,dataset,dataset
10501964,DVN/U2DEKY,https://doi.org/10.7910/DVN/U2DEKY,doi,10.7910,/,Harvard Dataverse,2024-09-06,s3://10.7910/DVN/U2DEKY,dataset,dataset
10521878,DVN/NGJUPE,https://doi.org/10.7910/DVN/NGJUPE,doi,10.7910,/,Harvard Dataverse,2024-09-12,s3://10.7910/DVN/NGJUPE,dataset,dataset
10521892,DVN/MMTCPM,https://doi.org/10.7910/DVN/MMTCPM,doi,10.7910,/,Harvard Dataverse,2024-09-12,s3://10.7910/DVN/MMTCPM,dataset,dataset
10521994,DVN/K60W5D,https://doi.org/10.7910/DVN/K60W5D,doi,10.7910,/,Harvard Dataverse,2024-09-12,s3://10.7910/DVN/K60W5D,dataset,dataset
10522020,DVN/DLJ33W,https://doi.org/10.7910/DVN/DLJ33W,doi,10.7910,/,Harvard Dataverse,2024-09-18,s3://10.7910/DVN/DLJ33W,dataset,dataset
10522041,DVN/NAN9KR,https://doi.org/10.7910/DVN/NAN9KR,doi,10.7910,/,Harvard Dataverse,2024-09-12,s3://10.7910/DVN/NAN9KR,dataset,dataset
10534231,DVN/X5HKXM,https://doi.org/10.7910/DVN/X5HKXM,doi,10.7910,/,Harvard Dataverse,2024-09-15,s3://10.7910/DVN/X5HKXM,dataset,dataset
10534243,DVN/WHSBC9,https://doi.org/10.7910/DVN/WHSBC9,doi,10.7910,/,Harvard Dataverse,2024-09-15,s3://10.7910/DVN/WHSBC9,dataset,dataset
10534252,DVN/HS4LN8,https://doi.org/10.7910/DVN/HS4LN8,doi,10.7910,/,Harvard Dataverse,2024-09-15,s3://10.7910/DVN/HS4LN8,dataset,dataset
10534258,DVN/YDMJGY,https://doi.org/10.7910/DVN/YDMJGY,doi,10.7910,/,Harvard Dataverse,2024-09-15,s3://10.7910/DVN/YDMJGY,dataset,dataset
10534261,DVN/CKP2NI,https://doi.org/10.7910/DVN/CKP2NI,doi,10.7910,/,Harvard Dataverse,2024-09-15,s3://10.7910/DVN/CKP2NI,dataset,dataset
10534283,DVN/OVOJCU,https://doi.org/10.7910/DVN/OVOJCU,doi,10.7910,/,Harvard Dataverse,2024-09-15,s3://10.7910/DVN/OVOJCU,dataset,dataset
10534288,DVN/B1FEY0,https://doi.org/10.7910/DVN/B1FEY0,doi,10.7910,/,Harvard Dataverse,2024-09-15,s3://10.7910/DVN/B1FEY0,dataset,dataset
10534294,DVN/J7X1TC,https://doi.org/10.7910/DVN/J7X1TC,doi,10.7910,/,Harvard Dataverse,2024-09-15,s3://10.7910/DVN/J7X1TC,dataset,dataset
10534302,DVN/IELRFR,https://doi.org/10.7910/DVN/IELRFR,doi,10.7910,/,Harvard Dataverse,2024-09-15,s3://10.7910/DVN/IELRFR,dataset,dataset
10534310,DVN/8UPNEC,https://doi.org/10.7910/DVN/8UPNEC,doi,10.7910,/,Harvard Dataverse,2024-09-15,s3://10.7910/DVN/8UPNEC,dataset,dataset
10539668,DVN/VUET99,https://doi.org/10.7910/DVN/VUET99,doi,10.7910,/,Harvard Dataverse,2024-09-17,s3://10.7910/DVN/VUET99,dataset,dataset
10539678,DVN/Y0VSLQ,https://doi.org/10.7910/DVN/Y0VSLQ,doi,10.7910,/,Harvard Dataverse,2024-09-17,s3://10.7910/DVN/Y0VSLQ,dataset,dataset
10539683,DVN/UBCUAQ,https://doi.org/10.7910/DVN/UBCUAQ,doi,10.7910,/,Harvard Dataverse,2024-09-17,s3://10.7910/DVN/UBCUAQ,dataset,dataset
10539695,DVN/PXAPMY,https://doi.org/10.7910/DVN/PXAPMY,doi,10.7910,/,Harvard Dataverse,2024-09-17,s3://10.7910/DVN/PXAPMY,dataset,dataset
10539717,DVN/MMUYBO,https://doi.org/10.7910/DVN/MMUYBO,doi,10.7910,/,Harvard Dataverse,2024-09-17,s3://10.7910/DVN/MMUYBO,dataset,dataset
10540545,DVN/MJCQLX,https://doi.org/10.7910/DVN/MJCQLX,doi,10.7910,/,Harvard Dataverse,2024-09-18,s3://10.7910/DVN/MJCQLX,dataset,dataset
10540547,DVN/RS0ICV,https://doi.org/10.7910/DVN/RS0ICV,doi,10.7910,/,Harvard Dataverse,2024-09-18,s3://10.7910/DVN/RS0ICV,dataset,dataset
10540553,DVN/IWSSNH,https://doi.org/10.7910/DVN/IWSSNH,doi,10.7910,/,Harvard Dataverse,2024-09-18,s3://10.7910/DVN/IWSSNH,dataset,dataset
10540556,DVN/SKQZ5X,https://doi.org/10.7910/DVN/SKQZ5X,doi,10.7910,/,Harvard Dataverse,2024-09-18,s3://10.7910/DVN/SKQZ5X,dataset,dataset
10540798,DVN/DQ0W5I,https://doi.org/10.7910/DVN/DQ0W5I,doi,10.7910,/,Harvard Dataverse,2024-09-18,s3://10.7910/DVN/DQ0W5I,dataset,dataset
10540815,DVN/VE010T,https://doi.org/10.7910/DVN/VE010T,doi,10.7910,/,Harvard Dataverse,2024-09-18,s3://10.7910/DVN/VE010T,dataset,dataset
10540854,DVN/IWM0A6,https://doi.org/10.7910/DVN/IWM0A6,doi,10.7910,/,Harvard Dataverse,2024-09-18,s3://10.7910/DVN/IWM0A6,dataset,dataset
10540878,DVN/TJRLRZ,https://doi.org/10.7910/DVN/TJRLRZ,doi,10.7910,/,Harvard Dataverse,2024-09-18,s3://10.7910/DVN/TJRLRZ,dataset,dataset
10540904,DVN/I8F46R,https://doi.org/10.7910/DVN/I8F46R,doi,10.7910,/,Harvard Dataverse,2024-09-18,s3://10.7910/DVN/I8F46R,dataset,dataset
10783315,DVN/4T6LN6,https://doi.org/10.7910/DVN/4T6LN6,doi,10.7910,/,Harvard Dataverse,2024-12-15,s3://10.7910/DVN/4T6LN6,dataset,dataset
10786455,DVN/DUQTTG,https://doi.org/10.7910/DVN/DUQTTG,doi,10.7910,/,Harvard Dataverse,2024-12-16,s3://10.7910/DVN/DUQTTG,dataset,dataset
10883139,DVN/EJD0DH,https://doi.org/10.7910/DVN/EJD0DH,doi,10.7910,/,Harvard Dataverse,2025-02-11,s3://10.7910/DVN/EJD0DH,dataset,dataset
10897169,DVN/H6KD6R,https://doi.org/10.7910/DVN/H6KD6R,doi,10.7910,/,Harvard Dataverse,2025-02-19,s3://10.7910/DVN/H6KD6R,dataset,dataset
10907173,DVN/NT2MDD,https://doi.org/10.7910/DVN/NT2MDD,doi,10.7910,/,Harvard Dataverse,2025-03-07,s3://10.7910/DVN/NT2MDD,dataset,dataset
10959794,DVN/ZDILYS,https://doi.org/10.7910/DVN/ZDILYS,doi,10.7910,/,Harvard Dataverse,2025-03-07,s3://10.7910/DVN/ZDILYS,dataset,dataset
10959828,DVN/8UBHAP,https://doi.org/10.7910/DVN/8UBHAP,doi,10.7910,/,Harvard Dataverse,2025-03-07,s3://10.7910/DVN/8UBHAP,dataset,dataset
10975487,DVN/BINUYG,https://doi.org/10.7910/DVN/BINUYG,doi,10.7910,/,Harvard Dataverse,2025-03-10,s3://10.7910/DVN/BINUYG,dataset,dataset
10984688,DVN/H6UK7R,https://doi.org/10.7910/DVN/H6UK7R,doi,10.7910,/,Harvard Dataverse,2025-03-13,s3://10.7910/DVN/H6UK7R,dataset,dataset
11004722,DVN/87YG4K,https://doi.org/10.7910/DVN/87YG4K,doi,10.7910,/,Harvard Dataverse,2025-03-21,s3://10.7910/DVN/87YG4K,dataset,dataset
11035526,DVN/HQ9GPM,https://doi.org/10.7910/DVN/HQ9GPM,doi,10.7910,/,Harvard Dataverse,2025-03-28,s3://10.7910/DVN/HQ9GPM,dataset,dataset
11035549,DVN/MNVZUN,https://doi.org/10.7910/DVN/MNVZUN,doi,10.7910,/,Harvard Dataverse,2025-03-28,s3://10.7910/DVN/MNVZUN,dataset,dataset
11035582,DVN/XXUAQ2,https://doi.org/10.7910/DVN/XXUAQ2,doi,10.7910,/,Harvard Dataverse,2025-03-28,s3://10.7910/DVN/XXUAQ2,dataset,dataset
11035596,DVN/3Z4MQL,https://doi.org/10.7910/DVN/3Z4MQL,doi,10.7910,/,Harvard Dataverse,2025-03-28,s3://10.7910/DVN/3Z4MQL,dataset,dataset
11035600,DVN/P7SHJ5,https://doi.org/10.7910/DVN/P7SHJ5,doi,10.7910,/,Harvard Dataverse,2025-03-28,s3://10.7910/DVN/P7SHJ5,dataset,dataset
11035604,DVN/P8KSED,https://doi.org/10.7910/DVN/P8KSED,doi,10.7910,/,Harvard Dataverse,2025-03-28,s3://10.7910/DVN/P8KSED,dataset,dataset
11035612,DVN/KUF6CH,https://doi.org/10.7910/DVN/KUF6CH,doi,10.7910,/,Harvard Dataverse,2025-03-28,s3://10.7910/DVN/KUF6CH,dataset,dataset
11035619,DVN/MCKP4L,https://doi.org/10.7910/DVN/MCKP4L,doi,10.7910,/,Harvard Dataverse,2025-03-28,s3://10.7910/DVN/MCKP4L,dataset,dataset
11035663,DVN/GOWICK,https://doi.org/10.7910/DVN/GOWICK,doi,10.7910,/,Harvard Dataverse,2025-03-28,s3://10.7910/DVN/GOWICK,dataset,dataset
11051461,DVN/F1ZEXZ,https://doi.org/10.7910/DVN/F1ZEXZ,doi,10.7910,/,Harvard Dataverse,2025-04-03,s3://10.7910/DVN/F1ZEXZ,dataset,dataset
11051547,DVN/6WGMNJ,https://doi.org/10.7910/DVN/6WGMNJ,doi,10.7910,/,Harvard Dataverse,2025-04-03,s3://10.7910/DVN/6WGMNJ,dataset,dataset
11051594,DVN/YRD5DF,https://doi.org/10.7910/DVN/YRD5DF,doi,10.7910,/,Harvard Dataverse,2025-04-03,s3://10.7910/DVN/YRD5DF,dataset,dataset
11057154,DVN/QYGPDJ,https://doi.org/10.7910/DVN/QYGPDJ,doi,10.7910,/,Harvard Dataverse,2025-04-07,s3://10.7910/DVN/QYGPDJ,dataset,dataset
11057785,DVN/EIBIW7,https://doi.org/10.7910/DVN/EIBIW7,doi,10.7910,/,Harvard Dataverse,2025-04-07,s3://10.7910/DVN/EIBIW7,dataset,dataset
11057789,DVN/MICTPE,https://doi.org/10.7910/DVN/MICTPE,doi,10.7910,/,Harvard Dataverse,2025-04-07,s3://10.7910/DVN/MICTPE,dataset,dataset
11077817,DVN/NWUUEY,https://doi.org/10.7910/DVN/NWUUEY,doi,10.7910,/,Harvard Dataverse,2025-04-15,s3://10.7910/DVN/NWUUEY,dataset,dataset
11077827,DVN/16Y3K1,https://doi.org/10.7910/DVN/16Y3K1,doi,10.7910,/,Harvard Dataverse,2025-04-15,s3://10.7910/DVN/16Y3K1,dataset,dataset
11077830,DVN/JKAELR,https://doi.org/10.7910/DVN/JKAELR,doi,10.7910,/,Harvard Dataverse,2025-04-15,s3://10.7910/DVN/JKAELR,dataset,dataset
11077871,DVN/UK4ILG,https://doi.org/10.7910/DVN/UK4ILG,doi,10.7910,/,Harvard Dataverse,2025-04-15,s3://10.7910/DVN/UK4ILG,dataset,dataset
11077895,DVN/5H0JLU,https://doi.org/10.7910/DVN/5H0JLU,doi,10.7910,/,Harvard Dataverse,2025-04-15,s3://10.7910/DVN/5H0JLU,dataset,dataset
11077926,DVN/UXNLUG,https://doi.org/10.7910/DVN/UXNLUG,doi,10.7910,/,Harvard Dataverse,2025-04-15,s3://10.7910/DVN/UXNLUG,dataset,dataset
11106355,DVN/UNIN1R,https://doi.org/10.7910/DVN/UNIN1R,doi,10.7910,/,Harvard Dataverse,2025-04-21,s3://10.7910/DVN/UNIN1R,dataset,dataset
11106370,DVN/BFPQXD,https://doi.org/10.7910/DVN/BFPQXD,doi,10.7910,/,Harvard Dataverse,2025-04-21,s3://10.7910/DVN/BFPQXD,dataset,dataset
11116001,DVN/CARWJP,https://doi.org/10.7910/DVN/CARWJP,doi,10.7910,/,Harvard Dataverse,2025-04-25,s3://10.7910/DVN/CARWJP,dataset,dataset
11117736,DVN/DN2VXH,https://doi.org/10.7910/DVN/DN2VXH,doi,10.7910,/,Harvard Dataverse,2025-04-28,s3://10.7910/DVN/DN2VXH,dataset,dataset
11117743,DVN/VH19YR,https://doi.org/10.7910/DVN/VH19YR,doi,10.7910,/,Harvard Dataverse,2025-04-28,s3://10.7910/DVN/VH19YR,dataset,dataset
11117759,DVN/AEBVGD,https://doi.org/10.7910/DVN/AEBVGD,doi,10.7910,/,Harvard Dataverse,2025-04-28,s3://10.7910/DVN/AEBVGD,dataset,dataset
11118076,DVN/Z8CNXV,https://doi.org/10.7910/DVN/Z8CNXV,doi,10.7910,/,Harvard Dataverse,2025-04-28,s3://10.7910/DVN/Z8CNXV,dataset,dataset
11143084,DVN/IAYOVY,https://doi.org/10.7910/DVN/IAYOVY,doi,10.7910,/,Harvard Dataverse,2025-05-02,s3://10.7910/DVN/IAYOVY,dataset,dataset
11143144,DVN/KBL4YO,https://doi.org/10.7910/DVN/KBL4YO,doi,10.7910,/,Harvard Dataverse,2025-05-02,s3://10.7910/DVN/KBL4YO,dataset,dataset
11293883,DVN/LLKXTB,https://doi.org/10.7910/DVN/LLKXTB,doi,10.7910,/,Harvard Dataverse,2025-05-12,s3://10.7910/DVN/LLKXTB,dataset,dataset
11293913,DVN/VEVFUM,https://doi.org/10.7910/DVN/VEVFUM,doi,10.7910,/,Harvard Dataverse,2025-05-12,s3://10.7910/DVN/VEVFUM,dataset,dataset
11294143,DVN/IWOJFJ,https://doi.org/10.7910/DVN/IWOJFJ,doi,10.7910,/,Harvard Dataverse,2025-05-12,s3://10.7910/DVN/IWOJFJ,dataset,dataset
11335563,DVN/TSNYNF,https://doi.org/10.7910/DVN/TSNYNF,doi,10.7910,/,Harvard Dataverse,2025-05-13,s3://10.7910/DVN/TSNYNF,dataset,dataset
11579122,DVN/CJAETN,https://doi.org/10.7910/DVN/CJAETN,doi,10.7910,/,Harvard Dataverse,2025-05-30,s3://10.7910/DVN/CJAETN,dataset,dataset
11682086,DVN/TYFS35,https://doi.org/10.7910/DVN/TYFS35,doi,10.7910,/,Harvard Dataverse,2025-06-30,s3://10.7910/DVN/TYFS35,dataset,dataset
11910428,DVN/LTTBK3,https://doi.org/10.7910/DVN/LTTBK3,doi,10.7910,/,Harvard Dataverse,2025-08-13,s3://10.7910/DVN/LTTBK3,dataset,dataset
11910432,DVN/I2MVEH,https://doi.org/10.7910/DVN/I2MVEH,doi,10.7910,/,Harvard Dataverse,2025-08-13,s3://10.7910/DVN/I2MVEH,dataset,dataset
11910441,DVN/SKYD91,https://doi.org/10.7910/DVN/SKYD91,doi,10.7910,/,Harvard Dataverse,2025-08-13,s3://10.7910/DVN/SKYD91,dataset,dataset
11910447,DVN/L3DCUD,https://doi.org/10.7910/DVN/L3DCUD,doi,10.7910,/,Harvard Dataverse,2025-08-13,s3://10.7910/DVN/L3DCUD,dataset,dataset
11910453,DVN/HCYFCL,https://doi.org/10.7910/DVN/HCYFCL,doi,10.7910,/,Harvard Dataverse,2025-08-13,s3://10.7910/DVN/HCYFCL,dataset,dataset
11910455,DVN/5ECNKB,https://doi.org/10.7910/DVN/5ECNKB,doi,10.7910,/,Harvard Dataverse,2025-08-13,s3://10.7910/DVN/5ECNKB,dataset,dataset
11910462,DVN/HTAPIS,https://doi.org/10.7910/DVN/HTAPIS,doi,10.7910,/,Harvard Dataverse,2025-08-13,s3://10.7910/DVN/HTAPIS,dataset,dataset
11910467,DVN/JRX8YC,https://doi.org/10.7910/DVN/JRX8YC,doi,10.7910,/,Harvard Dataverse,2025-08-13,s3://10.7910/DVN/JRX8YC,dataset,dataset
11910469,DVN/RB08VT,https://doi.org/10.7910/DVN/RB08VT,doi,10.7910,/,Harvard Dataverse,2025-08-13,s3://10.7910/DVN/RB08VT,dataset,dataset
11910471,DVN/Z58QS4,https://doi.org/10.7910/DVN/Z58QS4,doi,10.7910,/,Harvard Dataverse,2025-08-13,s3://10.7910/DVN/Z58QS4,dataset,dataset
11910473,DVN/DFQ4F7,https://doi.org/10.7910/DVN/DFQ4F7,doi,10.7910,/,Harvard Dataverse,2025-08-13,s3://10.7910/DVN/DFQ4F7,dataset,dataset
11910475,DVN/24AX1V,https://doi.org/10.7910/DVN/24AX1V,doi,10.7910,/,Harvard Dataverse,2025-08-13,s3://10.7910/DVN/24AX1V,dataset,dataset
11910480,DVN/ASAUVZ,https://doi.org/10.7910/DVN/ASAUVZ,doi,10.7910,/,Harvard Dataverse,2025-08-13,s3://10.7910/DVN/ASAUVZ,dataset,dataset
12015258,DVN/TNBYGX,https://doi.org/10.7910/DVN/TNBYGX,doi,10.7910,/,Harvard Dataverse,2025-08-28,s3://10.7910/DVN/TNBYGX,dataset,dataset
12061709,DVN/DM31YK,https://doi.org/10.7910/DVN/DM31YK,doi,10.7910,/,Harvard Dataverse,2025-09-09,s3://10.7910/DVN/DM31YK,dataset,dataset
12061761,DVN/URAI8F,https://doi.org/10.7910/DVN/URAI8F,doi,10.7910,/,Harvard Dataverse,2025-09-09,s3://10.7910/DVN/URAI8F,dataset,dataset
12061840,DVN/PXQQD5,https://doi.org/10.7910/DVN/PXQQD5,doi,10.7910,/,Harvard Dataverse,2025-09-15,s3://10.7910/DVN/PXQQD5,dataset,dataset
12073189,DVN/VVXUJE,https://doi.org/10.7910/DVN/VVXUJE,doi,10.7910,/,Harvard Dataverse,2025-09-15,s3://10.7910/DVN/VVXUJE,dataset,dataset
12073228,DVN/N11IAT,https://doi.org/10.7910/DVN/N11IAT,doi,10.7910,/,Harvard Dataverse,2025-09-15,s3://10.7910/DVN/N11IAT,dataset,dataset
12073233,DVN/GGGNUE,https://doi.org/10.7910/DVN/GGGNUE,doi,10.7910,/,Harvard Dataverse,2025-09-15,s3://10.7910/DVN/GGGNUE,dataset,dataset
12073236,DVN/1K8HG2,https://doi.org/10.7910/DVN/1K8HG2,doi,10.7910,/,Harvard Dataverse,2025-09-15,s3://10.7910/DVN/1K8HG2,dataset,dataset
12073316,DVN/JPE6HG,https://doi.org/10.7910/DVN/JPE6HG,doi,10.7910,/,Harvard Dataverse,2025-09-15,s3://10.7910/DVN/JPE6HG,dataset,dataset
12073321,DVN/FMX3QP,https://doi.org/10.7910/DVN/FMX3QP,doi,10.7910,/,Harvard Dataverse,2025-09-15,s3://10.7910/DVN/FMX3QP,dataset,dataset
12073347,DVN/KDWRKH,https://doi.org/10.7910/DVN/KDWRKH,doi,10.7910,/,Harvard Dataverse,2025-09-15,s3://10.7910/DVN/KDWRKH,dataset,dataset
12098841,DVN/NXGDM5,https://doi.org/10.7910/DVN/NXGDM5,doi,10.7910,/,Harvard Dataverse,2025-09-24,s3://10.7910/DVN/NXGDM5,dataset,dataset
12098843,DVN/YLMULM,https://doi.org/10.7910/DVN/YLMULM,doi,10.7910,/,Harvard Dataverse,2025-09-24,s3://10.7910/DVN/YLMULM,dataset,dataset
12125980,DVN/SCDZIF,https://doi.org/10.7910/DVN/SCDZIF,doi,10.7910,/,Harvard Dataverse,2025-10-01,s3://10.7910/DVN/SCDZIF,dataset,dataset
12133661,DVN/QE9VWN,https://doi.org/10.7910/DVN/QE9VWN,doi,10.7910,/,Harvard Dataverse,2025-10-06,s3://10.7910/DVN/QE9VWN,dataset,dataset
12322873,DVN/AWDT1F,https://doi.org/10.7910/DVN/AWDT1F,doi,10.7910,/,Harvard Dataverse,2025-10-13,s3://10.7910/DVN/AWDT1F,dataset,dataset
13148025,DVN/G6MCIB,https://doi.org/10.7910/DVN/G6MCIB,doi,10.7910,/,Harvard Dataverse,2025-11-12,s3://10.7910/DVN/G6MCIB,dataset,dataset
13148044,DVN/GQWNBB,https://doi.org/10.7910/DVN/GQWNBB,doi,10.7910,/,Harvard Dataverse,2025-11-12,s3://10.7910/DVN/GQWNBB,dataset,dataset
13148048,DVN/T5ZQP5,https://doi.org/10.7910/DVN/T5ZQP5,doi,10.7910,/,Harvard Dataverse,2025-11-12,s3://10.7910/DVN/T5ZQP5,dataset,dataset
13274187,DVN/NQ7I8Y,https://doi.org/10.7910/DVN/NQ7I8Y,doi,10.7910,/,Harvard Dataverse,2025-12-23,s3://10.7910/DVN/NQ7I8Y,dataset,dataset
13274191,DVN/RLCUVJ,https://doi.org/10.7910/DVN/RLCUVJ,doi,10.7910,/,Harvard Dataverse,2025-12-23,s3://10.7910/DVN/RLCUVJ,dataset,dataset
13274195,DVN/SERRLG,https://doi.org/10.7910/DVN/SERRLG,doi,10.7910,/,Harvard Dataverse,2025-12-23,s3://10.7910/DVN/SERRLG,dataset,dataset
13274199,DVN/KLSYV3,https://doi.org/10.7910/DVN/KLSYV3,doi,10.7910,/,Harvard Dataverse,2025-12-23,s3://10.7910/DVN/KLSYV3,dataset,dataset
13276290,DVN/EPHBGW,https://doi.org/10.7910/DVN/EPHBGW,doi,10.7910,/,Harvard Dataverse,2025-12-24,s3://10.7910/DVN/EPHBGW,dataset,dataset
13276376,DVN/6GBD8R,https://doi.org/10.7910/DVN/6GBD8R,doi,10.7910,/,Harvard Dataverse,2025-12-24,s3://10.7910/DVN/6GBD8R,dataset,dataset
13276384,DVN/ADIJN6,https://doi.org/10.7910/DVN/ADIJN6,doi,10.7910,/,Harvard Dataverse,2025-12-24,s3://10.7910/DVN/ADIJN6,dataset,dataset
13276388,DVN/2DCTJW,https://doi.org/10.7910/DVN/2DCTJW,doi,10.7910,/,Harvard Dataverse,2025-12-24,s3://10.7910/DVN/2DCTJW,dataset,dataset
13299145,DVN/GHAVUC,https://doi.org/10.7910/DVN/GHAVUC,doi,10.7910,/,Harvard Dataverse,2025-12-31,s3://10.7910/DVN/GHAVUC,dataset,dataset
13299167,DVN/MVIRXN,https://doi.org/10.7910/DVN/MVIRXN,doi,10.7910,/,Harvard Dataverse,2025-12-31,s3://10.7910/DVN/MVIRXN,dataset,dataset
13299196,DVN/5DSQGO,https://doi.org/10.7910/DVN/5DSQGO,doi,10.7910,/,Harvard Dataverse,2025-12-31,s3://10.7910/DVN/5DSQGO,dataset,dataset
13300696,DVN/YVXPW7,https://doi.org/10.7910/DVN/YVXPW7,doi,10.7910,/,Harvard Dataverse,2025-12-31,s3://10.7910/DVN/YVXPW7,dataset,dataset
