id,identifier,persistentUrl,protocol,authority,separator,publisher,publicationDate,storageIdentifier,datasetType,type
66299,DVN/29108,https://doi.org/10.7910/DVN/29108,doi,10.7910,/,Harvard Dataverse,2015-02-13,s3://10.7910/DVN/29108,dataset,dataset
66300,DVN/29566,https://doi.org/10.7910/DVN/29566,doi,10.7910,/,Harvard Dataverse,2015-03-23,s3://10.7910/DVN/29566,dataset,dataset
66301,DVN/29446,https://doi.org/10.7910/DVN/29446,doi,10.7910,/,Harvard Dataverse,2015-03-10,s3://10.7910/DVN/29446,dataset,dataset
66302,DVN/29101,https://doi.org/10.7910/DVN/29101,doi,10.7910,/,Harvard Dataverse,2015-02-12,s3://10.7910/DVN/29101,dataset,dataset
66303,DVN/29487,https://doi.org/10.7910/DVN/29487,doi,10.7910,/,Harvard Dataverse,2015-03-17,s3://10.7910/DVN/29487,dataset,dataset
66304,DVN/29259,https://doi.org/10.7910/DVN/29259,doi,10.7910,/,Harvard Dataverse,2015-02-27,s3://10.7910/DVN/29259,dataset,dataset
66305,DVN/29231,https://doi.org/10.7910/DVN/29231,doi,10.7910,/,Harvard Dataverse,2015-02-25,s3://10.7910/DVN/29231,dataset,dataset
66306,DVN/29076,https://doi.org/10.7910/DVN/29076,doi,10.7910,/,Harvard Dataverse,2015-02-11,s3://10.7910/DVN/29076,dataset,dataset
66307,DVN/29743,https://doi.org/10.7910/DVN/29743,doi,10.7910,/,Harvard Dataverse,2015-04-03,s3://10.7910/DVN/29743,dataset,dataset
66308,DVN/29205,https://doi.org/10.7910/DVN/29205,doi,10.7910,/,Harvard Dataverse,2015-02-23,s3://10.7910/DVN/29205,dataset,dataset
66309,DVN/29026,https://doi.org/10.7910/DVN/29026,doi,10.7910,/,Harvard Dataverse,2015-02-05,s3://10.7910/DVN/29026,dataset,dataset
66310,DVN/29286,https://doi.org/10.7910/DVN/29286,doi,10.7910,/,Harvard Dataverse,2015-03-03,s3://10.7910/DVN/29286,dataset,dataset
66311,DVN/29427,https://doi.org/10.7910/DVN/29427,doi,10.7910,/,Harvard Dataverse,2015-03-09,s3://10.7910/DVN/29427,dataset,dataset
66312,DVN/28930,https://doi.org/10.7910/DVN/28930,doi,10.7910,/,Harvard Dataverse,2015-01-29,s3://10.7910/DVN/28930,dataset,dataset
66313,DVN/29314,https://doi.org/10.7910/DVN/29314,doi,10.7910,/,Harvard Dataverse,2015-03-06,s3://10.7910/DVN/29314,dataset,dataset
66314,DVN/29179,https://doi.org/10.7910/DVN/29179,doi,10.7910,/,Harvard Dataverse,2015-02-27,s3://10.7910/DVN/29179,dataset,dataset
66315,DVN/28929,https://doi.org/10.7910/DVN/28929,doi,10.7910,/,Harvard Dataverse,2015-01-30,s3://10.7910/DVN/28929,dataset,dataset
66316,DVN/29559,https://doi.org/10.7910/DVN/29559,doi,10.7910,/,Harvard Dataverse,2015-03-20,s3://10.7910/DVN/29559,dataset,dataset
66318,DVN/29117,https://doi.org/10.7910/DVN/29117,doi,10.7910,/,Harvard Dataverse,2015-02-13,s3://10.7910/DVN/29117,dataset,dataset
66319,DVN/29379,https://doi.org/10.7910/DVN/29379,doi,10.7910,/,Harvard Dataverse,2015-03-09,s3://10.7910/DVN/29379,dataset,dataset
2668847,DVN/DGHX1E,https://doi.org/10.7910/DVN/DGHX1E,doi,10.7910,/,Harvard Dataverse,2015-04-22,s3://10.7910/DVN/DGHX1E,dataset,dataset
2671182,DVN/PAKFM8,https://doi.org/10.7910/DVN/PAKFM8,doi,10.7910,/,Harvard Dataverse,2015-04-30,s3://10.7910/DVN/PAKFM8,dataset,dataset
2674233,DVN/GKWF0N,https://doi.org/10.7910/DVN/GKWF0N,doi,10.7910,/,Harvard Dataverse,2015-05-07,s3://10.7910/DVN/GKWF0N,dataset,dataset
2674449,DVN/AOL6XC,https://doi.org/10.7910/DVN/AOL6XC,doi,10.7910,/,Harvard Dataverse,2015-05-15,s3://10.7910/DVN/AOL6XC,dataset,dataset
2674494,DVN/U1CB0K,https://doi.org/10.7910/DVN/U1CB0K,doi,10.7910,/,Harvard Dataverse,2017-04-14,s3://10.7910/DVN/U1CB0K,dataset,dataset
2676709,DVN/NJRZXP,https://doi.org/10.7910/DVN/NJRZXP,doi,10.7910,/,Harvard Dataverse,2015-05-15,s3://10.7910/DVN/NJRZXP,dataset,dataset
2678174,DVN/YBMKUX,https://doi.org/10.7910/DVN/YBMKUX,doi,10.7910,/,Harvard Dataverse,2015-05-25,s3://10.7910/DVN/YBMKUX,dataset,dataset
2679442,DVN/BYLEA4,https://doi.org/10.7910/DVN/BYLEA4,doi,10.7910,/,Harvard Dataverse,2015-07-16,s3://10.7910/DVN/BYLEA4,dataset,dataset
2679960,DVN/ASKRHF,https://doi.org/10.7910/DVN/ASKRHF,doi,10.7910,/,Harvard Dataverse,2015-05-26,s3://10.7910/DVN/ASKRHF,dataset,dataset
2680673,DVN/DGXXH9,https://doi.org/10.7910/DVN/DGXXH9,doi,10.7910,/,Harvard Dataverse,2015-06-01,s3://10.7910/DVN/DGXXH9,dataset,dataset
2681415,DVN/A3NQDR,https://doi.org/10.7910/DVN/A3NQDR,doi,10.7910,/,Harvard Dataverse,2015-06-05,s3://10.7910/DVN/A3NQDR,dataset,dataset
2681667,DVN/7KSNCE,https://doi.org/10.7910/DVN/7KSNCE,doi,10.7910,/,Harvard Dataverse,2015-06-09,s3://10.7910/DVN/7KSNCE,dataset,dataset
2681810,DVN/VPTIEZ,https://doi.org/10.7910/DVN/VPTIEZ,doi,10.7910,/,Harvard Dataverse,2015-06-10,s3://10.7910/DVN/VPTIEZ,dataset,dataset
2688031,DVN/JDPNNU,https://doi.org/10.7910/DVN/JDPNNU,doi,10.7910,/,Harvard Dataverse,2015-07-28,s3://10.7910/DVN/JDPNNU,dataset,dataset
2688398,DVN/XTQJEN,https://doi.org/10.7910/DVN/XTQJEN,doi,10.7910,/,Harvard Dataverse,2015-06-19,s3://10.7910/DVN/XTQJEN,dataset,dataset
2688855,DVN/VGI93T,https://doi.org/10.7910/DVN/VGI93T,doi,10.7910,/,Harvard Dataverse,2015-07-20,s3://10.7910/DVN/VGI93T,dataset,dataset
2689418,DVN/UE1JXM,https://doi.org/10.7910/DVN/UE1JXM,doi,10.7910,/,Harvard Dataverse,2015-07-16,s3://10.7910/DVN/UE1JXM,dataset,dataset
2689910,DVN/VDH088,https://doi.org/10.7910/DVN/VDH088,doi,10.7910,/,Harvard Dataverse,2015-06-29,s3://10.7910/DVN/VDH088,dataset,dataset
2690445,DVN/S2DNT6,https://doi.org/10.7910/DVN/S2DNT6,doi,10.7910,/,Harvard Dataverse,2015-06-30,s3://10.7910/DVN/S2DNT6,dataset,dataset
2691308,DVN/EPEDIE,https://doi.org/10.7910/DVN/EPEDIE,doi,10.7910,/,Harvard Dataverse,2015-07-03,s3://10.7910/DVN/EPEDIE,dataset,dataset
2691331,DVN/MAIVMY,https://doi.org/10.7910/DVN/MAIVMY,doi,10.7910,/,Harvard Dataverse,2015-07-03,s3://10.7910/DVN/MAIVMY,dataset,dataset
2693659,DVN/ZE3ITV,https://doi.org/10.7910/DVN/ZE3ITV,doi,10.7910,/,Harvard Dataverse,2015-07-15,s3://10.7910/DVN/ZE3ITV,dataset,dataset
2694274,DVN/VNTVO6,https://doi.org/10.7910/DVN/VNTVO6,doi,10.7910,/,Harvard Dataverse,2015-07-17,s3://10.7910/DVN/VNTVO6,dataset,dataset
2694306,DVN/HL0OUD,https://doi.org/10.7910/DVN/HL0OUD,doi,10.7910,/,Harvard Dataverse,2015-07-17,s3://10.7910/DVN/HL0OUD,dataset,dataset
2695765,DVN/DAGL4S,https://doi.org/10.7910/DVN/DAGL4S,doi,10.7910,/,Harvard Dataverse,2015-07-27,s3://10.7910/DVN/DAGL4S,dataset,dataset
2695780,DVN/7YEK7H,https://doi.org/10.7910/DVN/7YEK7H,doi,10.7910,/,Harvard Dataverse,2015-07-29,s3://10.7910/DVN/7YEK7H,dataset,dataset
2696226,DVN/5TWA0G,https://doi.org/10.7910/DVN/5TWA0G,doi,10.7910,/,Harvard Dataverse,2015-07-28,s3://10.7910/DVN/5TWA0G,dataset,dataset
2696244,DVN/YJMGPP,https://doi.org/10.7910/DVN/YJMGPP,doi,10.7910,/,Harvard Dataverse,2015-07-29,s3://10.7910/DVN/YJMGPP,dataset,dataset
2696418,DVN/FXRIOS,https://doi.org/10.7910/DVN/FXRIOS,doi,10.7910,/,Harvard Dataverse,2015-08-05,s3://10.7910/DVN/FXRIOS,dataset,dataset
2698344,DVN/SK8AGA,https://doi.org/10.7910/DVN/SK8AGA,doi,10.7910,/,Harvard Dataverse,2015-08-06,s3://10.7910/DVN/SK8AGA,dataset,dataset
2698487,DVN/6LTHVZ,https://doi.org/10.7910/DVN/6LTHVZ,doi,10.7910,/,Harvard Dataverse,2015-08-06,s3://10.7910/DVN/6LTHVZ,dataset,dataset
2698657,DVN/XSCFX5,https://doi.org/10.7910/DVN/XSCFX5,doi,10.7910,/,Harvard Dataverse,2015-08-07,s3://10.7910/DVN/XSCFX5,dataset,dataset
2699010,DVN/3M9OD8,https://doi.org/10.7910/DVN/3M9OD8,doi,10.7910,/,Harvard Dataverse,2015-08-11,s3://10.7910/DVN/3M9OD8,dataset,dataset
2699192,DVN/DDQDMS,https://doi.org/10.7910/DVN/DDQDMS,doi,10.7910,/,Harvard Dataverse,2015-08-13,s3://10.7910/DVN/DDQDMS,dataset,dataset
2699326,DVN/VR12G4,https://doi.org/10.7910/DVN/VR12G4,doi,10.7910,/,Harvard Dataverse,2015-08-14,s3://10.7910/DVN/VR12G4,dataset,dataset
2700774,DVN/PYWNTB,https://doi.org/10.7910/DVN/PYWNTB,doi,10.7910,/,Harvard Dataverse,2015-08-20,s3://10.7910/DVN/PYWNTB,dataset,dataset
2701515,DVN/WBBAE3,https://doi.org/10.7910/DVN/WBBAE3,doi,10.7910,/,Harvard Dataverse,2015-08-24,s3://10.7910/DVN/WBBAE3,dataset,dataset
2710339,DVN/4J5FGJ,https://doi.org/10.7910/DVN/4J5FGJ,doi,10.7910,/,Harvard Dataverse,2015-09-18,s3://10.7910/DVN/4J5FGJ,dataset,dataset
2716739,DVN/6IO5ET,https://doi.org/10.7910/DVN/6IO5ET,doi,10.7910,/,Harvard Dataverse,2015-10-14,s3://10.7910/DVN/6IO5ET,dataset,dataset
2717023,DVN/ROFNV2,https://doi.org/10.7910/DVN/ROFNV2,doi,10.7910,/,Harvard Dataverse,2015-10-14,s3://10.7910/DVN/ROFNV2,dataset,dataset
2717646,DVN/ECIZHV,https://doi.org/10.7910/DVN/ECIZHV,doi,10.7910,/,Harvard Dataverse,2015-10-21,s3://10.7910/DVN/ECIZHV,dataset,dataset
2717931,DVN/OB00VG,https://doi.org/10.7910/DVN/OB00VG,doi,10.7910,/,Harvard Dataverse,2015-10-21,s3://10.7910/DVN/OB00VG,dataset,dataset
2718690,DVN/EP7DXB,https://doi.org/10.7910/DVN/EP7DXB,doi,10.7910,/,Harvard Dataverse,2015-10-26,s3://10.7910/DVN/EP7DXB,dataset,dataset
2719113,DVN/4HFPNH,https://doi.org/10.7910/DVN/4HFPNH,doi,10.7910,/,Harvard Dataverse,2015-10-26,s3://10.7910/DVN/4HFPNH,dataset,dataset
2722937,DVN/NKN0E8,https://doi.org/10.7910/DVN/NKN0E8,doi,10.7910,/,Harvard Dataverse,2015-10-30,s3://10.7910/DVN/NKN0E8,dataset,dataset
2723131,DVN/XG6QQX,https://doi.org/10.7910/DVN/XG6QQX,doi,10.7910,/,Harvard Dataverse,2015-11-04,s3://10.7910/DVN/XG6QQX,dataset,dataset
2723278,DVN/GLA1FB,https://doi.org/10.7910/DVN/GLA1FB,doi,10.7910,/,Harvard Dataverse,2015-11-04,s3://10.7910/DVN/GLA1FB,dataset,dataset
2723540,DVN/Q0XAPV,https://doi.org/10.7910/DVN/Q0XAPV,doi,10.7910,/,Harvard Dataverse,2015-11-07,s3://10.7910/DVN/Q0XAPV,dataset,dataset
2724591,DVN/F6LJP8,https://doi.org/10.7910/DVN/F6LJP8,doi,10.7910,/,Harvard Dataverse,2015-11-13,s3://10.7910/DVN/F6LJP8,dataset,dataset
2728289,DVN/96WYRS,https://doi.org/10.7910/DVN/96WYRS,doi,10.7910,/,Harvard Dataverse,2015-12-04,s3://10.7910/DVN/96WYRS,dataset,dataset
2730732,DVN/E2187A,https://doi.org/10.7910/DVN/E2187A,doi,10.7910,/,Harvard Dataverse,2015-11-24,s3://10.7910/DVN/E2187A,dataset,dataset
2732994,DVN/FDNWME,https://doi.org/10.7910/DVN/FDNWME,doi,10.7910,/,Harvard Dataverse,2015-12-04,s3://10.7910/DVN/FDNWME,dataset,dataset
2733932,DVN/WFVMKD,https://doi.org/10.7910/DVN/WFVMKD,doi,10.7910,/,Harvard Dataverse,2015-12-17,s3://10.7910/DVN/WFVMKD,dataset,dataset
2735342,DVN/V2HIVR,https://doi.org/10.7910/DVN/V2HIVR,doi,10.7910,/,Harvard Dataverse,2015-12-09,s3://10.7910/DVN/V2HIVR,dataset,dataset
2735373,DVN/9RTI0V,https://doi.org/10.7910/DVN/9RTI0V,doi,10.7910,/,Harvard Dataverse,2015-12-09,s3://10.7910/DVN/9RTI0V,dataset,dataset
2741162,DVN/HQKQCQ,https://doi.org/10.7910/DVN/HQKQCQ,doi,10.7910,/,Harvard Dataverse,2015-12-14,s3://10.7910/DVN/HQKQCQ,dataset,dataset
2741391,DVN/EWW2GX,https://doi.org/10.7910/DVN/EWW2GX,doi,10.7910,/,Harvard Dataverse,2015-12-14,s3://10.7910/DVN/EWW2GX,dataset,dataset
2743468,DVN/CVBXQX,https://doi.org/10.7910/DVN/CVBXQX,doi,10.7910,/,Harvard Dataverse,2015-12-17,s3://10.7910/DVN/CVBXQX,dataset,dataset
2764957,DVN/ER3D0H,https://doi.org/10.7910/DVN/ER3D0H,doi,10.7910,/,Harvard Dataverse,2015-12-29,s3://10.7910/DVN/ER3D0H,dataset,dataset
2769530,DVN/MSTR3F,https://doi.org/10.7910/DVN/MSTR3F,doi,10.7910,/,Harvard Dataverse,2016-01-05,s3://10.7910/DVN/MSTR3F,dataset,dataset
2769908,DVN/8XPBSA,https://doi.org/10.7910/DVN/8XPBSA,doi,10.7910,/,Harvard Dataverse,2016-01-05,s3://10.7910/DVN/8XPBSA,dataset,dataset
2775694,DVN/QQENMZ,https://doi.org/10.7910/DVN/QQENMZ,doi,10.7910,/,Harvard Dataverse,2016-01-15,s3://10.7910/DVN/QQENMZ,dataset,dataset
2775839,DVN/PTIERC,https://doi.org/10.7910/DVN/PTIERC,doi,10.7910,/,Harvard Dataverse,2016-01-16,s3://10.7910/DVN/PTIERC,dataset,dataset
2775983,DVN/SYSOPW,https://doi.org/10.7910/DVN/SYSOPW,doi,10.7910,/,Harvard Dataverse,2016-01-19,s3://10.7910/DVN/SYSOPW,dataset,dataset
2777968,DVN/SUPM3R,https://doi.org/10.7910/DVN/SUPM3R,doi,10.7910,/,Harvard Dataverse,2016-01-28,s3://10.7910/DVN/SUPM3R,dataset,dataset
2781574,DVN/88FIAR,https://doi.org/10.7910/DVN/88FIAR,doi,10.7910,/,Harvard Dataverse,2016-01-28,s3://10.7910/DVN/88FIAR,dataset,dataset
2781784,DVN/2JVEEE,https://doi.org/10.7910/DVN/2JVEEE,doi,10.7910,/,Harvard Dataverse,2016-02-02,s3://10.7910/DVN/2JVEEE,dataset,dataset
2782267,DVN/HKURUI,https://doi.org/10.7910/DVN/HKURUI,doi,10.7910,/,Harvard Dataverse,2016-02-08,s3://10.7910/DVN/HKURUI,dataset,dataset
2782844,DVN/FEP8O2,https://doi.org/10.7910/DVN/FEP8O2,doi,10.7910,/,Harvard Dataverse,2016-02-09,s3://10.7910/DVN/FEP8O2,dataset,dataset
2784920,DVN/WSJX0X,https://doi.org/10.7910/DVN/WSJX0X,doi,10.7910,/,Harvard Dataverse,2016-02-21,s3://10.7910/DVN/WSJX0X,dataset,dataset
2785176,DVN/SR0NMB,https://doi.org/10.7910/DVN/SR0NMB,doi,10.7910,/,Harvard Dataverse,2016-02-21,s3://10.7910/DVN/SR0NMB,dataset,dataset
2785608,DVN/DUB0MU,https://doi.org/10.7910/DVN/DUB0MU,doi,10.7910,/,Harvard Dataverse,2016-02-23,s3://10.7910/DVN/DUB0MU,dataset,dataset
2788126,DVN/CAEEG7,https://doi.org/10.7910/DVN/CAEEG7,doi,10.7910,/,Harvard Dataverse,2016-03-04,s3://10.7910/DVN/CAEEG7,dataset,dataset
2790541,DVN/HC5AA7,https://doi.org/10.7910/DVN/HC5AA7,doi,10.7910,/,Harvard Dataverse,2016-03-04,s3://10.7910/DVN/HC5AA7,dataset,dataset
2790681,DVN/NIGQBX,https://doi.org/10.7910/DVN/NIGQBX,doi,10.7910,/,Harvard Dataverse,2016-03-14,s3://10.7910/DVN/NIGQBX,dataset,dataset
2792653,DVN/CMUYCM,https://doi.org/10.7910/DVN/CMUYCM,doi,10.7910,/,Harvard Dataverse,2016-03-12,s3://10.7910/DVN/CMUYCM,dataset,dataset
2792716,DVN/WBWWUO,https://doi.org/10.7910/DVN/WBWWUO,doi,10.7910,/,Harvard Dataverse,2016-03-12,s3://10.7910/DVN/WBWWUO,dataset,dataset
2792747,DVN/EB0BGA,https://doi.org/10.7910/DVN/EB0BGA,doi,10.7910,/,Harvard Dataverse,2016-03-16,s3://10.7910/DVN/EB0BGA,dataset,dataset
2793042,DVN/6N2PN4,https://doi.org/10.7910/DVN/6N2PN4,doi,10.7910,/,Harvard Dataverse,2016-03-16,s3://10.7910/DVN/6N2PN4,dataset,dataset
2793187,DVN/VVCGN3,https://doi.org/10.7910/DVN/VVCGN3,doi,10.7910,/,Harvard Dataverse,2016-03-18,s3://10.7910/DVN/VVCGN3,dataset,dataset
2797817,DVN/AKMM0S,https://doi.org/10.7910/DVN/AKMM0S,doi,10.7910,/,Harvard Dataverse,2016-04-03,s3://10.7910/DVN/AKMM0S,dataset,dataset
2799634,DVN/XBBOHV,https://doi.org/10.7910/DVN/XBBOHV,doi,10.7910,/,Harvard Dataverse,2016-04-08,s3://10.7910/DVN/XBBOHV,dataset,dataset
2799744,DVN/NGRGS5,https://doi.org/10.7910/DVN/NGRGS5,doi,10.7910,/,Harvard Dataverse,2016-04-05,s3://10.7910/DVN/NGRGS5,dataset,dataset
2799861,DVN/CSHNIS,https://doi.org/10.7910/DVN/CSHNIS,doi,10.7910,/,Harvard Dataverse,2016-04-12,s3://10.7910/DVN/CSHNIS,dataset,dataset
2802321,DVN/JOXCZY,https://doi.org/10.7910/DVN/JOXCZY,doi,10.7910,/,Harvard Dataverse,2016-04-15,s3://10.7910/DVN/JOXCZY,dataset,dataset
2802721,DVN/UAWGPU,https://doi.org/10.7910/DVN/UAWGPU,doi,10.7910,/,Harvard Dataverse,2016-04-19,s3://10.7910/DVN/UAWGPU,dataset,dataset
2802901,DVN/SJJ158,https://doi.org/10.7910/DVN/SJJ158,doi,10.7910,/,Harvard Dataverse,2016-04-19,s3://10.7910/DVN/SJJ158,dataset,dataset
2803055,DVN/EHVYNN,https://doi.org/10.7910/DVN/EHVYNN,doi,10.7910,/,Harvard Dataverse,2017-04-14,s3://10.7910/DVN/EHVYNN,dataset,dataset
2803077,DVN/EDGRDC,https://doi.org/10.7910/DVN/EDGRDC,doi,10.7910,/,Harvard Dataverse,2016-05-02,s3://10.7910/DVN/EDGRDC,dataset,dataset
2804426,DVN/L17KS1,https://doi.org/10.7910/DVN/L17KS1,doi,10.7910,/,Harvard Dataverse,2016-06-24,s3://10.7910/DVN/L17KS1,dataset,dataset
2804432,DVN/FL08PZ,https://doi.org/10.7910/DVN/FL08PZ,doi,10.7910,/,Harvard Dataverse,2016-04-25,s3://10.7910/DVN/FL08PZ,dataset,dataset
2805631,DVN/BYFTMD,https://doi.org/10.7910/DVN/BYFTMD,doi,10.7910,/,Harvard Dataverse,2016-04-29,s3://10.7910/DVN/BYFTMD,dataset,dataset
2805659,DVN/L8YLCJ,https://doi.org/10.7910/DVN/L8YLCJ,doi,10.7910,/,Harvard Dataverse,2016-04-29,s3://10.7910/DVN/L8YLCJ,dataset,dataset
2809120,DVN/HQ1N6A,https://doi.org/10.7910/DVN/HQ1N6A,doi,10.7910,/,Harvard Dataverse,2016-05-03,s3://10.7910/DVN/HQ1N6A,dataset,dataset
2825277,DVN/D5WS0Y,https://doi.org/10.7910/DVN/D5WS0Y,doi,10.7910,/,Harvard Dataverse,2016-06-02,s3://10.7910/DVN/D5WS0Y,dataset,dataset
2827431,DVN/GMWOY6,https://doi.org/10.7910/DVN/GMWOY6,doi,10.7910,/,Harvard Dataverse,2016-05-12,s3://10.7910/DVN/GMWOY6,dataset,dataset
2828696,DVN/Q92PMT,https://doi.org/10.7910/DVN/Q92PMT,doi,10.7910,/,Harvard Dataverse,2016-05-16,s3://10.7910/DVN/Q92PMT,dataset,dataset
2832592,DVN/K8SC39,https://doi.org/10.7910/DVN/K8SC39,doi,10.7910,/,Harvard Dataverse,2016-05-23,s3://10.7910/DVN/K8SC39,dataset,dataset
2835996,DVN/CFT901,https://doi.org/10.7910/DVN/CFT901,doi,10.7910,/,Harvard Dataverse,2016-05-27,s3://10.7910/DVN/CFT901,dataset,dataset
2836522,DVN/GJLYGI,https://doi.org/10.7910/DVN/GJLYGI,doi,10.7910,/,Harvard Dataverse,2016-05-30,s3://10.7910/DVN/GJLYGI,dataset,dataset
2839080,DVN/NFMXO1,https://doi.org/10.7910/DVN/NFMXO1,doi,10.7910,/,Harvard Dataverse,2016-06-02,s3://10.7910/DVN/NFMXO1,dataset,dataset
2839946,DVN/YNOR7Q,https://doi.org/10.7910/DVN/YNOR7Q,doi,10.7910,/,Harvard Dataverse,2016-06-13,s3://10.7910/DVN/YNOR7Q,dataset,dataset
2839956,DVN/2YQX37,https://doi.org/10.7910/DVN/2YQX37,doi,10.7910,/,Harvard Dataverse,2016-06-13,s3://10.7910/DVN/2YQX37,dataset,dataset
2840898,DVN/KKS1R0,https://doi.org/10.7910/DVN/KKS1R0,doi,10.7910,/,Harvard Dataverse,2016-06-15,s3://10.7910/DVN/KKS1R0,dataset,dataset
2841223,DVN/XSLKBP,https://doi.org/10.7910/DVN/XSLKBP,doi,10.7910,/,Harvard Dataverse,2016-06-14,s3://10.7910/DVN/XSLKBP,dataset,dataset
2841236,DVN/TYIVYZ,https://doi.org/10.7910/DVN/TYIVYZ,doi,10.7910,/,Harvard Dataverse,2016-06-14,s3://10.7910/DVN/TYIVYZ,dataset,dataset
2842402,DVN/RCINPF,https://doi.org/10.7910/DVN/RCINPF,doi,10.7910,/,Harvard Dataverse,2016-06-21,s3://10.7910/DVN/RCINPF,dataset,dataset
2842817,DVN/IVPUQT,https://doi.org/10.7910/DVN/IVPUQT,doi,10.7910,/,Harvard Dataverse,2016-06-22,s3://10.7910/DVN/IVPUQT,dataset,dataset
2843181,DVN/RTJ38N,https://doi.org/10.7910/DVN/RTJ38N,doi,10.7910,/,Harvard Dataverse,2016-06-27,s3://10.7910/DVN/RTJ38N,dataset,dataset
2847421,DVN/QDPQUD,https://doi.org/10.7910/DVN/QDPQUD,doi,10.7910,/,Harvard Dataverse,2016-06-30,s3://10.7910/DVN/QDPQUD,dataset,dataset
2848966,DVN/9U6QXP,https://doi.org/10.7910/DVN/9U6QXP,doi,10.7910,/,Harvard Dataverse,2016-07-08,s3://10.7910/DVN/9U6QXP,dataset,dataset
2849802,DVN/UDVEXN,https://doi.org/10.7910/DVN/UDVEXN,doi,10.7910,/,Harvard Dataverse,2016-07-12,s3://10.7910/DVN/UDVEXN,dataset,dataset
2851611,DVN/9SAX3K,https://doi.org/10.7910/DVN/9SAX3K,doi,10.7910,/,Harvard Dataverse,2016-07-22,s3://10.7910/DVN/9SAX3K,dataset,dataset
2853030,DVN/0E9KON,https://doi.org/10.7910/DVN/0E9KON,doi,10.7910,/,Harvard Dataverse,2016-07-21,s3://10.7910/DVN/0E9KON,dataset,dataset
2856762,DVN/FDLG0X,https://doi.org/10.7910/DVN/FDLG0X,doi,10.7910,/,Harvard Dataverse,2016-07-25,s3://10.7910/DVN/FDLG0X,dataset,dataset
2857844,DVN/A2EIZC,https://doi.org/10.7910/DVN/A2EIZC,doi,10.7910,/,Harvard Dataverse,2016-07-26,s3://10.7910/DVN/A2EIZC,dataset,dataset
2862574,DVN/UFNXMK,https://doi.org/10.7910/DVN/UFNXMK,doi,10.7910,/,Harvard Dataverse,2016-08-04,s3://10.7910/DVN/UFNXMK,dataset,dataset
2862747,DVN/8PVW9D,https://doi.org/10.7910/DVN/8PVW9D,doi,10.7910,/,Harvard Dataverse,2016-08-08,s3://10.7910/DVN/8PVW9D,dataset,dataset
2863137,DVN/GOLMTC,https://doi.org/10.7910/DVN/GOLMTC,doi,10.7910,/,Harvard Dataverse,2016-08-08,s3://10.7910/DVN/GOLMTC,dataset,dataset
2863491,DVN/XNXZGB,https://doi.org/10.7910/DVN/XNXZGB,doi,10.7910,/,Harvard Dataverse,2016-08-12,s3://10.7910/DVN/XNXZGB,dataset,dataset
2865785,DVN/ONDIIU,https://doi.org/10.7910/DVN/ONDIIU,doi,10.7910,/,Harvard Dataverse,2016-08-23,s3://10.7910/DVN/ONDIIU,dataset,dataset
2867233,DVN/VS3CG6,https://doi.org/10.7910/DVN/VS3CG6,doi,10.7910,/,Harvard Dataverse,2017-04-14,s3://10.7910/DVN/VS3CG6,dataset,dataset
2885783,DVN/WZE08F,https://doi.org/10.7910/DVN/WZE08F,doi,10.7910,/,Harvard Dataverse,2017-04-14,s3://10.7910/DVN/WZE08F,dataset,dataset
2886111,DVN/RMHOHL,https://doi.org/10.7910/DVN/RMHOHL,doi,10.7910,/,Harvard Dataverse,2016-09-15,s3://10.7910/DVN/RMHOHL,dataset,dataset
2886586,DVN/7QLCV1,https://doi.org/10.7910/DVN/7QLCV1,doi,10.7910,/,Harvard Dataverse,2017-04-14,s3://10.7910/DVN/7QLCV1,dataset,dataset
2887070,DVN/1O8LCD,https://doi.org/10.7910/DVN/1O8LCD,doi,10.7910,/,Harvard Dataverse,2016-09-27,s3://10.7910/DVN/1O8LCD,dataset,dataset
2887249,DVN/1U5WZT,https://doi.org/10.7910/DVN/1U5WZT,doi,10.7910,/,Harvard Dataverse,2017-04-14,s3://10.7910/DVN/1U5WZT,dataset,dataset
2887350,DVN/UCRHWN,https://doi.org/10.7910/DVN/UCRHWN,doi,10.7910,/,Harvard Dataverse,2016-09-29,s3://dvn-cloud:10.7910/DVN/UCRHWN,dataset,dataset
2887466,DVN/WM6JE5,https://doi.org/10.7910/DVN/WM6JE5,doi,10.7910,/,Harvard Dataverse,2016-09-27,s3://10.7910/DVN/WM6JE5,dataset,dataset
2887737,DVN/3RA7YG,https://doi.org/10.7910/DVN/3RA7YG,doi,10.7910,/,Harvard Dataverse,2016-09-29,s3://10.7910/DVN/3RA7YG,dataset,dataset
2887856,DVN/99NXTT,https://doi.org/10.7910/DVN/99NXTT,doi,10.7910,/,Harvard Dataverse,2016-10-03,s3://10.7910/DVN/99NXTT,dataset,dataset
2889672,DVN/8LDZFF,https://doi.org/10.7910/DVN/8LDZFF,doi,10.7910,/,Harvard Dataverse,2016-10-04,s3://10.7910/DVN/8LDZFF,dataset,dataset
2889721,DVN/M9VJAV,https://doi.org/10.7910/DVN/M9VJAV,doi,10.7910,/,Harvard Dataverse,2017-04-14,s3://10.7910/DVN/M9VJAV,dataset,dataset
2891940,DVN/JIIICD,https://doi.org/10.7910/DVN/JIIICD,doi,10.7910,/,Harvard Dataverse,2016-10-07,s3://10.7910/DVN/JIIICD,dataset,dataset
2902739,DVN/WT2XZQ,https://doi.org/10.7910/DVN/WT2XZQ,doi,10.7910,/,Harvard Dataverse,2016-10-14,s3://10.7910/DVN/WT2XZQ,dataset,dataset
2902921,DVN/TPW36W,https://doi.org/10.7910/DVN/TPW36W,doi,10.7910,/,Harvard Dataverse,2016-10-14,s3://10.7910/DVN/TPW36W,dataset,dataset
2903551,DVN/ZSTE1X,https://doi.org/10.7910/DVN/ZSTE1X,doi,10.7910,/,Harvard Dataverse,2017-04-14,s3://dvn-cloud:10.7910/DVN/ZSTE1X,dataset,dataset
2904018,DVN/CWQYIB,https://doi.org/10.7910/DVN/CWQYIB,doi,10.7910,/,Harvard Dataverse,2016-10-25,s3://10.7910/DVN/CWQYIB,dataset,dataset
2905838,DVN/ABX2WA,https://doi.org/10.7910/DVN/ABX2WA,doi,10.7910,/,Harvard Dataverse,2016-10-25,s3://10.7910/DVN/ABX2WA,dataset,dataset
2910851,DVN/VOF11U,https://doi.org/10.7910/DVN/VOF11U,doi,10.7910,/,Harvard Dataverse,2016-10-31,s3://10.7910/DVN/VOF11U,dataset,dataset
2911035,DVN/FIKXKD,https://doi.org/10.7910/DVN/FIKXKD,doi,10.7910,/,Harvard Dataverse,2016-11-01,s3://10.7910/DVN/FIKXKD,dataset,dataset
2911423,DVN/ZAD5UE,https://doi.org/10.7910/DVN/ZAD5UE,doi,10.7910,/,Harvard Dataverse,2017-04-14,s3://10.7910/DVN/ZAD5UE,dataset,dataset
2917272,DVN/MVN4DP,https://doi.org/10.7910/DVN/MVN4DP,doi,10.7910,/,Harvard Dataverse,2016-11-14,s3://10.7910/DVN/MVN4DP,dataset,dataset
2961554,DVN/14RSGX,https://doi.org/10.7910/DVN/14RSGX,doi,10.7910,/,Harvard Dataverse,2016-11-28,s3://10.7910/DVN/14RSGX,dataset,dataset
2962852,DVN/LGDIZD,https://doi.org/10.7910/DVN/LGDIZD,doi,10.7910,/,Harvard Dataverse,2016-12-06,s3://10.7910/DVN/LGDIZD,dataset,dataset
2963200,DVN/HKOBWC,https://doi.org/10.7910/DVN/HKOBWC,doi,10.7910,/,Harvard Dataverse,2016-12-08,s3://10.7910/DVN/HKOBWC,dataset,dataset
2964039,DVN/KC73TR,https://doi.org/10.7910/DVN/KC73TR,doi,10.7910,/,Harvard Dataverse,2016-12-12,s3://10.7910/DVN/KC73TR,dataset,dataset
2964567,DVN/PTOYUX,https://doi.org/10.7910/DVN/PTOYUX,doi,10.7910,/,Harvard Dataverse,2016-12-23,s3://10.7910/DVN/PTOYUX,dataset,dataset
2965348,DVN/UCCJIB,https://doi.org/10.7910/DVN/UCCJIB,doi,10.7910,/,Harvard Dataverse,2016-12-23,s3://10.7910/DVN/UCCJIB,dataset,dataset
2965435,DVN/6WBQ7U,https://doi.org/10.7910/DVN/6WBQ7U,doi,10.7910,/,Harvard Dataverse,2016-12-23,s3://10.7910/DVN/6WBQ7U,dataset,dataset
2968640,DVN/2OFTAW,https://doi.org/10.7910/DVN/2OFTAW,doi,10.7910,/,Harvard Dataverse,2017-01-05,s3://10.7910/DVN/2OFTAW,dataset,dataset
2968798,DVN/ASLTVG,https://doi.org/10.7910/DVN/ASLTVG,doi,10.7910,/,Harvard Dataverse,2017-01-05,s3://10.7910/DVN/ASLTVG,dataset,dataset
2968815,DVN/0XEUCP,https://doi.org/10.7910/DVN/0XEUCP,doi,10.7910,/,Harvard Dataverse,2017-01-05,s3://10.7910/DVN/0XEUCP,dataset,dataset
2969330,DVN/96H4DV,https://doi.org/10.7910/DVN/96H4DV,doi,10.7910,/,Harvard Dataverse,2017-01-14,s3://10.7910/DVN/96H4DV,dataset,dataset
2969895,DVN/61JSZQ,https://doi.org/10.7910/DVN/61JSZQ,doi,10.7910,/,Harvard Dataverse,2017-04-14,s3://dvn-cloud:10.7910/DVN/61JSZQ,dataset,dataset
2970242,DVN/SIUR6A,https://doi.org/10.7910/DVN/SIUR6A,doi,10.7910,/,Harvard Dataverse,2017-01-14,s3://10.7910/DVN/SIUR6A,dataset,dataset
2971472,DVN/D0LEX4,https://doi.org/10.7910/DVN/D0LEX4,doi,10.7910,/,Harvard Dataverse,2017-01-24,s3://10.7910/DVN/D0LEX4,dataset,dataset
2971477,DVN/ZIYOQ3,https://doi.org/10.7910/DVN/ZIYOQ3,doi,10.7910,/,Harvard Dataverse,2017-01-24,s3://10.7910/DVN/ZIYOQ3,dataset,dataset
2971581,DVN/SNQG8P,https://doi.org/10.7910/DVN/SNQG8P,doi,10.7910,/,Harvard Dataverse,2017-01-24,s3://10.7910/DVN/SNQG8P,dataset,dataset
2971629,DVN/J4KRBG,https://doi.org/10.7910/DVN/J4KRBG,doi,10.7910,/,Harvard Dataverse,2017-01-30,s3://10.7910/DVN/J4KRBG,dataset,dataset
2971660,DVN/LTPPVH,https://doi.org/10.7910/DVN/LTPPVH,doi,10.7910,/,Harvard Dataverse,2017-02-07,s3://10.7910/DVN/LTPPVH,dataset,dataset
2972241,DVN/TWDSBW,https://doi.org/10.7910/DVN/TWDSBW,doi,10.7910,/,Harvard Dataverse,2017-01-30,s3://10.7910/DVN/TWDSBW,dataset,dataset
2999513,DVN/IZC5P1,https://doi.org/10.7910/DVN/IZC5P1,doi,10.7910,/,Harvard Dataverse,2017-02-06,s3://10.7910/DVN/IZC5P1,dataset,dataset
2999679,DVN/BANJL7,https://doi.org/10.7910/DVN/BANJL7,doi,10.7910,/,Harvard Dataverse,2017-02-07,s3://10.7910/DVN/BANJL7,dataset,dataset
3002554,DVN/ZUY1KJ,https://doi.org/10.7910/DVN/ZUY1KJ,doi,10.7910,/,Harvard Dataverse,2017-04-14,s3://10.7910/DVN/ZUY1KJ,dataset,dataset
3003455,DVN/ULTUUC,https://doi.org/10.7910/DVN/ULTUUC,doi,10.7910,/,Harvard Dataverse,2017-03-02,s3://10.7910/DVN/ULTUUC,dataset,dataset
3003679,DVN/1GLFE1,https://doi.org/10.7910/DVN/1GLFE1,doi,10.7910,/,Harvard Dataverse,2017-03-02,s3://10.7910/DVN/1GLFE1,dataset,dataset
3004289,DVN/ELWP8V,https://doi.org/10.7910/DVN/ELWP8V,doi,10.7910,/,Harvard Dataverse,2017-03-02,s3://10.7910/DVN/ELWP8V,dataset,dataset
3004647,DVN/LBMRFX,https://doi.org/10.7910/DVN/LBMRFX,doi,10.7910,/,Harvard Dataverse,2017-03-06,s3://10.7910/DVN/LBMRFX,dataset,dataset
3006771,DVN/DCTPJI,https://doi.org/10.7910/DVN/DCTPJI,doi,10.7910,/,Harvard Dataverse,2017-03-16,s3://10.7910/DVN/DCTPJI,dataset,dataset
3006796,DVN/E40AFU,https://doi.org/10.7910/DVN/E40AFU,doi,10.7910,/,Harvard Dataverse,2017-03-16,s3://10.7910/DVN/E40AFU,dataset,dataset
3008115,DVN/5A0JOI,https://doi.org/10.7910/DVN/5A0JOI,doi,10.7910,/,Harvard Dataverse,2017-04-03,s3://dvn-cloud:10.7910/DVN/5A0JOI,dataset,dataset
3008129,DVN/SODVHZ,https://doi.org/10.7910/DVN/SODVHZ,doi,10.7910,/,Harvard Dataverse,2017-05-09,s3://10.7910/DVN/SODVHZ,dataset,dataset
3009341,DVN/T9WESH,https://doi.org/10.7910/DVN/T9WESH,doi,10.7910,/,Harvard Dataverse,2017-03-30,s3://10.7910/DVN/T9WESH,dataset,dataset
3011081,DVN/XOERIO,https://doi.org/10.7910/DVN/XOERIO,doi,10.7910,/,Harvard Dataverse,2017-04-12,s3://10.7910/DVN/XOERIO,dataset,dataset
3012314,DVN/SJBWC3,https://doi.org/10.7910/DVN/SJBWC3,doi,10.7910,/,Harvard Dataverse,2017-04-19,s3://10.7910/DVN/SJBWC3,dataset,dataset
3012482,DVN/DF4DFH,https://doi.org/10.7910/DVN/DF4DFH,doi,10.7910,/,Harvard Dataverse,2017-05-09,s3://10.7910/DVN/DF4DFH,dataset,dataset
3013167,DVN/LJVBT6,https://doi.org/10.7910/DVN/LJVBT6,doi,10.7910,/,Harvard Dataverse,2017-05-02,s3://dvn-cloud:10.7910/DVN/LJVBT6,dataset,dataset
3013615,DVN/XNHHDO,https://doi.org/10.7910/DVN/XNHHDO,doi,10.7910,/,Harvard Dataverse,2017-04-24,s3://10.7910/DVN/XNHHDO,dataset,dataset
3013736,DVN/UOABFB,https://doi.org/10.7910/DVN/UOABFB,doi,10.7910,/,Harvard Dataverse,2017-04-24,s3://10.7910/DVN/UOABFB,dataset,dataset
3013785,DVN/EKNEIH,https://doi.org/10.7910/DVN/EKNEIH,doi,10.7910,/,Harvard Dataverse,2017-04-26,s3://10.7910/DVN/EKNEIH,dataset,dataset
3014014,DVN/E5DJFS,https://doi.org/10.7910/DVN/E5DJFS,doi,10.7910,/,Harvard Dataverse,2017-04-26,s3://10.7910/DVN/E5DJFS,dataset,dataset
3014602,DVN/XAWZVS,https://doi.org/10.7910/DVN/XAWZVS,doi,10.7910,/,Harvard Dataverse,2017-05-08,s3://dvn-cloud:10.7910/DVN/XAWZVS,dataset,dataset
3017199,DVN/6SRL9X,https://doi.org/10.7910/DVN/6SRL9X,doi,10.7910,/,Harvard Dataverse,2017-05-24,s3://dvn-cloud:10.7910/DVN/6SRL9X,dataset,dataset
3017853,DVN/ZUE1BI,https://doi.org/10.7910/DVN/ZUE1BI,doi,10.7910,/,Harvard Dataverse,2017-05-26,s3://10.7910/DVN/ZUE1BI,dataset,dataset
3018126,DVN/WO3NXS,https://doi.org/10.7910/DVN/WO3NXS,doi,10.7910,/,Harvard Dataverse,2017-05-16,s3://dvn-cloud:10.7910/DVN/WO3NXS,dataset,dataset
3018998,DVN/T17S0X,https://doi.org/10.7910/DVN/T17S0X,doi,10.7910,/,Harvard Dataverse,2017-05-24,s3://10.7910/DVN/T17S0X,dataset,dataset
3019089,DVN/UTJGTF,https://doi.org/10.7910/DVN/UTJGTF,doi,10.7910,/,Harvard Dataverse,2017-05-26,s3://10.7910/DVN/UTJGTF,dataset,dataset
3019099,DVN/CDFEGV,https://doi.org/10.7910/DVN/CDFEGV,doi,10.7910,/,Harvard Dataverse,2017-08-08,s3://10.7910/DVN/CDFEGV,dataset,dataset
3019916,DVN/MP1NSJ,https://doi.org/10.7910/DVN/MP1NSJ,doi,10.7910,/,Harvard Dataverse,2017-05-30,s3://10.7910/DVN/MP1NSJ,dataset,dataset
3020150,DVN/OJUPMY,https://doi.org/10.7910/DVN/OJUPMY,doi,10.7910,/,Harvard Dataverse,2017-05-30,s3://10.7910/DVN/OJUPMY,dataset,dataset
3020205,DVN/5EIKNG,https://doi.org/10.7910/DVN/5EIKNG,doi,10.7910,/,Harvard Dataverse,2017-06-05,s3://dvn-cloud:10.7910/DVN/5EIKNG,dataset,dataset
3020261,DVN/Q5M4UQ,https://doi.org/10.7910/DVN/Q5M4UQ,doi,10.7910,/,Harvard Dataverse,2017-05-30,s3://10.7910/DVN/Q5M4UQ,dataset,dataset
3020503,DVN/KDRXD0,https://doi.org/10.7910/DVN/KDRXD0,doi,10.7910,/,Harvard Dataverse,2017-06-05,s3://10.7910/DVN/KDRXD0,dataset,dataset
3023005,DVN/UV7ZPZ,https://doi.org/10.7910/DVN/UV7ZPZ,doi,10.7910,/,Harvard Dataverse,2017-06-05,s3://dvn-cloud:10.7910/DVN/UV7ZPZ,dataset,dataset
3026879,DVN/JSDUTQ,https://doi.org/10.7910/DVN/JSDUTQ,doi,10.7910,/,Harvard Dataverse,2017-06-12,s3://10.7910/DVN/JSDUTQ,dataset,dataset
3027253,DVN/TLBBUX,https://doi.org/10.7910/DVN/TLBBUX,doi,10.7910,/,Harvard Dataverse,2017-06-14,s3://10.7910/DVN/TLBBUX,dataset,dataset
3030264,DVN/URHLUO,https://doi.org/10.7910/DVN/URHLUO,doi,10.7910,/,Harvard Dataverse,2017-06-27,s3://10.7910/DVN/URHLUO,dataset,dataset
3030548,DVN/IUJPYK,https://doi.org/10.7910/DVN/IUJPYK,doi,10.7910,/,Harvard Dataverse,2017-06-27,s3://10.7910/DVN/IUJPYK,dataset,dataset
3031531,DVN/R677HD,https://doi.org/10.7910/DVN/R677HD,doi,10.7910,/,Harvard Dataverse,2017-06-27,s3://dvn-cloud:10.7910/DVN/R677HD,dataset,dataset
3031547,DVN/7Q9ZSR,https://doi.org/10.7910/DVN/7Q9ZSR,doi,10.7910,/,Harvard Dataverse,2017-06-27,s3://10.7910/DVN/7Q9ZSR,dataset,dataset
3031859,DVN/BWYJKB,https://doi.org/10.7910/DVN/BWYJKB,doi,10.7910,/,Harvard Dataverse,2017-06-28,s3://10.7910/DVN/BWYJKB,dataset,dataset
3032591,DVN/5AN3RU,https://doi.org/10.7910/DVN/5AN3RU,doi,10.7910,/,Harvard Dataverse,2017-07-10,s3://10.7910/DVN/5AN3RU,dataset,dataset
3032608,DVN/EVYI2H,https://doi.org/10.7910/DVN/EVYI2H,doi,10.7910,/,Harvard Dataverse,2017-07-07,s3://10.7910/DVN/EVYI2H,dataset,dataset
3033780,DVN/V9QSWK,https://doi.org/10.7910/DVN/V9QSWK,doi,10.7910,/,Harvard Dataverse,2017-07-06,s3://10.7910/DVN/V9QSWK,dataset,dataset
3035099,DVN/OAGZZD,https://doi.org/10.7910/DVN/OAGZZD,doi,10.7910,/,Harvard Dataverse,2017-07-07,s3://10.7910/DVN/OAGZZD,dataset,dataset
3037126,DVN/WDRHTS,https://doi.org/10.7910/DVN/WDRHTS,doi,10.7910,/,Harvard Dataverse,2017-07-24,s3://10.7910/DVN/WDRHTS,dataset,dataset
3037168,DVN/IO89OI,https://doi.org/10.7910/DVN/IO89OI,doi,10.7910,/,Harvard Dataverse,2017-08-02,s3://10.7910/DVN/IO89OI,dataset,dataset
3037556,DVN/MMS1P2,https://doi.org/10.7910/DVN/MMS1P2,doi,10.7910,/,Harvard Dataverse,2017-07-24,s3://10.7910/DVN/MMS1P2,dataset,dataset
3040351,DVN/CLMQ8E,https://doi.org/10.7910/DVN/CLMQ8E,doi,10.7910,/,Harvard Dataverse,2017-08-24,s3://10.7910/DVN/CLMQ8E,dataset,dataset
3042281,DVN/MOTRM2,https://doi.org/10.7910/DVN/MOTRM2,doi,10.7910,/,Harvard Dataverse,2017-08-08,s3://10.7910/DVN/MOTRM2,dataset,dataset
3042450,DVN/C6XJAT,https://doi.org/10.7910/DVN/C6XJAT,doi,10.7910,/,Harvard Dataverse,2017-08-09,s3://10.7910/DVN/C6XJAT,dataset,dataset
3042833,DVN/QKJHCI,https://doi.org/10.7910/DVN/QKJHCI,doi,10.7910,/,Harvard Dataverse,2017-08-15,s3://10.7910/DVN/QKJHCI,dataset,dataset
3043034,DVN/SEXLPX,https://doi.org/10.7910/DVN/SEXLPX,doi,10.7910,/,Harvard Dataverse,2017-08-24,s3://10.7910/DVN/SEXLPX,dataset,dataset
3043046,DVN/WM0XNF,https://doi.org/10.7910/DVN/WM0XNF,doi,10.7910,/,Harvard Dataverse,2017-08-16,s3://10.7910/DVN/WM0XNF,dataset,dataset
3043067,DVN/TXEFZI,https://doi.org/10.7910/DVN/TXEFZI,doi,10.7910,/,Harvard Dataverse,2017-08-24,s3://10.7910/DVN/TXEFZI,dataset,dataset
3047245,DVN/Y6RYUY,https://doi.org/10.7910/DVN/Y6RYUY,doi,10.7910,/,Harvard Dataverse,2017-09-14,s3://10.7910/DVN/Y6RYUY,dataset,dataset
3047300,DVN/XWAREK,https://doi.org/10.7910/DVN/XWAREK,doi,10.7910,/,Harvard Dataverse,2017-08-29,s3://10.7910/DVN/XWAREK,dataset,dataset
3048843,DVN/F1VLBI,https://doi.org/10.7910/DVN/F1VLBI,doi,10.7910,/,Harvard Dataverse,2017-09-05,s3://10.7910/DVN/F1VLBI,dataset,dataset
3049787,DVN/TNWENH,https://doi.org/10.7910/DVN/TNWENH,doi,10.7910,/,Harvard Dataverse,2017-09-05,s3://10.7910/DVN/TNWENH,dataset,dataset
3049973,DVN/R163AN,https://doi.org/10.7910/DVN/R163AN,doi,10.7910,/,Harvard Dataverse,2017-08-29,s3://10.7910/DVN/R163AN,dataset,dataset
3050127,DVN/AE5BPK,https://doi.org/10.7910/DVN/AE5BPK,doi,10.7910,/,Harvard Dataverse,2017-08-29,s3://10.7910/DVN/AE5BPK,dataset,dataset
3050479,DVN/CV9AYE,https://doi.org/10.7910/DVN/CV9AYE,doi,10.7910,/,Harvard Dataverse,2017-09-05,s3://10.7910/DVN/CV9AYE,dataset,dataset
3050530,DVN/K3P78R,https://doi.org/10.7910/DVN/K3P78R,doi,10.7910,/,Harvard Dataverse,2017-09-11,s3://10.7910/DVN/K3P78R,dataset,dataset
3050940,DVN/F2F827,https://doi.org/10.7910/DVN/F2F827,doi,10.7910,/,Harvard Dataverse,2017-09-14,s3://10.7910/DVN/F2F827,dataset,dataset
3051075,DVN/QG7FMX,https://doi.org/10.7910/DVN/QG7FMX,doi,10.7910,/,Harvard Dataverse,2017-09-14,s3://10.7910/DVN/QG7FMX,dataset,dataset
3051187,DVN/56EZPS,https://doi.org/10.7910/DVN/56EZPS,doi,10.7910,/,Harvard Dataverse,2017-09-12,s3://10.7910/DVN/56EZPS,dataset,dataset
3051480,DVN/CEJSVJ,https://doi.org/10.7910/DVN/CEJSVJ,doi,10.7910,/,Harvard Dataverse,2017-09-15,s3://10.7910/DVN/CEJSVJ,dataset,dataset
3052034,DVN/OOLFGP,https://doi.org/10.7910/DVN/OOLFGP,doi,10.7910,/,Harvard Dataverse,2017-09-20,s3://10.7910/DVN/OOLFGP,dataset,dataset
3052286,DVN/IWTPVO,https://doi.org/10.7910/DVN/IWTPVO,doi,10.7910,/,Harvard Dataverse,2017-09-18,s3://10.7910/DVN/IWTPVO,dataset,dataset
3052361,DVN/RKQEJD,https://doi.org/10.7910/DVN/RKQEJD,doi,10.7910,/,Harvard Dataverse,2017-09-20,s3://10.7910/DVN/RKQEJD,dataset,dataset
3054210,DVN/GR7BOP,https://doi.org/10.7910/DVN/GR7BOP,doi,10.7910,/,Harvard Dataverse,2017-09-28,s3://10.7910/DVN/GR7BOP,dataset,dataset
3055261,DVN/QQBARG,https://doi.org/10.7910/DVN/QQBARG,doi,10.7910,/,Harvard Dataverse,2017-10-02,s3://10.7910/DVN/QQBARG,dataset,dataset
3055478,DVN/GB5BFN,https://doi.org/10.7910/DVN/GB5BFN,doi,10.7910,/,Harvard Dataverse,2017-10-05,s3://10.7910/DVN/GB5BFN,dataset,dataset
3055501,DVN/CSNTTG,https://doi.org/10.7910/DVN/CSNTTG,doi,10.7910,/,Harvard Dataverse,2017-10-05,file,dataset,dataset
3055967,DVN/0RWXQO,https://doi.org/10.7910/DVN/0RWXQO,doi,10.7910,/,Harvard Dataverse,2017-10-09,file,dataset,dataset
3056371,DVN/4QRUPR,https://doi.org/10.7910/DVN/4QRUPR,doi,10.7910,/,Harvard Dataverse,2017-10-12,s3://10.7910/DVN/4QRUPR,dataset,dataset
3056395,DVN/LNPAOC,https://doi.org/10.7910/DVN/LNPAOC,doi,10.7910,/,Harvard Dataverse,2017-10-10,s3://10.7910/DVN/LNPAOC,dataset,dataset
3058208,DVN/KHBDWU,https://doi.org/10.7910/DVN/KHBDWU,doi,10.7910,/,Harvard Dataverse,2017-10-18,s3://10.7910/DVN/KHBDWU,dataset,dataset
3058614,DVN/61JJI3,https://doi.org/10.7910/DVN/61JJI3,doi,10.7910,/,Harvard Dataverse,2017-10-23,s3://10.7910/DVN/61JJI3,dataset,dataset
3061602,DVN/MLH2FY,https://doi.org/10.7910/DVN/MLH2FY,doi,10.7910,/,Harvard Dataverse,2017-10-25,s3://10.7910/DVN/MLH2FY,dataset,dataset
3067713,DVN/4G2DBT,https://doi.org/10.7910/DVN/4G2DBT,doi,10.7910,/,Harvard Dataverse,2017-10-25,file,dataset,dataset
3069130,DVN/01LN9W,https://doi.org/10.7910/DVN/01LN9W,doi,10.7910,/,Harvard Dataverse,2017-11-01,s3://10.7910/DVN/01LN9W,dataset,dataset
3074707,DVN/6NSLSM,https://doi.org/10.7910/DVN/6NSLSM,doi,10.7910,/,Harvard Dataverse,2017-11-20,s3://10.7910/DVN/6NSLSM,dataset,dataset
3079296,DVN/92SKA2,https://doi.org/10.7910/DVN/92SKA2,doi,10.7910,/,Harvard Dataverse,2017-12-01,s3://10.7910/DVN/92SKA2,dataset,dataset
3082413,DVN/QV7AJH,https://doi.org/10.7910/DVN/QV7AJH,doi,10.7910,/,Harvard Dataverse,2017-11-26,s3://10.7910/DVN/QV7AJH,dataset,dataset
3082588,DVN/LBUXPQ,https://doi.org/10.7910/DVN/LBUXPQ,doi,10.7910,/,Harvard Dataverse,2017-11-29,s3://10.7910/DVN/LBUXPQ,dataset,dataset
3082970,DVN/WJXCT8,https://doi.org/10.7910/DVN/WJXCT8,doi,10.7910,/,Harvard Dataverse,2017-11-29,s3://10.7910/DVN/WJXCT8,dataset,dataset
3084673,DVN/CF44OW,https://doi.org/10.7910/DVN/CF44OW,doi,10.7910,/,Harvard Dataverse,2017-12-04,file,dataset,dataset
3087683,DVN/28POAO,https://doi.org/10.7910/DVN/28POAO,doi,10.7910,/,Harvard Dataverse,2017-12-07,file,dataset,dataset
3088156,DVN/JNFMNQ,https://doi.org/10.7910/DVN/JNFMNQ,doi,10.7910,/,Harvard Dataverse,2017-12-15,s3://10.7910/DVN/JNFMNQ,dataset,dataset
3088313,DVN/VAY7ZQ,https://doi.org/10.7910/DVN/VAY7ZQ,doi,10.7910,/,Harvard Dataverse,2017-12-11,s3://10.7910/DVN/VAY7ZQ,dataset,dataset
3088982,DVN/RQFCQH,https://doi.org/10.7910/DVN/RQFCQH,doi,10.7910,/,Harvard Dataverse,2017-12-17,s3://10.7910/DVN/RQFCQH,dataset,dataset
3088984,DVN/LDRTZI,https://doi.org/10.7910/DVN/LDRTZI,doi,10.7910,/,Harvard Dataverse,2017-12-17,s3://10.7910/DVN/LDRTZI,dataset,dataset
3094519,DVN/RYKJKS,https://doi.org/10.7910/DVN/RYKJKS,doi,10.7910,/,Harvard Dataverse,2018-01-10,s3://10.7910/DVN/RYKJKS,dataset,dataset
3094572,DVN/D73LV3,https://doi.org/10.7910/DVN/D73LV3,doi,10.7910,/,Harvard Dataverse,2018-01-11,s3://10.7910/DVN/D73LV3,dataset,dataset
3094906,DVN/CA8GZZ,https://doi.org/10.7910/DVN/CA8GZZ,doi,10.7910,/,Harvard Dataverse,2018-01-11,s3://10.7910/DVN/CA8GZZ,dataset,dataset
3096607,DVN/DKKP4I,https://doi.org/10.7910/DVN/DKKP4I,doi,10.7910,/,Harvard Dataverse,2018-01-12,file,dataset,dataset
3097018,DVN/OYAZ7H,https://doi.org/10.7910/DVN/OYAZ7H,doi,10.7910,/,Harvard Dataverse,2018-01-11,s3://10.7910/DVN/OYAZ7H,dataset,dataset
3104015,DVN/JT6GFR,https://doi.org/10.7910/DVN/JT6GFR,doi,10.7910,/,Harvard Dataverse,2018-01-12,s3://10.7910/DVN/JT6GFR,dataset,dataset
3106349,DVN/LOBXKJ,https://doi.org/10.7910/DVN/LOBXKJ,doi,10.7910,/,Harvard Dataverse,2018-01-16,s3://10.7910/DVN/LOBXKJ,dataset,dataset
3106713,DVN/YAGHTA,https://doi.org/10.7910/DVN/YAGHTA,doi,10.7910,/,Harvard Dataverse,2018-01-17,s3://10.7910/DVN/YAGHTA,dataset,dataset
3106761,DVN/C2LWHA,https://doi.org/10.7910/DVN/C2LWHA,doi,10.7910,/,Harvard Dataverse,2018-01-17,s3://10.7910/DVN/C2LWHA,dataset,dataset
3107391,DVN/F2JF6G,https://doi.org/10.7910/DVN/F2JF6G,doi,10.7910,/,Harvard Dataverse,2018-01-25,file,dataset,dataset
3107787,DVN/AMMFVZ,https://doi.org/10.7910/DVN/AMMFVZ,doi,10.7910,/,Harvard Dataverse,2018-01-25,s3://10.7910/DVN/AMMFVZ,dataset,dataset
3108351,DVN/XAQMIA,https://doi.org/10.7910/DVN/XAQMIA,doi,10.7910,/,Harvard Dataverse,2018-02-20,s3://10.7910/DVN/XAQMIA,dataset,dataset
3108912,DVN/PNYLIY,https://doi.org/10.7910/DVN/PNYLIY,doi,10.7910,/,Harvard Dataverse,2018-01-26,s3://10.7910/DVN/PNYLIY,dataset,dataset
3108937,DVN/ZSB0BL,https://doi.org/10.7910/DVN/ZSB0BL,doi,10.7910,/,Harvard Dataverse,2018-02-20,file,dataset,dataset
3109207,DVN/EEMRS9,https://doi.org/10.7910/DVN/EEMRS9,doi,10.7910,/,Harvard Dataverse,2018-02-01,s3://10.7910/DVN/EEMRS9,dataset,dataset
3117170,DVN/MVD5VP,https://doi.org/10.7910/DVN/MVD5VP,doi,10.7910,/,Harvard Dataverse,2018-06-09,s3://10.7910/DVN/MVD5VP,dataset,dataset
3117410,DVN/TTK06U,https://doi.org/10.7910/DVN/TTK06U,doi,10.7910,/,Harvard Dataverse,2018-02-04,s3://10.7910/DVN/TTK06U,dataset,dataset
3123315,DVN/ZFQMCP,https://doi.org/10.7910/DVN/ZFQMCP,doi,10.7910,/,Harvard Dataverse,2018-02-12,s3://10.7910/DVN/ZFQMCP,dataset,dataset
3123366,DVN/KGZGLT,https://doi.org/10.7910/DVN/KGZGLT,doi,10.7910,/,Harvard Dataverse,2018-02-14,s3://10.7910/DVN/KGZGLT,dataset,dataset
3123399,DVN/6NDYHC,https://doi.org/10.7910/DVN/6NDYHC,doi,10.7910,/,Harvard Dataverse,2018-03-04,s3://10.7910/DVN/6NDYHC,dataset,dataset
3123420,DVN/78JPNJ,https://doi.org/10.7910/DVN/78JPNJ,doi,10.7910,/,Harvard Dataverse,2018-02-14,s3://10.7910/DVN/78JPNJ,dataset,dataset
3123540,DVN/MLFYNX,https://doi.org/10.7910/DVN/MLFYNX,doi,10.7910,/,Harvard Dataverse,2018-02-20,s3://10.7910/DVN/MLFYNX,dataset,dataset
3123598,DVN/ROUWNS,https://doi.org/10.7910/DVN/ROUWNS,doi,10.7910,/,Harvard Dataverse,2018-02-12,s3://10.7910/DVN/ROUWNS,dataset,dataset
3123829,DVN/O4P8J1,https://doi.org/10.7910/DVN/O4P8J1,doi,10.7910,/,Harvard Dataverse,2018-02-20,s3://10.7910/DVN/O4P8J1,dataset,dataset
3124159,DVN/VSXTFS,https://doi.org/10.7910/DVN/VSXTFS,doi,10.7910,/,Harvard Dataverse,2018-02-20,s3://10.7910/DVN/VSXTFS,dataset,dataset
3125584,DVN/NK4SQT,https://doi.org/10.7910/DVN/NK4SQT,doi,10.7910,/,Harvard Dataverse,2018-02-20,s3://10.7910/DVN/NK4SQT,dataset,dataset
3125701,DVN/HVHUIP,https://doi.org/10.7910/DVN/HVHUIP,doi,10.7910,/,Harvard Dataverse,2018-02-20,s3://10.7910/DVN/HVHUIP,dataset,dataset
3127002,DVN/I72HB0,https://doi.org/10.7910/DVN/I72HB0,doi,10.7910,/,Harvard Dataverse,2018-02-25,s3://10.7910/DVN/I72HB0,dataset,dataset
3128018,DVN/JAOQSD,https://doi.org/10.7910/DVN/JAOQSD,doi,10.7910,/,Harvard Dataverse,2018-02-25,file,dataset,dataset
3128339,DVN/C1SICS,https://doi.org/10.7910/DVN/C1SICS,doi,10.7910,/,Harvard Dataverse,2018-03-06,s3://10.7910/DVN/C1SICS,dataset,dataset
3129840,DVN/S2Y1PA,https://doi.org/10.7910/DVN/S2Y1PA,doi,10.7910,/,Harvard Dataverse,2018-03-01,s3://10.7910/DVN/S2Y1PA,dataset,dataset
3130273,DVN/D4IDA9,https://doi.org/10.7910/DVN/D4IDA9,doi,10.7910,/,Harvard Dataverse,2018-03-04,s3://10.7910/DVN/D4IDA9,dataset,dataset
3131800,DVN/HK213D,https://doi.org/10.7910/DVN/HK213D,doi,10.7910,/,Harvard Dataverse,2018-03-12,s3://10.7910/DVN/HK213D,dataset,dataset
3135066,DVN/5JLGEL,https://doi.org/10.7910/DVN/5JLGEL,doi,10.7910,/,Harvard Dataverse,2018-03-16,s3://10.7910/DVN/5JLGEL,dataset,dataset
3135188,DVN/8JW4Q7,https://doi.org/10.7910/DVN/8JW4Q7,doi,10.7910,/,Harvard Dataverse,2018-04-09,s3://10.7910/DVN/8JW4Q7,dataset,dataset
3135371,DVN/XL73P4,https://doi.org/10.7910/DVN/XL73P4,doi,10.7910,/,Harvard Dataverse,2018-03-19,s3://10.7910/DVN/XL73P4,dataset,dataset
3135556,DVN/G4XAGY,https://doi.org/10.7910/DVN/G4XAGY,doi,10.7910,/,Harvard Dataverse,2018-03-22,s3://10.7910/DVN/G4XAGY,dataset,dataset
3135612,DVN/QJ9E9M,https://doi.org/10.7910/DVN/QJ9E9M,doi,10.7910,/,Harvard Dataverse,2018-03-23,s3://10.7910/DVN/QJ9E9M,dataset,dataset
3136041,DVN/7UBRAC,https://doi.org/10.7910/DVN/7UBRAC,doi,10.7910,/,Harvard Dataverse,2018-03-23,s3://10.7910/DVN/7UBRAC,dataset,dataset
3136103,DVN/ICBCM2,https://doi.org/10.7910/DVN/ICBCM2,doi,10.7910,/,Harvard Dataverse,2018-03-27,s3://10.7910/DVN/ICBCM2,dataset,dataset
3136285,DVN/1HNIFT,https://doi.org/10.7910/DVN/1HNIFT,doi,10.7910,/,Harvard Dataverse,2018-03-25,s3://10.7910/DVN/1HNIFT,dataset,dataset
3137109,DVN/VRMH3I,https://doi.org/10.7910/DVN/VRMH3I,doi,10.7910,/,Harvard Dataverse,2018-03-27,s3://10.7910/DVN/VRMH3I,dataset,dataset
3137140,DVN/VHNONI,https://doi.org/10.7910/DVN/VHNONI,doi,10.7910,/,Harvard Dataverse,2018-03-27,s3://10.7910/DVN/VHNONI,dataset,dataset
3137783,DVN/XQ9RJT,https://doi.org/10.7910/DVN/XQ9RJT,doi,10.7910,/,Harvard Dataverse,2018-04-03,s3://10.7910/DVN/XQ9RJT,dataset,dataset
3139614,DVN/C15VOD,https://doi.org/10.7910/DVN/C15VOD,doi,10.7910,/,Harvard Dataverse,2018-04-09,s3://10.7910/DVN/C15VOD,dataset,dataset
3139615,DVN/X2JEXD,https://doi.org/10.7910/DVN/X2JEXD,doi,10.7910,/,Harvard Dataverse,2018-04-04,s3://10.7910/DVN/X2JEXD,dataset,dataset
3140489,DVN/3QNR8Q,https://doi.org/10.7910/DVN/3QNR8Q,doi,10.7910,/,Harvard Dataverse,2018-04-25,s3://10.7910/DVN/3QNR8Q,dataset,dataset
3141525,DVN/8OKVHY,https://doi.org/10.7910/DVN/8OKVHY,doi,10.7910,/,Harvard Dataverse,2018-04-15,s3://10.7910/DVN/8OKVHY,dataset,dataset
3143123,DVN/Y1EUAY,https://doi.org/10.7910/DVN/Y1EUAY,doi,10.7910,/,Harvard Dataverse,2018-04-18,s3://10.7910/DVN/Y1EUAY,dataset,dataset
3144075,DVN/SXJHEJ,https://doi.org/10.7910/DVN/SXJHEJ,doi,10.7910,/,Harvard Dataverse,2018-04-23,s3://10.7910/DVN/SXJHEJ,dataset,dataset
3144742,DVN/EJRNK0,https://doi.org/10.7910/DVN/EJRNK0,doi,10.7910,/,Harvard Dataverse,2018-04-23,s3://10.7910/DVN/EJRNK0,dataset,dataset
3146786,DVN/ZUICBB,https://doi.org/10.7910/DVN/ZUICBB,doi,10.7910,/,Harvard Dataverse,2018-04-24,s3://10.7910/DVN/ZUICBB,dataset,dataset
3147055,DVN/2CS1VF,https://doi.org/10.7910/DVN/2CS1VF,doi,10.7910,/,Harvard Dataverse,2018-05-01,s3://10.7910/DVN/2CS1VF,dataset,dataset
3147442,DVN/OFK4L6,https://doi.org/10.7910/DVN/OFK4L6,doi,10.7910,/,Harvard Dataverse,2018-04-25,s3://10.7910/DVN/OFK4L6,dataset,dataset
3147893,DVN/CJBG5J,https://doi.org/10.7910/DVN/CJBG5J,doi,10.7910,/,Harvard Dataverse,2018-04-27,s3://10.7910/DVN/CJBG5J,dataset,dataset
3148766,DVN/L4IOHC,https://doi.org/10.7910/DVN/L4IOHC,doi,10.7910,/,Harvard Dataverse,2018-05-03,s3://10.7910/DVN/L4IOHC,dataset,dataset
3148845,DVN/E852VT,https://doi.org/10.7910/DVN/E852VT,doi,10.7910,/,Harvard Dataverse,2018-05-03,s3://10.7910/DVN/E852VT,dataset,dataset
3150874,DVN/3TTQL2,https://doi.org/10.7910/DVN/3TTQL2,doi,10.7910,/,Harvard Dataverse,2018-05-08,s3://10.7910/DVN/3TTQL2,dataset,dataset
3153753,DVN/ECBF7Y,https://doi.org/10.7910/DVN/ECBF7Y,doi,10.7910,/,Harvard Dataverse,2018-05-17,s3://10.7910/DVN/ECBF7Y,dataset,dataset
3153982,DVN/HJ4KH7,https://doi.org/10.7910/DVN/HJ4KH7,doi,10.7910,/,Harvard Dataverse,2018-05-15,s3://10.7910/DVN/HJ4KH7,dataset,dataset
3154409,DVN/NMCOBF,https://doi.org/10.7910/DVN/NMCOBF,doi,10.7910,/,Harvard Dataverse,2018-05-23,s3://10.7910/DVN/NMCOBF,dataset,dataset
3156396,DVN/ARMDLY,https://doi.org/10.7910/DVN/ARMDLY,doi,10.7910,/,Harvard Dataverse,2018-05-24,s3://10.7910/DVN/ARMDLY,dataset,dataset
3156619,DVN/MZIKCS,https://doi.org/10.7910/DVN/MZIKCS,doi,10.7910,/,Harvard Dataverse,2018-05-24,s3://10.7910/DVN/MZIKCS,dataset,dataset
3157632,DVN/AK10AT,https://doi.org/10.7910/DVN/AK10AT,doi,10.7910,/,Harvard Dataverse,2018-05-31,s3://10.7910/DVN/AK10AT,dataset,dataset
3158604,DVN/WUOAB7,https://doi.org/10.7910/DVN/WUOAB7,doi,10.7910,/,Harvard Dataverse,2018-06-04,s3://10.7910/DVN/WUOAB7,dataset,dataset
3163534,DVN/XHBJLO,https://doi.org/10.7910/DVN/XHBJLO,doi,10.7910,/,Harvard Dataverse,2018-06-04,s3://10.7910/DVN/XHBJLO,dataset,dataset
3172729,DVN/BXBJFW,https://doi.org/10.7910/DVN/BXBJFW,doi,10.7910,/,Harvard Dataverse,2018-06-05,s3://10.7910/DVN/BXBJFW,dataset,dataset
3172738,DVN/WNMLPA,https://doi.org/10.7910/DVN/WNMLPA,doi,10.7910,/,Harvard Dataverse,2018-06-05,s3://10.7910/DVN/WNMLPA,dataset,dataset
3172948,DVN/GSNXV7,https://doi.org/10.7910/DVN/GSNXV7,doi,10.7910,/,Harvard Dataverse,2018-06-07,s3://10.7910/DVN/GSNXV7,dataset,dataset
3174976,DVN/KSWI03,https://doi.org/10.7910/DVN/KSWI03,doi,10.7910,/,Harvard Dataverse,2018-06-12,s3://10.7910/DVN/KSWI03,dataset,dataset
3175610,DVN/W2MFYX,https://doi.org/10.7910/DVN/W2MFYX,doi,10.7910,/,Harvard Dataverse,2018-06-11,s3://10.7910/DVN/W2MFYX,dataset,dataset
3175868,DVN/8YPPLM,https://doi.org/10.7910/DVN/8YPPLM,doi,10.7910,/,Harvard Dataverse,2018-06-12,s3://10.7910/DVN/8YPPLM,dataset,dataset
3175905,DVN/QUEQIG,https://doi.org/10.7910/DVN/QUEQIG,doi,10.7910,/,Harvard Dataverse,2018-06-13,s3://10.7910/DVN/QUEQIG,dataset,dataset
3175972,DVN/SDXJUV,https://doi.org/10.7910/DVN/SDXJUV,doi,10.7910,/,Harvard Dataverse,2018-06-13,s3://10.7910/DVN/SDXJUV,dataset,dataset
3177310,DVN/2UFPMP,https://doi.org/10.7910/DVN/2UFPMP,doi,10.7910,/,Harvard Dataverse,2018-06-17,s3://10.7910/DVN/2UFPMP,dataset,dataset
3178109,DVN/XY2HZV,https://doi.org/10.7910/DVN/XY2HZV,doi,10.7910,/,Harvard Dataverse,2018-06-20,s3://10.7910/DVN/XY2HZV,dataset,dataset
3178253,DVN/P1PEGO,https://doi.org/10.7910/DVN/P1PEGO,doi,10.7910,/,Harvard Dataverse,2018-06-20,s3://10.7910/DVN/P1PEGO,dataset,dataset
3179292,DVN/XTIHGR,https://doi.org/10.7910/DVN/XTIHGR,doi,10.7910,/,Harvard Dataverse,2018-06-22,s3://10.7910/DVN/XTIHGR,dataset,dataset
3180751,DVN/KJ6X76,https://doi.org/10.7910/DVN/KJ6X76,doi,10.7910,/,Harvard Dataverse,2018-06-29,s3://10.7910/DVN/KJ6X76,dataset,dataset
3181316,DVN/SFTMNO,https://doi.org/10.7910/DVN/SFTMNO,doi,10.7910,/,Harvard Dataverse,2018-06-29,s3://10.7910/DVN/SFTMNO,dataset,dataset
3182526,DVN/SXG7BF,https://doi.org/10.7910/DVN/SXG7BF,doi,10.7910,/,Harvard Dataverse,2018-07-07,s3://10.7910/DVN/SXG7BF,dataset,dataset
3184211,DVN/WAEHOI,https://doi.org/10.7910/DVN/WAEHOI,doi,10.7910,/,Harvard Dataverse,2018-07-11,s3://10.7910/DVN/WAEHOI,dataset,dataset
3184471,DVN/IUB62M,https://doi.org/10.7910/DVN/IUB62M,doi,10.7910,/,Harvard Dataverse,2018-07-11,s3://10.7910/DVN/IUB62M,dataset,dataset
3194091,DVN/XN2TZL,https://doi.org/10.7910/DVN/XN2TZL,doi,10.7910,/,Harvard Dataverse,2018-07-29,s3://10.7910/DVN/XN2TZL,dataset,dataset
3194633,DVN/XONPX2,https://doi.org/10.7910/DVN/XONPX2,doi,10.7910,/,Harvard Dataverse,2018-07-23,s3://10.7910/DVN/XONPX2,dataset,dataset
3195352,DVN/XZLGAZ,https://doi.org/10.7910/DVN/XZLGAZ,doi,10.7910,/,Harvard Dataverse,2018-07-29,s3://10.7910/DVN/XZLGAZ,dataset,dataset
3195631,DVN/ZLUQPL,https://doi.org/10.7910/DVN/ZLUQPL,doi,10.7910,/,Harvard Dataverse,2018-07-29,s3://10.7910/DVN/ZLUQPL,dataset,dataset
3204494,DVN/GS8IFM,https://doi.org/10.7910/DVN/GS8IFM,doi,10.7910,/,Harvard Dataverse,2018-08-13,s3://10.7910/DVN/GS8IFM,dataset,dataset
3207019,DVN/DXGVAW,https://doi.org/10.7910/DVN/DXGVAW,doi,10.7910,/,Harvard Dataverse,2019-05-03,s3://10.7910/DVN/DXGVAW,dataset,dataset
3209730,DVN/CCKENU,https://doi.org/10.7910/DVN/CCKENU,doi,10.7910,/,Harvard Dataverse,2020-06-09,s3://10.7910/DVN/CCKENU,dataset,dataset
3210689,DVN/V3DHAS,https://doi.org/10.7910/DVN/V3DHAS,doi,10.7910,/,Harvard Dataverse,2018-09-10,s3://10.7910/DVN/V3DHAS,dataset,dataset
3218730,DVN/5H1HFF,https://doi.org/10.7910/DVN/5H1HFF,doi,10.7910,/,Harvard Dataverse,2018-09-10,s3://10.7910/DVN/5H1HFF,dataset,dataset
3220735,DVN/SOQH9L,https://doi.org/10.7910/DVN/SOQH9L,doi,10.7910,/,Harvard Dataverse,2018-09-24,s3://10.7910/DVN/SOQH9L,dataset,dataset
3221553,DVN/SMLV5D,https://doi.org/10.7910/DVN/SMLV5D,doi,10.7910,/,Harvard Dataverse,2018-09-30,s3://10.7910/DVN/SMLV5D,dataset,dataset
3223957,DVN/46RXC8,https://doi.org/10.7910/DVN/46RXC8,doi,10.7910,/,Harvard Dataverse,2018-09-17,s3://10.7910/DVN/46RXC8,dataset,dataset
3224024,DVN/Q2MHDM,https://doi.org/10.7910/DVN/Q2MHDM,doi,10.7910,/,Harvard Dataverse,2018-09-17,s3://10.7910/DVN/Q2MHDM,dataset,dataset
3224297,DVN/OAPCH9,https://doi.org/10.7910/DVN/OAPCH9,doi,10.7910,/,Harvard Dataverse,2018-09-17,s3://10.7910/DVN/OAPCH9,dataset,dataset
3224690,DVN/E2OS8R,https://doi.org/10.7910/DVN/E2OS8R,doi,10.7910,/,Harvard Dataverse,2018-09-17,s3://10.7910/DVN/E2OS8R,dataset,dataset
3225359,DVN/4KFU8S,https://doi.org/10.7910/DVN/4KFU8S,doi,10.7910,/,Harvard Dataverse,2019-10-22,s3://10.7910/DVN/4KFU8S,dataset,dataset
3230964,DVN/AMJXCB,https://doi.org/10.7910/DVN/AMJXCB,doi,10.7910,/,Harvard Dataverse,2018-09-30,s3://10.7910/DVN/AMJXCB,dataset,dataset
3231414,DVN/KGHEU4,https://doi.org/10.7910/DVN/KGHEU4,doi,10.7910,/,Harvard Dataverse,2018-09-30,s3://10.7910/DVN/KGHEU4,dataset,dataset
3231424,DVN/KGK9QO,https://doi.org/10.7910/DVN/KGK9QO,doi,10.7910,/,Harvard Dataverse,2018-09-30,s3://10.7910/DVN/KGK9QO,dataset,dataset
3234302,DVN/9WNYEU,https://doi.org/10.7910/DVN/9WNYEU,doi,10.7910,/,Harvard Dataverse,2018-10-08,s3://10.7910/DVN/9WNYEU,dataset,dataset
3238562,DVN/8ZTQNM,https://doi.org/10.7910/DVN/8ZTQNM,doi,10.7910,/,Harvard Dataverse,2020-10-24,s3://10.7910/DVN/8ZTQNM,dataset,dataset
3239349,DVN/UNWIHE,https://doi.org/10.7910/DVN/UNWIHE,doi,10.7910,/,Harvard Dataverse,2018-10-15,s3://10.7910/DVN/UNWIHE,dataset,dataset
3241102,DVN/XTS8IE,https://doi.org/10.7910/DVN/XTS8IE,doi,10.7910,/,Harvard Dataverse,2018-10-23,s3://10.7910/DVN/XTS8IE,dataset,dataset
3242483,DVN/DJKH4H,https://doi.org/10.7910/DVN/DJKH4H,doi,10.7910,/,Harvard Dataverse,2018-10-23,s3://10.7910/DVN/DJKH4H,dataset,dataset
3247408,DVN/WKIJST,https://doi.org/10.7910/DVN/WKIJST,doi,10.7910,/,Harvard Dataverse,2018-11-26,s3://10.7910/DVN/WKIJST,dataset,dataset
3301059,DVN/QOCGZA,https://doi.org/10.7910/DVN/QOCGZA,doi,10.7910,/,Harvard Dataverse,2018-11-20,s3://10.7910/DVN/QOCGZA,dataset,dataset
3301904,DVN/T8VCOF,https://doi.org/10.7910/DVN/T8VCOF,doi,10.7910,/,Harvard Dataverse,2018-11-08,s3://10.7910/DVN/T8VCOF,dataset,dataset
3308572,DVN/E3FDAV,https://doi.org/10.7910/DVN/E3FDAV,doi,10.7910,/,Harvard Dataverse,2018-11-08,s3://10.7910/DVN/E3FDAV,dataset,dataset
3309801,DVN/SUQC9N,https://doi.org/10.7910/DVN/SUQC9N,doi,10.7910,/,Harvard Dataverse,2018-11-11,s3://10.7910/DVN/SUQC9N,dataset,dataset
3309918,DVN/VXQUBN,https://doi.org/10.7910/DVN/VXQUBN,doi,10.7910,/,Harvard Dataverse,2018-11-11,s3://10.7910/DVN/VXQUBN,dataset,dataset
3312652,DVN/E6H9FU,https://doi.org/10.7910/DVN/E6H9FU,doi,10.7910,/,Harvard Dataverse,2018-11-11,s3://10.7910/DVN/E6H9FU,dataset,dataset
3314558,DVN/3EONKV,https://doi.org/10.7910/DVN/3EONKV,doi,10.7910,/,Harvard Dataverse,2018-11-22,s3://10.7910/DVN/3EONKV,dataset,dataset
3315158,DVN/YCQCWJ,https://doi.org/10.7910/DVN/YCQCWJ,doi,10.7910,/,Harvard Dataverse,2018-11-20,s3://10.7910/DVN/YCQCWJ,dataset,dataset
3315191,DVN/MZHZYQ,https://doi.org/10.7910/DVN/MZHZYQ,doi,10.7910,/,Harvard Dataverse,2018-11-20,s3://10.7910/DVN/MZHZYQ,dataset,dataset
3316524,DVN/GDZTK8,https://doi.org/10.7910/DVN/GDZTK8,doi,10.7910,/,Harvard Dataverse,2018-11-20,s3://10.7910/DVN/GDZTK8,dataset,dataset
3317216,DVN/DJVNZF,https://doi.org/10.7910/DVN/DJVNZF,doi,10.7910,/,Harvard Dataverse,2018-11-22,s3://10.7910/DVN/DJVNZF,dataset,dataset
3317727,DVN/MKW8CS,https://doi.org/10.7910/DVN/MKW8CS,doi,10.7910,/,Harvard Dataverse,2019-10-06,s3://10.7910/DVN/MKW8CS,dataset,dataset
3318590,DVN/0DLNBL,https://doi.org/10.7910/DVN/0DLNBL,doi,10.7910,/,Harvard Dataverse,2018-11-28,s3://10.7910/DVN/0DLNBL,dataset,dataset
3320017,DVN/QNMUA1,https://doi.org/10.7910/DVN/QNMUA1,doi,10.7910,/,Harvard Dataverse,2018-12-07,s3://10.7910/DVN/QNMUA1,dataset,dataset
3320430,DVN/UYGWOB,https://doi.org/10.7910/DVN/UYGWOB,doi,10.7910,/,Harvard Dataverse,2018-12-02,s3://10.7910/DVN/UYGWOB,dataset,dataset
3320519,DVN/1CKNTW,https://doi.org/10.7910/DVN/1CKNTW,doi,10.7910,/,Harvard Dataverse,2018-12-02,s3://10.7910/DVN/1CKNTW,dataset,dataset
3324376,DVN/VWPPVQ,https://doi.org/10.7910/DVN/VWPPVQ,doi,10.7910,/,Harvard Dataverse,2018-12-07,s3://10.7910/DVN/VWPPVQ,dataset,dataset
3324510,DVN/LXIBYP,https://doi.org/10.7910/DVN/LXIBYP,doi,10.7910,/,Harvard Dataverse,2018-12-10,s3://10.7910/DVN/LXIBYP,dataset,dataset
3324591,DVN/2UUQ25,https://doi.org/10.7910/DVN/2UUQ25,doi,10.7910,/,Harvard Dataverse,2018-12-10,s3://10.7910/DVN/2UUQ25,dataset,dataset
3326260,DVN/ZBVYXZ,https://doi.org/10.7910/DVN/ZBVYXZ,doi,10.7910,/,Harvard Dataverse,2019-03-14,s3://10.7910/DVN/ZBVYXZ,dataset,dataset
3330626,DVN/70SNIS,https://doi.org/10.7910/DVN/70SNIS,doi,10.7910,/,Harvard Dataverse,2019-01-07,s3://10.7910/DVN/70SNIS,dataset,dataset
3333756,DVN/FMX62W,https://doi.org/10.7910/DVN/FMX62W,doi,10.7910,/,Harvard Dataverse,2019-01-23,s3://10.7910/DVN/FMX62W,dataset,dataset
3334006,DVN/UFZTYU,https://doi.org/10.7910/DVN/UFZTYU,doi,10.7910,/,Harvard Dataverse,2019-01-07,s3://10.7910/DVN/UFZTYU,dataset,dataset
3335949,DVN/PUIROM,https://doi.org/10.7910/DVN/PUIROM,doi,10.7910,/,Harvard Dataverse,2019-01-15,s3://10.7910/DVN/PUIROM,dataset,dataset
3336027,DVN/IUXG2I,https://doi.org/10.7910/DVN/IUXG2I,doi,10.7910,/,Harvard Dataverse,2019-01-15,s3://10.7910/DVN/IUXG2I,dataset,dataset
3338289,DVN/BQGWYI,https://doi.org/10.7910/DVN/BQGWYI,doi,10.7910,/,Harvard Dataverse,2019-01-15,s3://10.7910/DVN/BQGWYI,dataset,dataset
3338451,DVN/JWJRME,https://doi.org/10.7910/DVN/JWJRME,doi,10.7910,/,Harvard Dataverse,2019-01-15,s3://10.7910/DVN/JWJRME,dataset,dataset
3344523,DVN/UQVN70,https://doi.org/10.7910/DVN/UQVN70,doi,10.7910,/,Harvard Dataverse,2019-01-15,s3://10.7910/DVN/UQVN70,dataset,dataset
3344766,DVN/U07SDB,https://doi.org/10.7910/DVN/U07SDB,doi,10.7910,/,Harvard Dataverse,2019-01-15,s3://10.7910/DVN/U07SDB,dataset,dataset
3346414,DVN/9NYAP7,https://doi.org/10.7910/DVN/9NYAP7,doi,10.7910,/,Harvard Dataverse,2019-01-23,s3://10.7910/DVN/9NYAP7,dataset,dataset
3346438,DVN/KXIN0A,https://doi.org/10.7910/DVN/KXIN0A,doi,10.7910,/,Harvard Dataverse,2019-01-24,s3://10.7910/DVN/KXIN0A,dataset,dataset
3346752,DVN/IIE50D,https://doi.org/10.7910/DVN/IIE50D,doi,10.7910,/,Harvard Dataverse,2019-01-27,s3://10.7910/DVN/IIE50D,dataset,dataset
3346931,DVN/WG8VCK,https://doi.org/10.7910/DVN/WG8VCK,doi,10.7910,/,Harvard Dataverse,2019-01-28,s3://10.7910/DVN/WG8VCK,dataset,dataset
3347561,DVN/M3O9O6,https://doi.org/10.7910/DVN/M3O9O6,doi,10.7910,/,Harvard Dataverse,2019-01-27,s3://10.7910/DVN/M3O9O6,dataset,dataset
3349390,DVN/9F0SMU,https://doi.org/10.7910/DVN/9F0SMU,doi,10.7910,/,Harvard Dataverse,2019-02-02,s3://10.7910/DVN/9F0SMU,dataset,dataset
3350669,DVN/ZK7QPH,https://doi.org/10.7910/DVN/ZK7QPH,doi,10.7910,/,Harvard Dataverse,2019-02-06,s3://10.7910/DVN/ZK7QPH,dataset,dataset
3350766,DVN/NAMZXJ,https://doi.org/10.7910/DVN/NAMZXJ,doi,10.7910,/,Harvard Dataverse,2019-02-14,s3://10.7910/DVN/NAMZXJ,dataset,dataset
3351653,DVN/8GABL3,https://doi.org/10.7910/DVN/8GABL3,doi,10.7910,/,Harvard Dataverse,2019-02-14,s3://10.7910/DVN/8GABL3,dataset,dataset
3353693,DVN/RQZWE6,https://doi.org/10.7910/DVN/RQZWE6,doi,10.7910,/,Harvard Dataverse,2019-02-21,s3://10.7910/DVN/RQZWE6,dataset,dataset
3354434,DVN/N4RK1D,https://doi.org/10.7910/DVN/N4RK1D,doi,10.7910,/,Harvard Dataverse,2019-02-06,s3://10.7910/DVN/N4RK1D,dataset,dataset
3354466,DVN/ZTTCOX,https://doi.org/10.7910/DVN/ZTTCOX,doi,10.7910,/,Harvard Dataverse,2019-02-21,s3://10.7910/DVN/ZTTCOX,dataset,dataset
3355750,DVN/DWOBT4,https://doi.org/10.7910/DVN/DWOBT4,doi,10.7910,/,Harvard Dataverse,2019-02-21,s3://10.7910/DVN/DWOBT4,dataset,dataset
3360840,DVN/UMSSKG,https://doi.org/10.7910/DVN/UMSSKG,doi,10.7910,/,Harvard Dataverse,2019-02-28,s3://10.7910/DVN/UMSSKG,dataset,dataset
3362152,DVN/M89XMZ,https://doi.org/10.7910/DVN/M89XMZ,doi,10.7910,/,Harvard Dataverse,2019-02-15,s3://10.7910/DVN/M89XMZ,dataset,dataset
3364334,DVN/QNCRWS,https://doi.org/10.7910/DVN/QNCRWS,doi,10.7910,/,Harvard Dataverse,2019-02-25,s3://10.7910/DVN/QNCRWS,dataset,dataset
3370422,DVN/I32PHE,https://doi.org/10.7910/DVN/I32PHE,doi,10.7910,/,Harvard Dataverse,2019-02-25,s3://10.7910/DVN/I32PHE,dataset,dataset
3370864,DVN/OOLBO9,https://doi.org/10.7910/DVN/OOLBO9,doi,10.7910,/,Harvard Dataverse,2019-02-25,s3://10.7910/DVN/OOLBO9,dataset,dataset
3371160,DVN/LJOIYF,https://doi.org/10.7910/DVN/LJOIYF,doi,10.7910,/,Harvard Dataverse,2021-11-01,s3://10.7910/DVN/LJOIYF,dataset,dataset
3373627,DVN/8HFVU8,https://doi.org/10.7910/DVN/8HFVU8,doi,10.7910,/,Harvard Dataverse,2019-03-03,s3://10.7910/DVN/8HFVU8,dataset,dataset
3373708,DVN/P7NAJW,https://doi.org/10.7910/DVN/P7NAJW,doi,10.7910,/,Harvard Dataverse,2020-01-15,s3://10.7910/DVN/P7NAJW,dataset,dataset
3376725,DVN/DQCFUN,https://doi.org/10.7910/DVN/DQCFUN,doi,10.7910,/,Harvard Dataverse,2019-03-18,s3://10.7910/DVN/DQCFUN,dataset,dataset
3377935,DVN/IOPELZ,https://doi.org/10.7910/DVN/IOPELZ,doi,10.7910,/,Harvard Dataverse,2019-03-12,s3://10.7910/DVN/IOPELZ,dataset,dataset
3378989,DVN/GIJBUU,https://doi.org/10.7910/DVN/GIJBUU,doi,10.7910,/,Harvard Dataverse,2019-03-20,s3://10.7910/DVN/GIJBUU,dataset,dataset
3379432,DVN/CRV0IP,https://doi.org/10.7910/DVN/CRV0IP,doi,10.7910,/,Harvard Dataverse,2019-04-02,s3://10.7910/DVN/CRV0IP,dataset,dataset
3379670,DVN/O0JVDU,https://doi.org/10.7910/DVN/O0JVDU,doi,10.7910,/,Harvard Dataverse,2019-03-20,s3://10.7910/DVN/O0JVDU,dataset,dataset
3380795,DVN/3DVZYY,https://doi.org/10.7910/DVN/3DVZYY,doi,10.7910,/,Harvard Dataverse,2020-09-08,s3://10.7910/DVN/3DVZYY,dataset,dataset
3380833,DVN/V83FXD,https://doi.org/10.7910/DVN/V83FXD,doi,10.7910,/,Harvard Dataverse,2019-03-20,s3://10.7910/DVN/V83FXD,dataset,dataset
3380956,DVN/3RNFFH,https://doi.org/10.7910/DVN/3RNFFH,doi,10.7910,/,Harvard Dataverse,2019-03-20,s3://10.7910/DVN/3RNFFH,dataset,dataset
3381092,DVN/XUQE7Z,https://doi.org/10.7910/DVN/XUQE7Z,doi,10.7910,/,Harvard Dataverse,2023-09-12,s3://10.7910/DVN/XUQE7Z,dataset,dataset
3381568,DVN/KVIJSY,https://doi.org/10.7910/DVN/KVIJSY,doi,10.7910,/,Harvard Dataverse,2019-03-20,s3://10.7910/DVN/KVIJSY,dataset,dataset
3382062,DVN/9TFMSG,https://doi.org/10.7910/DVN/9TFMSG,doi,10.7910,/,Harvard Dataverse,2019-03-26,s3://10.7910/DVN/9TFMSG,dataset,dataset
3382667,DVN/GBR02C,https://doi.org/10.7910/DVN/GBR02C,doi,10.7910,/,Harvard Dataverse,2019-04-21,s3://10.7910/DVN/GBR02C,dataset,dataset
3383994,DVN/GBZZXL,https://doi.org/10.7910/DVN/GBZZXL,doi,10.7910,/,Harvard Dataverse,2019-04-03,s3://10.7910/DVN/GBZZXL,dataset,dataset
3385853,DVN/SXLXNV,https://doi.org/10.7910/DVN/SXLXNV,doi,10.7910,/,Harvard Dataverse,2019-04-01,s3://10.7910/DVN/SXLXNV,dataset,dataset
3392230,DVN/D5VRDE,https://doi.org/10.7910/DVN/D5VRDE,doi,10.7910,/,Harvard Dataverse,2019-05-07,s3://10.7910/DVN/D5VRDE,dataset,dataset
3392659,DVN/DUW1QY,https://doi.org/10.7910/DVN/DUW1QY,doi,10.7910,/,Harvard Dataverse,2019-04-09,s3://10.7910/DVN/DUW1QY,dataset,dataset
3397024,DVN/PLS50O,https://doi.org/10.7910/DVN/PLS50O,doi,10.7910,/,Harvard Dataverse,2019-04-21,s3://10.7910/DVN/PLS50O,dataset,dataset
3397143,DVN/85RL5E,https://doi.org/10.7910/DVN/85RL5E,doi,10.7910,/,Harvard Dataverse,2019-04-21,s3://10.7910/DVN/85RL5E,dataset,dataset
3407456,DVN/19FSQZ,https://doi.org/10.7910/DVN/19FSQZ,doi,10.7910,/,Harvard Dataverse,2019-04-25,s3://10.7910/DVN/19FSQZ,dataset,dataset
3409586,DVN/DMWWS5,https://doi.org/10.7910/DVN/DMWWS5,doi,10.7910,/,Harvard Dataverse,2019-04-21,s3://10.7910/DVN/DMWWS5,dataset,dataset
3409804,DVN/C8DCCW,https://doi.org/10.7910/DVN/C8DCCW,doi,10.7910,/,Harvard Dataverse,2019-05-01,s3://10.7910/DVN/C8DCCW,dataset,dataset
3416862,DVN/TXFTKV,https://doi.org/10.7910/DVN/TXFTKV,doi,10.7910,/,Harvard Dataverse,2019-05-01,s3://10.7910/DVN/TXFTKV,dataset,dataset
3417202,DVN/LEKKGT,https://doi.org/10.7910/DVN/LEKKGT,doi,10.7910,/,Harvard Dataverse,2019-05-01,s3://10.7910/DVN/LEKKGT,dataset,dataset
3418943,DVN/FB3O9W,https://doi.org/10.7910/DVN/FB3O9W,doi,10.7910,/,Harvard Dataverse,2019-05-09,s3://10.7910/DVN/FB3O9W,dataset,dataset
3423579,DVN/GWD4HA,https://doi.org/10.7910/DVN/GWD4HA,doi,10.7910,/,Harvard Dataverse,2019-05-01,s3://10.7910/DVN/GWD4HA,dataset,dataset
3423604,DVN/TRIEF2,https://doi.org/10.7910/DVN/TRIEF2,doi,10.7910,/,Harvard Dataverse,2019-05-01,s3://10.7910/DVN/TRIEF2,dataset,dataset
3423750,DVN/YWONK4,https://doi.org/10.7910/DVN/YWONK4,doi,10.7910,/,Harvard Dataverse,2019-05-01,s3://10.7910/DVN/YWONK4,dataset,dataset
3424202,DVN/QQ54BO,https://doi.org/10.7910/DVN/QQ54BO,doi,10.7910,/,Harvard Dataverse,2019-05-16,s3://10.7910/DVN/QQ54BO,dataset,dataset
3424972,DVN/COOVRP,https://doi.org/10.7910/DVN/COOVRP,doi,10.7910,/,Harvard Dataverse,2019-05-08,s3://10.7910/DVN/COOVRP,dataset,dataset
3436049,DVN/WX6ZPC,https://doi.org/10.7910/DVN/WX6ZPC,doi,10.7910,/,Harvard Dataverse,2019-05-26,s3://10.7910/DVN/WX6ZPC,dataset,dataset
3439476,DVN/MPBGXL,https://doi.org/10.7910/DVN/MPBGXL,doi,10.7910,/,Harvard Dataverse,2019-06-07,s3://10.7910/DVN/MPBGXL,dataset,dataset
3442668,DVN/XASCZ1,https://doi.org/10.7910/DVN/XASCZ1,doi,10.7910,/,Harvard Dataverse,2020-05-05,s3://10.7910/DVN/XASCZ1,dataset,dataset
3443469,DVN/GYEAIG,https://doi.org/10.7910/DVN/GYEAIG,doi,10.7910,/,Harvard Dataverse,2019-06-09,s3://10.7910/DVN/GYEAIG,dataset,dataset
3446527,DVN/3EOAOL,https://doi.org/10.7910/DVN/3EOAOL,doi,10.7910,/,Harvard Dataverse,2019-06-24,s3://10.7910/DVN/3EOAOL,dataset,dataset
3446606,DVN/RP8Z94,https://doi.org/10.7910/DVN/RP8Z94,doi,10.7910,/,Harvard Dataverse,2019-06-24,s3://10.7910/DVN/RP8Z94,dataset,dataset
3452478,DVN/GSMBFX,https://doi.org/10.7910/DVN/GSMBFX,doi,10.7910,/,Harvard Dataverse,2019-07-05,s3://10.7910/DVN/GSMBFX,dataset,dataset
3452543,DVN/FIL6J1,https://doi.org/10.7910/DVN/FIL6J1,doi,10.7910,/,Harvard Dataverse,2019-08-09,s3://10.7910/DVN/FIL6J1,dataset,dataset
3453706,DVN/NDHKSG,https://doi.org/10.7910/DVN/NDHKSG,doi,10.7910,/,Harvard Dataverse,2019-08-09,s3://10.7910/DVN/NDHKSG,dataset,dataset
3454994,DVN/G8JVZY,https://doi.org/10.7910/DVN/G8JVZY,doi,10.7910,/,Harvard Dataverse,2019-07-19,s3://10.7910/DVN/G8JVZY,dataset,dataset
3460899,DVN/CGINSA,https://doi.org/10.7910/DVN/CGINSA,doi,10.7910,/,Harvard Dataverse,2019-07-19,s3://10.7910/DVN/CGINSA,dataset,dataset
3464187,DVN/MLTZIE,https://doi.org/10.7910/DVN/MLTZIE,doi,10.7910,/,Harvard Dataverse,2019-07-19,s3://10.7910/DVN/MLTZIE,dataset,dataset
3465708,DVN/EHWM14,https://doi.org/10.7910/DVN/EHWM14,doi,10.7910,/,Harvard Dataverse,2019-07-24,s3://10.7910/DVN/EHWM14,dataset,dataset
3470879,DVN/98LMD0,https://doi.org/10.7910/DVN/98LMD0,doi,10.7910,/,Harvard Dataverse,2019-08-09,s3://10.7910/DVN/98LMD0,dataset,dataset
3471543,DVN/J7WOKC,https://doi.org/10.7910/DVN/J7WOKC,doi,10.7910,/,Harvard Dataverse,2019-07-24,s3://10.7910/DVN/J7WOKC,dataset,dataset
3474899,DVN/HGBOKF,https://doi.org/10.7910/DVN/HGBOKF,doi,10.7910,/,Harvard Dataverse,2019-07-22,s3://10.7910/DVN/HGBOKF,dataset,dataset
3475153,DVN/A3M7PY,https://doi.org/10.7910/DVN/A3M7PY,doi,10.7910,/,Harvard Dataverse,2019-08-11,s3://10.7910/DVN/A3M7PY,dataset,dataset
3475307,DVN/SXFB9E,https://doi.org/10.7910/DVN/SXFB9E,doi,10.7910,/,Harvard Dataverse,2019-08-09,s3://10.7910/DVN/SXFB9E,dataset,dataset
3476841,DVN/KPCLFQ,https://doi.org/10.7910/DVN/KPCLFQ,doi,10.7910,/,Harvard Dataverse,2019-08-01,s3://10.7910/DVN/KPCLFQ,dataset,dataset
3478328,DVN/JFQV7S,https://doi.org/10.7910/DVN/JFQV7S,doi,10.7910,/,Harvard Dataverse,2019-08-09,s3://10.7910/DVN/JFQV7S,dataset,dataset
3493104,DVN/HMI4WY,https://doi.org/10.7910/DVN/HMI4WY,doi,10.7910,/,Harvard Dataverse,2019-08-13,s3://10.7910/DVN/HMI4WY,dataset,dataset
3494200,DVN/BDYVK7,https://doi.org/10.7910/DVN/BDYVK7,doi,10.7910,/,Harvard Dataverse,2019-08-11,s3://10.7910/DVN/BDYVK7,dataset,dataset
3538957,DVN/ON8RBD,https://doi.org/10.7910/DVN/ON8RBD,doi,10.7910,/,Harvard Dataverse,2019-09-01,s3://10.7910/DVN/ON8RBD,dataset,dataset
3542442,DVN/MN1OON,https://doi.org/10.7910/DVN/MN1OON,doi,10.7910,/,Harvard Dataverse,2019-09-06,s3://10.7910/DVN/MN1OON,dataset,dataset
3543375,DVN/2CLJPA,https://doi.org/10.7910/DVN/2CLJPA,doi,10.7910,/,Harvard Dataverse,2019-09-06,s3://10.7910/DVN/2CLJPA,dataset,dataset
3549425,DVN/K1LJOL,https://doi.org/10.7910/DVN/K1LJOL,doi,10.7910,/,Harvard Dataverse,2020-01-15,s3://10.7910/DVN/K1LJOL,dataset,dataset
3550405,DVN/EAYHSN,https://doi.org/10.7910/DVN/EAYHSN,doi,10.7910,/,Harvard Dataverse,2020-05-17,s3://10.7910/DVN/EAYHSN,dataset,dataset
3557035,DVN/CV7GYN,https://doi.org/10.7910/DVN/CV7GYN,doi,10.7910,/,Harvard Dataverse,2020-01-15,s3://10.7910/DVN/CV7GYN,dataset,dataset
3558674,DVN/TQ9TK1,https://doi.org/10.7910/DVN/TQ9TK1,doi,10.7910,/,Harvard Dataverse,2019-09-25,s3://10.7910/DVN/TQ9TK1,dataset,dataset
3560436,DVN/RFYOH6,https://doi.org/10.7910/DVN/RFYOH6,doi,10.7910,/,Harvard Dataverse,2019-12-07,s3://10.7910/DVN/RFYOH6,dataset,dataset
3562103,DVN/CQUVCV,https://doi.org/10.7910/DVN/CQUVCV,doi,10.7910,/,Harvard Dataverse,2019-09-25,s3://10.7910/DVN/CQUVCV,dataset,dataset
3572243,DVN/M402TU,https://doi.org/10.7910/DVN/M402TU,doi,10.7910,/,Harvard Dataverse,2019-10-26,s3://10.7910/DVN/M402TU,dataset,dataset
3582311,DVN/HJSQNL,https://doi.org/10.7910/DVN/HJSQNL,doi,10.7910,/,Harvard Dataverse,2019-10-26,s3://10.7910/DVN/HJSQNL,dataset,dataset
3583278,DVN/NIWSMI,https://doi.org/10.7910/DVN/NIWSMI,doi,10.7910,/,Harvard Dataverse,2019-10-26,s3://10.7910/DVN/NIWSMI,dataset,dataset
3596818,DVN/BHKSZR,https://doi.org/10.7910/DVN/BHKSZR,doi,10.7910,/,Harvard Dataverse,2019-10-26,s3://10.7910/DVN/BHKSZR,dataset,dataset
3599398,DVN/KNFPV6,https://doi.org/10.7910/DVN/KNFPV6,doi,10.7910,/,Harvard Dataverse,2020-05-17,s3://10.7910/DVN/KNFPV6,dataset,dataset
3600467,DVN/NCUSPZ,https://doi.org/10.7910/DVN/NCUSPZ,doi,10.7910,/,Harvard Dataverse,2019-10-26,s3://10.7910/DVN/NCUSPZ,dataset,dataset
3608605,DVN/E43MOQ,https://doi.org/10.7910/DVN/E43MOQ,doi,10.7910,/,Harvard Dataverse,2019-10-27,s3://10.7910/DVN/E43MOQ,dataset,dataset
3611874,DVN/2DCQZV,https://doi.org/10.7910/DVN/2DCQZV,doi,10.7910,/,Harvard Dataverse,2020-05-19,s3://10.7910/DVN/2DCQZV,dataset,dataset
3621566,DVN/NKJR7Z,https://doi.org/10.7910/DVN/NKJR7Z,doi,10.7910,/,Harvard Dataverse,2020-01-28,s3://10.7910/DVN/NKJR7Z,dataset,dataset
3622010,DVN/TPZPIO,https://doi.org/10.7910/DVN/TPZPIO,doi,10.7910,/,Harvard Dataverse,2020-01-28,s3://10.7910/DVN/TPZPIO,dataset,dataset
3624004,DVN/3ADWK8,https://doi.org/10.7910/DVN/3ADWK8,doi,10.7910,/,Harvard Dataverse,2020-02-04,s3://10.7910/DVN/3ADWK8,dataset,dataset
3624629,DVN/AOGRAV,https://doi.org/10.7910/DVN/AOGRAV,doi,10.7910,/,Harvard Dataverse,2020-02-04,s3://10.7910/DVN/AOGRAV,dataset,dataset
3625842,DVN/9ERCTY,https://doi.org/10.7910/DVN/9ERCTY,doi,10.7910,/,Harvard Dataverse,2020-02-04,s3://10.7910/DVN/9ERCTY,dataset,dataset
3628483,DVN/NC28F3,https://doi.org/10.7910/DVN/NC28F3,doi,10.7910,/,Harvard Dataverse,2020-03-08,s3://10.7910/DVN/NC28F3,dataset,dataset
3631036,DVN/QB1TUJ,https://doi.org/10.7910/DVN/QB1TUJ,doi,10.7910,/,Harvard Dataverse,2020-03-08,s3://10.7910/DVN/QB1TUJ,dataset,dataset
3636478,DVN/M98FXF,https://doi.org/10.7910/DVN/M98FXF,doi,10.7910,/,Harvard Dataverse,2020-03-08,s3://10.7910/DVN/M98FXF,dataset,dataset
3644520,DVN/UT25HQ,https://doi.org/10.7910/DVN/UT25HQ,doi,10.7910,/,Harvard Dataverse,2020-03-24,s3://10.7910/DVN/UT25HQ,dataset,dataset
3644656,DVN/OHHVPY,https://doi.org/10.7910/DVN/OHHVPY,doi,10.7910,/,Harvard Dataverse,2020-05-17,s3://10.7910/DVN/OHHVPY,dataset,dataset
3644922,DVN/VVV3AN,https://doi.org/10.7910/DVN/VVV3AN,doi,10.7910,/,Harvard Dataverse,2020-03-19,s3://10.7910/DVN/VVV3AN,dataset,dataset
3648265,DVN/XMUSDC,https://doi.org/10.7910/DVN/XMUSDC,doi,10.7910,/,Harvard Dataverse,2020-03-19,s3://10.7910/DVN/XMUSDC,dataset,dataset
3653482,DVN/TOP7OV,https://doi.org/10.7910/DVN/TOP7OV,doi,10.7910,/,Harvard Dataverse,2020-03-19,s3://10.7910/DVN/TOP7OV,dataset,dataset
3655352,DVN/CMCZBR,https://doi.org/10.7910/DVN/CMCZBR,doi,10.7910,/,Harvard Dataverse,2020-03-19,s3://10.7910/DVN/CMCZBR,dataset,dataset
3656873,DVN/NIMLAR,https://doi.org/10.7910/DVN/NIMLAR,doi,10.7910,/,Harvard Dataverse,2020-05-18,s3://10.7910/DVN/NIMLAR,dataset,dataset
3657417,DVN/HPZWJR,https://doi.org/10.7910/DVN/HPZWJR,doi,10.7910,/,Harvard Dataverse,2020-07-20,s3://10.7910/DVN/HPZWJR,dataset,dataset
3658022,DVN/8YS0BB,https://doi.org/10.7910/DVN/8YS0BB,doi,10.7910,/,Harvard Dataverse,2020-05-19,s3://10.7910/DVN/8YS0BB,dataset,dataset
3659604,DVN/QVTCYP,https://doi.org/10.7910/DVN/QVTCYP,doi,10.7910,/,Harvard Dataverse,2020-09-25,s3://10.7910/DVN/QVTCYP,dataset,dataset
3664691,DVN/O7BPYZ,https://doi.org/10.7910/DVN/O7BPYZ,doi,10.7910,/,Harvard Dataverse,2020-05-17,s3://10.7910/DVN/O7BPYZ,dataset,dataset
3665251,DVN/Q0CNZA,https://doi.org/10.7910/DVN/Q0CNZA,doi,10.7910,/,Harvard Dataverse,2020-08-06,s3://10.7910/DVN/Q0CNZA,dataset,dataset
3666744,DVN/UYWQ7U,https://doi.org/10.7910/DVN/UYWQ7U,doi,10.7910,/,Harvard Dataverse,2020-07-20,s3://10.7910/DVN/UYWQ7U,dataset,dataset
3669650,DVN/FEWFTX,https://doi.org/10.7910/DVN/FEWFTX,doi,10.7910,/,Harvard Dataverse,2020-05-19,s3://10.7910/DVN/FEWFTX,dataset,dataset
3674860,DVN/R0FXPH,https://doi.org/10.7910/DVN/R0FXPH,doi,10.7910,/,Harvard Dataverse,2020-07-20,s3://10.7910/DVN/R0FXPH,dataset,dataset
3677022,DVN/Q20FB7,https://doi.org/10.7910/DVN/Q20FB7,doi,10.7910,/,Harvard Dataverse,2020-08-06,s3://10.7910/DVN/Q20FB7,dataset,dataset
3724073,DVN/PEHPBY,https://doi.org/10.7910/DVN/PEHPBY,doi,10.7910,/,Harvard Dataverse,2020-05-18,s3://10.7910/DVN/PEHPBY,dataset,dataset
3724111,DVN/WJWRWN,https://doi.org/10.7910/DVN/WJWRWN,doi,10.7910,/,Harvard Dataverse,2020-05-19,s3://10.7910/DVN/WJWRWN,dataset,dataset
3725074,DVN/DNDSPS,https://doi.org/10.7910/DVN/DNDSPS,doi,10.7910,/,Harvard Dataverse,2020-05-22,s3://10.7910/DVN/DNDSPS,dataset,dataset
3725090,DVN/1Y2DLT,https://doi.org/10.7910/DVN/1Y2DLT,doi,10.7910,/,Harvard Dataverse,2020-05-27,s3://10.7910/DVN/1Y2DLT,dataset,dataset
3725181,DVN/PBHNHR,https://doi.org/10.7910/DVN/PBHNHR,doi,10.7910,/,Harvard Dataverse,2020-05-22,s3://10.7910/DVN/PBHNHR,dataset,dataset
3741852,DVN/QVLR1C,https://doi.org/10.7910/DVN/QVLR1C,doi,10.7910,/,Harvard Dataverse,2020-05-22,s3://10.7910/DVN/QVLR1C,dataset,dataset
3742629,DVN/VLXRIK,https://doi.org/10.7910/DVN/VLXRIK,doi,10.7910,/,Harvard Dataverse,2020-06-04,s3://10.7910/DVN/VLXRIK,dataset,dataset
3742661,DVN/EVCSCQ,https://doi.org/10.7910/DVN/EVCSCQ,doi,10.7910,/,Harvard Dataverse,2020-07-25,s3://10.7910/DVN/EVCSCQ,dataset,dataset
3744371,DVN/MWBXDN,https://doi.org/10.7910/DVN/MWBXDN,doi,10.7910,/,Harvard Dataverse,2020-07-30,s3://10.7910/DVN/MWBXDN,dataset,dataset
3746227,DVN/5AFKDK,https://doi.org/10.7910/DVN/5AFKDK,doi,10.7910,/,Harvard Dataverse,2020-05-29,s3://10.7910/DVN/5AFKDK,dataset,dataset
3769096,DVN/9ULNMU,https://doi.org/10.7910/DVN/9ULNMU,doi,10.7910,/,Harvard Dataverse,2020-04-23,s3://10.7910/DVN/9ULNMU,dataset,dataset
3776374,DVN/66XBA5,https://doi.org/10.7910/DVN/66XBA5,doi,10.7910,/,Harvard Dataverse,2020-05-29,s3://10.7910/DVN/66XBA5,dataset,dataset
3783431,DVN/F4LSCN,https://doi.org/10.7910/DVN/F4LSCN,doi,10.7910,/,Harvard Dataverse,2020-07-02,s3://10.7910/DVN/F4LSCN,dataset,dataset
3788725,DVN/18EH2Y,https://doi.org/10.7910/DVN/18EH2Y,doi,10.7910,/,Harvard Dataverse,2020-05-18,s3://10.7910/DVN/18EH2Y,dataset,dataset
3788866,DVN/4LWC1R,https://doi.org/10.7910/DVN/4LWC1R,doi,10.7910,/,Harvard Dataverse,2020-07-20,s3://10.7910/DVN/4LWC1R,dataset,dataset
3789621,DVN/WXTUIL,https://doi.org/10.7910/DVN/WXTUIL,doi,10.7910,/,Harvard Dataverse,2020-05-29,s3://10.7910/DVN/WXTUIL,dataset,dataset
3789630,DVN/BTJYHC,https://doi.org/10.7910/DVN/BTJYHC,doi,10.7910,/,Harvard Dataverse,2020-05-19,s3://10.7910/DVN/BTJYHC,dataset,dataset
3799266,DVN/NDPXND,https://doi.org/10.7910/DVN/NDPXND,doi,10.7910,/,Harvard Dataverse,2020-07-20,s3://10.7910/DVN/NDPXND,dataset,dataset
3811221,DVN/V8U06V,https://doi.org/10.7910/DVN/V8U06V,doi,10.7910,/,Harvard Dataverse,2020-05-29,s3://10.7910/DVN/V8U06V,dataset,dataset
3813762,DVN/OKYC0B,https://doi.org/10.7910/DVN/OKYC0B,doi,10.7910,/,Harvard Dataverse,2020-05-22,s3://10.7910/DVN/OKYC0B,dataset,dataset
3820674,DVN/ECPIYP,https://doi.org/10.7910/DVN/ECPIYP,doi,10.7910,/,Harvard Dataverse,2020-05-29,s3://10.7910/DVN/ECPIYP,dataset,dataset
3820743,DVN/DAPNOX,https://doi.org/10.7910/DVN/DAPNOX,doi,10.7910,/,Harvard Dataverse,2020-05-18,s3://10.7910/DVN/DAPNOX,dataset,dataset
3824340,DVN/QUZ2BN,https://doi.org/10.7910/DVN/QUZ2BN,doi,10.7910,/,Harvard Dataverse,2020-06-24,s3://10.7910/DVN/QUZ2BN,dataset,dataset
3828230,DVN/IEQVC7,https://doi.org/10.7910/DVN/IEQVC7,doi,10.7910,/,Harvard Dataverse,2020-05-29,s3://10.7910/DVN/IEQVC7,dataset,dataset
3839734,DVN/8VBGXO,https://doi.org/10.7910/DVN/8VBGXO,doi,10.7910,/,Harvard Dataverse,2020-06-26,s3://10.7910/DVN/8VBGXO,dataset,dataset
3840498,DVN/BHVEBZ,https://doi.org/10.7910/DVN/BHVEBZ,doi,10.7910,/,Harvard Dataverse,2020-05-22,s3://10.7910/DVN/BHVEBZ,dataset,dataset
3841735,DVN/BLVJJH,https://doi.org/10.7910/DVN/BLVJJH,doi,10.7910,/,Harvard Dataverse,2020-06-17,s3://10.7910/DVN/BLVJJH,dataset,dataset
3842105,DVN/BAFF8Q,https://doi.org/10.7910/DVN/BAFF8Q,doi,10.7910,/,Harvard Dataverse,2020-05-29,s3://10.7910/DVN/BAFF8Q,dataset,dataset
3849407,DVN/5NWF7G,https://doi.org/10.7910/DVN/5NWF7G,doi,10.7910,/,Harvard Dataverse,2020-05-27,s3://10.7910/DVN/5NWF7G,dataset,dataset
3851675,DVN/YUB3PC,https://doi.org/10.7910/DVN/YUB3PC,doi,10.7910,/,Harvard Dataverse,2020-05-29,s3://10.7910/DVN/YUB3PC,dataset,dataset
3852083,DVN/Q7EXX4,https://doi.org/10.7910/DVN/Q7EXX4,doi,10.7910,/,Harvard Dataverse,2020-07-30,s3://10.7910/DVN/Q7EXX4,dataset,dataset
3858887,DVN/06ITCK,https://doi.org/10.7910/DVN/06ITCK,doi,10.7910,/,Harvard Dataverse,2020-07-30,s3://10.7910/DVN/06ITCK,dataset,dataset
3859759,DVN/CKLJL3,https://doi.org/10.7910/DVN/CKLJL3,doi,10.7910,/,Harvard Dataverse,2020-06-26,s3://10.7910/DVN/CKLJL3,dataset,dataset
3861257,DVN/US75B4,https://doi.org/10.7910/DVN/US75B4,doi,10.7910,/,Harvard Dataverse,2020-07-02,s3://10.7910/DVN/US75B4,dataset,dataset
3864644,DVN/UZSKZJ,https://doi.org/10.7910/DVN/UZSKZJ,doi,10.7910,/,Harvard Dataverse,2023-09-12,s3://10.7910/DVN/UZSKZJ,dataset,dataset
3864975,DVN/4VCBQB,https://doi.org/10.7910/DVN/4VCBQB,doi,10.7910,/,Harvard Dataverse,2020-07-30,s3://10.7910/DVN/4VCBQB,dataset,dataset
3867355,DVN/XSMCY5,https://doi.org/10.7910/DVN/XSMCY5,doi,10.7910,/,Harvard Dataverse,2020-07-30,s3://10.7910/DVN/XSMCY5,dataset,dataset
3869469,DVN/HOLUME,https://doi.org/10.7910/DVN/HOLUME,doi,10.7910,/,Harvard Dataverse,2020-07-30,s3://10.7910/DVN/HOLUME,dataset,dataset
3869533,DVN/J3UBZ6,https://doi.org/10.7910/DVN/J3UBZ6,doi,10.7910,/,Harvard Dataverse,2020-07-14,s3://10.7910/DVN/J3UBZ6,dataset,dataset
3875183,DVN/D2WL5I,https://doi.org/10.7910/DVN/D2WL5I,doi,10.7910,/,Harvard Dataverse,2020-07-30,s3://10.7910/DVN/D2WL5I,dataset,dataset
3875342,DVN/CMOWUL,https://doi.org/10.7910/DVN/CMOWUL,doi,10.7910,/,Harvard Dataverse,2020-07-30,s3://10.7910/DVN/CMOWUL,dataset,dataset
3876329,DVN/M2E5OI,https://doi.org/10.7910/DVN/M2E5OI,doi,10.7910,/,Harvard Dataverse,2020-07-30,s3://10.7910/DVN/M2E5OI,dataset,dataset
3891419,DVN/J7IS5Q,https://doi.org/10.7910/DVN/J7IS5Q,doi,10.7910,/,Harvard Dataverse,2020-07-30,s3://10.7910/DVN/J7IS5Q,dataset,dataset
3891699,DVN/8WZ793,https://doi.org/10.7910/DVN/8WZ793,doi,10.7910,/,Harvard Dataverse,2020-07-30,s3://10.7910/DVN/8WZ793,dataset,dataset
3893662,DVN/2KLNFX,https://doi.org/10.7910/DVN/2KLNFX,doi,10.7910,/,Harvard Dataverse,2020-06-24,s3://10.7910/DVN/2KLNFX,dataset,dataset
3905631,DVN/GLT4FX,https://doi.org/10.7910/DVN/GLT4FX,doi,10.7910,/,Harvard Dataverse,2020-07-30,s3://10.7910/DVN/GLT4FX,dataset,dataset
3906499,DVN/YILXB4,https://doi.org/10.7910/DVN/YILXB4,doi,10.7910,/,Harvard Dataverse,2021-07-14,s3://10.7910/DVN/YILXB4,dataset,dataset
3908241,DVN/R27ULT,https://doi.org/10.7910/DVN/R27ULT,doi,10.7910,/,Harvard Dataverse,2020-07-30,s3://10.7910/DVN/R27ULT,dataset,dataset
3908942,DVN/OYIAYK,https://doi.org/10.7910/DVN/OYIAYK,doi,10.7910,/,Harvard Dataverse,2020-07-30,s3://10.7910/DVN/OYIAYK,dataset,dataset
3969648,DVN/00CIUU,https://doi.org/10.7910/DVN/00CIUU,doi,10.7910,/,Harvard Dataverse,2020-08-21,s3://10.7910/DVN/00CIUU,dataset,dataset
3970551,DVN/7NP2XH,https://doi.org/10.7910/DVN/7NP2XH,doi,10.7910,/,Harvard Dataverse,2020-08-21,s3://10.7910/DVN/7NP2XH,dataset,dataset
3983275,DVN/2LDLAE,https://doi.org/10.7910/DVN/2LDLAE,doi,10.7910,/,Harvard Dataverse,2020-08-21,s3://10.7910/DVN/2LDLAE,dataset,dataset
3983701,DVN/96XSFG,https://doi.org/10.7910/DVN/96XSFG,doi,10.7910,/,Harvard Dataverse,2020-07-14,s3://10.7910/DVN/96XSFG,dataset,dataset
3985399,DVN/DBNBEU,https://doi.org/10.7910/DVN/DBNBEU,doi,10.7910,/,Harvard Dataverse,2020-09-01,s3://10.7910/DVN/DBNBEU,dataset,dataset
3987258,DVN/QBNFFR,https://doi.org/10.7910/DVN/QBNFFR,doi,10.7910,/,Harvard Dataverse,2020-07-25,s3://10.7910/DVN/QBNFFR,dataset,dataset
3987573,DVN/4WNEE9,https://doi.org/10.7910/DVN/4WNEE9,doi,10.7910,/,Harvard Dataverse,2020-09-01,s3://10.7910/DVN/4WNEE9,dataset,dataset
3988692,DVN/VIXZD1,https://doi.org/10.7910/DVN/VIXZD1,doi,10.7910,/,Harvard Dataverse,2020-09-01,s3://10.7910/DVN/VIXZD1,dataset,dataset
3994445,DVN/X3LITS,https://doi.org/10.7910/DVN/X3LITS,doi,10.7910,/,Harvard Dataverse,2020-09-01,s3://10.7910/DVN/X3LITS,dataset,dataset
3995742,DVN/0JNE3M,https://doi.org/10.7910/DVN/0JNE3M,doi,10.7910,/,Harvard Dataverse,2020-07-30,s3://10.7910/DVN/0JNE3M,dataset,dataset
4005760,DVN/AW5LU8,https://doi.org/10.7910/DVN/AW5LU8,doi,10.7910,/,Harvard Dataverse,2021-11-01,s3://10.7910/DVN/AW5LU8,dataset,dataset
4015205,DVN/TNFDDX,https://doi.org/10.7910/DVN/TNFDDX,doi,10.7910,/,Harvard Dataverse,2020-11-08,s3://10.7910/DVN/TNFDDX,dataset,dataset
4021958,DVN/LQ1VPA,https://doi.org/10.7910/DVN/LQ1VPA,doi,10.7910,/,Harvard Dataverse,2020-08-26,s3://10.7910/DVN/LQ1VPA,dataset,dataset
4034932,DVN/YOBUVS,https://doi.org/10.7910/DVN/YOBUVS,doi,10.7910,/,Harvard Dataverse,2021-06-14,s3://10.7910/DVN/YOBUVS,dataset,dataset
4060119,DVN/Y5RRV5,https://doi.org/10.7910/DVN/Y5RRV5,doi,10.7910,/,Harvard Dataverse,2020-10-25,s3://10.7910/DVN/Y5RRV5,dataset,dataset
4060808,DVN/GHVQGB,https://doi.org/10.7910/DVN/GHVQGB,doi,10.7910,/,Harvard Dataverse,2020-11-02,s3://10.7910/DVN/GHVQGB,dataset,dataset
4067279,DVN/XEMMCN,https://doi.org/10.7910/DVN/XEMMCN,doi,10.7910,/,Harvard Dataverse,2020-11-02,s3://10.7910/DVN/XEMMCN,dataset,dataset
4082305,DVN/VFBVRG,https://doi.org/10.7910/DVN/VFBVRG,doi,10.7910,/,Harvard Dataverse,2020-12-10,s3://10.7910/DVN/VFBVRG,dataset,dataset
4083554,DVN/AKGWBL,https://doi.org/10.7910/DVN/AKGWBL,doi,10.7910,/,Harvard Dataverse,2020-10-26,s3://10.7910/DVN/AKGWBL,dataset,dataset
4095517,DVN/DNH9XV,https://doi.org/10.7910/DVN/DNH9XV,doi,10.7910,/,Harvard Dataverse,2022-02-07,s3://10.7910/DVN/DNH9XV,dataset,dataset
4095690,DVN/JMNFLR,https://doi.org/10.7910/DVN/JMNFLR,doi,10.7910,/,Harvard Dataverse,2020-09-29,s3://10.7910/DVN/JMNFLR,dataset,dataset
4098800,DVN/FDML2N,https://doi.org/10.7910/DVN/FDML2N,doi,10.7910,/,Harvard Dataverse,2020-12-10,s3://10.7910/DVN/FDML2N,dataset,dataset
4103944,DVN/IFZXQX,https://doi.org/10.7910/DVN/IFZXQX,doi,10.7910,/,Harvard Dataverse,2020-12-10,s3://10.7910/DVN/IFZXQX,dataset,dataset
4104244,DVN/DAQ9PK,https://doi.org/10.7910/DVN/DAQ9PK,doi,10.7910,/,Harvard Dataverse,2021-04-14,s3://10.7910/DVN/DAQ9PK,dataset,dataset
4105772,DVN/XTRWKG,https://doi.org/10.7910/DVN/XTRWKG,doi,10.7910,/,Harvard Dataverse,2020-12-10,s3://10.7910/DVN/XTRWKG,dataset,dataset
4106465,DVN/HFWFRG,https://doi.org/10.7910/DVN/HFWFRG,doi,10.7910,/,Harvard Dataverse,2020-11-19,s3://10.7910/DVN/HFWFRG,dataset,dataset
4135970,DVN/FMOR6K,https://doi.org/10.7910/DVN/FMOR6K,doi,10.7910,/,Harvard Dataverse,2020-12-10,s3://10.7910/DVN/FMOR6K,dataset,dataset
4151155,DVN/GOOVNS,https://doi.org/10.7910/DVN/GOOVNS,doi,10.7910,/,Harvard Dataverse,2020-12-10,s3://10.7910/DVN/GOOVNS,dataset,dataset
4154467,DVN/NBMH7M,https://doi.org/10.7910/DVN/NBMH7M,doi,10.7910,/,Harvard Dataverse,2020-12-10,s3://10.7910/DVN/NBMH7M,dataset,dataset
4157937,DVN/P3RXDM,https://doi.org/10.7910/DVN/P3RXDM,doi,10.7910,/,Harvard Dataverse,2020-12-10,s3://10.7910/DVN/P3RXDM,dataset,dataset
4158183,DVN/BZZ9VF,https://doi.org/10.7910/DVN/BZZ9VF,doi,10.7910,/,Harvard Dataverse,2020-12-10,s3://10.7910/DVN/BZZ9VF,dataset,dataset
4172290,DVN/8B31FG,https://doi.org/10.7910/DVN/8B31FG,doi,10.7910,/,Harvard Dataverse,2020-12-19,s3://10.7910/DVN/8B31FG,dataset,dataset
4175859,DVN/TFCBSD,https://doi.org/10.7910/DVN/TFCBSD,doi,10.7910,/,Harvard Dataverse,2021-12-08,s3://10.7910/DVN/TFCBSD,dataset,dataset
4179481,DVN/UTPOTW,https://doi.org/10.7910/DVN/UTPOTW,doi,10.7910,/,Harvard Dataverse,2020-12-21,s3://10.7910/DVN/UTPOTW,dataset,dataset
4179749,DVN/C4CLNR,https://doi.org/10.7910/DVN/C4CLNR,doi,10.7910,/,Harvard Dataverse,2020-12-20,s3://10.7910/DVN/C4CLNR,dataset,dataset
4202582,DVN/BY4OBR,https://doi.org/10.7910/DVN/BY4OBR,doi,10.7910,/,Harvard Dataverse,2020-12-21,s3://10.7910/DVN/BY4OBR,dataset,dataset
4203040,DVN/GCTLYJ,https://doi.org/10.7910/DVN/GCTLYJ,doi,10.7910,/,Harvard Dataverse,2020-12-21,s3://10.7910/DVN/GCTLYJ,dataset,dataset
4209641,DVN/B8Y17J,https://doi.org/10.7910/DVN/B8Y17J,doi,10.7910,/,Harvard Dataverse,2021-08-13,s3://10.7910/DVN/B8Y17J,dataset,dataset
4213270,DVN/0Y1E2B,https://doi.org/10.7910/DVN/0Y1E2B,doi,10.7910,/,Harvard Dataverse,2020-12-21,s3://10.7910/DVN/0Y1E2B,dataset,dataset
4214906,DVN/N01LDH,https://doi.org/10.7910/DVN/N01LDH,doi,10.7910,/,Harvard Dataverse,2020-12-21,s3://10.7910/DVN/N01LDH,dataset,dataset
4215328,DVN/8Y6BR1,https://doi.org/10.7910/DVN/8Y6BR1,doi,10.7910,/,Harvard Dataverse,2020-12-21,s3://10.7910/DVN/8Y6BR1,dataset,dataset
4262904,DVN/5KDUTD,https://doi.org/10.7910/DVN/5KDUTD,doi,10.7910,/,Harvard Dataverse,2020-12-21,s3://10.7910/DVN/5KDUTD,dataset,dataset
4264300,DVN/TR9NAB,https://doi.org/10.7910/DVN/TR9NAB,doi,10.7910,/,Harvard Dataverse,2020-12-21,s3://10.7910/DVN/TR9NAB,dataset,dataset
4273890,DVN/PGJPKQ,https://doi.org/10.7910/DVN/PGJPKQ,doi,10.7910,/,Harvard Dataverse,2020-12-26,s3://10.7910/DVN/PGJPKQ,dataset,dataset
4274183,DVN/DKXD2X,https://doi.org/10.7910/DVN/DKXD2X,doi,10.7910,/,Harvard Dataverse,2020-12-27,s3://10.7910/DVN/DKXD2X,dataset,dataset
4280534,DVN/9H3DFP,https://doi.org/10.7910/DVN/9H3DFP,doi,10.7910,/,Harvard Dataverse,2022-02-14,s3://10.7910/DVN/9H3DFP,dataset,dataset
4283540,DVN/MZIANQ,https://doi.org/10.7910/DVN/MZIANQ,doi,10.7910,/,Harvard Dataverse,2021-12-09,s3://10.7910/DVN/MZIANQ,dataset,dataset
4285854,DVN/SB6JQF,https://doi.org/10.7910/DVN/SB6JQF,doi,10.7910,/,Harvard Dataverse,2021-03-22,s3://10.7910/DVN/SB6JQF,dataset,dataset
4287170,DVN/HUYOHI,https://doi.org/10.7910/DVN/HUYOHI,doi,10.7910,/,Harvard Dataverse,2021-08-21,s3://10.7910/DVN/HUYOHI,dataset,dataset
4291479,DVN/SUKHMB,https://doi.org/10.7910/DVN/SUKHMB,doi,10.7910,/,Harvard Dataverse,2021-05-21,s3://10.7910/DVN/SUKHMB,dataset,dataset
4297865,DVN/SVYQRT,https://doi.org/10.7910/DVN/SVYQRT,doi,10.7910,/,Harvard Dataverse,2022-03-15,s3://10.7910/DVN/SVYQRT,dataset,dataset
4299769,DVN/ZCX84G,https://doi.org/10.7910/DVN/ZCX84G,doi,10.7910,/,Harvard Dataverse,2022-02-14,s3://10.7910/DVN/ZCX84G,dataset,dataset
4300388,DVN/SS0UEI,https://doi.org/10.7910/DVN/SS0UEI,doi,10.7910,/,Harvard Dataverse,2021-12-09,s3://10.7910/DVN/SS0UEI,dataset,dataset
4304864,DVN/X5RBRB,https://doi.org/10.7910/DVN/X5RBRB,doi,10.7910,/,Harvard Dataverse,2021-12-09,s3://10.7910/DVN/X5RBRB,dataset,dataset
4328135,DVN/X5ALUA,https://doi.org/10.7910/DVN/X5ALUA,doi,10.7910,/,Harvard Dataverse,2021-06-17,s3://10.7910/DVN/X5ALUA,dataset,dataset
4329031,DVN/JTKVX2,https://doi.org/10.7910/DVN/JTKVX2,doi,10.7910,/,Harvard Dataverse,2021-06-11,s3://10.7910/DVN/JTKVX2,dataset,dataset
4345847,DVN/ZEDEAD,https://doi.org/10.7910/DVN/ZEDEAD,doi,10.7910,/,Harvard Dataverse,2021-12-09,s3://10.7910/DVN/ZEDEAD,dataset,dataset
4367391,DVN/VDK5HS,https://doi.org/10.7910/DVN/VDK5HS,doi,10.7910,/,Harvard Dataverse,2021-12-09,s3://10.7910/DVN/VDK5HS,dataset,dataset
4372964,DVN/F9L41L,https://doi.org/10.7910/DVN/F9L41L,doi,10.7910,/,Harvard Dataverse,2021-12-09,s3://10.7910/DVN/F9L41L,dataset,dataset
4404348,DVN/PGNYUJ,https://doi.org/10.7910/DVN/PGNYUJ,doi,10.7910,/,Harvard Dataverse,2021-04-14,s3://10.7910/DVN/PGNYUJ,dataset,dataset
4414832,DVN/LEV1RR,https://doi.org/10.7910/DVN/LEV1RR,doi,10.7910,/,Harvard Dataverse,2021-04-21,s3://10.7910/DVN/LEV1RR,dataset,dataset
4422290,DVN/8JFNSN,https://doi.org/10.7910/DVN/8JFNSN,doi,10.7910,/,Harvard Dataverse,2021-12-09,s3://10.7910/DVN/8JFNSN,dataset,dataset
4436102,DVN/5HXT8K,https://doi.org/10.7910/DVN/5HXT8K,doi,10.7910,/,Harvard Dataverse,2021-12-09,s3://10.7910/DVN/5HXT8K,dataset,dataset
4460179,DVN/3YFBR8,https://doi.org/10.7910/DVN/3YFBR8,doi,10.7910,/,Harvard Dataverse,2021-12-09,s3://10.7910/DVN/3YFBR8,dataset,dataset
4463748,DVN/TYNEDE,https://doi.org/10.7910/DVN/TYNEDE,doi,10.7910,/,Harvard Dataverse,2021-04-16,s3://10.7910/DVN/TYNEDE,dataset,dataset
4490242,DVN/PORBIU,https://doi.org/10.7910/DVN/PORBIU,doi,10.7910,/,Harvard Dataverse,2022-04-07,s3://10.7910/DVN/PORBIU,dataset,dataset
4495174,DVN/RM7VAL,https://doi.org/10.7910/DVN/RM7VAL,doi,10.7910,/,Harvard Dataverse,2021-12-09,s3://10.7910/DVN/RM7VAL,dataset,dataset
4497510,DVN/AYFAFF,https://doi.org/10.7910/DVN/AYFAFF,doi,10.7910,/,Harvard Dataverse,2021-12-09,s3://10.7910/DVN/AYFAFF,dataset,dataset
4498892,DVN/UKUPBQ,https://doi.org/10.7910/DVN/UKUPBQ,doi,10.7910,/,Harvard Dataverse,2021-05-31,s3://10.7910/DVN/UKUPBQ,dataset,dataset
4550696,DVN/WCLV9B,https://doi.org/10.7910/DVN/WCLV9B,doi,10.7910,/,Harvard Dataverse,2021-12-09,s3://10.7910/DVN/WCLV9B,dataset,dataset
4576118,DVN/IDXWKA,https://doi.org/10.7910/DVN/IDXWKA,doi,10.7910,/,Harvard Dataverse,2021-10-27,s3://10.7910/DVN/IDXWKA,dataset,dataset
4583840,DVN/KQGKD0,https://doi.org/10.7910/DVN/KQGKD0,doi,10.7910,/,Harvard Dataverse,2021-10-26,s3://10.7910/DVN/KQGKD0,dataset,dataset
4590474,DVN/LHWSBT,https://doi.org/10.7910/DVN/LHWSBT,doi,10.7910,/,Harvard Dataverse,2021-10-26,s3://10.7910/DVN/LHWSBT,dataset,dataset
4637258,DVN/NXDEGT,https://doi.org/10.7910/DVN/NXDEGT,doi,10.7910,/,Harvard Dataverse,2021-06-23,s3://10.7910/DVN/NXDEGT,dataset,dataset
4644187,DVN/RXA4JB,https://doi.org/10.7910/DVN/RXA4JB,doi,10.7910,/,Harvard Dataverse,2021-07-01,s3://10.7910/DVN/RXA4JB,dataset,dataset
4745864,DVN/PRAQI2,https://doi.org/10.7910/DVN/PRAQI2,doi,10.7910,/,Harvard Dataverse,2021-05-28,s3://10.7910/DVN/PRAQI2,dataset,dataset
4745986,DVN/MME5SS,https://doi.org/10.7910/DVN/MME5SS,doi,10.7910,/,Harvard Dataverse,2021-12-09,s3://10.7910/DVN/MME5SS,dataset,dataset
4749159,DVN/FWD9Q9,https://doi.org/10.7910/DVN/FWD9Q9,doi,10.7910,/,Harvard Dataverse,2021-06-23,s3://10.7910/DVN/FWD9Q9,dataset,dataset
4776618,DVN/18XSG8,https://doi.org/10.7910/DVN/18XSG8,doi,10.7910,/,Harvard Dataverse,2021-07-14,s3://10.7910/DVN/18XSG8,dataset,dataset
4786733,DVN/TGJQUL,https://doi.org/10.7910/DVN/TGJQUL,doi,10.7910,/,Harvard Dataverse,2021-07-30,s3://10.7910/DVN/TGJQUL,dataset,dataset
4814725,DVN/IYC3GR,https://doi.org/10.7910/DVN/IYC3GR,doi,10.7910,/,Harvard Dataverse,2021-09-03,s3://10.7910/DVN/IYC3GR,dataset,dataset
4816683,DVN/N71MOK,https://doi.org/10.7910/DVN/N71MOK,doi,10.7910,/,Harvard Dataverse,2021-10-27,s3://10.7910/DVN/N71MOK,dataset,dataset
4817226,DVN/FUSIWA,https://doi.org/10.7910/DVN/FUSIWA,doi,10.7910,/,Harvard Dataverse,2021-09-09,s3://10.7910/DVN/FUSIWA,dataset,dataset
4836667,DVN/YEEWVX,https://doi.org/10.7910/DVN/YEEWVX,doi,10.7910,/,Harvard Dataverse,2021-08-08,s3://10.7910/DVN/YEEWVX,dataset,dataset
4836734,DVN/EV5BGV,https://doi.org/10.7910/DVN/EV5BGV,doi,10.7910,/,Harvard Dataverse,2021-08-13,s3://10.7910/DVN/EV5BGV,dataset,dataset
4863101,DVN/S8LSKA,https://doi.org/10.7910/DVN/S8LSKA,doi,10.7910,/,Harvard Dataverse,2021-07-23,s3://10.7910/DVN/S8LSKA,dataset,dataset
4863209,DVN/GBLQ9H,https://doi.org/10.7910/DVN/GBLQ9H,doi,10.7910,/,Harvard Dataverse,2021-07-31,s3://10.7910/DVN/GBLQ9H,dataset,dataset
4880318,DVN/FUCDTT,https://doi.org/10.7910/DVN/FUCDTT,doi,10.7910,/,Harvard Dataverse,2021-10-27,s3://10.7910/DVN/FUCDTT,dataset,dataset
4888992,DVN/MSNWPY,https://doi.org/10.7910/DVN/MSNWPY,doi,10.7910,/,Harvard Dataverse,2021-07-13,s3://10.7910/DVN/MSNWPY,dataset,dataset
4892158,DVN/EUISZU,https://doi.org/10.7910/DVN/EUISZU,doi,10.7910,/,Harvard Dataverse,2021-10-27,s3://10.7910/DVN/EUISZU,dataset,dataset
4901743,DVN/XIIAVW,https://doi.org/10.7910/DVN/XIIAVW,doi,10.7910,/,Harvard Dataverse,2021-09-21,s3://10.7910/DVN/XIIAVW,dataset,dataset
4905005,DVN/6IRAEM,https://doi.org/10.7910/DVN/6IRAEM,doi,10.7910,/,Harvard Dataverse,2021-07-21,s3://10.7910/DVN/6IRAEM,dataset,dataset
4919053,DVN/AM3LJF,https://doi.org/10.7910/DVN/AM3LJF,doi,10.7910,/,Harvard Dataverse,2021-10-27,s3://10.7910/DVN/AM3LJF,dataset,dataset
4927270,DVN/UGEP3P,https://doi.org/10.7910/DVN/UGEP3P,doi,10.7910,/,Harvard Dataverse,2021-10-27,s3://10.7910/DVN/UGEP3P,dataset,dataset
4931651,DVN/HGD6CG,https://doi.org/10.7910/DVN/HGD6CG,doi,10.7910,/,Harvard Dataverse,2021-08-03,s3://10.7910/DVN/HGD6CG,dataset,dataset
4944937,DVN/GCDJ25,https://doi.org/10.7910/DVN/GCDJ25,doi,10.7910,/,Harvard Dataverse,2021-08-03,s3://10.7910/DVN/GCDJ25,dataset,dataset
4965409,DVN/YRJ6E3,https://doi.org/10.7910/DVN/YRJ6E3,doi,10.7910,/,Harvard Dataverse,2021-10-27,s3://10.7910/DVN/YRJ6E3,dataset,dataset
4969546,DVN/RO1YK7,https://doi.org/10.7910/DVN/RO1YK7,doi,10.7910,/,Harvard Dataverse,2021-10-27,s3://10.7910/DVN/RO1YK7,dataset,dataset
4971602,DVN/N6LIMH,https://doi.org/10.7910/DVN/N6LIMH,doi,10.7910,/,Harvard Dataverse,2021-11-17,s3://10.7910/DVN/N6LIMH,dataset,dataset
4977674,DVN/OMABN4,https://doi.org/10.7910/DVN/OMABN4,doi,10.7910,/,Harvard Dataverse,2021-10-27,s3://10.7910/DVN/OMABN4,dataset,dataset
4990335,DVN/TS4XRA,https://doi.org/10.7910/DVN/TS4XRA,doi,10.7910,/,Harvard Dataverse,2021-10-27,s3://10.7910/DVN/TS4XRA,dataset,dataset
5021100,DVN/2LH0BZ,https://doi.org/10.7910/DVN/2LH0BZ,doi,10.7910,/,Harvard Dataverse,2021-11-02,s3://10.7910/DVN/2LH0BZ,dataset,dataset
5110329,DVN/CSKA4Q,https://doi.org/10.7910/DVN/CSKA4Q,doi,10.7910,/,Harvard Dataverse,2021-10-26,s3://10.7910/DVN/CSKA4Q,dataset,dataset
5112727,DVN/XHNAFO,https://doi.org/10.7910/DVN/XHNAFO,doi,10.7910,/,Harvard Dataverse,2021-11-02,s3://10.7910/DVN/XHNAFO,dataset,dataset
5130731,DVN/BNINNL,https://doi.org/10.7910/DVN/BNINNL,doi,10.7910,/,Harvard Dataverse,2021-11-09,s3://10.7910/DVN/BNINNL,dataset,dataset
5192262,DVN/TFQ2UK,https://doi.org/10.7910/DVN/TFQ2UK,doi,10.7910,/,Harvard Dataverse,2021-10-27,s3://10.7910/DVN/TFQ2UK,dataset,dataset
5194909,DVN/VWWAHK,https://doi.org/10.7910/DVN/VWWAHK,doi,10.7910,/,Harvard Dataverse,2021-12-09,s3://10.7910/DVN/VWWAHK,dataset,dataset
5204529,DVN/9TCK0G,https://doi.org/10.7910/DVN/9TCK0G,doi,10.7910,/,Harvard Dataverse,2021-11-25,s3://10.7910/DVN/9TCK0G,dataset,dataset
5206440,DVN/ZI48LK,https://doi.org/10.7910/DVN/ZI48LK,doi,10.7910,/,Harvard Dataverse,2021-11-07,s3://10.7910/DVN/ZI48LK,dataset,dataset
5206465,DVN/GHHZO4,https://doi.org/10.7910/DVN/GHHZO4,doi,10.7910,/,Harvard Dataverse,2021-12-09,s3://10.7910/DVN/GHHZO4,dataset,dataset
5206582,DVN/MQVUUD,https://doi.org/10.7910/DVN/MQVUUD,doi,10.7910,/,Harvard Dataverse,2021-12-08,s3://10.7910/DVN/MQVUUD,dataset,dataset
5206786,DVN/SIHBRN,https://doi.org/10.7910/DVN/SIHBRN,doi,10.7910,/,Harvard Dataverse,2021-11-25,s3://10.7910/DVN/SIHBRN,dataset,dataset
5210596,DVN/AQQ3GG,https://doi.org/10.7910/DVN/AQQ3GG,doi,10.7910,/,Harvard Dataverse,2022-10-20,s3://10.7910/DVN/AQQ3GG,dataset,dataset
5213008,DVN/EWDCQX,https://doi.org/10.7910/DVN/EWDCQX,doi,10.7910,/,Harvard Dataverse,2021-11-25,s3://10.7910/DVN/EWDCQX,dataset,dataset
5213101,DVN/FSOVA7,https://doi.org/10.7910/DVN/FSOVA7,doi,10.7910,/,Harvard Dataverse,2021-12-09,s3://10.7910/DVN/FSOVA7,dataset,dataset
5221856,DVN/2CVG5E,https://doi.org/10.7910/DVN/2CVG5E,doi,10.7910,/,Harvard Dataverse,2024-05-22,s3://10.7910/DVN/2CVG5E,dataset,dataset
5254610,DVN/RX4JGK,https://doi.org/10.7910/DVN/RX4JGK,doi,10.7910,/,Harvard Dataverse,2021-11-28,s3://10.7910/DVN/RX4JGK,dataset,dataset
5256537,DVN/IZA24F,https://doi.org/10.7910/DVN/IZA24F,doi,10.7910,/,Harvard Dataverse,2021-12-30,s3://10.7910/DVN/IZA24F,dataset,dataset
5257961,DVN/0XS5NX,https://doi.org/10.7910/DVN/0XS5NX,doi,10.7910,/,Harvard Dataverse,2021-12-09,s3://10.7910/DVN/0XS5NX,dataset,dataset
5258277,DVN/TE1YA6,https://doi.org/10.7910/DVN/TE1YA6,doi,10.7910,/,Harvard Dataverse,2021-11-12,s3://10.7910/DVN/TE1YA6,dataset,dataset
5342372,DVN/S3CGUV,https://doi.org/10.7910/DVN/S3CGUV,doi,10.7910,/,Harvard Dataverse,2022-01-11,s3://10.7910/DVN/S3CGUV,dataset,dataset
5370542,DVN/CGXPF5,https://doi.org/10.7910/DVN/CGXPF5,doi,10.7910,/,Harvard Dataverse,2021-12-29,s3://10.7910/DVN/CGXPF5,dataset,dataset
5371765,DVN/MV23TX,https://doi.org/10.7910/DVN/MV23TX,doi,10.7910,/,Harvard Dataverse,2025-06-09,s3://10.7910/DVN/MV23TX,dataset,dataset
5374675,DVN/GQOYSS,https://doi.org/10.7910/DVN/GQOYSS,doi,10.7910,/,Harvard Dataverse,2022-05-18,s3://10.7910/DVN/GQOYSS,dataset,dataset
5408599,DVN/W5GQNZ,https://doi.org/10.7910/DVN/W5GQNZ,doi,10.7910,/,Harvard Dataverse,2021-12-03,s3://10.7910/DVN/W5GQNZ,dataset,dataset
5414805,DVN/DQ1WFB,https://doi.org/10.7910/DVN/DQ1WFB,doi,10.7910,/,Harvard Dataverse,2022-03-11,s3://10.7910/DVN/DQ1WFB,dataset,dataset
5425212,DVN/ADE2SJ,https://doi.org/10.7910/DVN/ADE2SJ,doi,10.7910,/,Harvard Dataverse,2021-12-19,s3://10.7910/DVN/ADE2SJ,dataset,dataset
5589041,DVN/UL6YWP,https://doi.org/10.7910/DVN/UL6YWP,doi,10.7910,/,Harvard Dataverse,2022-02-07,s3://10.7910/DVN/UL6YWP,dataset,dataset
5592860,DVN/5E3D0F,https://doi.org/10.7910/DVN/5E3D0F,doi,10.7910,/,Harvard Dataverse,2023-02-02,s3://10.7910/DVN/5E3D0F,dataset,dataset
5614521,DVN/WPYAB2,https://doi.org/10.7910/DVN/WPYAB2,doi,10.7910,/,Harvard Dataverse,2022-03-03,s3://10.7910/DVN/WPYAB2,dataset,dataset
5656554,DVN/W188CY,https://doi.org/10.7910/DVN/W188CY,doi,10.7910,/,Harvard Dataverse,2023-07-14,s3://10.7910/DVN/W188CY,dataset,dataset
5656956,DVN/K0BFAG,https://doi.org/10.7910/DVN/K0BFAG,doi,10.7910,/,Harvard Dataverse,2022-03-23,s3://10.7910/DVN/K0BFAG,dataset,dataset
5677488,DVN/PXA5UK,https://doi.org/10.7910/DVN/PXA5UK,doi,10.7910,/,Harvard Dataverse,2021-12-30,s3://10.7910/DVN/PXA5UK,dataset,dataset
5678086,DVN/NVMD6X,https://doi.org/10.7910/DVN/NVMD6X,doi,10.7910,/,Harvard Dataverse,2022-07-14,s3://10.7910/DVN/NVMD6X,dataset,dataset
5703370,DVN/LAVHXW,https://doi.org/10.7910/DVN/LAVHXW,doi,10.7910,/,Harvard Dataverse,2022-01-20,s3://10.7910/DVN/LAVHXW,dataset,dataset
5707169,DVN/U4ND12,https://doi.org/10.7910/DVN/U4ND12,doi,10.7910,/,Harvard Dataverse,2023-07-05,s3://10.7910/DVN/U4ND12,dataset,dataset
5720433,DVN/JZ4WG4,https://doi.org/10.7910/DVN/JZ4WG4,doi,10.7910,/,Harvard Dataverse,2022-02-12,s3://10.7910/DVN/JZ4WG4,dataset,dataset
5737305,DVN/LJMNV9,https://doi.org/10.7910/DVN/LJMNV9,doi,10.7910,/,Harvard Dataverse,2022-03-11,s3://10.7910/DVN/LJMNV9,dataset,dataset
5747039,DVN/SJ9OMJ,https://doi.org/10.7910/DVN/SJ9OMJ,doi,10.7910,/,Harvard Dataverse,2022-06-13,s3://10.7910/DVN/SJ9OMJ,dataset,dataset
5790964,DVN/JQAAJL,https://doi.org/10.7910/DVN/JQAAJL,doi,10.7910,/,Harvard Dataverse,2022-03-27,s3://10.7910/DVN/JQAAJL,dataset,dataset
5791332,DVN/UPHCUE,https://doi.org/10.7910/DVN/UPHCUE,doi,10.7910,/,Harvard Dataverse,2022-02-01,s3://10.7910/DVN/UPHCUE,dataset,dataset
5791516,DVN/LQY3UD,https://doi.org/10.7910/DVN/LQY3UD,doi,10.7910,/,Harvard Dataverse,2023-05-24,s3://10.7910/DVN/LQY3UD,dataset,dataset
5794608,DVN/SYNP73,https://doi.org/10.7910/DVN/SYNP73,doi,10.7910,/,Harvard Dataverse,2023-05-24,s3://10.7910/DVN/SYNP73,dataset,dataset
5860749,DVN/IZ39YU,https://doi.org/10.7910/DVN/IZ39YU,doi,10.7910,/,Harvard Dataverse,2023-11-07,s3://10.7910/DVN/IZ39YU,dataset,dataset
6063870,DVN/NZH7UB,https://doi.org/10.7910/DVN/NZH7UB,doi,10.7910,/,Harvard Dataverse,2023-01-13,s3://10.7910/DVN/NZH7UB,dataset,dataset
6079464,DVN/MQTZG1,https://doi.org/10.7910/DVN/MQTZG1,doi,10.7910,/,Harvard Dataverse,2022-03-09,s3://10.7910/DVN/MQTZG1,dataset,dataset
6081706,DVN/JEZ0FF,https://doi.org/10.7910/DVN/JEZ0FF,doi,10.7910,/,Harvard Dataverse,2023-05-24,s3://10.7910/DVN/JEZ0FF,dataset,dataset
6099375,DVN/5XG84N,https://doi.org/10.7910/DVN/5XG84N,doi,10.7910,/,Harvard Dataverse,2022-04-27,s3://10.7910/DVN/5XG84N,dataset,dataset
6103378,DVN/1BZJOW,https://doi.org/10.7910/DVN/1BZJOW,doi,10.7910,/,Harvard Dataverse,2022-04-27,s3://10.7910/DVN/1BZJOW,dataset,dataset
6152183,DVN/0DCWT7,https://doi.org/10.7910/DVN/0DCWT7,doi,10.7910,/,Harvard Dataverse,2022-07-24,s3://10.7910/DVN/0DCWT7,dataset,dataset
6153148,DVN/0LCYN5,https://doi.org/10.7910/DVN/0LCYN5,doi,10.7910,/,Harvard Dataverse,2023-04-28,s3://10.7910/DVN/0LCYN5,dataset,dataset
6154205,DVN/YGSKJT,https://doi.org/10.7910/DVN/YGSKJT,doi,10.7910,/,Harvard Dataverse,2022-09-22,s3://10.7910/DVN/YGSKJT,dataset,dataset
6163167,DVN/2VHCON,https://doi.org/10.7910/DVN/2VHCON,doi,10.7910,/,Harvard Dataverse,2022-07-24,s3://10.7910/DVN/2VHCON,dataset,dataset
6165483,DVN/APLEYS,https://doi.org/10.7910/DVN/APLEYS,doi,10.7910,/,Harvard Dataverse,2022-05-03,s3://10.7910/DVN/APLEYS,dataset,dataset
6176676,DVN/LZV8LU,https://doi.org/10.7910/DVN/LZV8LU,doi,10.7910,/,Harvard Dataverse,2022-05-03,s3://10.7910/DVN/LZV8LU,dataset,dataset
6182759,DVN/3FGLKN,https://doi.org/10.7910/DVN/3FGLKN,doi,10.7910,/,Harvard Dataverse,2024-03-01,s3://10.7910/DVN/3FGLKN,dataset,dataset
6182897,DVN/JGST70,https://doi.org/10.7910/DVN/JGST70,doi,10.7910,/,Harvard Dataverse,2022-07-30,s3://10.7910/DVN/JGST70,dataset,dataset
6183104,DVN/KHUT6X,https://doi.org/10.7910/DVN/KHUT6X,doi,10.7910,/,Harvard Dataverse,2022-07-28,s3://10.7910/DVN/KHUT6X,dataset,dataset
6281025,DVN/JM1WCY,https://doi.org/10.7910/DVN/JM1WCY,doi,10.7910,/,Harvard Dataverse,2022-08-05,s3://10.7910/DVN/JM1WCY,dataset,dataset
6286130,DVN/G2KEB2,https://doi.org/10.7910/DVN/G2KEB2,doi,10.7910,/,Harvard Dataverse,2022-07-24,s3://10.7910/DVN/G2KEB2,dataset,dataset
6289177,DVN/AEZKWE,https://doi.org/10.7910/DVN/AEZKWE,doi,10.7910,/,Harvard Dataverse,2022-08-25,s3://10.7910/DVN/AEZKWE,dataset,dataset
6289295,DVN/GIXQ2I,https://doi.org/10.7910/DVN/GIXQ2I,doi,10.7910,/,Harvard Dataverse,2022-08-12,s3://10.7910/DVN/GIXQ2I,dataset,dataset
6289454,DVN/9GSJ6V,https://doi.org/10.7910/DVN/9GSJ6V,doi,10.7910,/,Harvard Dataverse,2022-08-12,s3://10.7910/DVN/9GSJ6V,dataset,dataset
6290777,DVN/PLZ9LJ,https://doi.org/10.7910/DVN/PLZ9LJ,doi,10.7910,/,Harvard Dataverse,2022-08-31,s3://10.7910/DVN/PLZ9LJ,dataset,dataset
6298957,DVN/A4UV9D,https://doi.org/10.7910/DVN/A4UV9D,doi,10.7910,/,Harvard Dataverse,2022-09-05,s3://10.7910/DVN/A4UV9D,dataset,dataset
6299604,DVN/EARLA4,https://doi.org/10.7910/DVN/EARLA4,doi,10.7910,/,Harvard Dataverse,2022-09-02,s3://10.7910/DVN/EARLA4,dataset,dataset
6300383,DVN/4KRZCG,https://doi.org/10.7910/DVN/4KRZCG,doi,10.7910,/,Harvard Dataverse,2022-08-12,s3://10.7910/DVN/4KRZCG,dataset,dataset
6304873,DVN/NN0OXE,https://doi.org/10.7910/DVN/NN0OXE,doi,10.7910,/,Harvard Dataverse,2022-08-12,s3://10.7910/DVN/NN0OXE,dataset,dataset
6308506,DVN/VU1TGI,https://doi.org/10.7910/DVN/VU1TGI,doi,10.7910,/,Harvard Dataverse,2022-08-29,s3://10.7910/DVN/VU1TGI,dataset,dataset
6310576,DVN/CHLLZ4,https://doi.org/10.7910/DVN/CHLLZ4,doi,10.7910,/,Harvard Dataverse,2022-08-25,s3://10.7910/DVN/CHLLZ4,dataset,dataset
6321170,DVN/RVV8SD,https://doi.org/10.7910/DVN/RVV8SD,doi,10.7910,/,Harvard Dataverse,2022-08-18,s3://10.7910/DVN/RVV8SD,dataset,dataset
6324916,DVN/UEEZQN,https://doi.org/10.7910/DVN/UEEZQN,doi,10.7910,/,Harvard Dataverse,2025-05-01,s3://10.7910/DVN/UEEZQN,dataset,dataset
6330140,DVN/RWPSHO,https://doi.org/10.7910/DVN/RWPSHO,doi,10.7910,/,Harvard Dataverse,2022-08-30,s3://10.7910/DVN/RWPSHO,dataset,dataset
6330219,DVN/MDDS0T,https://doi.org/10.7910/DVN/MDDS0T,doi,10.7910,/,Harvard Dataverse,2022-09-05,s3://10.7910/DVN/MDDS0T,dataset,dataset
6344983,DVN/CNQKTH,https://doi.org/10.7910/DVN/CNQKTH,doi,10.7910,/,Harvard Dataverse,2022-09-09,s3://10.7910/DVN/CNQKTH,dataset,dataset
6356820,DVN/PE06KW,https://doi.org/10.7910/DVN/PE06KW,doi,10.7910,/,Harvard Dataverse,2022-09-13,s3://10.7910/DVN/PE06KW,dataset,dataset
6357565,DVN/Q1WIDV,https://doi.org/10.7910/DVN/Q1WIDV,doi,10.7910,/,Harvard Dataverse,2022-10-11,s3://10.7910/DVN/Q1WIDV,dataset,dataset
6358237,DVN/VDQF6I,https://doi.org/10.7910/DVN/VDQF6I,doi,10.7910,/,Harvard Dataverse,2023-09-18,s3://10.7910/DVN/VDQF6I,dataset,dataset
6363250,DVN/JOYQYP,https://doi.org/10.7910/DVN/JOYQYP,doi,10.7910,/,Harvard Dataverse,2022-07-30,s3://10.7910/DVN/JOYQYP,dataset,dataset
6375938,DVN/WKUAFD,https://doi.org/10.7910/DVN/WKUAFD,doi,10.7910,/,Harvard Dataverse,2022-10-23,s3://10.7910/DVN/WKUAFD,dataset,dataset
6402383,DVN/LZR8DJ,https://doi.org/10.7910/DVN/LZR8DJ,doi,10.7910,/,Harvard Dataverse,2022-10-23,s3://10.7910/DVN/LZR8DJ,dataset,dataset
6402556,DVN/AV3OQM,https://doi.org/10.7910/DVN/AV3OQM,doi,10.7910,/,Harvard Dataverse,2022-10-07,s3://10.7910/DVN/AV3OQM,dataset,dataset
6406714,DVN/NOMRHB,https://doi.org/10.7910/DVN/NOMRHB,doi,10.7910,/,Harvard Dataverse,2022-10-10,s3://10.7910/DVN/NOMRHB,dataset,dataset
6414722,DVN/U41MXY,https://doi.org/10.7910/DVN/U41MXY,doi,10.7910,/,Harvard Dataverse,2022-09-07,s3://10.7910/DVN/U41MXY,dataset,dataset
6417325,DVN/KIFE1G,https://doi.org/10.7910/DVN/KIFE1G,doi,10.7910,/,Harvard Dataverse,2022-10-11,s3://10.7910/DVN/KIFE1G,dataset,dataset
6421581,DVN/QR1EIR,https://doi.org/10.7910/DVN/QR1EIR,doi,10.7910,/,Harvard Dataverse,2022-10-04,s3://10.7910/DVN/QR1EIR,dataset,dataset
6424759,DVN/FAA9EA,https://doi.org/10.7910/DVN/FAA9EA,doi,10.7910,/,Harvard Dataverse,2022-10-14,s3://10.7910/DVN/FAA9EA,dataset,dataset
6457666,DVN/W0FWBT,https://doi.org/10.7910/DVN/W0FWBT,doi,10.7910,/,Harvard Dataverse,2022-09-06,s3://10.7910/DVN/W0FWBT,dataset,dataset
6477853,DVN/MZH4I2,https://doi.org/10.7910/DVN/MZH4I2,doi,10.7910,/,Harvard Dataverse,2022-09-12,s3://10.7910/DVN/MZH4I2,dataset,dataset
6479507,DVN/4OYWQH,https://doi.org/10.7910/DVN/4OYWQH,doi,10.7910,/,Harvard Dataverse,2022-10-28,s3://10.7910/DVN/4OYWQH,dataset,dataset
6486182,DVN/RELTP0,https://doi.org/10.7910/DVN/RELTP0,doi,10.7910,/,Harvard Dataverse,2022-09-14,s3://10.7910/DVN/RELTP0,dataset,dataset
6487179,DVN/HC1X9S,https://doi.org/10.7910/DVN/HC1X9S,doi,10.7910,/,Harvard Dataverse,2022-11-15,s3://10.7910/DVN/HC1X9S,dataset,dataset
6491397,DVN/OXGMLI,https://doi.org/10.7910/DVN/OXGMLI,doi,10.7910,/,Harvard Dataverse,2022-12-07,s3://10.7910/DVN/OXGMLI,dataset,dataset
6525993,DVN/U768QN,https://doi.org/10.7910/DVN/U768QN,doi,10.7910,/,Harvard Dataverse,2022-09-21,s3://10.7910/DVN/U768QN,dataset,dataset
6545711,DVN/MH1VLZ,https://doi.org/10.7910/DVN/MH1VLZ,doi,10.7910,/,Harvard Dataverse,2022-10-23,s3://10.7910/DVN/MH1VLZ,dataset,dataset
6547099,DVN/SMZD06,https://doi.org/10.7910/DVN/SMZD06,doi,10.7910,/,Harvard Dataverse,2022-10-06,s3://10.7910/DVN/SMZD06,dataset,dataset
6549357,DVN/UBAIEF,https://doi.org/10.7910/DVN/UBAIEF,doi,10.7910,/,Harvard Dataverse,2022-10-18,s3://10.7910/DVN/UBAIEF,dataset,dataset
6554792,DVN/SBVR8T,https://doi.org/10.7910/DVN/SBVR8T,doi,10.7910,/,Harvard Dataverse,2022-11-14,s3://10.7910/DVN/SBVR8T,dataset,dataset
6554813,DVN/ZFOTRO,https://doi.org/10.7910/DVN/ZFOTRO,doi,10.7910,/,Harvard Dataverse,2022-10-28,s3://10.7910/DVN/ZFOTRO,dataset,dataset
6558683,DVN/7UOT14,https://doi.org/10.7910/DVN/7UOT14,doi,10.7910,/,Harvard Dataverse,2023-12-04,s3://10.7910/DVN/7UOT14,dataset,dataset
6559593,DVN/MPJ50I,https://doi.org/10.7910/DVN/MPJ50I,doi,10.7910,/,Harvard Dataverse,2022-10-07,s3://10.7910/DVN/MPJ50I,dataset,dataset
6563651,DVN/LAXOSG,https://doi.org/10.7910/DVN/LAXOSG,doi,10.7910,/,Harvard Dataverse,2022-11-15,s3://10.7910/DVN/LAXOSG,dataset,dataset
6563882,DVN/TVUZEC,https://doi.org/10.7910/DVN/TVUZEC,doi,10.7910,/,Harvard Dataverse,2022-12-07,s3://10.7910/DVN/TVUZEC,dataset,dataset
6572477,DVN/GEZMQL,https://doi.org/10.7910/DVN/GEZMQL,doi,10.7910,/,Harvard Dataverse,2022-11-08,s3://10.7910/DVN/GEZMQL,dataset,dataset
6577078,DVN/UTHBDT,https://doi.org/10.7910/DVN/UTHBDT,doi,10.7910,/,Harvard Dataverse,2022-12-21,s3://10.7910/DVN/UTHBDT,dataset,dataset
6593351,DVN/JBXFCE,https://doi.org/10.7910/DVN/JBXFCE,doi,10.7910,/,Harvard Dataverse,2022-10-29,s3://10.7910/DVN/JBXFCE,dataset,dataset
6646292,DVN/Z4GY1O,https://doi.org/10.7910/DVN/Z4GY1O,doi,10.7910,/,Harvard Dataverse,2022-12-13,s3://10.7910/DVN/Z4GY1O,dataset,dataset
6646594,DVN/WDQB4C,https://doi.org/10.7910/DVN/WDQB4C,doi,10.7910,/,Harvard Dataverse,2022-11-09,s3://10.7910/DVN/WDQB4C,dataset,dataset
6690445,DVN/9Q1WI3,https://doi.org/10.7910/DVN/9Q1WI3,doi,10.7910,/,Harvard Dataverse,2022-12-09,s3://10.7910/DVN/9Q1WI3,dataset,dataset
6699397,DVN/W8PHXM,https://doi.org/10.7910/DVN/W8PHXM,doi,10.7910,/,Harvard Dataverse,2022-11-08,s3://10.7910/DVN/W8PHXM,dataset,dataset
6704510,DVN/MOAKFJ,https://doi.org/10.7910/DVN/MOAKFJ,doi,10.7910,/,Harvard Dataverse,2022-11-12,s3://10.7910/DVN/MOAKFJ,dataset,dataset
6705518,DVN/VKXDGO,https://doi.org/10.7910/DVN/VKXDGO,doi,10.7910,/,Harvard Dataverse,2022-11-10,s3://10.7910/DVN/VKXDGO,dataset,dataset
6707601,DVN/OTM5B5,https://doi.org/10.7910/DVN/OTM5B5,doi,10.7910,/,Harvard Dataverse,2022-12-16,s3://10.7910/DVN/OTM5B5,dataset,dataset
6708786,DVN/WJBFEO,https://doi.org/10.7910/DVN/WJBFEO,doi,10.7910,/,Harvard Dataverse,2023-02-01,s3://10.7910/DVN/WJBFEO,dataset,dataset
6708940,DVN/DLEOQD,https://doi.org/10.7910/DVN/DLEOQD,doi,10.7910,/,Harvard Dataverse,2022-12-09,s3://10.7910/DVN/DLEOQD,dataset,dataset
6709282,DVN/ADDPK5,https://doi.org/10.7910/DVN/ADDPK5,doi,10.7910,/,Harvard Dataverse,2022-12-21,s3://10.7910/DVN/ADDPK5,dataset,dataset
6710105,DVN/VWU2BY,https://doi.org/10.7910/DVN/VWU2BY,doi,10.7910,/,Harvard Dataverse,2023-02-09,s3://10.7910/DVN/VWU2BY,dataset,dataset
6712261,DVN/TVI1AR,https://doi.org/10.7910/DVN/TVI1AR,doi,10.7910,/,Harvard Dataverse,2022-12-09,s3://10.7910/DVN/TVI1AR,dataset,dataset
6714256,DVN/FHTM1F,https://doi.org/10.7910/DVN/FHTM1F,doi,10.7910,/,Harvard Dataverse,2023-01-03,s3://10.7910/DVN/FHTM1F,dataset,dataset
6718782,DVN/XV27OQ,https://doi.org/10.7910/DVN/XV27OQ,doi,10.7910,/,Harvard Dataverse,2023-01-03,s3://10.7910/DVN/XV27OQ,dataset,dataset
6719136,DVN/7C5RYJ,https://doi.org/10.7910/DVN/7C5RYJ,doi,10.7910,/,Harvard Dataverse,2023-01-20,s3://10.7910/DVN/7C5RYJ,dataset,dataset
6719647,DVN/U7JD6S,https://doi.org/10.7910/DVN/U7JD6S,doi,10.7910,/,Harvard Dataverse,2023-01-03,s3://10.7910/DVN/U7JD6S,dataset,dataset
6737228,DVN/AUHSMD,https://doi.org/10.7910/DVN/AUHSMD,doi,10.7910,/,Harvard Dataverse,2022-11-24,s3://10.7910/DVN/AUHSMD,dataset,dataset
6768688,DVN/WRBQX1,https://doi.org/10.7910/DVN/WRBQX1,doi,10.7910,/,Harvard Dataverse,2023-02-20,s3://10.7910/DVN/WRBQX1,dataset,dataset
6769978,DVN/UPLZAK,https://doi.org/10.7910/DVN/UPLZAK,doi,10.7910,/,Harvard Dataverse,2023-01-03,s3://10.7910/DVN/UPLZAK,dataset,dataset
6772567,DVN/VJWOG1,https://doi.org/10.7910/DVN/VJWOG1,doi,10.7910,/,Harvard Dataverse,2023-01-10,s3://10.7910/DVN/VJWOG1,dataset,dataset
6800972,DVN/SYQE2H,https://doi.org/10.7910/DVN/SYQE2H,doi,10.7910,/,Harvard Dataverse,2022-12-13,s3://10.7910/DVN/SYQE2H,dataset,dataset
6801251,DVN/D3VZX3,https://doi.org/10.7910/DVN/D3VZX3,doi,10.7910,/,Harvard Dataverse,2023-02-02,s3://10.7910/DVN/D3VZX3,dataset,dataset
6856483,DVN/AFYKUH,https://doi.org/10.7910/DVN/AFYKUH,doi,10.7910,/,Harvard Dataverse,2023-01-03,s3://10.7910/DVN/AFYKUH,dataset,dataset
6879773,DVN/S6ZMEN,https://doi.org/10.7910/DVN/S6ZMEN,doi,10.7910,/,Harvard Dataverse,2023-02-26,s3://10.7910/DVN/S6ZMEN,dataset,dataset
6881841,DVN/URWVHV,https://doi.org/10.7910/DVN/URWVHV,doi,10.7910,/,Harvard Dataverse,2023-07-12,s3://10.7910/DVN/URWVHV,dataset,dataset
6882698,DVN/VZURJ6,https://doi.org/10.7910/DVN/VZURJ6,doi,10.7910,/,Harvard Dataverse,2023-02-01,s3://10.7910/DVN/VZURJ6,dataset,dataset
6884191,DVN/H2JWXV,https://doi.org/10.7910/DVN/H2JWXV,doi,10.7910,/,Harvard Dataverse,2023-01-18,s3://10.7910/DVN/H2JWXV,dataset,dataset
6884955,DVN/VINNTX,https://doi.org/10.7910/DVN/VINNTX,doi,10.7910,/,Harvard Dataverse,2023-01-26,s3://10.7910/DVN/VINNTX,dataset,dataset
6892275,DVN/2XIFZW,https://doi.org/10.7910/DVN/2XIFZW,doi,10.7910,/,Harvard Dataverse,2023-03-10,s3://10.7910/DVN/2XIFZW,dataset,dataset
6893957,DVN/HR14IN,https://doi.org/10.7910/DVN/HR14IN,doi,10.7910,/,Harvard Dataverse,2023-02-06,s3://10.7910/DVN/HR14IN,dataset,dataset
6896998,DVN/RXA9TL,https://doi.org/10.7910/DVN/RXA9TL,doi,10.7910,/,Harvard Dataverse,2023-02-26,s3://10.7910/DVN/RXA9TL,dataset,dataset
6906490,DVN/UNEBPY,https://doi.org/10.7910/DVN/UNEBPY,doi,10.7910,/,Harvard Dataverse,2023-03-01,s3://10.7910/DVN/UNEBPY,dataset,dataset
6925839,DVN/FQJ8WF,https://doi.org/10.7910/DVN/FQJ8WF,doi,10.7910,/,Harvard Dataverse,2023-02-17,s3://10.7910/DVN/FQJ8WF,dataset,dataset
6930738,DVN/A9P7TV,https://doi.org/10.7910/DVN/A9P7TV,doi,10.7910,/,Harvard Dataverse,2023-03-08,s3://10.7910/DVN/A9P7TV,dataset,dataset
6933750,DVN/XGBMW9,https://doi.org/10.7910/DVN/XGBMW9,doi,10.7910,/,Harvard Dataverse,2023-04-13,s3://10.7910/DVN/XGBMW9,dataset,dataset
6937243,DVN/QIH3D7,https://doi.org/10.7910/DVN/QIH3D7,doi,10.7910,/,Harvard Dataverse,2023-02-20,s3://10.7910/DVN/QIH3D7,dataset,dataset
6939080,DVN/COS3BS,https://doi.org/10.7910/DVN/COS3BS,doi,10.7910,/,Harvard Dataverse,2023-04-03,s3://10.7910/DVN/COS3BS,dataset,dataset
6940915,DVN/BOKBQQ,https://doi.org/10.7910/DVN/BOKBQQ,doi,10.7910,/,Harvard Dataverse,2023-02-21,s3://10.7910/DVN/BOKBQQ,dataset,dataset
6953325,DVN/ATSYM6,https://doi.org/10.7910/DVN/ATSYM6,doi,10.7910,/,Harvard Dataverse,2023-03-08,s3://10.7910/DVN/ATSYM6,dataset,dataset
6967493,DVN/6VJ2WK,https://doi.org/10.7910/DVN/6VJ2WK,doi,10.7910,/,Harvard Dataverse,2023-04-04,s3://10.7910/DVN/6VJ2WK,dataset,dataset
6976308,DVN/9JTFHS,https://doi.org/10.7910/DVN/9JTFHS,doi,10.7910,/,Harvard Dataverse,2023-04-28,s3://10.7910/DVN/9JTFHS,dataset,dataset
6979923,DVN/KI7UFM,https://doi.org/10.7910/DVN/KI7UFM,doi,10.7910,/,Harvard Dataverse,2023-04-12,s3://10.7910/DVN/KI7UFM,dataset,dataset
6983431,DVN/0TBFD4,https://doi.org/10.7910/DVN/0TBFD4,doi,10.7910,/,Harvard Dataverse,2023-05-08,s3://10.7910/DVN/0TBFD4,dataset,dataset
6986879,DVN/AFBRSQ,https://doi.org/10.7910/DVN/AFBRSQ,doi,10.7910,/,Harvard Dataverse,2023-05-18,s3://10.7910/DVN/AFBRSQ,dataset,dataset
6988084,DVN/TXBN6G,https://doi.org/10.7910/DVN/TXBN6G,doi,10.7910,/,Harvard Dataverse,2023-05-09,s3://10.7910/DVN/TXBN6G,dataset,dataset
7036209,DVN/UMBLQS,https://doi.org/10.7910/DVN/UMBLQS,doi,10.7910,/,Harvard Dataverse,2023-05-01,s3://10.7910/DVN/UMBLQS,dataset,dataset
7082002,DVN/46UDEI,https://doi.org/10.7910/DVN/46UDEI,doi,10.7910,/,Harvard Dataverse,2023-05-25,s3://10.7910/DVN/46UDEI,dataset,dataset
7085451,DVN/AIDUDC,https://doi.org/10.7910/DVN/AIDUDC,doi,10.7910,/,Harvard Dataverse,2023-05-31,s3://10.7910/DVN/AIDUDC,dataset,dataset
7094367,DVN/BJN7OG,https://doi.org/10.7910/DVN/BJN7OG,doi,10.7910,/,Harvard Dataverse,2023-06-07,s3://10.7910/DVN/BJN7OG,dataset,dataset
7094512,DVN/IPXFX7,https://doi.org/10.7910/DVN/IPXFX7,doi,10.7910,/,Harvard Dataverse,2023-06-02,s3://10.7910/DVN/IPXFX7,dataset,dataset
7094612,DVN/LP0TZR,https://doi.org/10.7910/DVN/LP0TZR,doi,10.7910,/,Harvard Dataverse,2023-06-08,s3://10.7910/DVN/LP0TZR,dataset,dataset
7098935,DVN/LABIJN,https://doi.org/10.7910/DVN/LABIJN,doi,10.7910,/,Harvard Dataverse,2023-07-12,s3://10.7910/DVN/LABIJN,dataset,dataset
7111899,DVN/GXWHFG,https://doi.org/10.7910/DVN/GXWHFG,doi,10.7910,/,Harvard Dataverse,2023-07-17,s3://10.7910/DVN/GXWHFG,dataset,dataset
7128480,DVN/OILORM,https://doi.org/10.7910/DVN/OILORM,doi,10.7910,/,Harvard Dataverse,2023-06-01,s3://10.7910/DVN/OILORM,dataset,dataset
7128548,DVN/K2CGSN,https://doi.org/10.7910/DVN/K2CGSN,doi,10.7910,/,Harvard Dataverse,2023-06-24,s3://10.7910/DVN/K2CGSN,dataset,dataset
7161755,DVN/CG9VPE,https://doi.org/10.7910/DVN/CG9VPE,doi,10.7910,/,Harvard Dataverse,2023-08-10,s3://10.7910/DVN/CG9VPE,dataset,dataset
7165479,DVN/VWXJCZ,https://doi.org/10.7910/DVN/VWXJCZ,doi,10.7910,/,Harvard Dataverse,2023-06-12,s3://10.7910/DVN/VWXJCZ,dataset,dataset
7175765,DVN/KNT6YQ,https://doi.org/10.7910/DVN/KNT6YQ,doi,10.7910,/,Harvard Dataverse,2023-09-20,s3://10.7910/DVN/KNT6YQ,dataset,dataset
7211856,DVN/ZA6YEN,https://doi.org/10.7910/DVN/ZA6YEN,doi,10.7910,/,Harvard Dataverse,2023-07-12,s3://10.7910/DVN/ZA6YEN,dataset,dataset
7212105,DVN/QU3YES,https://doi.org/10.7910/DVN/QU3YES,doi,10.7910,/,Harvard Dataverse,2023-07-25,s3://10.7910/DVN/QU3YES,dataset,dataset
7215902,DVN/TZ9PSJ,https://doi.org/10.7910/DVN/TZ9PSJ,doi,10.7910,/,Harvard Dataverse,2023-08-02,s3://10.7910/DVN/TZ9PSJ,dataset,dataset
7234244,DVN/Q9C7UX,https://doi.org/10.7910/DVN/Q9C7UX,doi,10.7910,/,Harvard Dataverse,2023-09-19,s3://10.7910/DVN/Q9C7UX,dataset,dataset
7235200,DVN/7PCO1L,https://doi.org/10.7910/DVN/7PCO1L,doi,10.7910,/,Harvard Dataverse,2023-07-10,s3://10.7910/DVN/7PCO1L,dataset,dataset
7240192,DVN/BTYHKP,https://doi.org/10.7910/DVN/BTYHKP,doi,10.7910,/,Harvard Dataverse,2023-10-26,s3://10.7910/DVN/BTYHKP,dataset,dataset
7240774,DVN/KO2VPS,https://doi.org/10.7910/DVN/KO2VPS,doi,10.7910,/,Harvard Dataverse,2023-09-15,s3://10.7910/DVN/KO2VPS,dataset,dataset
7243700,DVN/SITBOE,https://doi.org/10.7910/DVN/SITBOE,doi,10.7910,/,Harvard Dataverse,2023-08-02,s3://10.7910/DVN/SITBOE,dataset,dataset
7245165,DVN/S1USLQ,https://doi.org/10.7910/DVN/S1USLQ,doi,10.7910,/,Harvard Dataverse,2023-09-16,s3://10.7910/DVN/S1USLQ,dataset,dataset
7247093,DVN/FQFH7Y,https://doi.org/10.7910/DVN/FQFH7Y,doi,10.7910,/,Harvard Dataverse,2023-10-24,s3://10.7910/DVN/FQFH7Y,dataset,dataset
7259507,DVN/RJUHQC,https://doi.org/10.7910/DVN/RJUHQC,doi,10.7910,/,Harvard Dataverse,2023-10-27,s3://10.7910/DVN/RJUHQC,dataset,dataset
7279963,DVN/1PZSCI,https://doi.org/10.7910/DVN/1PZSCI,doi,10.7910,/,Harvard Dataverse,2023-09-12,s3://10.7910/DVN/1PZSCI,dataset,dataset
7280376,DVN/TDW7VU,https://doi.org/10.7910/DVN/TDW7VU,doi,10.7910,/,Harvard Dataverse,2023-10-24,s3://10.7910/DVN/TDW7VU,dataset,dataset
7283549,DVN/EBWFA9,https://doi.org/10.7910/DVN/EBWFA9,doi,10.7910,/,Harvard Dataverse,2023-10-30,s3://10.7910/DVN/EBWFA9,dataset,dataset
7290080,DVN/JM7LGF,https://doi.org/10.7910/DVN/JM7LGF,doi,10.7910,/,Harvard Dataverse,2023-10-30,s3://10.7910/DVN/JM7LGF,dataset,dataset
7291673,DVN/AYSHR4,https://doi.org/10.7910/DVN/AYSHR4,doi,10.7910,/,Harvard Dataverse,2023-11-03,s3://10.7910/DVN/AYSHR4,dataset,dataset
7306346,DVN/J4OWC0,https://doi.org/10.7910/DVN/J4OWC0,doi,10.7910,/,Harvard Dataverse,2023-10-17,s3://10.7910/DVN/J4OWC0,dataset,dataset
7307955,DVN/HBXTHG,https://doi.org/10.7910/DVN/HBXTHG,doi,10.7910,/,Harvard Dataverse,2023-11-03,s3://10.7910/DVN/HBXTHG,dataset,dataset
7331448,DVN/LMRRZB,https://doi.org/10.7910/DVN/LMRRZB,doi,10.7910,/,Harvard Dataverse,2023-11-03,s3://10.7910/DVN/LMRRZB,dataset,dataset
7335732,DVN/IIXFMG,https://doi.org/10.7910/DVN/IIXFMG,doi,10.7910,/,Harvard Dataverse,2023-10-30,s3://10.7910/DVN/IIXFMG,dataset,dataset
7337823,DVN/PZZB1Z,https://doi.org/10.7910/DVN/PZZB1Z,doi,10.7910,/,Harvard Dataverse,2023-11-08,s3://10.7910/DVN/PZZB1Z,dataset,dataset
7341241,DVN/QWSLYN,https://doi.org/10.7910/DVN/QWSLYN,doi,10.7910,/,Harvard Dataverse,2023-10-28,s3://10.7910/DVN/QWSLYN,dataset,dataset
7347876,DVN/QOVXPR,https://doi.org/10.7910/DVN/QOVXPR,doi,10.7910,/,Harvard Dataverse,2023-10-04,s3://10.7910/DVN/QOVXPR,dataset,dataset
7349890,DVN/8RHZR1,https://doi.org/10.7910/DVN/8RHZR1,doi,10.7910,/,Harvard Dataverse,2023-10-03,s3://10.7910/DVN/8RHZR1,dataset,dataset
7351349,DVN/GZBI4X,https://doi.org/10.7910/DVN/GZBI4X,doi,10.7910,/,Harvard Dataverse,2023-11-09,s3://10.7910/DVN/GZBI4X,dataset,dataset
7362838,DVN/EENNBW,https://doi.org/10.7910/DVN/EENNBW,doi,10.7910,/,Harvard Dataverse,2023-11-14,s3://10.7910/DVN/EENNBW,dataset,dataset
7362909,DVN/JFDERD,https://doi.org/10.7910/DVN/JFDERD,doi,10.7910,/,Harvard Dataverse,2023-11-14,s3://10.7910/DVN/JFDERD,dataset,dataset
7363538,DVN/EVRMBG,https://doi.org/10.7910/DVN/EVRMBG,doi,10.7910,/,Harvard Dataverse,2023-11-14,s3://10.7910/DVN/EVRMBG,dataset,dataset
7363614,DVN/HBH799,https://doi.org/10.7910/DVN/HBH799,doi,10.7910,/,Harvard Dataverse,2023-11-15,s3://10.7910/DVN/HBH799,dataset,dataset
7363952,DVN/FOSH90,https://doi.org/10.7910/DVN/FOSH90,doi,10.7910,/,Harvard Dataverse,2023-10-16,s3://10.7910/DVN/FOSH90,dataset,dataset
7375657,DVN/OF0P2S,https://doi.org/10.7910/DVN/OF0P2S,doi,10.7910,/,Harvard Dataverse,2023-12-14,s3://10.7910/DVN/OF0P2S,dataset,dataset
7377083,DVN/97KSIK,https://doi.org/10.7910/DVN/97KSIK,doi,10.7910,/,Harvard Dataverse,2023-10-28,s3://10.7910/DVN/97KSIK,dataset,dataset
7377355,DVN/EIJB9Y,https://doi.org/10.7910/DVN/EIJB9Y,doi,10.7910,/,Harvard Dataverse,2023-10-07,s3://10.7910/DVN/EIJB9Y,dataset,dataset
7406831,DVN/AGSROX,https://doi.org/10.7910/DVN/AGSROX,doi,10.7910,/,Harvard Dataverse,2023-11-19,s3://10.7910/DVN/AGSROX,dataset,dataset
7408918,DVN/JK4FMH,https://doi.org/10.7910/DVN/JK4FMH,doi,10.7910,/,Harvard Dataverse,2023-11-27,s3://10.7910/DVN/JK4FMH,dataset,dataset
7416294,DVN/5DHMYI,https://doi.org/10.7910/DVN/5DHMYI,doi,10.7910,/,Harvard Dataverse,2023-11-20,s3://10.7910/DVN/5DHMYI,dataset,dataset
7424690,DVN/VDF4JW,https://doi.org/10.7910/DVN/VDF4JW,doi,10.7910,/,Harvard Dataverse,2023-10-02,s3://10.7910/DVN/VDF4JW,dataset,dataset
7424746,DVN/IHMU6B,https://doi.org/10.7910/DVN/IHMU6B,doi,10.7910,/,Harvard Dataverse,2023-11-27,s3://10.7910/DVN/IHMU6B,dataset,dataset
7436525,DVN/IEADS4,https://doi.org/10.7910/DVN/IEADS4,doi,10.7910,/,Harvard Dataverse,2023-11-26,s3://10.7910/DVN/IEADS4,dataset,dataset
7439557,DVN/LFT8R2,https://doi.org/10.7910/DVN/LFT8R2,doi,10.7910,/,Harvard Dataverse,2023-11-19,s3://10.7910/DVN/LFT8R2,dataset,dataset
7440011,DVN/IIHXFP,https://doi.org/10.7910/DVN/IIHXFP,doi,10.7910,/,Harvard Dataverse,2023-12-04,s3://10.7910/DVN/IIHXFP,dataset,dataset
7442791,DVN/S61MIY,https://doi.org/10.7910/DVN/S61MIY,doi,10.7910,/,Harvard Dataverse,2023-11-27,s3://10.7910/DVN/S61MIY,dataset,dataset
7444496,DVN/3TZAEB,https://doi.org/10.7910/DVN/3TZAEB,doi,10.7910,/,Harvard Dataverse,2024-02-03,s3://10.7910/DVN/3TZAEB,dataset,dataset
7449409,DVN/CXAVEF,https://doi.org/10.7910/DVN/CXAVEF,doi,10.7910,/,Harvard Dataverse,2023-10-05,s3://10.7910/DVN/CXAVEF,dataset,dataset
7449435,DVN/MQ5WES,https://doi.org/10.7910/DVN/MQ5WES,doi,10.7910,/,Harvard Dataverse,2023-10-06,s3://10.7910/DVN/MQ5WES,dataset,dataset
7449464,DVN/4ZTDMU,https://doi.org/10.7910/DVN/4ZTDMU,doi,10.7910,/,Harvard Dataverse,2023-12-06,s3://10.7910/DVN/4ZTDMU,dataset,dataset
7449794,DVN/UI3NTB,https://doi.org/10.7910/DVN/UI3NTB,doi,10.7910,/,Harvard Dataverse,2023-12-20,s3://10.7910/DVN/UI3NTB,dataset,dataset
7449825,DVN/ZVZQQR,https://doi.org/10.7910/DVN/ZVZQQR,doi,10.7910,/,Harvard Dataverse,2023-12-06,s3://10.7910/DVN/ZVZQQR,dataset,dataset
7449883,DVN/ET4UO9,https://doi.org/10.7910/DVN/ET4UO9,doi,10.7910,/,Harvard Dataverse,2023-10-10,s3://10.7910/DVN/ET4UO9,dataset,dataset
7452954,DVN/DH6QMZ,https://doi.org/10.7910/DVN/DH6QMZ,doi,10.7910,/,Harvard Dataverse,2023-12-06,s3://10.7910/DVN/DH6QMZ,dataset,dataset
7457645,DVN/BODM79,https://doi.org/10.7910/DVN/BODM79,doi,10.7910,/,Harvard Dataverse,2023-12-07,s3://10.7910/DVN/BODM79,dataset,dataset
7457671,DVN/ABTKSK,https://doi.org/10.7910/DVN/ABTKSK,doi,10.7910,/,Harvard Dataverse,2023-12-10,s3://10.7910/DVN/ABTKSK,dataset,dataset
7458702,DVN/FXVIUR,https://doi.org/10.7910/DVN/FXVIUR,doi,10.7910,/,Harvard Dataverse,2023-12-11,s3://10.7910/DVN/FXVIUR,dataset,dataset
7463525,DVN/VUHMHF,https://doi.org/10.7910/DVN/VUHMHF,doi,10.7910,/,Harvard Dataverse,2024-02-28,s3://10.7910/DVN/VUHMHF,dataset,dataset
7470778,DVN/DNCHBF,https://doi.org/10.7910/DVN/DNCHBF,doi,10.7910,/,Harvard Dataverse,2024-02-03,s3://10.7910/DVN/DNCHBF,dataset,dataset
7471393,DVN/5KK0RE,https://doi.org/10.7910/DVN/5KK0RE,doi,10.7910,/,Harvard Dataverse,2023-12-14,s3://10.7910/DVN/5KK0RE,dataset,dataset
7493725,DVN/OA8D7L,https://doi.org/10.7910/DVN/OA8D7L,doi,10.7910,/,Harvard Dataverse,2023-12-15,s3://10.7910/DVN/OA8D7L,dataset,dataset
7496269,DVN/4YRDQA,https://doi.org/10.7910/DVN/4YRDQA,doi,10.7910,/,Harvard Dataverse,2024-02-26,s3://10.7910/DVN/4YRDQA,dataset,dataset
7500965,DVN/0NQPXZ,https://doi.org/10.7910/DVN/0NQPXZ,doi,10.7910,/,Harvard Dataverse,2023-12-15,s3://10.7910/DVN/0NQPXZ,dataset,dataset
7512302,DVN/2X2QYS,https://doi.org/10.7910/DVN/2X2QYS,doi,10.7910,/,Harvard Dataverse,2023-10-31,s3://10.7910/DVN/2X2QYS,dataset,dataset
7514675,DVN/EUJ9SH,https://doi.org/10.7910/DVN/EUJ9SH,doi,10.7910,/,Harvard Dataverse,2024-01-11,s3://10.7910/DVN/EUJ9SH,dataset,dataset
7517641,DVN/T0UKCN,https://doi.org/10.7910/DVN/T0UKCN,doi,10.7910,/,Harvard Dataverse,2024-02-26,s3://10.7910/DVN/T0UKCN,dataset,dataset
7517647,DVN/FLGPW8,https://doi.org/10.7910/DVN/FLGPW8,doi,10.7910,/,Harvard Dataverse,2024-03-01,s3://10.7910/DVN/FLGPW8,dataset,dataset
7521646,DVN/DESLIU,https://doi.org/10.7910/DVN/DESLIU,doi,10.7910,/,Harvard Dataverse,2024-04-10,s3://10.7910/DVN/DESLIU,dataset,dataset
7521673,DVN/XE6FWK,https://doi.org/10.7910/DVN/XE6FWK,doi,10.7910,/,Harvard Dataverse,2023-11-03,s3://10.7910/DVN/XE6FWK,dataset,dataset
7563475,DVN/SUCNTD,https://doi.org/10.7910/DVN/SUCNTD,doi,10.7910,/,Harvard Dataverse,2024-03-09,s3://10.7910/DVN/SUCNTD,dataset,dataset
7579183,DVN/D737FP,https://doi.org/10.7910/DVN/D737FP,doi,10.7910,/,Harvard Dataverse,2024-03-14,s3://10.7910/DVN/D737FP,dataset,dataset
7582112,DVN/XOYEMU,https://doi.org/10.7910/DVN/XOYEMU,doi,10.7910,/,Harvard Dataverse,2024-02-27,s3://10.7910/DVN/XOYEMU,dataset,dataset
7594365,DVN/GK3TMY,https://doi.org/10.7910/DVN/GK3TMY,doi,10.7910,/,Harvard Dataverse,2024-03-14,s3://10.7910/DVN/GK3TMY,dataset,dataset
7609846,DVN/8TEZ2R,https://doi.org/10.7910/DVN/8TEZ2R,doi,10.7910,/,Harvard Dataverse,2024-03-16,s3://10.7910/DVN/8TEZ2R,dataset,dataset
7664183,DVN/BGLGBZ,https://doi.org/10.7910/DVN/BGLGBZ,doi,10.7910,/,Harvard Dataverse,2024-04-11,s3://10.7910/DVN/BGLGBZ,dataset,dataset
7666561,DVN/KZCEF1,https://doi.org/10.7910/DVN/KZCEF1,doi,10.7910,/,Harvard Dataverse,2024-12-05,s3://10.7910/DVN/KZCEF1,dataset,dataset
7667229,DVN/HQYKXX,https://doi.org/10.7910/DVN/HQYKXX,doi,10.7910,/,Harvard Dataverse,2024-04-11,s3://10.7910/DVN/HQYKXX,dataset,dataset
7675502,DVN/VINQSS,https://doi.org/10.7910/DVN/VINQSS,doi,10.7910,/,Harvard Dataverse,2024-03-30,s3://10.7910/DVN/VINQSS,dataset,dataset
7884667,DVN/HOTD5N,https://doi.org/10.7910/DVN/HOTD5N,doi,10.7910,/,Harvard Dataverse,2024-02-15,s3://10.7910/DVN/HOTD5N,dataset,dataset
7900985,DVN/FAGZ1L,https://doi.org/10.7910/DVN/FAGZ1L,doi,10.7910,/,Harvard Dataverse,2024-05-13,s3://10.7910/DVN/FAGZ1L,dataset,dataset
8072164,DVN/GO75QE,https://doi.org/10.7910/DVN/GO75QE,doi,10.7910,/,Harvard Dataverse,2024-02-26,s3://10.7910/DVN/GO75QE,dataset,dataset
8076942,DVN/EWSQPJ,https://doi.org/10.7910/DVN/EWSQPJ,doi,10.7910,/,Harvard Dataverse,2024-04-03,s3://10.7910/DVN/EWSQPJ,dataset,dataset
8076971,DVN/ZW6BUN,https://doi.org/10.7910/DVN/ZW6BUN,doi,10.7910,/,Harvard Dataverse,2024-04-23,s3://10.7910/DVN/ZW6BUN,dataset,dataset
8091005,DVN/MTLKIF,https://doi.org/10.7910/DVN/MTLKIF,doi,10.7910,/,Harvard Dataverse,2024-03-12,s3://10.7910/DVN/MTLKIF,dataset,dataset
8091318,DVN/6LCLMW,https://doi.org/10.7910/DVN/6LCLMW,doi,10.7910,/,Harvard Dataverse,2024-04-03,s3://10.7910/DVN/6LCLMW,dataset,dataset
8091364,DVN/JZYKHX,https://doi.org/10.7910/DVN/JZYKHX,doi,10.7910,/,Harvard Dataverse,2024-04-23,s3://10.7910/DVN/JZYKHX,dataset,dataset
8091399,DVN/LU6CNM,https://doi.org/10.7910/DVN/LU6CNM,doi,10.7910,/,Harvard Dataverse,2024-04-23,s3://10.7910/DVN/LU6CNM,dataset,dataset
8092442,DVN/XE3R0V,https://doi.org/10.7910/DVN/XE3R0V,doi,10.7910,/,Harvard Dataverse,2024-04-16,s3://10.7910/DVN/XE3R0V,dataset,dataset
8095479,DVN/YPTP96,https://doi.org/10.7910/DVN/YPTP96,doi,10.7910,/,Harvard Dataverse,2024-04-03,s3://10.7910/DVN/YPTP96,dataset,dataset
8095578,DVN/PBVGIB,https://doi.org/10.7910/DVN/PBVGIB,doi,10.7910,/,Harvard Dataverse,2024-04-13,s3://10.7910/DVN/PBVGIB,dataset,dataset
8095658,DVN/DS9KHC,https://doi.org/10.7910/DVN/DS9KHC,doi,10.7910,/,Harvard Dataverse,2024-04-30,s3://10.7910/DVN/DS9KHC,dataset,dataset
8098745,DVN/NRWVUD,https://doi.org/10.7910/DVN/NRWVUD,doi,10.7910,/,Harvard Dataverse,2024-04-30,s3://10.7910/DVN/NRWVUD,dataset,dataset
8109107,DVN/SYFWXB,https://doi.org/10.7910/DVN/SYFWXB,doi,10.7910,/,Harvard Dataverse,2024-02-27,s3://10.7910/DVN/SYFWXB,dataset,dataset
8122055,DVN/NJWJ0D,https://doi.org/10.7910/DVN/NJWJ0D,doi,10.7910,/,Harvard Dataverse,2024-01-24,s3://10.7910/DVN/NJWJ0D,dataset,dataset
8134887,DVN/FUSY37,https://doi.org/10.7910/DVN/FUSY37,doi,10.7910,/,Harvard Dataverse,2024-04-16,s3://10.7910/DVN/FUSY37,dataset,dataset
8134978,DVN/G2AVLP,https://doi.org/10.7910/DVN/G2AVLP,doi,10.7910,/,Harvard Dataverse,2024-06-18,s3://10.7910/DVN/G2AVLP,dataset,dataset
8137600,DVN/SOEWUZ,https://doi.org/10.7910/DVN/SOEWUZ,doi,10.7910,/,Harvard Dataverse,2024-05-02,s3://10.7910/DVN/SOEWUZ,dataset,dataset
8137620,DVN/NNAFVA,https://doi.org/10.7910/DVN/NNAFVA,doi,10.7910,/,Harvard Dataverse,2024-05-15,s3://10.7910/DVN/NNAFVA,dataset,dataset
8141276,DVN/1UZGWL,https://doi.org/10.7910/DVN/1UZGWL,doi,10.7910,/,Harvard Dataverse,2024-03-08,s3://10.7910/DVN/1UZGWL,dataset,dataset
8141491,DVN/MRCC5Z,https://doi.org/10.7910/DVN/MRCC5Z,doi,10.7910,/,Harvard Dataverse,2024-03-12,s3://10.7910/DVN/MRCC5Z,dataset,dataset
8144412,DVN/U1USCI,https://doi.org/10.7910/DVN/U1USCI,doi,10.7910,/,Harvard Dataverse,2024-03-18,s3://10.7910/DVN/U1USCI,dataset,dataset
8146502,DVN/UDYUTJ,https://doi.org/10.7910/DVN/UDYUTJ,doi,10.7910,/,Harvard Dataverse,2024-05-15,s3://10.7910/DVN/UDYUTJ,dataset,dataset
8146931,DVN/FLDXM9,https://doi.org/10.7910/DVN/FLDXM9,doi,10.7910,/,Harvard Dataverse,2024-05-20,s3://10.7910/DVN/FLDXM9,dataset,dataset
8146974,DVN/ADQPHQ,https://doi.org/10.7910/DVN/ADQPHQ,doi,10.7910,/,Harvard Dataverse,2024-05-19,s3://10.7910/DVN/ADQPHQ,dataset,dataset
8146988,DVN/EGXA5F,https://doi.org/10.7910/DVN/EGXA5F,doi,10.7910,/,Harvard Dataverse,2024-05-14,s3://10.7910/DVN/EGXA5F,dataset,dataset
8147550,DVN/GEOYDX,https://doi.org/10.7910/DVN/GEOYDX,doi,10.7910,/,Harvard Dataverse,2024-04-29,s3://10.7910/DVN/GEOYDX,dataset,dataset
8150945,DVN/OOC5JJ,https://doi.org/10.7910/DVN/OOC5JJ,doi,10.7910,/,Harvard Dataverse,2024-06-07,s3://10.7910/DVN/OOC5JJ,dataset,dataset
8152186,DVN/CCHUMC,https://doi.org/10.7910/DVN/CCHUMC,doi,10.7910,/,Harvard Dataverse,2024-05-23,s3://10.7910/DVN/CCHUMC,dataset,dataset
8152381,DVN/VY4FMR,https://doi.org/10.7910/DVN/VY4FMR,doi,10.7910,/,Harvard Dataverse,2024-05-29,s3://10.7910/DVN/VY4FMR,dataset,dataset
8152592,DVN/B0QATM,https://doi.org/10.7910/DVN/B0QATM,doi,10.7910,/,Harvard Dataverse,2024-02-03,s3://10.7910/DVN/B0QATM,dataset,dataset
8162389,DVN/BCPIDC,https://doi.org/10.7910/DVN/BCPIDC,doi,10.7910,/,Harvard Dataverse,2024-06-19,s3://10.7910/DVN/BCPIDC,dataset,dataset
8163684,DVN/UMMAJU,https://doi.org/10.7910/DVN/UMMAJU,doi,10.7910,/,Harvard Dataverse,2024-06-05,s3://10.7910/DVN/UMMAJU,dataset,dataset
8164218,DVN/78YQLD,https://doi.org/10.7910/DVN/78YQLD,doi,10.7910,/,Harvard Dataverse,2024-06-06,s3://10.7910/DVN/78YQLD,dataset,dataset
8168429,DVN/DCENGS,https://doi.org/10.7910/DVN/DCENGS,doi,10.7910,/,Harvard Dataverse,2024-06-13,s3://10.7910/DVN/DCENGS,dataset,dataset
8186608,DVN/QTCNQD,https://doi.org/10.7910/DVN/QTCNQD,doi,10.7910,/,Harvard Dataverse,2024-06-13,s3://10.7910/DVN/QTCNQD,dataset,dataset
8542636,DVN/TGOS5I,https://doi.org/10.7910/DVN/TGOS5I,doi,10.7910,/,Harvard Dataverse,2024-06-18,s3://10.7910/DVN/TGOS5I,dataset,dataset
8542985,DVN/MP3TMM,https://doi.org/10.7910/DVN/MP3TMM,doi,10.7910,/,Harvard Dataverse,2024-07-01,s3://10.7910/DVN/MP3TMM,dataset,dataset
8543084,DVN/CKXW7L,https://doi.org/10.7910/DVN/CKXW7L,doi,10.7910,/,Harvard Dataverse,2024-04-28,s3://10.7910/DVN/CKXW7L,dataset,dataset
8544062,DVN/QXIMQI,https://doi.org/10.7910/DVN/QXIMQI,doi,10.7910,/,Harvard Dataverse,2024-06-26,s3://10.7910/DVN/QXIMQI,dataset,dataset
8544346,DVN/XTBKSC,https://doi.org/10.7910/DVN/XTBKSC,doi,10.7910,/,Harvard Dataverse,2024-06-20,s3://10.7910/DVN/XTBKSC,dataset,dataset
8544543,DVN/EPT8OF,https://doi.org/10.7910/DVN/EPT8OF,doi,10.7910,/,Harvard Dataverse,2024-06-24,s3://10.7910/DVN/EPT8OF,dataset,dataset
8544580,DVN/AMWWZE,https://doi.org/10.7910/DVN/AMWWZE,doi,10.7910,/,Harvard Dataverse,2024-06-24,s3://10.7910/DVN/AMWWZE,dataset,dataset
8544685,DVN/F3K3MA,https://doi.org/10.7910/DVN/F3K3MA,doi,10.7910,/,Harvard Dataverse,2024-05-12,s3://10.7910/DVN/F3K3MA,dataset,dataset
8551169,DVN/H7NBXG,https://doi.org/10.7910/DVN/H7NBXG,doi,10.7910,/,Harvard Dataverse,2024-07-01,s3cfa://10.7910/DVN/H7NBXG,dataset,dataset
8554852,DVN/MLHJYN,https://doi.org/10.7910/DVN/MLHJYN,doi,10.7910,/,Harvard Dataverse,2024-06-05,s3cfa://10.7910/DVN/MLHJYN,dataset,dataset
8555036,DVN/FCQ6S5,https://doi.org/10.7910/DVN/FCQ6S5,doi,10.7910,/,Harvard Dataverse,2024-07-02,s3cfa://10.7910/DVN/FCQ6S5,dataset,dataset
8562012,DVN/KESYTW,https://doi.org/10.7910/DVN/KESYTW,doi,10.7910,/,Harvard Dataverse,2024-07-15,s3cfa://10.7910/DVN/KESYTW,dataset,dataset
8567940,DVN/3IWMAY,https://doi.org/10.7910/DVN/3IWMAY,doi,10.7910,/,Harvard Dataverse,2024-07-15,s3cfa://10.7910/DVN/3IWMAY,dataset,dataset
8567964,DVN/4QQHW7,https://doi.org/10.7910/DVN/4QQHW7,doi,10.7910,/,Harvard Dataverse,2024-06-11,s3://10.7910/DVN/4QQHW7,dataset,dataset
8568329,DVN/SQR820,https://doi.org/10.7910/DVN/SQR820,doi,10.7910,/,Harvard Dataverse,2024-07-18,s3://10.7910/DVN/SQR820,dataset,dataset
8568480,DVN/LPEGN1,https://doi.org/10.7910/DVN/LPEGN1,doi,10.7910,/,Harvard Dataverse,2024-07-08,s3://10.7910/DVN/LPEGN1,dataset,dataset
8569067,DVN/T8R1AI,https://doi.org/10.7910/DVN/T8R1AI,doi,10.7910,/,Harvard Dataverse,2024-07-01,s3://10.7910/DVN/T8R1AI,dataset,dataset
8569120,DVN/D5DXCE,https://doi.org/10.7910/DVN/D5DXCE,doi,10.7910,/,Harvard Dataverse,2024-07-29,s3://10.7910/DVN/D5DXCE,dataset,dataset
8942729,DVN/ZUPYMN,https://doi.org/10.7910/DVN/ZUPYMN,doi,10.7910,/,Harvard Dataverse,2024-07-18,s3://10.7910/DVN/ZUPYMN,dataset,dataset
8943796,DVN/1E8HF3,https://doi.org/10.7910/DVN/1E8HF3,doi,10.7910,/,Harvard Dataverse,2024-03-13,s3://10.7910/DVN/1E8HF3,dataset,dataset
8944603,DVN/TXNYH0,https://doi.org/10.7910/DVN/TXNYH0,doi,10.7910,/,Harvard Dataverse,2024-07-29,s3://10.7910/DVN/TXNYH0,dataset,dataset
8959274,DVN/JHMBAS,https://doi.org/10.7910/DVN/JHMBAS,doi,10.7910,/,Harvard Dataverse,2024-07-29,s3://10.7910/DVN/JHMBAS,dataset,dataset
9261300,DVN/J9RCVH,https://doi.org/10.7910/DVN/J9RCVH,doi,10.7910,/,Harvard Dataverse,2024-03-11,s3://10.7910/DVN/J9RCVH,dataset,dataset
9262280,DVN/BGSCO4,https://doi.org/10.7910/DVN/BGSCO4,doi,10.7910,/,Harvard Dataverse,2024-07-30,s3://10.7910/DVN/BGSCO4,dataset,dataset
9262862,DVN/VGOANQ,https://doi.org/10.7910/DVN/VGOANQ,doi,10.7910,/,Harvard Dataverse,2024-08-02,s3://10.7910/DVN/VGOANQ,dataset,dataset
9264710,DVN/MTNQOP,https://doi.org/10.7910/DVN/MTNQOP,doi,10.7910,/,Harvard Dataverse,2024-07-31,s3://10.7910/DVN/MTNQOP,dataset,dataset
9268437,DVN/N2XICI,https://doi.org/10.7910/DVN/N2XICI,doi,10.7910,/,Harvard Dataverse,2024-08-02,s3://10.7910/DVN/N2XICI,dataset,dataset
9269641,DVN/IX1JQG,https://doi.org/10.7910/DVN/IX1JQG,doi,10.7910,/,Harvard Dataverse,2024-04-02,s3://10.7910/DVN/IX1JQG,dataset,dataset
9272004,DVN/WW5HMR,https://doi.org/10.7910/DVN/WW5HMR,doi,10.7910,/,Harvard Dataverse,2024-08-05,s3://10.7910/DVN/WW5HMR,dataset,dataset
9651410,DVN/KCAY0B,https://doi.org/10.7910/DVN/KCAY0B,doi,10.7910,/,Harvard Dataverse,2024-08-19,s3://10.7910/DVN/KCAY0B,dataset,dataset
9656264,DVN/THBT8N,https://doi.org/10.7910/DVN/THBT8N,doi,10.7910,/,Harvard Dataverse,2024-09-03,s3://10.7910/DVN/THBT8N,dataset,dataset
9831031,DVN/DYJYUW,https://doi.org/10.7910/DVN/DYJYUW,doi,10.7910,/,Harvard Dataverse,2024-07-15,s3://10.7910/DVN/DYJYUW,dataset,dataset
10085550,DVN/4T7Q6U,https://doi.org/10.7910/DVN/4T7Q6U,doi,10.7910,/,Harvard Dataverse,2024-08-27,s3://10.7910/DVN/4T7Q6U,dataset,dataset
10085564,DVN/USWU3O,https://doi.org/10.7910/DVN/USWU3O,doi,10.7910,/,Harvard Dataverse,2024-09-23,s3://10.7910/DVN/USWU3O,dataset,dataset
10095451,DVN/SKBHD4,https://doi.org/10.7910/DVN/SKBHD4,doi,10.7910,/,Harvard Dataverse,2024-04-09,s3://10.7910/DVN/SKBHD4,dataset,dataset
10100520,DVN/DJ28RU,https://doi.org/10.7910/DVN/DJ28RU,doi,10.7910,/,Harvard Dataverse,2024-08-20,s3://10.7910/DVN/DJ28RU,dataset,dataset
10119336,DVN/FUCPCW,https://doi.org/10.7910/DVN/FUCPCW,doi,10.7910,/,Harvard Dataverse,2024-09-02,s3://10.7910/DVN/FUCPCW,dataset,dataset
10119459,DVN/DEX6EW,https://doi.org/10.7910/DVN/DEX6EW,doi,10.7910,/,Harvard Dataverse,2024-09-03,s3://10.7910/DVN/DEX6EW,dataset,dataset
10140932,DVN/SSVE5E,https://doi.org/10.7910/DVN/SSVE5E,doi,10.7910,/,Harvard Dataverse,2024-09-03,s3://10.7910/DVN/SSVE5E,dataset,dataset
10141588,DVN/BPT0A8,https://doi.org/10.7910/DVN/BPT0A8,doi,10.7910,/,Harvard Dataverse,2024-09-02,s3://10.7910/DVN/BPT0A8,dataset,dataset
10148405,DVN/POQR6F,https://doi.org/10.7910/DVN/POQR6F,doi,10.7910,/,Harvard Dataverse,2024-08-14,s3://10.7910/DVN/POQR6F,dataset,dataset
10153742,DVN/R6WRTG,https://doi.org/10.7910/DVN/R6WRTG,doi,10.7910,/,Harvard Dataverse,2024-09-11,s3://10.7910/DVN/R6WRTG,dataset,dataset
10211725,DVN/VXXBNY,https://doi.org/10.7910/DVN/VXXBNY,doi,10.7910,/,Harvard Dataverse,2024-09-16,s3://10.7910/DVN/VXXBNY,dataset,dataset
10217127,DVN/5KC1FM,https://doi.org/10.7910/DVN/5KC1FM,doi,10.7910,/,Harvard Dataverse,2024-09-23,s3://10.7910/DVN/5KC1FM,dataset,dataset
10236751,DVN/EZ8XCG,https://doi.org/10.7910/DVN/EZ8XCG,doi,10.7910,/,Harvard Dataverse,2024-09-16,s3://10.7910/DVN/EZ8XCG,dataset,dataset
10242040,DVN/Y0LFRY,https://doi.org/10.7910/DVN/Y0LFRY,doi,10.7910,/,Harvard Dataverse,2024-09-18,s3://10.7910/DVN/Y0LFRY,dataset,dataset
10243271,DVN/DVSWOR,https://doi.org/10.7910/DVN/DVSWOR,doi,10.7910,/,Harvard Dataverse,2024-06-09,s3://10.7910/DVN/DVSWOR,dataset,dataset
10254947,DVN/HD47YD,https://doi.org/10.7910/DVN/HD47YD,doi,10.7910,/,Harvard Dataverse,2024-07-19,s3://10.7910/DVN/HD47YD,dataset,dataset
10255955,DVN/LAKKDP,https://doi.org/10.7910/DVN/LAKKDP,doi,10.7910,/,Harvard Dataverse,2024-09-26,s3://10.7910/DVN/LAKKDP,dataset,dataset
10262499,DVN/AJWTLI,https://doi.org/10.7910/DVN/AJWTLI,doi,10.7910,/,Harvard Dataverse,2024-09-26,s3://10.7910/DVN/AJWTLI,dataset,dataset
10272572,DVN/KN6XAR,https://doi.org/10.7910/DVN/KN6XAR,doi,10.7910,/,Harvard Dataverse,2024-09-23,s3://10.7910/DVN/KN6XAR,dataset,dataset
10274612,DVN/NDONA4,https://doi.org/10.7910/DVN/NDONA4,doi,10.7910,/,Harvard Dataverse,2024-09-27,s3://10.7910/DVN/NDONA4,dataset,dataset
10283873,DVN/CUR5RR,https://doi.org/10.7910/DVN/CUR5RR,doi,10.7910,/,Harvard Dataverse,2024-09-28,s3://10.7910/DVN/CUR5RR,dataset,dataset
10295644,DVN/GRHQ3W,https://doi.org/10.7910/DVN/GRHQ3W,doi,10.7910,/,Harvard Dataverse,2024-10-02,s3://10.7910/DVN/GRHQ3W,dataset,dataset
10358886,DVN/YJWRAB,https://doi.org/10.7910/DVN/YJWRAB,doi,10.7910,/,Harvard Dataverse,2024-10-03,s3://10.7910/DVN/YJWRAB,dataset,dataset
10365114,DVN/CJLHMT,https://doi.org/10.7910/DVN/CJLHMT,doi,10.7910,/,Harvard Dataverse,2024-10-29,s3://10.7910/DVN/CJLHMT,dataset,dataset
10367326,DVN/6FHV5B,https://doi.org/10.7910/DVN/6FHV5B,doi,10.7910,/,Harvard Dataverse,2024-08-21,s3://10.7910/DVN/6FHV5B,dataset,dataset
10372164,DVN/XNTMGS,https://doi.org/10.7910/DVN/XNTMGS,doi,10.7910,/,Harvard Dataverse,2024-10-15,s3://10.7910/DVN/XNTMGS,dataset,dataset
10390894,DVN/2YA2VU,https://doi.org/10.7910/DVN/2YA2VU,doi,10.7910,/,Harvard Dataverse,2024-10-08,s3://10.7910/DVN/2YA2VU,dataset,dataset
10392277,DVN/9LWQKQ,https://doi.org/10.7910/DVN/9LWQKQ,doi,10.7910,/,Harvard Dataverse,2024-10-17,s3://10.7910/DVN/9LWQKQ,dataset,dataset
10401910,DVN/NVHGIQ,https://doi.org/10.7910/DVN/NVHGIQ,doi,10.7910,/,Harvard Dataverse,2024-10-14,s3://10.7910/DVN/NVHGIQ,dataset,dataset
10405224,DVN/Y9CHHO,https://doi.org/10.7910/DVN/Y9CHHO,doi,10.7910,/,Harvard Dataverse,2024-12-14,s3://10.7910/DVN/Y9CHHO,dataset,dataset
10407166,DVN/RXOZEZ,https://doi.org/10.7910/DVN/RXOZEZ,doi,10.7910,/,Harvard Dataverse,2024-10-11,s3://10.7910/DVN/RXOZEZ,dataset,dataset
10411146,DVN/HHDLFN,https://doi.org/10.7910/DVN/HHDLFN,doi,10.7910,/,Harvard Dataverse,2024-07-30,s3://10.7910/DVN/HHDLFN,dataset,dataset
10411149,DVN/911VIX,https://doi.org/10.7910/DVN/911VIX,doi,10.7910,/,Harvard Dataverse,2024-12-18,s3://10.7910/DVN/911VIX,dataset,dataset
10412517,DVN/QINQ6H,https://doi.org/10.7910/DVN/QINQ6H,doi,10.7910,/,Harvard Dataverse,2024-08-02,s3://10.7910/DVN/QINQ6H,dataset,dataset
10421597,DVN/BHOLGN,https://doi.org/10.7910/DVN/BHOLGN,doi,10.7910,/,Harvard Dataverse,2024-10-25,s3://10.7910/DVN/BHOLGN,dataset,dataset
10421847,DVN/CQYWHM,https://doi.org/10.7910/DVN/CQYWHM,doi,10.7910,/,Harvard Dataverse,2024-11-13,s3://10.7910/DVN/CQYWHM,dataset,dataset
10427138,DVN/P9S5TI,https://doi.org/10.7910/DVN/P9S5TI,doi,10.7910,/,Harvard Dataverse,2024-10-08,s3://10.7910/DVN/P9S5TI,dataset,dataset
10431044,DVN/WMAPGB,https://doi.org/10.7910/DVN/WMAPGB,doi,10.7910,/,Harvard Dataverse,2024-11-11,s3://10.7910/DVN/WMAPGB,dataset,dataset
10431322,DVN/Y1O8WN,https://doi.org/10.7910/DVN/Y1O8WN,doi,10.7910,/,Harvard Dataverse,2024-10-14,s3://10.7910/DVN/Y1O8WN,dataset,dataset
10446299,DVN/QWLDPQ,https://doi.org/10.7910/DVN/QWLDPQ,doi,10.7910,/,Harvard Dataverse,2024-11-13,s3://10.7910/DVN/QWLDPQ,dataset,dataset
10454072,DVN/PIBK5I,https://doi.org/10.7910/DVN/PIBK5I,doi,10.7910,/,Harvard Dataverse,2024-11-15,s3://10.7910/DVN/PIBK5I,dataset,dataset
10454920,DVN/VELXO1,https://doi.org/10.7910/DVN/VELXO1,doi,10.7910,/,Harvard Dataverse,2024-11-19,s3://10.7910/DVN/VELXO1,dataset,dataset
10461938,DVN/HVHKDQ,https://doi.org/10.7910/DVN/HVHKDQ,doi,10.7910,/,Harvard Dataverse,2024-11-18,s3://10.7910/DVN/HVHKDQ,dataset,dataset
10463599,DVN/OQSQSO,https://doi.org/10.7910/DVN/OQSQSO,doi,10.7910,/,Harvard Dataverse,2024-10-29,s3://10.7910/DVN/OQSQSO,dataset,dataset
10482636,DVN/JWCN9A,https://doi.org/10.7910/DVN/JWCN9A,doi,10.7910,/,Harvard Dataverse,2024-11-25,s3://10.7910/DVN/JWCN9A,dataset,dataset
10482641,DVN/4OYKMX,https://doi.org/10.7910/DVN/4OYKMX,doi,10.7910,/,Harvard Dataverse,2024-11-18,s3://10.7910/DVN/4OYKMX,dataset,dataset
10482797,DVN/ASDLQX,https://doi.org/10.7910/DVN/ASDLQX,doi,10.7910,/,Harvard Dataverse,2024-11-25,s3://10.7910/DVN/ASDLQX,dataset,dataset
10483576,DVN/PPNPH5,https://doi.org/10.7910/DVN/PPNPH5,doi,10.7910,/,Harvard Dataverse,2024-11-27,s3://10.7910/DVN/PPNPH5,dataset,dataset
10491562,DVN/JYWRBV,https://doi.org/10.7910/DVN/JYWRBV,doi,10.7910,/,Harvard Dataverse,2024-11-15,s3://10.7910/DVN/JYWRBV,dataset,dataset
10503181,DVN/FDTPZA,https://doi.org/10.7910/DVN/FDTPZA,doi,10.7910,/,Harvard Dataverse,2024-12-14,s3://10.7910/DVN/FDTPZA,dataset,dataset
10507382,DVN/LXFYVH,https://doi.org/10.7910/DVN/LXFYVH,doi,10.7910,/,Harvard Dataverse,2024-12-11,s3://10.7910/DVN/LXFYVH,dataset,dataset
10520545,DVN/SJL3S8,https://doi.org/10.7910/DVN/SJL3S8,doi,10.7910,/,Harvard Dataverse,2024-09-22,s3://10.7910/DVN/SJL3S8,dataset,dataset
10527680,DVN/742910,https://doi.org/10.7910/DVN/742910,doi,10.7910,/,Harvard Dataverse,2024-12-14,s3://10.7910/DVN/742910,dataset,dataset
10547530,DVN/DIAW9A,https://doi.org/10.7910/DVN/DIAW9A,doi,10.7910,/,Harvard Dataverse,2024-12-03,s3://10.7910/DVN/DIAW9A,dataset,dataset
10547983,DVN/CV8I6N,https://doi.org/10.7910/DVN/CV8I6N,doi,10.7910,/,Harvard Dataverse,2024-12-18,s3://10.7910/DVN/CV8I6N,dataset,dataset
10548023,DVN/ALBUXJ,https://doi.org/10.7910/DVN/ALBUXJ,doi,10.7910,/,Harvard Dataverse,2024-12-05,s3://10.7910/DVN/ALBUXJ,dataset,dataset
10551709,DVN/JGN8KR,https://doi.org/10.7910/DVN/JGN8KR,doi,10.7910,/,Harvard Dataverse,2024-12-11,s3://10.7910/DVN/JGN8KR,dataset,dataset
10551741,DVN/RITJ3U,https://doi.org/10.7910/DVN/RITJ3U,doi,10.7910,/,Harvard Dataverse,2024-12-18,s3://10.7910/DVN/RITJ3U,dataset,dataset
10552072,DVN/SNLHH6,https://doi.org/10.7910/DVN/SNLHH6,doi,10.7910,/,Harvard Dataverse,2025-01-20,s3://10.7910/DVN/SNLHH6,dataset,dataset
10576125,DVN/VIIPYQ,https://doi.org/10.7910/DVN/VIIPYQ,doi,10.7910,/,Harvard Dataverse,2024-12-30,s3://10.7910/DVN/VIIPYQ,dataset,dataset
10576280,DVN/3F1RGQ,https://doi.org/10.7910/DVN/3F1RGQ,doi,10.7910,/,Harvard Dataverse,2024-12-11,s3://10.7910/DVN/3F1RGQ,dataset,dataset
10585422,DVN/RZKLTA,https://doi.org/10.7910/DVN/RZKLTA,doi,10.7910,/,Harvard Dataverse,2024-10-04,s3://10.7910/DVN/RZKLTA,dataset,dataset
10698590,DVN/E4OOYT,https://doi.org/10.7910/DVN/E4OOYT,doi,10.7910,/,Harvard Dataverse,2025-02-22,s3://10.7910/DVN/E4OOYT,dataset,dataset
10704033,DVN/L0USQU,https://doi.org/10.7910/DVN/L0USQU,doi,10.7910,/,Harvard Dataverse,2024-12-26,s3://10.7910/DVN/L0USQU,dataset,dataset
10734028,DVN/SZFCUJ,https://doi.org/10.7910/DVN/SZFCUJ,doi,10.7910,/,Harvard Dataverse,2024-12-04,s3://10.7910/DVN/SZFCUJ,dataset,dataset
10735425,DVN/YFGDA4,https://doi.org/10.7910/DVN/YFGDA4,doi,10.7910,/,Harvard Dataverse,2024-12-30,s3://10.7910/DVN/YFGDA4,dataset,dataset
10741295,DVN/D9RRXK,https://doi.org/10.7910/DVN/D9RRXK,doi,10.7910,/,Harvard Dataverse,2024-12-16,s3://10.7910/DVN/D9RRXK,dataset,dataset
10742021,DVN/VJJBXC,https://doi.org/10.7910/DVN/VJJBXC,doi,10.7910,/,Harvard Dataverse,2024-12-23,s3://10.7910/DVN/VJJBXC,dataset,dataset
10747962,DVN/0T9DIZ,https://doi.org/10.7910/DVN/0T9DIZ,doi,10.7910,/,Harvard Dataverse,2025-03-06,s3://10.7910/DVN/0T9DIZ,dataset,dataset
10749315,DVN/MGC9FF,https://doi.org/10.7910/DVN/MGC9FF,doi,10.7910,/,Harvard Dataverse,2025-03-20,s3://10.7910/DVN/MGC9FF,dataset,dataset
10756491,DVN/2JDXSQ,https://doi.org/10.7910/DVN/2JDXSQ,doi,10.7910,/,Harvard Dataverse,2025-01-23,s3://10.7910/DVN/2JDXSQ,dataset,dataset
10762946,DVN/INHODY,https://doi.org/10.7910/DVN/INHODY,doi,10.7910,/,Harvard Dataverse,2024-12-26,s3://10.7910/DVN/INHODY,dataset,dataset
10763686,DVN/IGOI1N,https://doi.org/10.7910/DVN/IGOI1N,doi,10.7910,/,Harvard Dataverse,2025-03-06,s3://10.7910/DVN/IGOI1N,dataset,dataset
10773869,DVN/EKM4B3,https://doi.org/10.7910/DVN/EKM4B3,doi,10.7910,/,Harvard Dataverse,2024-12-31,s3://10.7910/DVN/EKM4B3,dataset,dataset
10777928,DVN/CWHGUN,https://doi.org/10.7910/DVN/CWHGUN,doi,10.7910,/,Harvard Dataverse,2025-01-23,s3://10.7910/DVN/CWHGUN,dataset,dataset
10787757,DVN/CCSWHH,https://doi.org/10.7910/DVN/CCSWHH,doi,10.7910,/,Harvard Dataverse,2025-02-22,s3://10.7910/DVN/CCSWHH,dataset,dataset
10787893,DVN/TTE5CU,https://doi.org/10.7910/DVN/TTE5CU,doi,10.7910,/,Harvard Dataverse,2025-01-23,s3://10.7910/DVN/TTE5CU,dataset,dataset
10790946,DVN/2TZKB3,https://doi.org/10.7910/DVN/2TZKB3,doi,10.7910,/,Harvard Dataverse,2024-12-19,s3://10.7910/DVN/2TZKB3,dataset,dataset
10794871,DVN/NHSDN7,https://doi.org/10.7910/DVN/NHSDN7,doi,10.7910,/,Harvard Dataverse,2025-02-22,s3://10.7910/DVN/NHSDN7,dataset,dataset
10796895,DVN/SSVFMI,https://doi.org/10.7910/DVN/SSVFMI,doi,10.7910,/,Harvard Dataverse,2025-05-12,s3://10.7910/DVN/SSVFMI,dataset,dataset
10797520,DVN/RTYPSG,https://doi.org/10.7910/DVN/RTYPSG,doi,10.7910,/,Harvard Dataverse,2025-01-23,s3://10.7910/DVN/RTYPSG,dataset,dataset
10798912,DVN/GFENDZ,https://doi.org/10.7910/DVN/GFENDZ,doi,10.7910,/,Harvard Dataverse,2025-02-22,s3://10.7910/DVN/GFENDZ,dataset,dataset
10799397,DVN/L4YOQO,https://doi.org/10.7910/DVN/L4YOQO,doi,10.7910,/,Harvard Dataverse,2025-02-28,s3://10.7910/DVN/L4YOQO,dataset,dataset
10800006,DVN/OUI9LS,https://doi.org/10.7910/DVN/OUI9LS,doi,10.7910,/,Harvard Dataverse,2025-02-25,s3://10.7910/DVN/OUI9LS,dataset,dataset
10801641,DVN/MP5F85,https://doi.org/10.7910/DVN/MP5F85,doi,10.7910,/,Harvard Dataverse,2025-01-03,s3://10.7910/DVN/MP5F85,dataset,dataset
10801674,DVN/NWKSHA,https://doi.org/10.7910/DVN/NWKSHA,doi,10.7910,/,Harvard Dataverse,2025-02-25,s3://10.7910/DVN/NWKSHA,dataset,dataset
10802402,DVN/JJEKTR,https://doi.org/10.7910/DVN/JJEKTR,doi,10.7910,/,Harvard Dataverse,2025-03-07,s3://10.7910/DVN/JJEKTR,dataset,dataset
10803453,DVN/ROI9SS,https://doi.org/10.7910/DVN/ROI9SS,doi,10.7910,/,Harvard Dataverse,2025-04-07,s3://10.7910/DVN/ROI9SS,dataset,dataset
10807349,DVN/WYQTTN,https://doi.org/10.7910/DVN/WYQTTN,doi,10.7910,/,Harvard Dataverse,2025-02-27,s3://10.7910/DVN/WYQTTN,dataset,dataset
10809694,DVN/ECUDW4,https://doi.org/10.7910/DVN/ECUDW4,doi,10.7910,/,Harvard Dataverse,2025-02-27,s3://10.7910/DVN/ECUDW4,dataset,dataset
10819432,DVN/G8HOL6,https://doi.org/10.7910/DVN/G8HOL6,doi,10.7910,/,Harvard Dataverse,2025-03-06,s3://10.7910/DVN/G8HOL6,dataset,dataset
10820294,DVN/M2VHZT,https://doi.org/10.7910/DVN/M2VHZT,doi,10.7910,/,Harvard Dataverse,2025-02-28,s3://10.7910/DVN/M2VHZT,dataset,dataset
10832320,DVN/2BBHZV,https://doi.org/10.7910/DVN/2BBHZV,doi,10.7910,/,Harvard Dataverse,2025-02-28,s3://10.7910/DVN/2BBHZV,dataset,dataset
10841967,DVN/HYOHMJ,https://doi.org/10.7910/DVN/HYOHMJ,doi,10.7910,/,Harvard Dataverse,2025-02-28,s3://10.7910/DVN/HYOHMJ,dataset,dataset
10845489,DVN/KIWZGR,https://doi.org/10.7910/DVN/KIWZGR,doi,10.7910,/,Harvard Dataverse,2025-02-01,s3://10.7910/DVN/KIWZGR,dataset,dataset
10850149,DVN/EJQCXP,https://doi.org/10.7910/DVN/EJQCXP,doi,10.7910,/,Harvard Dataverse,2025-03-07,s3://10.7910/DVN/EJQCXP,dataset,dataset
10851808,DVN/ZD5M98,https://doi.org/10.7910/DVN/ZD5M98,doi,10.7910,/,Harvard Dataverse,2025-03-07,s3://10.7910/DVN/ZD5M98,dataset,dataset
10853508,DVN/F16G4P,https://doi.org/10.7910/DVN/F16G4P,doi,10.7910,/,Harvard Dataverse,2025-02-03,s3://10.7910/DVN/F16G4P,dataset,dataset
10859546,DVN/WLKM8J,https://doi.org/10.7910/DVN/WLKM8J,doi,10.7910,/,Harvard Dataverse,2025-02-28,s3://10.7910/DVN/WLKM8J,dataset,dataset
10868880,DVN/CVNXLW,https://doi.org/10.7910/DVN/CVNXLW,doi,10.7910,/,Harvard Dataverse,2025-03-03,s3://10.7910/DVN/CVNXLW,dataset,dataset
10871687,DVN/U5ZRGK,https://doi.org/10.7910/DVN/U5ZRGK,doi,10.7910,/,Harvard Dataverse,2025-03-04,s3://10.7910/DVN/U5ZRGK,dataset,dataset
10873281,DVN/1V3H2N,https://doi.org/10.7910/DVN/1V3H2N,doi,10.7910,/,Harvard Dataverse,2025-03-03,s3://10.7910/DVN/1V3H2N,dataset,dataset
10884350,DVN/1KQN5U,https://doi.org/10.7910/DVN/1KQN5U,doi,10.7910,/,Harvard Dataverse,2025-03-09,s3://10.7910/DVN/1KQN5U,dataset,dataset
10884561,DVN/TKXP4A,https://doi.org/10.7910/DVN/TKXP4A,doi,10.7910,/,Harvard Dataverse,2025-03-06,s3://10.7910/DVN/TKXP4A,dataset,dataset
10886287,DVN/G82AU0,https://doi.org/10.7910/DVN/G82AU0,doi,10.7910,/,Harvard Dataverse,2025-03-07,s3://10.7910/DVN/G82AU0,dataset,dataset
10888280,DVN/LCVHJU,https://doi.org/10.7910/DVN/LCVHJU,doi,10.7910,/,Harvard Dataverse,2025-03-06,s3://10.7910/DVN/LCVHJU,dataset,dataset
10889041,DVN/PUJ1AN,https://doi.org/10.7910/DVN/PUJ1AN,doi,10.7910,/,Harvard Dataverse,2025-04-07,s3://10.7910/DVN/PUJ1AN,dataset,dataset
10897393,DVN/KBWPE3,https://doi.org/10.7910/DVN/KBWPE3,doi,10.7910,/,Harvard Dataverse,2025-03-20,s3://10.7910/DVN/KBWPE3,dataset,dataset
10897456,DVN/WY5KVE,https://doi.org/10.7910/DVN/WY5KVE,doi,10.7910,/,Harvard Dataverse,2025-03-20,s3://10.7910/DVN/WY5KVE,dataset,dataset
10899081,DVN/6U9FHM,https://doi.org/10.7910/DVN/6U9FHM,doi,10.7910,/,Harvard Dataverse,2025-03-20,s3://10.7910/DVN/6U9FHM,dataset,dataset
10900664,DVN/C7LAYQ,https://doi.org/10.7910/DVN/C7LAYQ,doi,10.7910,/,Harvard Dataverse,2025-03-20,s3://10.7910/DVN/C7LAYQ,dataset,dataset
10902294,DVN/Y4XFCT,https://doi.org/10.7910/DVN/Y4XFCT,doi,10.7910,/,Harvard Dataverse,2025-04-07,s3://10.7910/DVN/Y4XFCT,dataset,dataset
10903490,DVN/AKJAGE,https://doi.org/10.7910/DVN/AKJAGE,doi,10.7910,/,Harvard Dataverse,2025-04-07,s3://10.7910/DVN/AKJAGE,dataset,dataset
10905635,DVN/OL2C7R,https://doi.org/10.7910/DVN/OL2C7R,doi,10.7910,/,Harvard Dataverse,2025-04-22,s3://10.7910/DVN/OL2C7R,dataset,dataset
10906868,DVN/HL64WC,https://doi.org/10.7910/DVN/HL64WC,doi,10.7910,/,Harvard Dataverse,2025-03-31,s3://10.7910/DVN/HL64WC,dataset,dataset
10909172,DVN/X6C6PV,https://doi.org/10.7910/DVN/X6C6PV,doi,10.7910,/,Harvard Dataverse,2025-04-07,s3://10.7910/DVN/X6C6PV,dataset,dataset
10948807,DVN/OTSJX2,https://doi.org/10.7910/DVN/OTSJX2,doi,10.7910,/,Harvard Dataverse,2025-03-24,s3://10.7910/DVN/OTSJX2,dataset,dataset
10974085,DVN/CR60IO,https://doi.org/10.7910/DVN/CR60IO,doi,10.7910,/,Harvard Dataverse,2025-04-07,s3://10.7910/DVN/CR60IO,dataset,dataset
10975941,DVN/MVBLYR,https://doi.org/10.7910/DVN/MVBLYR,doi,10.7910,/,Harvard Dataverse,2025-03-24,s3://10.7910/DVN/MVBLYR,dataset,dataset
10983261,DVN/FZQWZX,https://doi.org/10.7910/DVN/FZQWZX,doi,10.7910,/,Harvard Dataverse,2025-03-28,s3://10.7910/DVN/FZQWZX,dataset,dataset
10992695,DVN/BRHY14,https://doi.org/10.7910/DVN/BRHY14,doi,10.7910,/,Harvard Dataverse,2025-04-18,s3://10.7910/DVN/BRHY14,dataset,dataset
11011882,DVN/CDEZIF,https://doi.org/10.7910/DVN/CDEZIF,doi,10.7910,/,Harvard Dataverse,2025-05-12,s3://10.7910/DVN/CDEZIF,dataset,dataset
11012924,DVN/K3I9J2,https://doi.org/10.7910/DVN/K3I9J2,doi,10.7910,/,Harvard Dataverse,2025-05-12,s3://10.7910/DVN/K3I9J2,dataset,dataset
11015586,DVN/41QRNN,https://doi.org/10.7910/DVN/41QRNN,doi,10.7910,/,Harvard Dataverse,2025-08-21,s3://10.7910/DVN/41QRNN,dataset,dataset
11032661,DVN/DAPAOU,https://doi.org/10.7910/DVN/DAPAOU,doi,10.7910,/,Harvard Dataverse,2025-04-22,s3://10.7910/DVN/DAPAOU,dataset,dataset
11034051,DVN/ED6NUR,https://doi.org/10.7910/DVN/ED6NUR,doi,10.7910,/,Harvard Dataverse,2025-04-22,s3://10.7910/DVN/ED6NUR,dataset,dataset
11034892,DVN/ID7TON,https://doi.org/10.7910/DVN/ID7TON,doi,10.7910,/,Harvard Dataverse,2025-04-22,s3://10.7910/DVN/ID7TON,dataset,dataset
11035195,DVN/DEKMKT,https://doi.org/10.7910/DVN/DEKMKT,doi,10.7910,/,Harvard Dataverse,2025-04-22,s3://10.7910/DVN/DEKMKT,dataset,dataset
11041844,DVN/TPXBNO,https://doi.org/10.7910/DVN/TPXBNO,doi,10.7910,/,Harvard Dataverse,2025-04-22,s3://10.7910/DVN/TPXBNO,dataset,dataset
11041897,DVN/LWU8SM,https://doi.org/10.7910/DVN/LWU8SM,doi,10.7910,/,Harvard Dataverse,2025-05-24,s3://10.7910/DVN/LWU8SM,dataset,dataset
11050008,DVN/XT6RRU,https://doi.org/10.7910/DVN/XT6RRU,doi,10.7910,/,Harvard Dataverse,2025-04-22,s3://10.7910/DVN/XT6RRU,dataset,dataset
11052759,DVN/TCPKYA,https://doi.org/10.7910/DVN/TCPKYA,doi,10.7910,/,Harvard Dataverse,2025-06-20,s3://10.7910/DVN/TCPKYA,dataset,dataset
11059704,DVN/SR0IQI,https://doi.org/10.7910/DVN/SR0IQI,doi,10.7910,/,Harvard Dataverse,2025-04-26,s3://10.7910/DVN/SR0IQI,dataset,dataset
11064122,DVN/PFJUDC,https://doi.org/10.7910/DVN/PFJUDC,doi,10.7910,/,Harvard Dataverse,2025-05-16,s3://10.7910/DVN/PFJUDC,dataset,dataset
11072878,DVN/WGCRY7,https://doi.org/10.7910/DVN/WGCRY7,doi,10.7910,/,Harvard Dataverse,2025-04-28,s3://10.7910/DVN/WGCRY7,dataset,dataset
11076745,DVN/FYZANZ,https://doi.org/10.7910/DVN/FYZANZ,doi,10.7910,/,Harvard Dataverse,2025-04-26,s3://10.7910/DVN/FYZANZ,dataset,dataset
11108658,DVN/FWHDPY,https://doi.org/10.7910/DVN/FWHDPY,doi,10.7910,/,Harvard Dataverse,2025-05-31,s3://10.7910/DVN/FWHDPY,dataset,dataset
11108740,DVN/TSOWFO,https://doi.org/10.7910/DVN/TSOWFO,doi,10.7910,/,Harvard Dataverse,2025-05-17,s3://10.7910/DVN/TSOWFO,dataset,dataset
11131681,DVN/YFO4FM,https://doi.org/10.7910/DVN/YFO4FM,doi,10.7910,/,Harvard Dataverse,2025-05-01,s3://10.7910/DVN/YFO4FM,dataset,dataset
11196161,DVN/VWBWGW,https://doi.org/10.7910/DVN/VWBWGW,doi,10.7910,/,Harvard Dataverse,2025-05-23,s3://10.7910/DVN/VWBWGW,dataset,dataset
11358531,DVN/9VFEDO,https://doi.org/10.7910/DVN/9VFEDO,doi,10.7910,/,Harvard Dataverse,2025-11-30,s3://10.7910/DVN/9VFEDO,dataset,dataset
11542724,DVN/NQLNFZ,https://doi.org/10.7910/DVN/NQLNFZ,doi,10.7910,/,Harvard Dataverse,2025-06-06,s3://10.7910/DVN/NQLNFZ,dataset,dataset
11542862,DVN/F5MSOX,https://doi.org/10.7910/DVN/F5MSOX,doi,10.7910,/,Harvard Dataverse,2025-05-31,s3://10.7910/DVN/F5MSOX,dataset,dataset
11547050,DVN/PYXNDA,https://doi.org/10.7910/DVN/PYXNDA,doi,10.7910,/,Harvard Dataverse,2025-06-20,s3://10.7910/DVN/PYXNDA,dataset,dataset
11572285,DVN/LV2HKD,https://doi.org/10.7910/DVN/LV2HKD,doi,10.7910,/,Harvard Dataverse,2025-05-31,s3://10.7910/DVN/LV2HKD,dataset,dataset
11576929,DVN/FTC4SJ,https://doi.org/10.7910/DVN/FTC4SJ,doi,10.7910,/,Harvard Dataverse,2025-06-13,s3://10.7910/DVN/FTC4SJ,dataset,dataset
11578242,DVN/HHEKZB,https://doi.org/10.7910/DVN/HHEKZB,doi,10.7910,/,Harvard Dataverse,2025-06-09,s3://10.7910/DVN/HHEKZB,dataset,dataset
11580796,DVN/O0VMH6,https://doi.org/10.7910/DVN/O0VMH6,doi,10.7910,/,Harvard Dataverse,2025-06-13,s3://10.7910/DVN/O0VMH6,dataset,dataset
11595993,DVN/48MJAN,https://doi.org/10.7910/DVN/48MJAN,doi,10.7910,/,Harvard Dataverse,2025-06-27,s3://10.7910/DVN/48MJAN,dataset,dataset
11596349,DVN/GH2MEM,https://doi.org/10.7910/DVN/GH2MEM,doi,10.7910,/,Harvard Dataverse,2025-06-13,s3://10.7910/DVN/GH2MEM,dataset,dataset
11634493,DVN/YTKWBV,https://doi.org/10.7910/DVN/YTKWBV,doi,10.7910,/,Harvard Dataverse,2025-06-26,s3://10.7910/DVN/YTKWBV,dataset,dataset
11639426,DVN/FHMH7W,https://doi.org/10.7910/DVN/FHMH7W,doi,10.7910,/,Harvard Dataverse,2025-07-18,s3://10.7910/DVN/FHMH7W,dataset,dataset
11641060,DVN/5DKNDD,https://doi.org/10.7910/DVN/5DKNDD,doi,10.7910,/,Harvard Dataverse,2025-06-26,s3://10.7910/DVN/5DKNDD,dataset,dataset
11658752,DVN/Y9YHPL,https://doi.org/10.7910/DVN/Y9YHPL,doi,10.7910,/,Harvard Dataverse,2025-07-08,s3://10.7910/DVN/Y9YHPL,dataset,dataset
11668821,DVN/YEVVSD,https://doi.org/10.7910/DVN/YEVVSD,doi,10.7910,/,Harvard Dataverse,2025-08-24,s3://10.7910/DVN/YEVVSD,dataset,dataset
11677584,DVN/MXNA8U,https://doi.org/10.7910/DVN/MXNA8U,doi,10.7910,/,Harvard Dataverse,2025-07-18,s3://10.7910/DVN/MXNA8U,dataset,dataset
11685206,DVN/2YQ2CF,https://doi.org/10.7910/DVN/2YQ2CF,doi,10.7910,/,Harvard Dataverse,2025-07-30,s3://10.7910/DVN/2YQ2CF,dataset,dataset
11705319,DVN/IZ4PIZ,https://doi.org/10.7910/DVN/IZ4PIZ,doi,10.7910,/,Harvard Dataverse,2025-09-22,s3://10.7910/DVN/IZ4PIZ,dataset,dataset
11717060,DVN/TVQCVD,https://doi.org/10.7910/DVN/TVQCVD,doi,10.7910,/,Harvard Dataverse,2025-09-22,s3://10.7910/DVN/TVQCVD,dataset,dataset
11772741,DVN/R6BQXR,https://doi.org/10.7910/DVN/R6BQXR,doi,10.7910,/,Harvard Dataverse,2025-07-25,s3://10.7910/DVN/R6BQXR,dataset,dataset
11773106,DVN/FYGFLS,https://doi.org/10.7910/DVN/FYGFLS,doi,10.7910,/,Harvard Dataverse,2025-07-19,s3://10.7910/DVN/FYGFLS,dataset,dataset
11773886,DVN/QZVCID,https://doi.org/10.7910/DVN/QZVCID,doi,10.7910,/,Harvard Dataverse,2025-07-20,s3://10.7910/DVN/QZVCID,dataset,dataset
11804583,DVN/ACQIEF,https://doi.org/10.7910/DVN/ACQIEF,doi,10.7910,/,Harvard Dataverse,2025-11-03,s3://10.7910/DVN/ACQIEF,dataset,dataset
11819848,DVN/XVYTN1,https://doi.org/10.7910/DVN/XVYTN1,doi,10.7910,/,Harvard Dataverse,2025-08-21,s3://10.7910/DVN/XVYTN1,dataset,dataset
11845680,DVN/TRCYXN,https://doi.org/10.7910/DVN/TRCYXN,doi,10.7910,/,Harvard Dataverse,2025-08-24,s3://10.7910/DVN/TRCYXN,dataset,dataset
11846323,DVN/YPNXIA,https://doi.org/10.7910/DVN/YPNXIA,doi,10.7910,/,Harvard Dataverse,2025-08-21,s3://10.7910/DVN/YPNXIA,dataset,dataset
11850837,DVN/RDXYIR,https://doi.org/10.7910/DVN/RDXYIR,doi,10.7910,/,Harvard Dataverse,2025-08-22,s3://10.7910/DVN/RDXYIR,dataset,dataset
11850949,DVN/TV8HJX,https://doi.org/10.7910/DVN/TV8HJX,doi,10.7910,/,Harvard Dataverse,2025-12-07,s3://10.7910/DVN/TV8HJX,dataset,dataset
11858482,DVN/OO9SJI,https://doi.org/10.7910/DVN/OO9SJI,doi,10.7910,/,Harvard Dataverse,2025-08-24,s3://10.7910/DVN/OO9SJI,dataset,dataset
11864783,DVN/LARBX9,https://doi.org/10.7910/DVN/LARBX9,doi,10.7910,/,Harvard Dataverse,2025-09-22,s3://10.7910/DVN/LARBX9,dataset,dataset
11905129,DVN/5RNS6K,https://doi.org/10.7910/DVN/5RNS6K,doi,10.7910,/,Harvard Dataverse,2025-12-07,s3://10.7910/DVN/5RNS6K,dataset,dataset
11905712,DVN/JDERBK,https://doi.org/10.7910/DVN/JDERBK,doi,10.7910,/,Harvard Dataverse,2025-12-07,s3://10.7910/DVN/JDERBK,dataset,dataset
11966153,DVN/3YXSDC,https://doi.org/10.7910/DVN/3YXSDC,doi,10.7910,/,Harvard Dataverse,2025-12-07,s3://10.7910/DVN/3YXSDC,dataset,dataset
11999925,DVN/C3SKON,https://doi.org/10.7910/DVN/C3SKON,doi,10.7910,/,Harvard Dataverse,2025-12-29,s3://10.7910/DVN/C3SKON,dataset,dataset
12003118,DVN/D43YRH,https://doi.org/10.7910/DVN/D43YRH,doi,10.7910,/,Harvard Dataverse,2025-08-23,s3://10.7910/DVN/D43YRH,dataset,dataset
12003214,DVN/GIKARJ,https://doi.org/10.7910/DVN/GIKARJ,doi,10.7910,/,Harvard Dataverse,2025-11-03,s3://10.7910/DVN/GIKARJ,dataset,dataset
12021556,DVN/B5YNLC,https://doi.org/10.7910/DVN/B5YNLC,doi,10.7910,/,Harvard Dataverse,2025-11-03,s3://10.7910/DVN/B5YNLC,dataset,dataset
12021704,DVN/QEAFZF,https://doi.org/10.7910/DVN/QEAFZF,doi,10.7910,/,Harvard Dataverse,2025-11-11,s3://10.7910/DVN/QEAFZF,dataset,dataset
12025100,DVN/CTBTDX,https://doi.org/10.7910/DVN/CTBTDX,doi,10.7910,/,Harvard Dataverse,2025-11-30,s3://10.7910/DVN/CTBTDX,dataset,dataset
12057375,DVN/LSF02S,https://doi.org/10.7910/DVN/LSF02S,doi,10.7910,/,Harvard Dataverse,2025-11-11,s3://10.7910/DVN/LSF02S,dataset,dataset
12068921,DVN/RSFH7Y,https://doi.org/10.7910/DVN/RSFH7Y,doi,10.7910,/,Harvard Dataverse,2025-12-07,s3://10.7910/DVN/RSFH7Y,dataset,dataset
12069633,DVN/XFNP4H,https://doi.org/10.7910/DVN/XFNP4H,doi,10.7910,/,Harvard Dataverse,2025-11-30,s3://10.7910/DVN/XFNP4H,dataset,dataset
12075468,DVN/YGLUWP,https://doi.org/10.7910/DVN/YGLUWP,doi,10.7910,/,Harvard Dataverse,2025-12-29,s3://10.7910/DVN/YGLUWP,dataset,dataset
12076587,DVN/PGHRQJ,https://doi.org/10.7910/DVN/PGHRQJ,doi,10.7910,/,Harvard Dataverse,2025-12-29,s3://10.7910/DVN/PGHRQJ,dataset,dataset
12089679,DVN/8FTPAX,https://doi.org/10.7910/DVN/8FTPAX,doi,10.7910,/,Harvard Dataverse,2025-11-11,s3://10.7910/DVN/8FTPAX,dataset,dataset
12109005,DVN/81NHTH,https://doi.org/10.7910/DVN/81NHTH,doi,10.7910,/,Harvard Dataverse,2025-11-30,s3://10.7910/DVN/81NHTH,dataset,dataset
12109733,DVN/TP9HFC,https://doi.org/10.7910/DVN/TP9HFC,doi,10.7910,/,Harvard Dataverse,2025-11-11,s3://10.7910/DVN/TP9HFC,dataset,dataset
12112694,DVN/YLBVJL,https://doi.org/10.7910/DVN/YLBVJL,doi,10.7910,/,Harvard Dataverse,2025-12-21,s3://10.7910/DVN/YLBVJL,dataset,dataset
12126199,DVN/NBTR9F,https://doi.org/10.7910/DVN/NBTR9F,doi,10.7910,/,Harvard Dataverse,2025-12-21,s3://10.7910/DVN/NBTR9F,dataset,dataset
12126227,DVN/PT3PBJ,https://doi.org/10.7910/DVN/PT3PBJ,doi,10.7910,/,Harvard Dataverse,2025-12-21,s3://10.7910/DVN/PT3PBJ,dataset,dataset
12322918,DVN/VP3NZI,https://doi.org/10.7910/DVN/VP3NZI,doi,10.7910,/,Harvard Dataverse,2025-11-30,s3://10.7910/DVN/VP3NZI,dataset,dataset
12517685,DVN/HTBRKH,https://doi.org/10.7910/DVN/HTBRKH,doi,10.7910,/,Harvard Dataverse,2025-11-30,s3://10.7910/DVN/HTBRKH,dataset,dataset
12556065,DVN/ECRMLT,https://doi.org/10.7910/DVN/ECRMLT,doi,10.7910,/,Harvard Dataverse,2025-12-29,s3://10.7910/DVN/ECRMLT,dataset,dataset
12556963,DVN/0TIFK9,https://doi.org/10.7910/DVN/0TIFK9,doi,10.7910,/,Harvard Dataverse,2025-11-12,s3://10.7910/DVN/0TIFK9,dataset,dataset
13090613,DVN/JSBIJ1,https://doi.org/10.7910/DVN/JSBIJ1,doi,10.7910,/,Harvard Dataverse,2025-10-27,s3://10.7910/DVN/JSBIJ1,dataset,dataset
13145849,DVN/EX0NBW,https://doi.org/10.7910/DVN/EX0NBW,doi,10.7910,/,Harvard Dataverse,2025-11-29,s3://10.7910/DVN/EX0NBW,dataset,dataset
13164105,DVN/E9BVAN,https://doi.org/10.7910/DVN/E9BVAN,doi,10.7910,/,Harvard Dataverse,2025-11-29,s3://10.7910/DVN/E9BVAN,dataset,dataset
