id,identifier,persistentUrl,protocol,authority,separator,publisher,publicationDate,storageIdentifier,datasetType,type
54379,DVN/RLCDQM,https://doi.org/10.7910/DVN/RLCDQM,doi,10.7910,/,Harvard Dataverse,2010-11-23,s3://10.7910/DVN/RLCDQM,dataset,dataset
54381,DVN/27616,https://doi.org/10.7910/DVN/27616,doi,10.7910,/,Harvard Dataverse,2014-10-17,s3://10.7910/DVN/27616,dataset,dataset
54382,DVN/24747,https://doi.org/10.7910/DVN/24747,doi,10.7910,/,Harvard Dataverse,2014-02-19,s3://10.7910/DVN/24747,dataset,dataset
54383,DVN/9W8D9R,https://doi.org/10.7910/DVN/9W8D9R,doi,10.7910,/,Harvard Dataverse,2012-04-17,s3://10.7910/DVN/9W8D9R,dataset,dataset
54384,DVN/24195,https://doi.org/10.7910/DVN/24195,doi,10.7910,/,Harvard Dataverse,2014-03-26,s3://10.7910/DVN/24195,dataset,dataset
54385,DVN/EPF255,https://doi.org/10.7910/DVN/EPF255,doi,10.7910,/,Harvard Dataverse,2012-01-13,s3://10.7910/DVN/EPF255,dataset,dataset
54386,DVN/26764,https://doi.org/10.7910/DVN/26764,doi,10.7910,/,Harvard Dataverse,2015-03-13,s3://10.7910/DVN/26764,dataset,dataset
54387,DVN/25020,https://doi.org/10.7910/DVN/25020,doi,10.7910,/,Harvard Dataverse,2014-03-21,s3://10.7910/DVN/25020,dataset,dataset
54388,DVN/7XXMRI,https://doi.org/10.7910/DVN/7XXMRI,doi,10.7910,/,Harvard Dataverse,2012-01-17,s3://10.7910/DVN/7XXMRI,dataset,dataset
54389,DVN/26789,https://doi.org/10.7910/DVN/26789,doi,10.7910,/,Harvard Dataverse,2014-07-24,s3://10.7910/DVN/26789,dataset,dataset
54390,DVN/RHHG2B,https://doi.org/10.7910/DVN/RHHG2B,doi,10.7910,/,Harvard Dataverse,2013-08-28,s3://10.7910/DVN/RHHG2B,dataset,dataset
54391,DVN/CUIXDH,https://doi.org/10.7910/DVN/CUIXDH,doi,10.7910,/,Harvard Dataverse,2013-02-22,s3://10.7910/DVN/CUIXDH,dataset,dataset
54392,DVN/28098,https://doi.org/10.7910/DVN/28098,doi,10.7910,/,Harvard Dataverse,2014-12-12,s3://10.7910/DVN/28098,dataset,dataset
54393,DVN/U17HOB,https://doi.org/10.7910/DVN/U17HOB,doi,10.7910,/,Harvard Dataverse,2013-07-31,s3://1902.1/21970,dataset,dataset
54394,DVN/27461,https://doi.org/10.7910/DVN/27461,doi,10.7910,/,Harvard Dataverse,2014-09-29,s3://10.7910/DVN/27461,dataset,dataset
54395,DVN/23476,https://doi.org/10.7910/DVN/23476,doi,10.7910,/,Harvard Dataverse,2013-11-21,s3://10.7910/DVN/23476,dataset,dataset
54396,DVN/XKETSJ,https://doi.org/10.7910/DVN/XKETSJ,doi,10.7910,/,Harvard Dataverse,2012-01-13,s3://10.7910/DVN/XKETSJ,dataset,dataset
54397,DVN/27138,https://doi.org/10.7910/DVN/27138,doi,10.7910,/,Harvard Dataverse,2014-08-25,s3://10.7910/DVN/27138,dataset,dataset
54398,DVN/CGXCNE,https://doi.org/10.7910/DVN/CGXCNE,doi,10.7910,/,Harvard Dataverse,2012-07-19,s3://1902.1/18556,dataset,dataset
54399,DVN/28802,https://doi.org/10.7910/DVN/28802,doi,10.7910,/,Harvard Dataverse,2015-01-30,s3://10.7910/DVN/28802,dataset,dataset
54400,DVN/26742,https://doi.org/10.7910/DVN/26742,doi,10.7910,/,Harvard Dataverse,2014-07-24,s3://10.7910/DVN/26742,dataset,dataset
54402,DVN/EN03L3,https://doi.org/10.7910/DVN/EN03L3,doi,10.7910,/,Harvard Dataverse,2013-08-21,s3://10.7910/DVN/EN03L3,dataset,dataset
54403,DVN/AW2UQU,https://doi.org/10.7910/DVN/AW2UQU,doi,10.7910,/,Harvard Dataverse,2013-08-14,s3://10.7910/DVN/AW2UQU,dataset,dataset
54404,DVN/27291,https://doi.org/10.7910/DVN/27291,doi,10.7910,/,Harvard Dataverse,2014-09-12,s3://10.7910/DVN/27291,dataset,dataset
54405,DVN/G7AOIO,https://doi.org/10.7910/DVN/G7AOIO,doi,10.7910,/,Harvard Dataverse,2013-07-24,s3://10.7910/DVN/G7AOIO,dataset,dataset
54406,DVN/YQDVSL,https://doi.org/10.7910/DVN/YQDVSL,doi,10.7910,/,Harvard Dataverse,2012-03-20,s3://10.7910/DVN/YQDVSL,dataset,dataset
54407,DVN/9QM7KX,https://doi.org/10.7910/DVN/9QM7KX,doi,10.7910,/,Harvard Dataverse,2010-09-17,s3://10.7910/DVN/9QM7KX,dataset,dataset
54408,DVN/26909,https://doi.org/10.7910/DVN/26909,doi,10.7910,/,Harvard Dataverse,2014-11-18,s3://10.7910/DVN/26909,dataset,dataset
54409,DVN/IRNEGM,https://doi.org/10.7910/DVN/IRNEGM,doi,10.7910,/,Harvard Dataverse,2013-02-11,s3://10.7910/DVN/IRNEGM,dataset,dataset
54410,DVN/7QPEIP,https://doi.org/10.7910/DVN/7QPEIP,doi,10.7910,/,Harvard Dataverse,2012-01-13,s3://10.7910/DVN/7QPEIP,dataset,dataset
54411,DVN/ZZ48BK,https://doi.org/10.7910/DVN/ZZ48BK,doi,10.7910,/,Harvard Dataverse,2014-05-21,s3://10.7910/DVN/ZZ48BK,dataset,dataset
54412,DVN/26873,https://doi.org/10.7910/DVN/26873,doi,10.7910,/,Harvard Dataverse,2014-07-31,s3://10.7910/DVN/26873,dataset,dataset
54413,DVN/22812,https://doi.org/10.7910/DVN/22812,doi,10.7910,/,Harvard Dataverse,2013-10-17,s3://10.7910/DVN/22812,dataset,dataset
54414,DVN/IPPVHC,https://doi.org/10.7910/DVN/IPPVHC,doi,10.7910,/,Harvard Dataverse,2012-03-19,s3://1902.1/17804,dataset,dataset
54415,DVN/27098,https://doi.org/10.7910/DVN/27098,doi,10.7910,/,Harvard Dataverse,2014-08-19,s3://10.7910/DVN/27098,dataset,dataset
54416,DVN/TEW68X,https://doi.org/10.7910/DVN/TEW68X,doi,10.7910,/,Harvard Dataverse,2013-09-09,s3://1902.1/22433,dataset,dataset
54417,DVN/27626,https://doi.org/10.7910/DVN/27626,doi,10.7910,/,Harvard Dataverse,2015-01-12,s3://10.7910/DVN/27626,dataset,dataset
54418,DVN/27335,https://doi.org/10.7910/DVN/27335,doi,10.7910,/,Harvard Dataverse,2014-11-18,s3://10.7910/DVN/27335,dataset,dataset
54419,DVN/LFACJ1,https://doi.org/10.7910/DVN/LFACJ1,doi,10.7910,/,Harvard Dataverse,2011-01-14,s3://10.7910/DVN/LFACJ1,dataset,dataset
54420,DVN/1LFLUL,https://doi.org/10.7910/DVN/1LFLUL,doi,10.7910,/,Harvard Dataverse,2013-08-07,s3://10.7910/DVN/1LFLUL,dataset,dataset
54421,DVN/HQIJNY,https://doi.org/10.7910/DVN/HQIJNY,doi,10.7910,/,Harvard Dataverse,2010-11-23,s3://1902.1/15305,dataset,dataset
54422,DVN/MF6NZG,https://doi.org/10.7910/DVN/MF6NZG,doi,10.7910,/,Harvard Dataverse,2013-07-31,s3://10.7910/DVN/MF6NZG,dataset,dataset
54423,DVN/CC42MM,https://doi.org/10.7910/DVN/CC42MM,doi,10.7910,/,Harvard Dataverse,2012-01-17,s3://10.7910/DVN/CC42MM,dataset,dataset
54424,DVN/TKRUEJ,https://doi.org/10.7910/DVN/TKRUEJ,doi,10.7910,/,Harvard Dataverse,2013-05-17,s3://10.7910/DVN/TKRUEJ,dataset,dataset
54425,DVN/29522,https://doi.org/10.7910/DVN/29522,doi,10.7910,/,Harvard Dataverse,2015-03-26,s3://10.7910/DVN/29522,dataset,dataset
54426,DVN/26816,https://doi.org/10.7910/DVN/26816,doi,10.7910,/,Harvard Dataverse,2014-07-31,s3://10.7910/DVN/26816,dataset,dataset
54427,DVN/29693,https://doi.org/10.7910/DVN/29693,doi,10.7910,/,Harvard Dataverse,2015-03-30,s3://10.7910/DVN/29693,dataset,dataset
54428,DVN/NJH7YO,https://doi.org/10.7910/DVN/NJH7YO,doi,10.7910,/,Harvard Dataverse,2011-01-14,s3://1902.1/15408,dataset,dataset
54429,DVN/REST_A_00357,https://doi.org/10.7910/DVN/REST_A_00357,doi,10.7910,/,Harvard Dataverse,2014-05-27,s3://10.7910/DVN/REST_A_00357,dataset,dataset
54430,DVN/AMDL12,https://doi.org/10.7910/DVN/AMDL12,doi,10.7910,/,Harvard Dataverse,2012-02-07,s3://10.7910/DVN/AMDL12,dataset,dataset
54431,DVN/27042,https://doi.org/10.7910/DVN/27042,doi,10.7910,/,Harvard Dataverse,2014-08-14,s3://10.7910/DVN/27042,dataset,dataset
54432,DVN/27505,https://doi.org/10.7910/DVN/27505,doi,10.7910,/,Harvard Dataverse,2014-10-03,s3://10.7910/DVN/27505,dataset,dataset
54433,DVN/27404,https://doi.org/10.7910/DVN/27404,doi,10.7910,/,Harvard Dataverse,2014-09-24,s3://10.7910/DVN/27404,dataset,dataset
54434,DVN/29908,https://doi.org/10.7910/DVN/29908,doi,10.7910,/,Harvard Dataverse,2015-04-09,s3://10.7910/DVN/29908,dataset,dataset
54435,DVN/YJ3D8P,https://doi.org/10.7910/DVN/YJ3D8P,doi,10.7910,/,Harvard Dataverse,2012-06-20,s3://10.7910/DVN/YJ3D8P,dataset,dataset
54436,DVN/G2E8G3,https://doi.org/10.7910/DVN/G2E8G3,doi,10.7910,/,Harvard Dataverse,2012-05-09,s3://10.7910/DVN/G2E8G3,dataset,dataset
54437,DVN/25452,https://doi.org/10.7910/DVN/25452,doi,10.7910,/,Harvard Dataverse,2014-04-09,s3://10.7910/DVN/25452,dataset,dataset
54438,DVN/25493,https://doi.org/10.7910/DVN/25493,doi,10.7910,/,Harvard Dataverse,2014-04-11,s3://10.7910/DVN/25493,dataset,dataset
54439,DVN/25538,https://doi.org/10.7910/DVN/25538,doi,10.7910,/,Harvard Dataverse,2014-04-23,s3://10.7910/DVN/25538,dataset,dataset
54440,DVN/26394,https://doi.org/10.7910/DVN/26394,doi,10.7910,/,Harvard Dataverse,2014-07-17,s3://10.7910/DVN/26394,dataset,dataset
54441,DVN/TNAQB0,https://doi.org/10.7910/DVN/TNAQB0,doi,10.7910,/,Harvard Dataverse,2012-05-09,s3://10.7910/DVN/TNAQB0,dataset,dataset
54442,DVN/FFIU52,https://doi.org/10.7910/DVN/FFIU52,doi,10.7910,/,Harvard Dataverse,2013-03-20,s3://10.7910/DVN/FFIU52,dataset,dataset
54443,DVN/WM6SDZ,https://doi.org/10.7910/DVN/WM6SDZ,doi,10.7910,/,Harvard Dataverse,2013-09-05,s3://10.7910/DVN/WM6SDZ,dataset,dataset
54444,DVN/MX5TD1,https://doi.org/10.7910/DVN/MX5TD1,doi,10.7910,/,Harvard Dataverse,2011-01-14,s3://1902.1/15356,dataset,dataset
54445,DVN/TUXWCQ,https://doi.org/10.7910/DVN/TUXWCQ,doi,10.7910,/,Harvard Dataverse,2012-08-08,s3://10.7910/DVN/TUXWCQ,dataset,dataset
54446,DVN/26412,https://doi.org/10.7910/DVN/26412,doi,10.7910,/,Harvard Dataverse,2014-07-17,s3://10.7910/DVN/26412,dataset,dataset
54447,DVN/26259,https://doi.org/10.7910/DVN/26259,doi,10.7910,/,Harvard Dataverse,2014-07-17,s3://10.7910/DVN/26259,dataset,dataset
54448,DVN/7VO7SR,https://doi.org/10.7910/DVN/7VO7SR,doi,10.7910,/,Harvard Dataverse,2012-01-17,s3://10.7910/DVN/7VO7SR,dataset,dataset
54449,DVN/28945,https://doi.org/10.7910/DVN/28945,doi,10.7910,/,Harvard Dataverse,2015-02-04,s3://10.7910/DVN/28945,dataset,dataset
54450,DVN/27541,https://doi.org/10.7910/DVN/27541,doi,10.7910,/,Harvard Dataverse,2014-10-10,s3://10.7910/DVN/27541,dataset,dataset
54451,DVN/QQQFMN,https://doi.org/10.7910/DVN/QQQFMN,doi,10.7910,/,Harvard Dataverse,2012-08-03,s3://10.7910/DVN/QQQFMN,dataset,dataset
54452,DVN/MKRDC0,https://doi.org/10.7910/DVN/MKRDC0,doi,10.7910,/,Harvard Dataverse,2012-08-08,s3://10.7910/DVN/MKRDC0,dataset,dataset
54453,DVN/S6QSGP,https://doi.org/10.7910/DVN/S6QSGP,doi,10.7910,/,Harvard Dataverse,2012-07-19,s3://10.7910/DVN/S6QSGP,dataset,dataset
54454,DVN/ZVSJWQ,https://doi.org/10.7910/DVN/ZVSJWQ,doi,10.7910,/,Harvard Dataverse,2012-01-13,s3://10.7910/DVN/ZVSJWQ,dataset,dataset
54455,DVN/AZKGPW,https://doi.org/10.7910/DVN/AZKGPW,doi,10.7910,/,Harvard Dataverse,2012-06-01,s3://10.7910/DVN/AZKGPW,dataset,dataset
54456,DVN/27261,https://doi.org/10.7910/DVN/27261,doi,10.7910,/,Harvard Dataverse,2014-09-12,s3://10.7910/DVN/27261,dataset,dataset
54457,DVN/VOFHJA,https://doi.org/10.7910/DVN/VOFHJA,doi,10.7910,/,Harvard Dataverse,2012-05-09,s3://10.7910/DVN/VOFHJA,dataset,dataset
54458,DVN/28116,https://doi.org/10.7910/DVN/28116,doi,10.7910,/,Harvard Dataverse,2014-12-12,s3://10.7910/DVN/28116,dataset,dataset
54459,DVN/29944,https://doi.org/10.7910/DVN/29944,doi,10.7910,/,Harvard Dataverse,2015-04-09,s3://10.7910/DVN/29944,dataset,dataset
54460,DVN/CGCSIU,https://doi.org/10.7910/DVN/CGCSIU,doi,10.7910,/,Harvard Dataverse,2012-04-23,s3://10.7910/DVN/CGCSIU,dataset,dataset
54461,DVN/26906,https://doi.org/10.7910/DVN/26906,doi,10.7910,/,Harvard Dataverse,2014-08-04,s3://10.7910/DVN/26906,dataset,dataset
54462,DVN/27394,https://doi.org/10.7910/DVN/27394,doi,10.7910,/,Harvard Dataverse,2014-09-26,s3://10.7910/DVN/27394,dataset,dataset
54463,DVN/24648,https://doi.org/10.7910/DVN/24648,doi,10.7910,/,Harvard Dataverse,2014-02-19,s3://10.7910/DVN/24648,dataset,dataset
54464,DVN/26410,https://doi.org/10.7910/DVN/26410,doi,10.7910,/,Harvard Dataverse,2014-07-17,s3://10.7910/DVN/26410,dataset,dataset
54465,DVN/438KUP,https://doi.org/10.7910/DVN/438KUP,doi,10.7910,/,Harvard Dataverse,2012-09-28,s3://10.7910/DVN/438KUP,dataset,dataset
54466,DVN/26061,https://doi.org/10.7910/DVN/26061,doi,10.7910,/,Harvard Dataverse,2014-05-23,s3://10.7910/DVN/26061,dataset,dataset
54467,DVN/26735,https://doi.org/10.7910/DVN/26735,doi,10.7910,/,Harvard Dataverse,2014-07-24,s3://10.7910/DVN/26735,dataset,dataset
54468,DVN/26737,https://doi.org/10.7910/DVN/26737,doi,10.7910,/,Harvard Dataverse,2014-07-24,s3://10.7910/DVN/26737,dataset,dataset
54469,DVN/4FGHHE,https://doi.org/10.7910/DVN/4FGHHE,doi,10.7910,/,Harvard Dataverse,2012-01-25,s3://10.7910/DVN/4FGHHE,dataset,dataset
54470,DVN/EJ1YAH,https://doi.org/10.7910/DVN/EJ1YAH,doi,10.7910,/,Harvard Dataverse,2013-05-20,s3://10.7910/DVN/EJ1YAH,dataset,dataset
54471,DVN/27555,https://doi.org/10.7910/DVN/27555,doi,10.7910,/,Harvard Dataverse,2014-10-10,s3://10.7910/DVN/27555,dataset,dataset
54472,DVN/27515,https://doi.org/10.7910/DVN/27515,doi,10.7910,/,Harvard Dataverse,2014-10-07,s3://10.7910/DVN/27515,dataset,dataset
54473,DVN/28764,https://doi.org/10.7910/DVN/28764,doi,10.7910,/,Harvard Dataverse,2015-01-23,s3://10.7910/DVN/28764,dataset,dataset
54474,DVN/ARFBBO,https://doi.org/10.7910/DVN/ARFBBO,doi,10.7910,/,Harvard Dataverse,2013-01-28,s3://10.7910/DVN/ARFBBO,dataset,dataset
54475,DVN/BMCNEW,https://doi.org/10.7910/DVN/BMCNEW,doi,10.7910,/,Harvard Dataverse,2012-12-13,s3://10.7910/DVN/BMCNEW,dataset,dataset
54476,DVN/DAKKPU,https://doi.org/10.7910/DVN/DAKKPU,doi,10.7910,/,Harvard Dataverse,2013-09-12,s3://10.7910/DVN/DAKKPU,dataset,dataset
54477,DVN/VIVQYS,https://doi.org/10.7910/DVN/VIVQYS,doi,10.7910,/,Harvard Dataverse,2012-02-01,s3://1902.1/17518,dataset,dataset
54479,DVN/NBEKXN,https://doi.org/10.7910/DVN/NBEKXN,doi,10.7910,/,Harvard Dataverse,2013-01-28,s3://10.7910/DVN/NBEKXN,dataset,dataset
54480,DVN/VGZJEM,https://doi.org/10.7910/DVN/VGZJEM,doi,10.7910,/,Harvard Dataverse,2013-03-26,s3://10.7910/DVN/VGZJEM,dataset,dataset
54481,DVN/26402,https://doi.org/10.7910/DVN/26402,doi,10.7910,/,Harvard Dataverse,2014-07-17,s3://10.7910/DVN/26402,dataset,dataset
54482,DVN/26967,https://doi.org/10.7910/DVN/26967,doi,10.7910,/,Harvard Dataverse,2014-08-19,s3://10.7910/DVN/26967,dataset,dataset
54483,DVN/OYVNGX,https://doi.org/10.7910/DVN/OYVNGX,doi,10.7910,/,Harvard Dataverse,2012-10-02,s3://10.7910/DVN/OYVNGX,dataset,dataset
54484,DVN/DLHBZR,https://doi.org/10.7910/DVN/DLHBZR,doi,10.7910,/,Harvard Dataverse,2013-03-18,s3://10.7910/DVN/DLHBZR,dataset,dataset
54485,DVN/7HYIFJ,https://doi.org/10.7910/DVN/7HYIFJ,doi,10.7910,/,Harvard Dataverse,2013-05-13,s3://10.7910/DVN/7HYIFJ,dataset,dataset
54486,DVN/CJM3JS,https://doi.org/10.7910/DVN/CJM3JS,doi,10.7910,/,Harvard Dataverse,2012-08-01,s3://10.7910/DVN/CJM3JS,dataset,dataset
54488,DVN/8H6YSP,https://doi.org/10.7910/DVN/8H6YSP,doi,10.7910,/,Harvard Dataverse,2013-08-14,s3://1902.1/22080,dataset,dataset
54489,DVN/23576,https://doi.org/10.7910/DVN/23576,doi,10.7910,/,Harvard Dataverse,2013-12-03,s3://10.7910/DVN/23576,dataset,dataset
54490,DVN/27893,https://doi.org/10.7910/DVN/27893,doi,10.7910,/,Harvard Dataverse,2014-12-08,s3://10.7910/DVN/27893,dataset,dataset
54491,DVN/ZTC4ND,https://doi.org/10.7910/DVN/ZTC4ND,doi,10.7910,/,Harvard Dataverse,2012-01-19,s3://10.7910/DVN/ZTC4ND,dataset,dataset
54492,DVN/26800,https://doi.org/10.7910/DVN/26800,doi,10.7910,/,Harvard Dataverse,2014-09-26,s3://10.7910/DVN/26800,dataset,dataset
54493,DVN/W5FQL8,https://doi.org/10.7910/DVN/W5FQL8,doi,10.7910,/,Harvard Dataverse,2012-07-19,s3://1902.1/18558,dataset,dataset
54494,DVN/27607,https://doi.org/10.7910/DVN/27607,doi,10.7910,/,Harvard Dataverse,2014-10-17,s3://10.7910/DVN/27607,dataset,dataset
54495,DVN/27523,https://doi.org/10.7910/DVN/27523,doi,10.7910,/,Harvard Dataverse,2014-10-07,s3://10.7910/DVN/27523,dataset,dataset
54496,DVN/24208,https://doi.org/10.7910/DVN/24208,doi,10.7910,/,Harvard Dataverse,2014-01-13,s3://10.7910/DVN/24208,dataset,dataset
54497,DVN/KNTTQB,https://doi.org/10.7910/DVN/KNTTQB,doi,10.7910,/,Harvard Dataverse,2013-05-17,s3://1902.1/21470,dataset,dataset
54498,DVN/28522,https://doi.org/10.7910/DVN/28522,doi,10.7910,/,Harvard Dataverse,2015-01-07,s3://10.7910/DVN/28522,dataset,dataset
54499,DVN/23251,https://doi.org/10.7910/DVN/23251,doi,10.7910,/,Harvard Dataverse,2013-11-12,s3://10.7910/DVN/23251,dataset,dataset
54500,DVN/KC2XE6,https://doi.org/10.7910/DVN/KC2XE6,doi,10.7910,/,Harvard Dataverse,2012-03-19,s3://10.7910/DVN/KC2XE6,dataset,dataset
54501,DVN/27106,https://doi.org/10.7910/DVN/27106,doi,10.7910,/,Harvard Dataverse,2014-11-21,s3://10.7910/DVN/27106,dataset,dataset
54502,DVN/28934,https://doi.org/10.7910/DVN/28934,doi,10.7910,/,Harvard Dataverse,2015-01-30,s3://10.7910/DVN/28934,dataset,dataset
54503,DVN/27304,https://doi.org/10.7910/DVN/27304,doi,10.7910,/,Harvard Dataverse,2014-09-12,s3://10.7910/DVN/27304,dataset,dataset
54504,DVN/45VM4F,https://doi.org/10.7910/DVN/45VM4F,doi,10.7910,/,Harvard Dataverse,2013-04-15,s3://10.7910/DVN/45VM4F,dataset,dataset
54506,DVN/QUSG2J,https://doi.org/10.7910/DVN/QUSG2J,doi,10.7910,/,Harvard Dataverse,2013-04-15,s3://10.7910/DVN/QUSG2J,dataset,dataset
54507,DVN/GIFITM,https://doi.org/10.7910/DVN/GIFITM,doi,10.7910,/,Harvard Dataverse,2013-05-17,s3://10.7910/DVN/GIFITM,dataset,dataset
54508,DVN/FLRRCM,https://doi.org/10.7910/DVN/FLRRCM,doi,10.7910,/,Harvard Dataverse,2013-09-09,s3://10.7910/DVN/FLRRCM,dataset,dataset
54509,DVN/ULGS5H,https://doi.org/10.7910/DVN/ULGS5H,doi,10.7910,/,Harvard Dataverse,2013-08-06,s3://10.7910/DVN/ULGS5H,dataset,dataset
54510,DVN/RQMEJU,https://doi.org/10.7910/DVN/RQMEJU,doi,10.7910,/,Harvard Dataverse,2010-11-23,s3://10.7910/DVN/RQMEJU,dataset,dataset
54511,DVN/26069,https://doi.org/10.7910/DVN/26069,doi,10.7910,/,Harvard Dataverse,2014-05-23,s3://10.7910/DVN/26069,dataset,dataset
54512,DVN/EPCYUL,https://doi.org/10.7910/DVN/EPCYUL,doi,10.7910,/,Harvard Dataverse,2012-08-01,s3://10.7910/DVN/EPCYUL,dataset,dataset
54513,DVN/24130,https://doi.org/10.7910/DVN/24130,doi,10.7910,/,Harvard Dataverse,2014-03-21,s3://10.7910/DVN/24130,dataset,dataset
54514,DVN/28731,https://doi.org/10.7910/DVN/28731,doi,10.7910,/,Harvard Dataverse,2015-01-23,s3://10.7910/DVN/28731,dataset,dataset
54515,DVN/QTUYPD,https://doi.org/10.7910/DVN/QTUYPD,doi,10.7910,/,Harvard Dataverse,2010-11-24,s3://10.7910/DVN/QTUYPD,dataset,dataset
54516,DVN/2MIHB5,https://doi.org/10.7910/DVN/2MIHB5,doi,10.7910,/,Harvard Dataverse,2012-04-23,s3://10.7910/DVN/2MIHB5,dataset,dataset
54517,DVN/UJDNLD,https://doi.org/10.7910/DVN/UJDNLD,doi,10.7910,/,Harvard Dataverse,2012-04-24,s3://1902.1/18049,dataset,dataset
54518,DVN/24203,https://doi.org/10.7910/DVN/24203,doi,10.7910,/,Harvard Dataverse,2014-01-13,s3://10.7910/DVN/24203,dataset,dataset
54519,DVN/27175,https://doi.org/10.7910/DVN/27175,doi,10.7910,/,Harvard Dataverse,2014-09-12,s3://10.7910/DVN/27175,dataset,dataset
54520,DVN/MTQDUN,https://doi.org/10.7910/DVN/MTQDUN,doi,10.7910,/,Harvard Dataverse,2012-03-15,s3://10.7910/DVN/MTQDUN,dataset,dataset
54521,DVN/CWFOFN,https://doi.org/10.7910/DVN/CWFOFN,doi,10.7910,/,Harvard Dataverse,2014-02-06,s3://10.7910/DVN/CWFOFN,dataset,dataset
54522,DVN/IYAMP5,https://doi.org/10.7910/DVN/IYAMP5,doi,10.7910,/,Harvard Dataverse,2012-04-17,s3://10.7910/DVN/IYAMP5,dataset,dataset
54523,DVN/26754,https://doi.org/10.7910/DVN/26754,doi,10.7910,/,Harvard Dataverse,2014-07-24,s3://10.7910/DVN/26754,dataset,dataset
54524,DVN/27301,https://doi.org/10.7910/DVN/27301,doi,10.7910,/,Harvard Dataverse,2014-09-12,s3://10.7910/DVN/27301,dataset,dataset
54525,DVN/87PME7,https://doi.org/10.7910/DVN/87PME7,doi,10.7910,/,Harvard Dataverse,2013-07-24,s3://1902.1/21738,dataset,dataset
54526,DVN/WEARVD,https://doi.org/10.7910/DVN/WEARVD,doi,10.7910,/,Harvard Dataverse,2012-10-02,s3://10.7910/DVN/WEARVD,dataset,dataset
54527,DVN/27186,https://doi.org/10.7910/DVN/27186,doi,10.7910,/,Harvard Dataverse,2014-09-12,s3://10.7910/DVN/27186,dataset,dataset
54528,DVN/MN8XTU,https://doi.org/10.7910/DVN/MN8XTU,doi,10.7910,/,Harvard Dataverse,2012-06-07,s3://1902.1/18042,dataset,dataset
54529,DVN/REST_A_00306,https://doi.org/10.7910/DVN/REST_A_00306,doi,10.7910,/,Harvard Dataverse,2013-11-12,s3://10.7910/DVN/REST_A_00306,dataset,dataset
54530,DVN/25205,https://doi.org/10.7910/DVN/25205,doi,10.7910,/,Harvard Dataverse,2014-03-26,s3://10.7910/DVN/25205,dataset,dataset
54531,DVN/25293,https://doi.org/10.7910/DVN/25293,doi,10.7910,/,Harvard Dataverse,2014-04-02,s3://10.7910/DVN/25293,dataset,dataset
54532,DVN/26894,https://doi.org/10.7910/DVN/26894,doi,10.7910,/,Harvard Dataverse,2014-08-19,s3://10.7910/DVN/26894,dataset,dataset
54533,DVN/23116,https://doi.org/10.7910/DVN/23116,doi,10.7910,/,Harvard Dataverse,2013-11-05,s3://10.7910/DVN/23116,dataset,dataset
54534,DVN/L4DUZ7,https://doi.org/10.7910/DVN/L4DUZ7,doi,10.7910,/,Harvard Dataverse,2011-06-29,s3://10.7910/DVN/L4DUZ7,dataset,dataset
54535,DVN/YE5XZS,https://doi.org/10.7910/DVN/YE5XZS,doi,10.7910,/,Harvard Dataverse,2010-10-19,s3://10.7910/DVN/YE5XZS,dataset,dataset
54536,DVN/EUKMBF,https://doi.org/10.7910/DVN/EUKMBF,doi,10.7910,/,Harvard Dataverse,2012-12-12,s3://10.7910/DVN/EUKMBF,dataset,dataset
54537,DVN/6T1NBL,https://doi.org/10.7910/DVN/6T1NBL,doi,10.7910,/,Harvard Dataverse,2012-07-19,s3://10.7910/DVN/6T1NBL,dataset,dataset
54538,DVN/GKSAJL,https://doi.org/10.7910/DVN/GKSAJL,doi,10.7910,/,Harvard Dataverse,2013-04-05,s3://1902.1/20808,dataset,dataset
54539,DVN/27938,https://doi.org/10.7910/DVN/27938,doi,10.7910,/,Harvard Dataverse,2014-12-01,s3://10.7910/DVN/27938,dataset,dataset
54540,DVN/26993,https://doi.org/10.7910/DVN/26993,doi,10.7910,/,Harvard Dataverse,2014-08-19,s3://10.7910/DVN/26993,dataset,dataset
54541,DVN/PKWF1G,https://doi.org/10.7910/DVN/PKWF1G,doi,10.7910,/,Harvard Dataverse,2010-10-19,s3://10.7910/DVN/PKWF1G,dataset,dataset
54542,DVN/27088,https://doi.org/10.7910/DVN/27088,doi,10.7910,/,Harvard Dataverse,2014-08-19,s3://10.7910/DVN/27088,dataset,dataset
54543,DVN/AAKVGN,https://doi.org/10.7910/DVN/AAKVGN,doi,10.7910,/,Harvard Dataverse,2013-07-24,s3://10.7910/DVN/AAKVGN,dataset,dataset
54544,DVN/27345,https://doi.org/10.7910/DVN/27345,doi,10.7910,/,Harvard Dataverse,2014-09-19,s3://10.7910/DVN/27345,dataset,dataset
54545,DVN/23304,https://doi.org/10.7910/DVN/23304,doi,10.7910,/,Harvard Dataverse,2013-11-14,s3://10.7910/DVN/23304,dataset,dataset
54546,DVN/27017,https://doi.org/10.7910/DVN/27017,doi,10.7910,/,Harvard Dataverse,2014-08-19,s3://10.7910/DVN/27017,dataset,dataset
54547,DVN/7VSTUV,https://doi.org/10.7910/DVN/7VSTUV,doi,10.7910,/,Harvard Dataverse,2012-08-01,s3://10.7910/DVN/7VSTUV,dataset,dataset
54548,DVN/28549,https://doi.org/10.7910/DVN/28549,doi,10.7910,/,Harvard Dataverse,2015-01-07,s3://10.7910/DVN/28549,dataset,dataset
54549,DVN/A3F1TC,https://doi.org/10.7910/DVN/A3F1TC,doi,10.7910,/,Harvard Dataverse,2012-08-01,s3://10.7910/DVN/A3F1TC,dataset,dataset
54550,DVN/X9F0JG,https://doi.org/10.7910/DVN/X9F0JG,doi,10.7910,/,Harvard Dataverse,2011-01-14,s3://10.7910/DVN/X9F0JG,dataset,dataset
54551,DVN/27451,https://doi.org/10.7910/DVN/27451,doi,10.7910,/,Harvard Dataverse,2014-09-29,s3://10.7910/DVN/27451,dataset,dataset
54552,DVN/VYA6CX,https://doi.org/10.7910/DVN/VYA6CX,doi,10.7910,/,Harvard Dataverse,2010-11-23,s3://10.7910/DVN/VYA6CX,dataset,dataset
54553,DVN/SFKPQK,https://doi.org/10.7910/DVN/SFKPQK,doi,10.7910,/,Harvard Dataverse,2012-01-17,s3://1902.1/17419,dataset,dataset
54554,DVN/28592,https://doi.org/10.7910/DVN/28592,doi,10.7910,/,Harvard Dataverse,2015-01-08,s3://10.7910/DVN/28592,dataset,dataset
54555,DVN/28775,https://doi.org/10.7910/DVN/28775,doi,10.7910,/,Harvard Dataverse,2015-01-23,s3://10.7910/DVN/28775,dataset,dataset
54556,DVN/24076,https://doi.org/10.7910/DVN/24076,doi,10.7910,/,Harvard Dataverse,2013-12-23,s3://10.7910/DVN/24076,dataset,dataset
54557,DVN/26059,https://doi.org/10.7910/DVN/26059,doi,10.7910,/,Harvard Dataverse,2014-05-21,s3://10.7910/DVN/26059,dataset,dataset
54558,DVN/SEPVIW,https://doi.org/10.7910/DVN/SEPVIW,doi,10.7910,/,Harvard Dataverse,2012-06-01,s3://10.7910/DVN/SEPVIW,dataset,dataset
54559,DVN/27189,https://doi.org/10.7910/DVN/27189,doi,10.7910,/,Harvard Dataverse,2014-09-05,s3://10.7910/DVN/27189,dataset,dataset
54560,DVN/27289,https://doi.org/10.7910/DVN/27289,doi,10.7910,/,Harvard Dataverse,2014-09-06,s3://10.7910/DVN/27289,dataset,dataset
54561,DVN/26968,https://doi.org/10.7910/DVN/26968,doi,10.7910,/,Harvard Dataverse,2014-08-19,s3://10.7910/DVN/26968,dataset,dataset
54562,DVN/DSCKVC,https://doi.org/10.7910/DVN/DSCKVC,doi,10.7910,/,Harvard Dataverse,2011-03-31,s3://10.7910/DVN/DSCKVC,dataset,dataset
54563,DVN/8WEXYD,https://doi.org/10.7910/DVN/8WEXYD,doi,10.7910,/,Harvard Dataverse,2012-05-09,s3://10.7910/DVN/8WEXYD,dataset,dataset
54564,DVN/GDJZ08,https://doi.org/10.7910/DVN/GDJZ08,doi,10.7910,/,Harvard Dataverse,2013-03-04,s3://10.7910/DVN/GDJZ08,dataset,dataset
54565,DVN/27802,https://doi.org/10.7910/DVN/27802,doi,10.7910,/,Harvard Dataverse,2014-11-14,s3://10.7910/DVN/27802,dataset,dataset
54566,DVN/CTUDHB,https://doi.org/10.7910/DVN/CTUDHB,doi,10.7910,/,Harvard Dataverse,2013-04-05,s3://1902.1/20812,dataset,dataset
54567,DVN/IQQEDX,https://doi.org/10.7910/DVN/IQQEDX,doi,10.7910,/,Harvard Dataverse,2013-08-06,s3://10.7910/DVN/IQQEDX,dataset,dataset
54568,DVN/27513,https://doi.org/10.7910/DVN/27513,doi,10.7910,/,Harvard Dataverse,2014-10-07,s3://10.7910/DVN/27513,dataset,dataset
54569,DVN/PSN1VR,https://doi.org/10.7910/DVN/PSN1VR,doi,10.7910,/,Harvard Dataverse,2012-03-19,s3://10.7910/DVN/PSN1VR,dataset,dataset
54570,DVN/27838,https://doi.org/10.7910/DVN/27838,doi,10.7910,/,Harvard Dataverse,2014-11-18,s3://10.7910/DVN/27838,dataset,dataset
54571,DVN/IE4XVT,https://doi.org/10.7910/DVN/IE4XVT,doi,10.7910,/,Harvard Dataverse,2010-10-19,s3://10.7910/DVN/IE4XVT,dataset,dataset
54572,DVN/26865,https://doi.org/10.7910/DVN/26865,doi,10.7910,/,Harvard Dataverse,2014-07-31,s3://10.7910/DVN/26865,dataset,dataset
54573,DVN/27527,https://doi.org/10.7910/DVN/27527,doi,10.7910,/,Harvard Dataverse,2014-10-07,s3://10.7910/DVN/27527,dataset,dataset
54574,DVN/27521,https://doi.org/10.7910/DVN/27521,doi,10.7910,/,Harvard Dataverse,2014-10-07,s3://10.7910/DVN/27521,dataset,dataset
54575,DVN/NPQUVK,https://doi.org/10.7910/DVN/NPQUVK,doi,10.7910,/,Harvard Dataverse,2012-09-25,s3://10.7910/DVN/NPQUVK,dataset,dataset
54576,DVN/27700,https://doi.org/10.7910/DVN/27700,doi,10.7910,/,Harvard Dataverse,2014-10-28,s3://10.7910/DVN/27700,dataset,dataset
54577,DVN/27031,https://doi.org/10.7910/DVN/27031,doi,10.7910,/,Harvard Dataverse,2014-10-03,s3://10.7910/DVN/27031,dataset,dataset
54578,DVN/24567,https://doi.org/10.7910/DVN/24567,doi,10.7910,/,Harvard Dataverse,2014-01-30,s3://10.7910/DVN/24567,dataset,dataset
54580,DVN/27743,https://doi.org/10.7910/DVN/27743,doi,10.7910,/,Harvard Dataverse,2014-11-07,s3://10.7910/DVN/27743,dataset,dataset
54581,DVN/RF2JAX,https://doi.org/10.7910/DVN/RF2JAX,doi,10.7910,/,Harvard Dataverse,2012-09-14,s3://10.7910/DVN/RF2JAX,dataset,dataset
54582,DVN/14574,https://doi.org/10.7910/DVN/14574,doi,10.7910,/,Harvard Dataverse,2014-04-11,s3://10.7910/DVN/14574,dataset,dataset
54583,DVN/26717,https://doi.org/10.7910/DVN/26717,doi,10.7910,/,Harvard Dataverse,2014-07-17,s3://10.7910/DVN/26717,dataset,dataset
54584,DVN/23078,https://doi.org/10.7910/DVN/23078,doi,10.7910,/,Harvard Dataverse,2013-10-28,s3://10.7910/DVN/23078,dataset,dataset
54585,DVN/FDYBSG,https://doi.org/10.7910/DVN/FDYBSG,doi,10.7910,/,Harvard Dataverse,2013-05-20,s3://10.7910/DVN/FDYBSG,dataset,dataset
54586,DVN/0LCVNZ,https://doi.org/10.7910/DVN/0LCVNZ,doi,10.7910,/,Harvard Dataverse,2012-10-05,s3://1902.1/18913,dataset,dataset
54587,DVN/26180,https://doi.org/10.7910/DVN/26180,doi,10.7910,/,Harvard Dataverse,2014-05-27,s3://10.7910/DVN/26180,dataset,dataset
54588,DVN/24575,https://doi.org/10.7910/DVN/24575,doi,10.7910,/,Harvard Dataverse,2014-02-06,s3://10.7910/DVN/24575,dataset,dataset
54589,DVN/26903,https://doi.org/10.7910/DVN/26903,doi,10.7910,/,Harvard Dataverse,2014-08-04,s3://10.7910/DVN/26903,dataset,dataset
54590,DVN/00234,https://doi.org/10.7910/DVN/00234,doi,10.7910,/,Harvard Dataverse,2014-04-04,s3://10.7910/DVN/00234,dataset,dataset
54591,DVN/LMGLLP,https://doi.org/10.7910/DVN/LMGLLP,doi,10.7910,/,Harvard Dataverse,2012-04-17,s3://10.7910/DVN/LMGLLP,dataset,dataset
54592,DVN/27174,https://doi.org/10.7910/DVN/27174,doi,10.7910,/,Harvard Dataverse,2014-08-25,s3://10.7910/DVN/27174,dataset,dataset
54593,DVN/25123,https://doi.org/10.7910/DVN/25123,doi,10.7910,/,Harvard Dataverse,2014-03-26,s3://10.7910/DVN/25123,dataset,dataset
54594,DVN/8IDRTG,https://doi.org/10.7910/DVN/8IDRTG,doi,10.7910,/,Harvard Dataverse,2013-01-11,s3://10.7910/DVN/8IDRTG,dataset,dataset
54595,DVN/28824,https://doi.org/10.7910/DVN/28824,doi,10.7910,/,Harvard Dataverse,2015-01-30,s3://10.7910/DVN/28824,dataset,dataset
54596,DVN/25093,https://doi.org/10.7910/DVN/25093,doi,10.7910,/,Harvard Dataverse,2014-03-26,s3://10.7910/DVN/25093,dataset,dataset
54597,DVN/24651,https://doi.org/10.7910/DVN/24651,doi,10.7910,/,Harvard Dataverse,2014-02-19,s3://10.7910/DVN/24651,dataset,dataset
54598,DVN/7X7DRM,https://doi.org/10.7910/DVN/7X7DRM,doi,10.7910,/,Harvard Dataverse,2012-08-06,s3://10.7910/DVN/7X7DRM,dataset,dataset
54600,DVN/24300,https://doi.org/10.7910/DVN/24300,doi,10.7910,/,Harvard Dataverse,2014-01-22,s3://10.7910/DVN/24300,dataset,dataset
54601,DVN/HSLWDN,https://doi.org/10.7910/DVN/HSLWDN,doi,10.7910,/,Harvard Dataverse,2012-06-15,s3://10.7910/DVN/HSLWDN,dataset,dataset
54602,DVN/5FNJLN,https://doi.org/10.7910/DVN/5FNJLN,doi,10.7910,/,Harvard Dataverse,2012-05-08,s3://1902.1/18181,dataset,dataset
54603,DVN/C7KPZK,https://doi.org/10.7910/DVN/C7KPZK,doi,10.7910,/,Harvard Dataverse,2012-01-25,s3://10.7910/DVN/C7KPZK,dataset,dataset
54604,DVN/JLCPQB,https://doi.org/10.7910/DVN/JLCPQB,doi,10.7910,/,Harvard Dataverse,2012-03-15,s3://10.7910/DVN/JLCPQB,dataset,dataset
54605,DVN/UCVPTW,https://doi.org/10.7910/DVN/UCVPTW,doi,10.7910,/,Harvard Dataverse,2013-03-26,s3://10.7910/DVN/UCVPTW,dataset,dataset
54606,DVN/HJFWTK,https://doi.org/10.7910/DVN/HJFWTK,doi,10.7910,/,Harvard Dataverse,2012-09-20,s3://10.7910/DVN/HJFWTK,dataset,dataset
54607,DVN/26904,https://doi.org/10.7910/DVN/26904,doi,10.7910,/,Harvard Dataverse,2014-08-19,s3://10.7910/DVN/26904,dataset,dataset
54608,DVN/CFPFGR,https://doi.org/10.7910/DVN/CFPFGR,doi,10.7910,/,Harvard Dataverse,2013-05-30,s3://10.7910/DVN/CFPFGR,dataset,dataset
54609,DVN/28663,https://doi.org/10.7910/DVN/28663,doi,10.7910,/,Harvard Dataverse,2015-01-16,s3://10.7910/DVN/28663,dataset,dataset
54610,DVN/26908,https://doi.org/10.7910/DVN/26908,doi,10.7910,/,Harvard Dataverse,2014-08-19,s3://10.7910/DVN/26908,dataset,dataset
54611,DVN/NNGPMJ,https://doi.org/10.7910/DVN/NNGPMJ,doi,10.7910,/,Harvard Dataverse,2013-01-30,s3://10.7910/DVN/NNGPMJ,dataset,dataset
54612,DVN/OWE9CV,https://doi.org/10.7910/DVN/OWE9CV,doi,10.7910,/,Harvard Dataverse,2012-05-15,s3://10.7910/DVN/OWE9CV,dataset,dataset
54613,DVN/ZSQJOM,https://doi.org/10.7910/DVN/ZSQJOM,doi,10.7910,/,Harvard Dataverse,2012-08-03,s3://10.7910/DVN/ZSQJOM,dataset,dataset
54614,DVN/EBLGOK,https://doi.org/10.7910/DVN/EBLGOK,doi,10.7910,/,Harvard Dataverse,2012-07-19,s3://10.7910/DVN/EBLGOK,dataset,dataset
54615,DVN/26093,https://doi.org/10.7910/DVN/26093,doi,10.7910,/,Harvard Dataverse,2014-05-23,s3://10.7910/DVN/26093,dataset,dataset
54616,DVN/28641,https://doi.org/10.7910/DVN/28641,doi,10.7910,/,Harvard Dataverse,2015-01-23,s3://10.7910/DVN/28641,dataset,dataset
54617,DVN/23186,https://doi.org/10.7910/DVN/23186,doi,10.7910,/,Harvard Dataverse,2013-11-05,s3://10.7910/DVN/23186,dataset,dataset
54618,DVN/YIMOND,https://doi.org/10.7910/DVN/YIMOND,doi,10.7910,/,Harvard Dataverse,2013-02-25,s3://1902.1/20396,dataset,dataset
54619,DVN/27828,https://doi.org/10.7910/DVN/27828,doi,10.7910,/,Harvard Dataverse,2014-12-15,s3://10.7910/DVN/27828,dataset,dataset
54620,DVN/R3PF2F,https://doi.org/10.7910/DVN/R3PF2F,doi,10.7910,/,Harvard Dataverse,2010-08-31,s3://10.7910/DVN/R3PF2F,dataset,dataset
54621,DVN/27117,https://doi.org/10.7910/DVN/27117,doi,10.7910,/,Harvard Dataverse,2014-08-20,s3://10.7910/DVN/27117,dataset,dataset
54622,DVN/WS02O2,https://doi.org/10.7910/DVN/WS02O2,doi,10.7910,/,Harvard Dataverse,2010-09-17,s3://10.7910/DVN/WS02O2,dataset,dataset
54623,DVN/29190,https://doi.org/10.7910/DVN/29190,doi,10.7910,/,Harvard Dataverse,2015-02-23,s3://10.7910/DVN/29190,dataset,dataset
54624,DVN/WF8YEM,https://doi.org/10.7910/DVN/WF8YEM,doi,10.7910,/,Harvard Dataverse,2013-02-28,s3://10.7910/DVN/WF8YEM,dataset,dataset
54625,DVN/JF6UVS,https://doi.org/10.7910/DVN/JF6UVS,doi,10.7910,/,Harvard Dataverse,2010-12-13,s3://10.7910/DVN/JF6UVS,dataset,dataset
54626,DVN/27299,https://doi.org/10.7910/DVN/27299,doi,10.7910,/,Harvard Dataverse,2014-09-09,s3://10.7910/DVN/27299,dataset,dataset
54627,DVN/27037,https://doi.org/10.7910/DVN/27037,doi,10.7910,/,Harvard Dataverse,2014-08-19,s3://10.7910/DVN/27037,dataset,dataset
54628,DVN/27669,https://doi.org/10.7910/DVN/27669,doi,10.7910,/,Harvard Dataverse,2014-10-28,s3://10.7910/DVN/27669,dataset,dataset
54629,DVN/I3VVHM,https://doi.org/10.7910/DVN/I3VVHM,doi,10.7910,/,Harvard Dataverse,2012-08-06,s3://1902.1/18642,dataset,dataset
54630,DVN/26870,https://doi.org/10.7910/DVN/26870,doi,10.7910,/,Harvard Dataverse,2014-07-31,s3://10.7910/DVN/26870,dataset,dataset
54631,DVN/19VCPG,https://doi.org/10.7910/DVN/19VCPG,doi,10.7910,/,Harvard Dataverse,2012-01-17,s3://10.7910/DVN/19VCPG,dataset,dataset
54632,DVN/28406,https://doi.org/10.7910/DVN/28406,doi,10.7910,/,Harvard Dataverse,2015-01-07,s3://10.7910/DVN/28406,dataset,dataset
54633,DVN/22932,https://doi.org/10.7910/DVN/22932,doi,10.7910,/,Harvard Dataverse,2013-10-28,s3://10.7910/DVN/22932,dataset,dataset
54634,DVN/HZ4L3L,https://doi.org/10.7910/DVN/HZ4L3L,doi,10.7910,/,Harvard Dataverse,2013-05-14,s3://10.7910/DVN/HZ4L3L,dataset,dataset
54635,DVN/UJNWFN,https://doi.org/10.7910/DVN/UJNWFN,doi,10.7910,/,Harvard Dataverse,2013-08-28,s3://10.7910/DVN/UJNWFN,dataset,dataset
54636,DVN/26947,https://doi.org/10.7910/DVN/26947,doi,10.7910,/,Harvard Dataverse,2014-08-19,s3://10.7910/DVN/26947,dataset,dataset
54638,DVN/27340,https://doi.org/10.7910/DVN/27340,doi,10.7910,/,Harvard Dataverse,2014-09-19,s3://10.7910/DVN/27340,dataset,dataset
54639,DVN/OJ0B7G,https://doi.org/10.7910/DVN/OJ0B7G,doi,10.7910,/,Harvard Dataverse,2012-04-11,s3://10.7910/DVN/OJ0B7G,dataset,dataset
54640,DVN/29563,https://doi.org/10.7910/DVN/29563,doi,10.7910,/,Harvard Dataverse,2015-03-23,s3://10.7910/DVN/29563,dataset,dataset
54641,DVN/5NWRNW,https://doi.org/10.7910/DVN/5NWRNW,doi,10.7910,/,Harvard Dataverse,2012-05-10,s3://10.7910/DVN/5NWRNW,dataset,dataset
54642,DVN/27757,https://doi.org/10.7910/DVN/27757,doi,10.7910,/,Harvard Dataverse,2014-11-07,s3://10.7910/DVN/27757,dataset,dataset
54643,DVN/GYVBNX,https://doi.org/10.7910/DVN/GYVBNX,doi,10.7910,/,Harvard Dataverse,2011-04-19,s3://10.7910/DVN/GYVBNX,dataset,dataset
54644,DVN/CQQFEJ,https://doi.org/10.7910/DVN/CQQFEJ,doi,10.7910,/,Harvard Dataverse,2010-08-01,s3://1902.1/14896,dataset,dataset
54645,DVN/UW4JV2,https://doi.org/10.7910/DVN/UW4JV2,doi,10.7910,/,Harvard Dataverse,2012-08-03,s3://10.7910/DVN/UW4JV2,dataset,dataset
54646,DVN/24769,https://doi.org/10.7910/DVN/24769,doi,10.7910,/,Harvard Dataverse,2014-02-25,s3://10.7910/DVN/24769,dataset,dataset
54647,DVN/BDZMNG,https://doi.org/10.7910/DVN/BDZMNG,doi,10.7910,/,Harvard Dataverse,2010-08-03,s3://1902.1/14897,dataset,dataset
54648,DVN/25073,https://doi.org/10.7910/DVN/25073,doi,10.7910,/,Harvard Dataverse,2014-03-21,s3://10.7910/DVN/25073,dataset,dataset
54649,DVN/26888,https://doi.org/10.7910/DVN/26888,doi,10.7910,/,Harvard Dataverse,2014-08-04,s3://10.7910/DVN/26888,dataset,dataset
54650,DVN/28699,https://doi.org/10.7910/DVN/28699,doi,10.7910,/,Harvard Dataverse,2015-01-16,s3://10.7910/DVN/28699,dataset,dataset
54651,DVN/27208,https://doi.org/10.7910/DVN/27208,doi,10.7910,/,Harvard Dataverse,2014-09-26,s3://10.7910/DVN/27208,dataset,dataset
54652,DVN/23407,https://doi.org/10.7910/DVN/23407,doi,10.7910,/,Harvard Dataverse,2013-11-21,s3://10.7910/DVN/23407,dataset,dataset
54653,DVN/24180,https://doi.org/10.7910/DVN/24180,doi,10.7910,/,Harvard Dataverse,2014-01-13,s3://10.7910/DVN/24180,dataset,dataset
54654,DVN/QROGX6,https://doi.org/10.7910/DVN/QROGX6,doi,10.7910,/,Harvard Dataverse,2010-11-23,s3://10.7910/DVN/QROGX6,dataset,dataset
54655,DVN/25496,https://doi.org/10.7910/DVN/25496,doi,10.7910,/,Harvard Dataverse,2014-04-11,s3://10.7910/DVN/25496,dataset,dataset
54656,DVN/A9Y8QA,https://doi.org/10.7910/DVN/A9Y8QA,doi,10.7910,/,Harvard Dataverse,2012-12-12,s3://10.7910/DVN/A9Y8QA,dataset,dataset
54657,DVN/CAGFVL,https://doi.org/10.7910/DVN/CAGFVL,doi,10.7910,/,Harvard Dataverse,2013-08-06,s3://1902.1/20657,dataset,dataset
54659,DVN/PCDG7J,https://doi.org/10.7910/DVN/PCDG7J,doi,10.7910,/,Harvard Dataverse,2013-03-14,s3://1902.1/20468,dataset,dataset
54660,DVN/24256,https://doi.org/10.7910/DVN/24256,doi,10.7910,/,Harvard Dataverse,2014-01-22,s3://10.7910/DVN/24256,dataset,dataset
54661,DVN/22853,https://doi.org/10.7910/DVN/22853,doi,10.7910,/,Harvard Dataverse,2014-03-21,s3://10.7910/DVN/22853,dataset,dataset
54662,DVN/4S5EFW,https://doi.org/10.7910/DVN/4S5EFW,doi,10.7910,/,Harvard Dataverse,2013-09-09,s3://10.7910/DVN/4S5EFW,dataset,dataset
54663,DVN/27467,https://doi.org/10.7910/DVN/27467,doi,10.7910,/,Harvard Dataverse,2014-09-30,s3://10.7910/DVN/27467,dataset,dataset
54664,DVN/1AJV3A,https://doi.org/10.7910/DVN/1AJV3A,doi,10.7910,/,Harvard Dataverse,2012-12-12,s3://10.7910/DVN/1AJV3A,dataset,dataset
54665,DVN/L8XQAH,https://doi.org/10.7910/DVN/L8XQAH,doi,10.7910,/,Harvard Dataverse,2012-01-13,s3://10.7910/DVN/L8XQAH,dataset,dataset
54666,DVN/27326,https://doi.org/10.7910/DVN/27326,doi,10.7910,/,Harvard Dataverse,2014-09-12,s3://10.7910/DVN/27326,dataset,dataset
54667,DVN/27184,https://doi.org/10.7910/DVN/27184,doi,10.7910,/,Harvard Dataverse,2014-09-12,s3://10.7910/DVN/27184,dataset,dataset
54668,DVN/W5DZAJ,https://doi.org/10.7910/DVN/W5DZAJ,doi,10.7910,/,Harvard Dataverse,2013-03-06,s3://10.7910/DVN/W5DZAJ,dataset,dataset
54669,DVN/28390,https://doi.org/10.7910/DVN/28390,doi,10.7910,/,Harvard Dataverse,2014-12-19,s3://10.7910/DVN/28390,dataset,dataset
54670,DVN/SPDQZR,https://doi.org/10.7910/DVN/SPDQZR,doi,10.7910,/,Harvard Dataverse,2013-05-29,s3://10.7910/DVN/SPDQZR,dataset,dataset
54671,DVN/WYFVVN,https://doi.org/10.7910/DVN/WYFVVN,doi,10.7910,/,Harvard Dataverse,2013-02-28,s3://1902.1/20431,dataset,dataset
54672,DVN/27281,https://doi.org/10.7910/DVN/27281,doi,10.7910,/,Harvard Dataverse,2014-09-12,s3://10.7910/DVN/27281,dataset,dataset
54673,DVN/KY4VCO,https://doi.org/10.7910/DVN/KY4VCO,doi,10.7910,/,Harvard Dataverse,2012-06-20,s3://10.7910/DVN/KY4VCO,dataset,dataset
54674,DVN/24223,https://doi.org/10.7910/DVN/24223,doi,10.7910,/,Harvard Dataverse,2014-01-13,s3://10.7910/DVN/24223,dataset,dataset
54675,DVN/5RWA8I,https://doi.org/10.7910/DVN/5RWA8I,doi,10.7910,/,Harvard Dataverse,2013-01-11,s3://10.7910/DVN/5RWA8I,dataset,dataset
54676,DVN/HQZEMA,https://doi.org/10.7910/DVN/HQZEMA,doi,10.7910,/,Harvard Dataverse,2012-04-11,s3://10.7910/DVN/HQZEMA,dataset,dataset
54677,DVN/9AVJ61,https://doi.org/10.7910/DVN/9AVJ61,doi,10.7910,/,Harvard Dataverse,2011-01-14,s3://10.7910/DVN/9AVJ61,dataset,dataset
54678,DVN/M8FCSU,https://doi.org/10.7910/DVN/M8FCSU,doi,10.7910,/,Harvard Dataverse,2011-04-19,s3://10.7910/DVN/M8FCSU,dataset,dataset
54679,DVN/26954,https://doi.org/10.7910/DVN/26954,doi,10.7910,/,Harvard Dataverse,2014-09-26,s3://10.7910/DVN/26954,dataset,dataset
54680,DVN/27294,https://doi.org/10.7910/DVN/27294,doi,10.7910,/,Harvard Dataverse,2014-09-08,s3://10.7910/DVN/27294,dataset,dataset
54681,DVN/OWLEH3,https://doi.org/10.7910/DVN/OWLEH3,doi,10.7910,/,Harvard Dataverse,2012-10-02,s3://10.7910/DVN/OWLEH3,dataset,dataset
54682,DVN/BPUZG1,https://doi.org/10.7910/DVN/BPUZG1,doi,10.7910,/,Harvard Dataverse,2012-08-08,s3://10.7910/DVN/BPUZG1,dataset,dataset
54683,DVN/7XP4A7,https://doi.org/10.7910/DVN/7XP4A7,doi,10.7910,/,Harvard Dataverse,2013-07-24,s3://10.7910/DVN/7XP4A7,dataset,dataset
54684,DVN/28100,https://doi.org/10.7910/DVN/28100,doi,10.7910,/,Harvard Dataverse,2014-12-12,s3://10.7910/DVN/28100,dataset,dataset
54685,DVN/0IIHRH,https://doi.org/10.7910/DVN/0IIHRH,doi,10.7910,/,Harvard Dataverse,2012-01-13,s3://10.7910/DVN/0IIHRH,dataset,dataset
54686,DVN/A0LV0A,https://doi.org/10.7910/DVN/A0LV0A,doi,10.7910,/,Harvard Dataverse,2013-03-14,s3://10.7910/DVN/A0LV0A,dataset,dataset
54687,DVN/29906,https://doi.org/10.7910/DVN/29906,doi,10.7910,/,Harvard Dataverse,2015-04-09,s3://10.7910/DVN/29906,dataset,dataset
54688,DVN/CP8KOU,https://doi.org/10.7910/DVN/CP8KOU,doi,10.7910,/,Harvard Dataverse,2013-06-12,s3://1902.1/21612,dataset,dataset
54689,DVN/27249,https://doi.org/10.7910/DVN/27249,doi,10.7910,/,Harvard Dataverse,2014-09-12,s3://10.7910/DVN/27249,dataset,dataset
54690,DVN/27409,https://doi.org/10.7910/DVN/27409,doi,10.7910,/,Harvard Dataverse,2014-09-29,s3://10.7910/DVN/27409,dataset,dataset
54691,DVN/28269,https://doi.org/10.7910/DVN/28269,doi,10.7910,/,Harvard Dataverse,2014-12-19,s3://10.7910/DVN/28269,dataset,dataset
54692,DVN/SPRN0C,https://doi.org/10.7910/DVN/SPRN0C,doi,10.7910,/,Harvard Dataverse,2010-11-23,s3://10.7910/DVN/SPRN0C,dataset,dataset
54693,DVN/27780,https://doi.org/10.7910/DVN/27780,doi,10.7910,/,Harvard Dataverse,2014-11-10,s3://10.7910/DVN/27780,dataset,dataset
54694,DVN/28639,https://doi.org/10.7910/DVN/28639,doi,10.7910,/,Harvard Dataverse,2015-03-26,s3://10.7910/DVN/28639,dataset,dataset
54695,DVN/YVDYXQ,https://doi.org/10.7910/DVN/YVDYXQ,doi,10.7910,/,Harvard Dataverse,2012-08-03,s3://1902.1/18624,dataset,dataset
54696,DVN/27664,https://doi.org/10.7910/DVN/27664,doi,10.7910,/,Harvard Dataverse,2015-03-16,s3://10.7910/DVN/27664,dataset,dataset
54697,DVN/22801,https://doi.org/10.7910/DVN/22801,doi,10.7910,/,Harvard Dataverse,2013-10-17,s3://10.7910/DVN/22801,dataset,dataset
54698,DVN/A35WXZ,https://doi.org/10.7910/DVN/A35WXZ,doi,10.7910,/,Harvard Dataverse,2012-08-14,s3://10.7910/DVN/A35WXZ,dataset,dataset
54699,DVN/23493,https://doi.org/10.7910/DVN/23493,doi,10.7910,/,Harvard Dataverse,2013-12-03,s3://10.7910/DVN/23493,dataset,dataset
54700,DVN/BWV3OD,https://doi.org/10.7910/DVN/BWV3OD,doi,10.7910,/,Harvard Dataverse,2013-08-21,s3://10.7910/DVN/BWV3OD,dataset,dataset
54701,DVN/IZA0UB,https://doi.org/10.7910/DVN/IZA0UB,doi,10.7910,/,Harvard Dataverse,2011-01-14,s3://10.7910/DVN/IZA0UB,dataset,dataset
54703,DVN/GF6QDS,https://doi.org/10.7910/DVN/GF6QDS,doi,10.7910,/,Harvard Dataverse,2013-09-10,s3://10.7910/DVN/GF6QDS,dataset,dataset
54704,DVN/LCEITG,https://doi.org/10.7910/DVN/LCEITG,doi,10.7910,/,Harvard Dataverse,2012-02-01,s3://10.7910/DVN/LCEITG,dataset,dataset
54705,DVN/26953,https://doi.org/10.7910/DVN/26953,doi,10.7910,/,Harvard Dataverse,2014-09-24,s3://10.7910/DVN/26953,dataset,dataset
54706,DVN/ZKNTUA,https://doi.org/10.7910/DVN/ZKNTUA,doi,10.7910,/,Harvard Dataverse,2013-07-24,s3://1902.1/21827,dataset,dataset
54707,DVN/27408,https://doi.org/10.7910/DVN/27408,doi,10.7910,/,Harvard Dataverse,2015-01-23,s3://10.7910/DVN/27408,dataset,dataset
54708,DVN/26565,https://doi.org/10.7910/DVN/26565,doi,10.7910,/,Harvard Dataverse,2014-07-17,s3://10.7910/DVN/26565,dataset,dataset
54709,DVN/RSGV4Q,https://doi.org/10.7910/DVN/RSGV4Q,doi,10.7910,/,Harvard Dataverse,2012-12-13,s3://10.7910/DVN/RSGV4Q,dataset,dataset
54710,DVN/REST_A_00267,https://doi.org/10.7910/DVN/REST_A_00267,doi,10.7910,/,Harvard Dataverse,2013-11-14,s3://10.7910/DVN/REST_A_00267,dataset,dataset
54711,DVN/27110,https://doi.org/10.7910/DVN/27110,doi,10.7910,/,Harvard Dataverse,2014-08-25,s3://10.7910/DVN/27110,dataset,dataset
54712,DVN/27437,https://doi.org/10.7910/DVN/27437,doi,10.7910,/,Harvard Dataverse,2014-09-26,s3://10.7910/DVN/27437,dataset,dataset
54713,DVN/26733,https://doi.org/10.7910/DVN/26733,doi,10.7910,/,Harvard Dataverse,2014-07-24,s3://10.7910/DVN/26733,dataset,dataset
54714,DVN/VEHPPS,https://doi.org/10.7910/DVN/VEHPPS,doi,10.7910,/,Harvard Dataverse,2012-03-15,s3://10.7910/DVN/VEHPPS,dataset,dataset
54715,DVN/SHRAOL,https://doi.org/10.7910/DVN/SHRAOL,doi,10.7910,/,Harvard Dataverse,2013-01-28,s3://10.7910/DVN/SHRAOL,dataset,dataset
54716,DVN/XXREKE,https://doi.org/10.7910/DVN/XXREKE,doi,10.7910,/,Harvard Dataverse,2012-12-13,s3://10.7910/DVN/XXREKE,dataset,dataset
54717,DVN/JCICCX,https://doi.org/10.7910/DVN/JCICCX,doi,10.7910,/,Harvard Dataverse,2012-09-14,s3://10.7910/DVN/JCICCX,dataset,dataset
54718,DVN/GUMZTY,https://doi.org/10.7910/DVN/GUMZTY,doi,10.7910,/,Harvard Dataverse,2012-06-01,s3://10.7910/DVN/GUMZTY,dataset,dataset
54719,DVN/XS4UKI,https://doi.org/10.7910/DVN/XS4UKI,doi,10.7910,/,Harvard Dataverse,2012-03-19,s3://10.7910/DVN/XS4UKI,dataset,dataset
54720,DVN/25506,https://doi.org/10.7910/DVN/25506,doi,10.7910,/,Harvard Dataverse,2014-04-23,s3://10.7910/DVN/25506,dataset,dataset
54721,DVN/DRY8IV,https://doi.org/10.7910/DVN/DRY8IV,doi,10.7910,/,Harvard Dataverse,2012-08-03,s3://1902.1/18614,dataset,dataset
54722,DVN/HQLI7W,https://doi.org/10.7910/DVN/HQLI7W,doi,10.7910,/,Harvard Dataverse,2012-05-10,s3://10.7910/DVN/HQLI7W,dataset,dataset
54723,DVN/27159,https://doi.org/10.7910/DVN/27159,doi,10.7910,/,Harvard Dataverse,2014-08-25,s3://10.7910/DVN/27159,dataset,dataset
54724,DVN/RTLK44,https://doi.org/10.7910/DVN/RTLK44,doi,10.7910,/,Harvard Dataverse,2013-08-21,s3://10.7910/DVN/RTLK44,dataset,dataset
54725,DVN/27474,https://doi.org/10.7910/DVN/27474,doi,10.7910,/,Harvard Dataverse,2014-10-03,s3://10.7910/DVN/27474,dataset,dataset
54726,DVN/27065,https://doi.org/10.7910/DVN/27065,doi,10.7910,/,Harvard Dataverse,2014-08-19,s3://10.7910/DVN/27065,dataset,dataset
54727,DVN/27337,https://doi.org/10.7910/DVN/27337,doi,10.7910,/,Harvard Dataverse,2014-09-19,s3://10.7910/DVN/27337,dataset,dataset
54728,DVN/B0Z5VT,https://doi.org/10.7910/DVN/B0Z5VT,doi,10.7910,/,Harvard Dataverse,2011-01-14,s3://10.7910/DVN/B0Z5VT,dataset,dataset
54729,DVN/29557,https://doi.org/10.7910/DVN/29557,doi,10.7910,/,Harvard Dataverse,2015-03-23,s3://10.7910/DVN/29557,dataset,dataset
54730,DVN/26769,https://doi.org/10.7910/DVN/26769,doi,10.7910,/,Harvard Dataverse,2014-07-24,s3://10.7910/DVN/26769,dataset,dataset
54731,DVN/U6Q9LR,https://doi.org/10.7910/DVN/U6Q9LR,doi,10.7910,/,Harvard Dataverse,2012-05-30,s3://10.7910/DVN/U6Q9LR,dataset,dataset
54732,DVN/HVX2YP,https://doi.org/10.7910/DVN/HVX2YP,doi,10.7910,/,Harvard Dataverse,2012-08-03,s3://10.7910/DVN/HVX2YP,dataset,dataset
54733,DVN/FA5NPP,https://doi.org/10.7910/DVN/FA5NPP,doi,10.7910,/,Harvard Dataverse,2012-01-17,s3://10.7910/DVN/FA5NPP,dataset,dataset
54734,DVN/Y9R8SF,https://doi.org/10.7910/DVN/Y9R8SF,doi,10.7910,/,Harvard Dataverse,2012-05-10,s3://1902.1/18184,dataset,dataset
54735,DVN/OYARM2,https://doi.org/10.7910/DVN/OYARM2,doi,10.7910,/,Harvard Dataverse,2010-09-17,s3://10.7910/DVN/OYARM2,dataset,dataset
54736,DVN/MOTPKF,https://doi.org/10.7910/DVN/MOTPKF,doi,10.7910,/,Harvard Dataverse,2012-04-11,s3://10.7910/DVN/MOTPKF,dataset,dataset
54737,DVN/R81HSK,https://doi.org/10.7910/DVN/R81HSK,doi,10.7910,/,Harvard Dataverse,2012-01-17,s3://1902.1/17426,dataset,dataset
54738,DVN/FVLZUU,https://doi.org/10.7910/DVN/FVLZUU,doi,10.7910,/,Harvard Dataverse,2013-01-14,s3://10.7910/DVN/FVLZUU,dataset,dataset
54739,DVN/QXMPBS,https://doi.org/10.7910/DVN/QXMPBS,doi,10.7910,/,Harvard Dataverse,2012-01-13,s3://10.7910/DVN/QXMPBS,dataset,dataset
54740,DVN/24305,https://doi.org/10.7910/DVN/24305,doi,10.7910,/,Harvard Dataverse,2014-01-22,s3://10.7910/DVN/24305,dataset,dataset
54741,DVN/29187,https://doi.org/10.7910/DVN/29187,doi,10.7910,/,Harvard Dataverse,2015-03-06,s3://10.7910/DVN/29187,dataset,dataset
54742,DVN/25085,https://doi.org/10.7910/DVN/25085,doi,10.7910,/,Harvard Dataverse,2014-03-26,s3://10.7910/DVN/25085,dataset,dataset
54743,DVN/FK9E3J,https://doi.org/10.7910/DVN/FK9E3J,doi,10.7910,/,Harvard Dataverse,2012-01-17,s3://10.7910/DVN/FK9E3J,dataset,dataset
54744,DVN/5I6Z2C,https://doi.org/10.7910/DVN/5I6Z2C,doi,10.7910,/,Harvard Dataverse,2011-03-31,s3://10.7910/DVN/5I6Z2C,dataset,dataset
54745,DVN/22906,https://doi.org/10.7910/DVN/22906,doi,10.7910,/,Harvard Dataverse,2013-10-28,s3://10.7910/DVN/22906,dataset,dataset
54746,DVN/CVK22Q,https://doi.org/10.7910/DVN/CVK22Q,doi,10.7910,/,Harvard Dataverse,2013-03-14,s3://10.7910/DVN/CVK22Q,dataset,dataset
54747,DVN/4BCJHN,https://doi.org/10.7910/DVN/4BCJHN,doi,10.7910,/,Harvard Dataverse,2012-08-22,s3://10.7910/DVN/4BCJHN,dataset,dataset
54748,DVN/27349,https://doi.org/10.7910/DVN/27349,doi,10.7910,/,Harvard Dataverse,2014-09-19,s3://10.7910/DVN/27349,dataset,dataset
54749,DVN/X8C3CO,https://doi.org/10.7910/DVN/X8C3CO,doi,10.7910,/,Harvard Dataverse,2013-05-13,s3://10.7910/DVN/X8C3CO,dataset,dataset
54750,DVN/26042,https://doi.org/10.7910/DVN/26042,doi,10.7910,/,Harvard Dataverse,2014-05-21,s3://10.7910/DVN/26042,dataset,dataset
54751,DVN/CHSHK7,https://doi.org/10.7910/DVN/CHSHK7,doi,10.7910,/,Harvard Dataverse,2012-08-03,s3://10.7910/DVN/CHSHK7,dataset,dataset
54752,DVN/0MLOGV,https://doi.org/10.7910/DVN/0MLOGV,doi,10.7910,/,Harvard Dataverse,2013-09-12,s3://10.7910/DVN/0MLOGV,dataset,dataset
54753,DVN/YCHH9G,https://doi.org/10.7910/DVN/YCHH9G,doi,10.7910,/,Harvard Dataverse,2012-01-19,s3://1902.1/17454,dataset,dataset
54754,DVN/AXVXMI,https://doi.org/10.7910/DVN/AXVXMI,doi,10.7910,/,Harvard Dataverse,2013-01-14,s3://10.7910/DVN/AXVXMI,dataset,dataset
54755,DVN/QCJE5B,https://doi.org/10.7910/DVN/QCJE5B,doi,10.7910,/,Harvard Dataverse,2013-06-12,s3://10.7910/DVN/QCJE5B,dataset,dataset
54757,DVN/MJCDBS,https://doi.org/10.7910/DVN/MJCDBS,doi,10.7910,/,Harvard Dataverse,2012-01-17,s3://10.7910/DVN/MJCDBS,dataset,dataset
54758,DVN/27842,https://doi.org/10.7910/DVN/27842,doi,10.7910,/,Harvard Dataverse,2014-11-21,s3://10.7910/DVN/27842,dataset,dataset
54759,DVN/EYRYZQ,https://doi.org/10.7910/DVN/EYRYZQ,doi,10.7910,/,Harvard Dataverse,2013-08-28,s3://10.7910/DVN/EYRYZQ,dataset,dataset
54760,DVN/GPZAMC,https://doi.org/10.7910/DVN/GPZAMC,doi,10.7910,/,Harvard Dataverse,2012-05-30,s3://10.7910/DVN/GPZAMC,dataset,dataset
54761,DVN/QKCHYM,https://doi.org/10.7910/DVN/QKCHYM,doi,10.7910,/,Harvard Dataverse,2013-01-11,s3://10.7910/DVN/QKCHYM,dataset,dataset
54762,DVN/GCBK24,https://doi.org/10.7910/DVN/GCBK24,doi,10.7910,/,Harvard Dataverse,2012-03-15,s3://1902.1/17767,dataset,dataset
54763,DVN/28810,https://doi.org/10.7910/DVN/28810,doi,10.7910,/,Harvard Dataverse,2015-01-26,s3://10.7910/DVN/28810,dataset,dataset
54764,DVN/THGHFB,https://doi.org/10.7910/DVN/THGHFB,doi,10.7910,/,Harvard Dataverse,2013-03-26,s3://10.7910/DVN/THGHFB,dataset,dataset
54766,DVN/27059,https://doi.org/10.7910/DVN/27059,doi,10.7910,/,Harvard Dataverse,2014-08-19,s3://10.7910/DVN/27059,dataset,dataset
54767,DVN/28817,https://doi.org/10.7910/DVN/28817,doi,10.7910,/,Harvard Dataverse,2015-01-26,s3://10.7910/DVN/28817,dataset,dataset
54768,DVN/26312,https://doi.org/10.7910/DVN/26312,doi,10.7910,/,Harvard Dataverse,2014-07-17,s3://10.7910/DVN/26312,dataset,dataset
54769,DVN/28627,https://doi.org/10.7910/DVN/28627,doi,10.7910,/,Harvard Dataverse,2015-01-12,s3://10.7910/DVN/28627,dataset,dataset
54770,DVN/LK5Z6Z,https://doi.org/10.7910/DVN/LK5Z6Z,doi,10.7910,/,Harvard Dataverse,2013-08-14,s3://10.7910/DVN/LK5Z6Z,dataset,dataset
54771,DVN/27665,https://doi.org/10.7910/DVN/27665,doi,10.7910,/,Harvard Dataverse,2014-10-28,s3://10.7910/DVN/27665,dataset,dataset
54772,DVN/27070,https://doi.org/10.7910/DVN/27070,doi,10.7910,/,Harvard Dataverse,2014-08-19,s3://10.7910/DVN/27070,dataset,dataset
54773,DVN/28235,https://doi.org/10.7910/DVN/28235,doi,10.7910,/,Harvard Dataverse,2014-12-19,s3://10.7910/DVN/28235,dataset,dataset
54774,DVN/26798,https://doi.org/10.7910/DVN/26798,doi,10.7910,/,Harvard Dataverse,2014-07-24,s3://10.7910/DVN/26798,dataset,dataset
54775,DVN/26247,https://doi.org/10.7910/DVN/26247,doi,10.7910,/,Harvard Dataverse,2014-07-17,s3://10.7910/DVN/26247,dataset,dataset
54776,DVN/DXYJK9,https://doi.org/10.7910/DVN/DXYJK9,doi,10.7910,/,Harvard Dataverse,2012-04-13,s3://10.7910/DVN/DXYJK9,dataset,dataset
54777,DVN/SFUKMW,https://doi.org/10.7910/DVN/SFUKMW,doi,10.7910,/,Harvard Dataverse,2012-05-09,s3://10.7910/DVN/SFUKMW,dataset,dataset
54778,DVN/AWBBBD,https://doi.org/10.7910/DVN/AWBBBD,doi,10.7910,/,Harvard Dataverse,2012-05-14,s3://10.7910/DVN/AWBBBD,dataset,dataset
54779,DVN/24762,https://doi.org/10.7910/DVN/24762,doi,10.7910,/,Harvard Dataverse,2014-02-20,s3://10.7910/DVN/24762,dataset,dataset
54780,DVN/26803,https://doi.org/10.7910/DVN/26803,doi,10.7910,/,Harvard Dataverse,2014-07-31,s3://10.7910/DVN/26803,dataset,dataset
54781,DVN/FMPXWB,https://doi.org/10.7910/DVN/FMPXWB,doi,10.7910,/,Harvard Dataverse,2012-10-02,s3://10.7910/DVN/FMPXWB,dataset,dataset
54782,DVN/X5ZCTK,https://doi.org/10.7910/DVN/X5ZCTK,doi,10.7910,/,Harvard Dataverse,2013-09-05,s3://10.7910/DVN/X5ZCTK,dataset,dataset
54783,DVN/JDYHHQ,https://doi.org/10.7910/DVN/JDYHHQ,doi,10.7910,/,Harvard Dataverse,2013-03-26,s3://10.7910/DVN/JDYHHQ,dataset,dataset
54784,DVN/CAA4Z6,https://doi.org/10.7910/DVN/CAA4Z6,doi,10.7910,/,Harvard Dataverse,2012-08-14,s3://10.7910/DVN/CAA4Z6,dataset,dataset
54785,DVN/VIHWTY,https://doi.org/10.7910/DVN/VIHWTY,doi,10.7910,/,Harvard Dataverse,2012-05-23,s3://10.7910/DVN/VIHWTY,dataset,dataset
54786,DVN/24588,https://doi.org/10.7910/DVN/24588,doi,10.7910,/,Harvard Dataverse,2014-02-06,s3://10.7910/DVN/24588,dataset,dataset
54787,DVN/7W6GFB,https://doi.org/10.7910/DVN/7W6GFB,doi,10.7910,/,Harvard Dataverse,2012-08-03,s3://10.7910/DVN/7W6GFB,dataset,dataset
54788,DVN/28051,https://doi.org/10.7910/DVN/28051,doi,10.7910,/,Harvard Dataverse,2014-12-08,s3://10.7910/DVN/28051,dataset,dataset
54789,DVN/YJ3QDZ,https://doi.org/10.7910/DVN/YJ3QDZ,doi,10.7910,/,Harvard Dataverse,2010-12-13,s3://10.7910/DVN/YJ3QDZ,dataset,dataset
54790,DVN/27831,https://doi.org/10.7910/DVN/27831,doi,10.7910,/,Harvard Dataverse,2015-11-13,s3://10.7910/DVN/27831,dataset,dataset
54791,DVN/28521,https://doi.org/10.7910/DVN/28521,doi,10.7910,/,Harvard Dataverse,2015-01-12,s3://10.7910/DVN/28521,dataset,dataset
54792,DVN/29224,https://doi.org/10.7910/DVN/29224,doi,10.7910,/,Harvard Dataverse,2015-03-13,s3://10.7910/DVN/29224,dataset,dataset
54793,DVN/22817,https://doi.org/10.7910/DVN/22817,doi,10.7910,/,Harvard Dataverse,2014-01-30,s3://10.7910/DVN/22817,dataset,dataset
54794,DVN/27514,https://doi.org/10.7910/DVN/27514,doi,10.7910,/,Harvard Dataverse,2014-10-07,s3://10.7910/DVN/27514,dataset,dataset
54795,DVN/PSSAC6,https://doi.org/10.7910/DVN/PSSAC6,doi,10.7910,/,Harvard Dataverse,2012-10-02,s3://10.7910/DVN/PSSAC6,dataset,dataset
54796,DVN/HTQ5KB,https://doi.org/10.7910/DVN/HTQ5KB,doi,10.7910,/,Harvard Dataverse,2013-01-11,s3://10.7910/DVN/HTQ5KB,dataset,dataset
54797,DVN/24705,https://doi.org/10.7910/DVN/24705,doi,10.7910,/,Harvard Dataverse,2014-02-19,s3://10.7910/DVN/24705,dataset,dataset
54798,DVN/YWGKFQ,https://doi.org/10.7910/DVN/YWGKFQ,doi,10.7910,/,Harvard Dataverse,2012-09-21,s3://10.7910/DVN/YWGKFQ,dataset,dataset
54799,DVN/HP5OV8,https://doi.org/10.7910/DVN/HP5OV8,doi,10.7910,/,Harvard Dataverse,2012-05-30,s3://10.7910/DVN/HP5OV8,dataset,dataset
54800,DVN/5TNQIV,https://doi.org/10.7910/DVN/5TNQIV,doi,10.7910,/,Harvard Dataverse,2010-12-13,s3://10.7910/DVN/5TNQIV,dataset,dataset
54801,DVN/DWOALN,https://doi.org/10.7910/DVN/DWOALN,doi,10.7910,/,Harvard Dataverse,2012-06-15,s3://10.7910/DVN/DWOALN,dataset,dataset
54802,DVN/27431,https://doi.org/10.7910/DVN/27431,doi,10.7910,/,Harvard Dataverse,2014-10-03,s3://10.7910/DVN/27431,dataset,dataset
54803,DVN/27397,https://doi.org/10.7910/DVN/27397,doi,10.7910,/,Harvard Dataverse,2014-09-26,s3://10.7910/DVN/27397,dataset,dataset
54804,DVN/27102,https://doi.org/10.7910/DVN/27102,doi,10.7910,/,Harvard Dataverse,2014-08-19,s3://10.7910/DVN/27102,dataset,dataset
54805,DVN/27435,https://doi.org/10.7910/DVN/27435,doi,10.7910,/,Harvard Dataverse,2014-09-26,s3://10.7910/DVN/27435,dataset,dataset
54806,DVN/52DR9T,https://doi.org/10.7910/DVN/52DR9T,doi,10.7910,/,Harvard Dataverse,2010-08-31,s3://10.7910/DVN/52DR9T,dataset,dataset
54807,DVN/WXTJVB,https://doi.org/10.7910/DVN/WXTJVB,doi,10.7910,/,Harvard Dataverse,2013-01-14,s3://10.7910/DVN/WXTJVB,dataset,dataset
54808,DVN/28325,https://doi.org/10.7910/DVN/28325,doi,10.7910,/,Harvard Dataverse,2014-12-19,s3://10.7910/DVN/28325,dataset,dataset
54809,DVN/24587,https://doi.org/10.7910/DVN/24587,doi,10.7910,/,Harvard Dataverse,2014-04-02,s3://10.7910/DVN/24587,dataset,dataset
54810,DVN/B3KR8A,https://doi.org/10.7910/DVN/B3KR8A,doi,10.7910,/,Harvard Dataverse,2013-05-17,s3://10.7910/DVN/B3KR8A,dataset,dataset
54811,DVN/4BJC20,https://doi.org/10.7910/DVN/4BJC20,doi,10.7910,/,Harvard Dataverse,2013-05-22,s3://10.7910/DVN/4BJC20,dataset,dataset
54812,DVN/KL5ROP,https://doi.org/10.7910/DVN/KL5ROP,doi,10.7910,/,Harvard Dataverse,2012-10-02,s3://10.7910/DVN/KL5ROP,dataset,dataset
54813,DVN/RR4AYC,https://doi.org/10.7910/DVN/RR4AYC,doi,10.7910,/,Harvard Dataverse,2012-06-01,s3://1902.1/18257,dataset,dataset
54814,DVN/27103,https://doi.org/10.7910/DVN/27103,doi,10.7910,/,Harvard Dataverse,2014-08-19,s3://10.7910/DVN/27103,dataset,dataset
54815,DVN/23002,https://doi.org/10.7910/DVN/23002,doi,10.7910,/,Harvard Dataverse,2013-10-28,s3://10.7910/DVN/23002,dataset,dataset
54816,DVN/7LBCWR,https://doi.org/10.7910/DVN/7LBCWR,doi,10.7910,/,Harvard Dataverse,2012-01-17,s3://10.7910/DVN/7LBCWR,dataset,dataset
54817,DVN/8PX4XD,https://doi.org/10.7910/DVN/8PX4XD,doi,10.7910,/,Harvard Dataverse,2012-08-17,s3://10.7910/DVN/8PX4XD,dataset,dataset
54818,DVN/25391,https://doi.org/10.7910/DVN/25391,doi,10.7910,/,Harvard Dataverse,2014-04-25,s3://10.7910/DVN/25391,dataset,dataset
54819,DVN/MNDIPW,https://doi.org/10.7910/DVN/MNDIPW,doi,10.7910,/,Harvard Dataverse,2013-09-30,s3://10.7910/DVN/MNDIPW,dataset,dataset
54820,DVN/27205,https://doi.org/10.7910/DVN/27205,doi,10.7910,/,Harvard Dataverse,2014-09-02,s3://10.7910/DVN/27205,dataset,dataset
54821,DVN/29144,https://doi.org/10.7910/DVN/29144,doi,10.7910,/,Harvard Dataverse,2015-03-04,s3://10.7910/DVN/29144,dataset,dataset
54822,DVN/27087,https://doi.org/10.7910/DVN/27087,doi,10.7910,/,Harvard Dataverse,2014-08-19,s3://10.7910/DVN/27087,dataset,dataset
54823,DVN/6YYDOQ,https://doi.org/10.7910/DVN/6YYDOQ,doi,10.7910,/,Harvard Dataverse,2012-10-03,s3://1902.1/17427,dataset,dataset
54824,DVN/26898,https://doi.org/10.7910/DVN/26898,doi,10.7910,/,Harvard Dataverse,2014-08-11,s3://10.7910/DVN/26898,dataset,dataset
54825,DVN/SOLDNK,https://doi.org/10.7910/DVN/SOLDNK,doi,10.7910,/,Harvard Dataverse,2012-01-13,s3://10.7910/DVN/SOLDNK,dataset,dataset
54826,DVN/RW3KS5,https://doi.org/10.7910/DVN/RW3KS5,doi,10.7910,/,Harvard Dataverse,2013-01-14,s3://1902.1/19787,dataset,dataset
54827,DVN/28943,https://doi.org/10.7910/DVN/28943,doi,10.7910,/,Harvard Dataverse,2015-01-30,s3://10.7910/DVN/28943,dataset,dataset
54828,DVN/25221,https://doi.org/10.7910/DVN/25221,doi,10.7910,/,Harvard Dataverse,2014-05-23,s3://10.7910/DVN/25221,dataset,dataset
54829,DVN/DV1NR6,https://doi.org/10.7910/DVN/DV1NR6,doi,10.7910,/,Harvard Dataverse,2013-01-14,s3://10.7910/DVN/DV1NR6,dataset,dataset
54830,DVN/UIVLGH,https://doi.org/10.7910/DVN/UIVLGH,doi,10.7910,/,Harvard Dataverse,2013-09-05,s3://10.7910/DVN/UIVLGH,dataset,dataset
54831,DVN/PHQT9R,https://doi.org/10.7910/DVN/PHQT9R,doi,10.7910,/,Harvard Dataverse,2012-07-19,s3://1902.1/18559,dataset,dataset
54832,DVN/FGLKNE,https://doi.org/10.7910/DVN/FGLKNE,doi,10.7910,/,Harvard Dataverse,2013-05-29,s3://10.7910/DVN/FGLKNE,dataset,dataset
54833,DVN/26944,https://doi.org/10.7910/DVN/26944,doi,10.7910,/,Harvard Dataverse,2014-08-19,s3://10.7910/DVN/26944,dataset,dataset
54834,DVN/D4UKZU,https://doi.org/10.7910/DVN/D4UKZU,doi,10.7910,/,Harvard Dataverse,2012-08-03,s3://10.7910/DVN/D4UKZU,dataset,dataset
54835,DVN/26890,https://doi.org/10.7910/DVN/26890,doi,10.7910,/,Harvard Dataverse,2014-08-19,s3://10.7910/DVN/26890,dataset,dataset
54836,DVN/26891,https://doi.org/10.7910/DVN/26891,doi,10.7910,/,Harvard Dataverse,2014-08-19,s3://10.7910/DVN/26891,dataset,dataset
54837,DVN/JJGI1G,https://doi.org/10.7910/DVN/JJGI1G,doi,10.7910,/,Harvard Dataverse,2013-07-24,s3://10.7910/DVN/JJGI1G,dataset,dataset
54838,DVN/IEAWD5,https://doi.org/10.7910/DVN/IEAWD5,doi,10.7910,/,Harvard Dataverse,2012-08-17,s3://10.7910/DVN/IEAWD5,dataset,dataset
54839,DVN/26895,https://doi.org/10.7910/DVN/26895,doi,10.7910,/,Harvard Dataverse,2014-08-19,s3://10.7910/DVN/26895,dataset,dataset
54840,DVN/ODMTSB,https://doi.org/10.7910/DVN/ODMTSB,doi,10.7910,/,Harvard Dataverse,2012-08-01,s3://10.7910/DVN/ODMTSB,dataset,dataset
54841,DVN/27313,https://doi.org/10.7910/DVN/27313,doi,10.7910,/,Harvard Dataverse,2014-09-12,s3://10.7910/DVN/27313,dataset,dataset
54842,DVN/8I3W1L,https://doi.org/10.7910/DVN/8I3W1L,doi,10.7910,/,Harvard Dataverse,2012-04-17,s3://10.7910/DVN/8I3W1L,dataset,dataset
54843,DVN/PAOZHW,https://doi.org/10.7910/DVN/PAOZHW,doi,10.7910,/,Harvard Dataverse,2013-09-19,s3://10.7910/DVN/PAOZHW,dataset,dataset
54844,DVN/27228,https://doi.org/10.7910/DVN/27228,doi,10.7910,/,Harvard Dataverse,2014-09-09,s3://10.7910/DVN/27228,dataset,dataset
54845,DVN/29477,https://doi.org/10.7910/DVN/29477,doi,10.7910,/,Harvard Dataverse,2015-03-16,s3://10.7910/DVN/29477,dataset,dataset
54846,DVN/NHONSD,https://doi.org/10.7910/DVN/NHONSD,doi,10.7910,/,Harvard Dataverse,2011-03-31,s3://10.7910/DVN/NHONSD,dataset,dataset
54847,DVN/MKRXRF,https://doi.org/10.7910/DVN/MKRXRF,doi,10.7910,/,Harvard Dataverse,2013-07-24,s3://10.7910/DVN/MKRXRF,dataset,dataset
54848,DVN/LKGPVK,https://doi.org/10.7910/DVN/LKGPVK,doi,10.7910,/,Harvard Dataverse,2013-05-17,s3://10.7910/DVN/LKGPVK,dataset,dataset
54849,DVN/27181,https://doi.org/10.7910/DVN/27181,doi,10.7910,/,Harvard Dataverse,2014-09-09,s3://10.7910/DVN/27181,dataset,dataset
54850,DVN/BYCAFE,https://doi.org/10.7910/DVN/BYCAFE,doi,10.7910,/,Harvard Dataverse,2013-01-14,s3://10.7910/DVN/BYCAFE,dataset,dataset
54851,DVN/HR2Z6R,https://doi.org/10.7910/DVN/HR2Z6R,doi,10.7910,/,Harvard Dataverse,2012-01-17,s3://10.7910/DVN/HR2Z6R,dataset,dataset
54852,DVN/ASCZFD,https://doi.org/10.7910/DVN/ASCZFD,doi,10.7910,/,Harvard Dataverse,2012-05-09,s3://10.7910/DVN/ASCZFD,dataset,dataset
54853,DVN/T0Q9KP,https://doi.org/10.7910/DVN/T0Q9KP,doi,10.7910,/,Harvard Dataverse,2013-06-19,s3://10.7910/DVN/T0Q9KP,dataset,dataset
54854,DVN/Q8LHF3,https://doi.org/10.7910/DVN/Q8LHF3,doi,10.7910,/,Harvard Dataverse,2012-06-07,s3://10.7910/DVN/Q8LHF3,dataset,dataset
54855,DVN/CTKI9J,https://doi.org/10.7910/DVN/CTKI9J,doi,10.7910,/,Harvard Dataverse,2013-01-11,s3://10.7910/DVN/CTKI9J,dataset,dataset
54856,DVN/22819,https://doi.org/10.7910/DVN/22819,doi,10.7910,/,Harvard Dataverse,2013-10-17,s3://10.7910/DVN/22819,dataset,dataset
54857,DVN/6BEESP,https://doi.org/10.7910/DVN/6BEESP,doi,10.7910,/,Harvard Dataverse,2010-11-23,s3://10.7910/DVN/6BEESP,dataset,dataset
54858,DVN/ZDKETT,https://doi.org/10.7910/DVN/ZDKETT,doi,10.7910,/,Harvard Dataverse,2013-03-05,s3://10.7910/DVN/ZDKETT,dataset,dataset
54859,DVN/27312,https://doi.org/10.7910/DVN/27312,doi,10.7910,/,Harvard Dataverse,2014-09-12,s3://10.7910/DVN/27312,dataset,dataset
54860,DVN/NNK8I7,https://doi.org/10.7910/DVN/NNK8I7,doi,10.7910,/,Harvard Dataverse,2013-05-17,s3://10.7910/DVN/NNK8I7,dataset,dataset
54861,DVN/28695,https://doi.org/10.7910/DVN/28695,doi,10.7910,/,Harvard Dataverse,2015-01-16,s3://10.7910/DVN/28695,dataset,dataset
54862,DVN/27234,https://doi.org/10.7910/DVN/27234,doi,10.7910,/,Harvard Dataverse,2014-09-12,s3://10.7910/DVN/27234,dataset,dataset
54863,DVN/22955,https://doi.org/10.7910/DVN/22955,doi,10.7910,/,Harvard Dataverse,2013-10-28,s3://10.7910/DVN/22955,dataset,dataset
54864,DVN/23985,https://doi.org/10.7910/DVN/23985,doi,10.7910,/,Harvard Dataverse,2013-12-19,s3://10.7910/DVN/23985,dataset,dataset
54865,DVN/CQG5G3,https://doi.org/10.7910/DVN/CQG5G3,doi,10.7910,/,Harvard Dataverse,2012-08-08,s3://10.7910/DVN/CQG5G3,dataset,dataset
54866,DVN/VRO3YI,https://doi.org/10.7910/DVN/VRO3YI,doi,10.7910,/,Harvard Dataverse,2012-09-20,s3://10.7910/DVN/VRO3YI,dataset,dataset
54867,DVN/ASF1RN,https://doi.org/10.7910/DVN/ASF1RN,doi,10.7910,/,Harvard Dataverse,2012-10-02,s3://10.7910/DVN/ASF1RN,dataset,dataset
54868,DVN/FKW5PP,https://doi.org/10.7910/DVN/FKW5PP,doi,10.7910,/,Harvard Dataverse,2013-03-21,s3://10.7910/DVN/FKW5PP,dataset,dataset
54869,DVN/BITKQY,https://doi.org/10.7910/DVN/BITKQY,doi,10.7910,/,Harvard Dataverse,2012-05-09,s3://10.7910/DVN/BITKQY,dataset,dataset
54870,DVN/DB5RXR,https://doi.org/10.7910/DVN/DB5RXR,doi,10.7910,/,Harvard Dataverse,2012-03-19,s3://1902.1/17716,dataset,dataset
54871,DVN/NIBJTZ,https://doi.org/10.7910/DVN/NIBJTZ,doi,10.7910,/,Harvard Dataverse,2012-04-13,s3://1902.1/17395,dataset,dataset
54872,DVN/NJCEDK,https://doi.org/10.7910/DVN/NJCEDK,doi,10.7910,/,Harvard Dataverse,2012-08-14,s3://10.7910/DVN/NJCEDK,dataset,dataset
54873,DVN/24481,https://doi.org/10.7910/DVN/24481,doi,10.7910,/,Harvard Dataverse,2014-01-29,s3://10.7910/DVN/24481,dataset,dataset
54874,DVN/24349,https://doi.org/10.7910/DVN/24349,doi,10.7910,/,Harvard Dataverse,2014-01-22,s3://10.7910/DVN/24349,dataset,dataset
54875,DVN/FYCLRC,https://doi.org/10.7910/DVN/FYCLRC,doi,10.7910,/,Harvard Dataverse,2012-04-11,s3://10.7910/DVN/FYCLRC,dataset,dataset
54876,DVN/27922,https://doi.org/10.7910/DVN/27922,doi,10.7910,/,Harvard Dataverse,2014-12-01,s3://10.7910/DVN/27922,dataset,dataset
54877,DVN/BC6GOW,https://doi.org/10.7910/DVN/BC6GOW,doi,10.7910,/,Harvard Dataverse,2012-05-15,s3://10.7910/DVN/BC6GOW,dataset,dataset
54878,DVN/24196,https://doi.org/10.7910/DVN/24196,doi,10.7910,/,Harvard Dataverse,2014-01-13,s3://10.7910/DVN/24196,dataset,dataset
54879,DVN1/22633,https://doi.org/10.7910/DVN1/22633,doi,10.7910,/,Harvard Dataverse,2013-09-30,s3://10.7910/DVN1/22633,dataset,dataset
54880,DVN/XGIXHN,https://doi.org/10.7910/DVN/XGIXHN,doi,10.7910,/,Harvard Dataverse,2012-01-13,s3://10.7910/DVN/XGIXHN,dataset,dataset
58847,DVN/LJGLDK,https://doi.org/10.7910/DVN/LJGLDK,doi,10.7910,/,Harvard Dataverse,2015-04-20,s3://10.7910/DVN/LJGLDK,dataset,dataset
2668958,DVN/N4TMYQ,https://doi.org/10.7910/DVN/N4TMYQ,doi,10.7910,/,Harvard Dataverse,2015-05-11,s3://10.7910/DVN/N4TMYQ,dataset,dataset
2669071,DVN/IY4WS6,https://doi.org/10.7910/DVN/IY4WS6,doi,10.7910,/,Harvard Dataverse,2015-04-29,s3://10.7910/DVN/IY4WS6,dataset,dataset
2672253,DVN/ZYTP50,https://doi.org/10.7910/DVN/ZYTP50,doi,10.7910,/,Harvard Dataverse,2015-05-06,s3://10.7910/DVN/ZYTP50,dataset,dataset
2674433,DVN/C13ZBJ,https://doi.org/10.7910/DVN/C13ZBJ,doi,10.7910,/,Harvard Dataverse,2015-05-11,s3://10.7910/DVN/C13ZBJ,dataset,dataset
2680114,DVN/IOXYOV,https://doi.org/10.7910/DVN/IOXYOV,doi,10.7910,/,Harvard Dataverse,2015-07-30,s3://10.7910/DVN/IOXYOV,dataset,dataset
2680185,DVN/BFP2IC,https://doi.org/10.7910/DVN/BFP2IC,doi,10.7910,/,Harvard Dataverse,2015-05-29,s3://10.7910/DVN/BFP2IC,dataset,dataset
2680315,DVN/9NOYOV,https://doi.org/10.7910/DVN/9NOYOV,doi,10.7910,/,Harvard Dataverse,2015-06-11,s3://10.7910/DVN/9NOYOV,dataset,dataset
2680348,DVN/M3IOZR,https://doi.org/10.7910/DVN/M3IOZR,doi,10.7910,/,Harvard Dataverse,2015-05-28,s3://10.7910/DVN/M3IOZR,dataset,dataset
2680661,DVN/MVFMLB,https://doi.org/10.7910/DVN/MVFMLB,doi,10.7910,/,Harvard Dataverse,2015-07-01,s3://10.7910/DVN/MVFMLB,dataset,dataset
2686965,DVN/NQELML,https://doi.org/10.7910/DVN/NQELML,doi,10.7910,/,Harvard Dataverse,2015-06-24,s3://10.7910/DVN/NQELML,dataset,dataset
2688940,DVN/JFGPNE,https://doi.org/10.7910/DVN/JFGPNE,doi,10.7910,/,Harvard Dataverse,2015-08-10,s3://10.7910/DVN/JFGPNE,dataset,dataset
2689354,DVN/KUBR3L,https://doi.org/10.7910/DVN/KUBR3L,doi,10.7910,/,Harvard Dataverse,2015-07-02,s3://10.7910/DVN/KUBR3L,dataset,dataset
2689366,DVN/UJO3WH,https://doi.org/10.7910/DVN/UJO3WH,doi,10.7910,/,Harvard Dataverse,2015-07-01,s3://10.7910/DVN/UJO3WH,dataset,dataset
2690390,DVN/OOEXJS,https://doi.org/10.7910/DVN/OOEXJS,doi,10.7910,/,Harvard Dataverse,2015-07-01,s3://10.7910/DVN/OOEXJS,dataset,dataset
2690433,DVN/JSDHFJ,https://doi.org/10.7910/DVN/JSDHFJ,doi,10.7910,/,Harvard Dataverse,2015-07-04,s3://10.7910/DVN/JSDHFJ,dataset,dataset
2690507,DVN/PQ6ILM,https://doi.org/10.7910/DVN/PQ6ILM,doi,10.7910,/,Harvard Dataverse,2015-07-01,s3://10.7910/DVN/PQ6ILM,dataset,dataset
2693277,DVN/KXVAUK,https://doi.org/10.7910/DVN/KXVAUK,doi,10.7910,/,Harvard Dataverse,2015-07-30,s3://10.7910/DVN/KXVAUK,dataset,dataset
2694096,DVN/EJUHKT,https://doi.org/10.7910/DVN/EJUHKT,doi,10.7910,/,Harvard Dataverse,2015-08-10,s3://10.7910/DVN/EJUHKT,dataset,dataset
2694129,DVN/LQGQAE,https://doi.org/10.7910/DVN/LQGQAE,doi,10.7910,/,Harvard Dataverse,2015-07-30,s3://10.7910/DVN/LQGQAE,dataset,dataset
2694838,DVN/210SQS,https://doi.org/10.7910/DVN/210SQS,doi,10.7910,/,Harvard Dataverse,2015-07-30,s3://10.7910/DVN/210SQS,dataset,dataset
2696708,DVN/HWTW20,https://doi.org/10.7910/DVN/HWTW20,doi,10.7910,/,Harvard Dataverse,2015-08-10,s3://10.7910/DVN/HWTW20,dataset,dataset
2699154,DVN/FMEJRM,https://doi.org/10.7910/DVN/FMEJRM,doi,10.7910,/,Harvard Dataverse,2015-08-26,s3://10.7910/DVN/FMEJRM,dataset,dataset
2699367,DVN/UIDQYS,https://doi.org/10.7910/DVN/UIDQYS,doi,10.7910,/,Harvard Dataverse,2015-08-19,s3://10.7910/DVN/UIDQYS,dataset,dataset
2700330,DVN/OHUWKM,https://doi.org/10.7910/DVN/OHUWKM,doi,10.7910,/,Harvard Dataverse,2015-08-19,s3://10.7910/DVN/OHUWKM,dataset,dataset
2701865,DVN/MUF2HC,https://doi.org/10.7910/DVN/MUF2HC,doi,10.7910,/,Harvard Dataverse,2015-09-30,s3://10.7910/DVN/MUF2HC,dataset,dataset
2702048,DVN/YOMTZT,https://doi.org/10.7910/DVN/YOMTZT,doi,10.7910,/,Harvard Dataverse,2015-08-31,s3://10.7910/DVN/YOMTZT,dataset,dataset
2702080,DVN/YUNGTJ,https://doi.org/10.7910/DVN/YUNGTJ,doi,10.7910,/,Harvard Dataverse,2015-08-27,s3://10.7910/DVN/YUNGTJ,dataset,dataset
2702614,DVN/BVWWOQ,https://doi.org/10.7910/DVN/BVWWOQ,doi,10.7910,/,Harvard Dataverse,2015-08-31,s3://10.7910/DVN/BVWWOQ,dataset,dataset
2704145,DVN/V9DYKW,https://doi.org/10.7910/DVN/V9DYKW,doi,10.7910,/,Harvard Dataverse,2015-09-14,s3://10.7910/DVN/V9DYKW,dataset,dataset
2704245,DVN/MJAPQ9,https://doi.org/10.7910/DVN/MJAPQ9,doi,10.7910,/,Harvard Dataverse,2015-10-22,s3://10.7910/DVN/MJAPQ9,dataset,dataset
2704513,DVN/6TC8RO,https://doi.org/10.7910/DVN/6TC8RO,doi,10.7910,/,Harvard Dataverse,2015-09-09,s3://10.7910/DVN/6TC8RO,dataset,dataset
2704585,DVN/TLSIUF,https://doi.org/10.7910/DVN/TLSIUF,doi,10.7910,/,Harvard Dataverse,2015-09-11,s3://10.7910/DVN/TLSIUF,dataset,dataset
2704718,DVN/XJI9LO,https://doi.org/10.7910/DVN/XJI9LO,doi,10.7910,/,Harvard Dataverse,2015-09-11,s3://10.7910/DVN/XJI9LO,dataset,dataset
2709916,DVN/BMOWRF,https://doi.org/10.7910/DVN/BMOWRF,doi,10.7910,/,Harvard Dataverse,2015-09-15,s3://10.7910/DVN/BMOWRF,dataset,dataset
2712216,DVN/7LOMGW,https://doi.org/10.7910/DVN/7LOMGW,doi,10.7910,/,Harvard Dataverse,2016-08-11,s3://10.7910/DVN/7LOMGW,dataset,dataset
2717920,DVN/GKJWUG,https://doi.org/10.7910/DVN/GKJWUG,doi,10.7910,/,Harvard Dataverse,2015-10-20,s3://10.7910/DVN/GKJWUG,dataset,dataset
2723228,DVN/67QCH2,https://doi.org/10.7910/DVN/67QCH2,doi,10.7910,/,Harvard Dataverse,2015-11-10,s3://10.7910/DVN/67QCH2,dataset,dataset
2724984,DVN/UGHQLX,https://doi.org/10.7910/DVN/UGHQLX,doi,10.7910,/,Harvard Dataverse,2015-11-17,s3://10.7910/DVN/UGHQLX,dataset,dataset
2728276,DVN/WMW4SI,https://doi.org/10.7910/DVN/WMW4SI,doi,10.7910,/,Harvard Dataverse,2015-11-18,s3://10.7910/DVN/WMW4SI,dataset,dataset
2728525,DVN/21SOIQ,https://doi.org/10.7910/DVN/21SOIQ,doi,10.7910,/,Harvard Dataverse,2015-12-11,s3://10.7910/DVN/21SOIQ,dataset,dataset
2732248,DVN/ABE7VS,https://doi.org/10.7910/DVN/ABE7VS,doi,10.7910,/,Harvard Dataverse,2015-12-11,s3://10.7910/DVN/ABE7VS,dataset,dataset
2732588,DVN/EQLOYJ,https://doi.org/10.7910/DVN/EQLOYJ,doi,10.7910,/,Harvard Dataverse,2015-12-14,s3://10.7910/DVN/EQLOYJ,dataset,dataset
2734739,DVN/IENDDJ,https://doi.org/10.7910/DVN/IENDDJ,doi,10.7910,/,Harvard Dataverse,2016-02-26,s3://10.7910/DVN/IENDDJ,dataset,dataset
2735279,DVN/R193JO,https://doi.org/10.7910/DVN/R193JO,doi,10.7910,/,Harvard Dataverse,2015-12-16,s3://10.7910/DVN/R193JO,dataset,dataset
2741201,DVN/NXHL8U,https://doi.org/10.7910/DVN/NXHL8U,doi,10.7910,/,Harvard Dataverse,2015-12-14,s3://10.7910/DVN/NXHL8U,dataset,dataset
2742022,DVN/NLETBY,https://doi.org/10.7910/DVN/NLETBY,doi,10.7910,/,Harvard Dataverse,2015-12-16,s3://10.7910/DVN/NLETBY,dataset,dataset
2747179,DVN/MVF3YU,https://doi.org/10.7910/DVN/MVF3YU,doi,10.7910,/,Harvard Dataverse,2016-01-15,s3://10.7910/DVN/MVF3YU,dataset,dataset
2769465,DVN/ASXOBS,https://doi.org/10.7910/DVN/ASXOBS,doi,10.7910,/,Harvard Dataverse,2016-01-06,s3://10.7910/DVN/ASXOBS,dataset,dataset
2775711,DVN/OX8SKX,https://doi.org/10.7910/DVN/OX8SKX,doi,10.7910,/,Harvard Dataverse,2017-05-26,s3://10.7910/DVN/OX8SKX,dataset,dataset
2775849,DVN/OSJSWK,https://doi.org/10.7910/DVN/OSJSWK,doi,10.7910,/,Harvard Dataverse,2016-01-20,s3://10.7910/DVN/OSJSWK,dataset,dataset
2776346,DVN/HNLHPG,https://doi.org/10.7910/DVN/HNLHPG,doi,10.7910,/,Harvard Dataverse,2016-01-28,s3://10.7910/DVN/HNLHPG,dataset,dataset
2776571,DVN/OHR4Y6,https://doi.org/10.7910/DVN/OHR4Y6,doi,10.7910,/,Harvard Dataverse,2016-01-22,s3://10.7910/DVN/OHR4Y6,dataset,dataset
2776608,DVN/OS3EDE,https://doi.org/10.7910/DVN/OS3EDE,doi,10.7910,/,Harvard Dataverse,2017-05-26,s3://10.7910/DVN/OS3EDE,dataset,dataset
2778376,DVN/GJWNZW,https://doi.org/10.7910/DVN/GJWNZW,doi,10.7910,/,Harvard Dataverse,2016-01-28,s3://10.7910/DVN/GJWNZW,dataset,dataset
2779440,DVN/36OL91,https://doi.org/10.7910/DVN/36OL91,doi,10.7910,/,Harvard Dataverse,2016-01-28,s3://10.7910/DVN/36OL91,dataset,dataset
2779568,DVN/GVZZVH,https://doi.org/10.7910/DVN/GVZZVH,doi,10.7910,/,Harvard Dataverse,2016-01-28,s3://10.7910/DVN/GVZZVH,dataset,dataset
2781643,DVN/PY8LBS,https://doi.org/10.7910/DVN/PY8LBS,doi,10.7910,/,Harvard Dataverse,2016-02-05,s3://10.7910/DVN/PY8LBS,dataset,dataset
2781798,DVN/XKHMUZ,https://doi.org/10.7910/DVN/XKHMUZ,doi,10.7910,/,Harvard Dataverse,2016-01-29,s3://10.7910/DVN/XKHMUZ,dataset,dataset
2784848,DVN/NI225N,https://doi.org/10.7910/DVN/NI225N,doi,10.7910,/,Harvard Dataverse,2016-02-19,s3://10.7910/DVN/NI225N,dataset,dataset
2784874,DVN/3EYP3I,https://doi.org/10.7910/DVN/3EYP3I,doi,10.7910,/,Harvard Dataverse,2016-02-19,s3://10.7910/DVN/3EYP3I,dataset,dataset
2785853,DVN/Y1VFA8,https://doi.org/10.7910/DVN/Y1VFA8,doi,10.7910,/,Harvard Dataverse,2016-02-29,s3://10.7910/DVN/Y1VFA8,dataset,dataset
2790704,DVN/GHXA9H,https://doi.org/10.7910/DVN/GHXA9H,doi,10.7910,/,Harvard Dataverse,2017-08-23,s3://10.7910/DVN/GHXA9H,dataset,dataset
2793103,DVN/NKWMQM,https://doi.org/10.7910/DVN/NKWMQM,doi,10.7910,/,Harvard Dataverse,2016-03-17,s3://10.7910/DVN/NKWMQM,dataset,dataset
2794070,DVN/HOBVLK,https://doi.org/10.7910/DVN/HOBVLK,doi,10.7910,/,Harvard Dataverse,2016-03-23,s3://10.7910/DVN/HOBVLK,dataset,dataset
2800029,DVN/9KKB3W,https://doi.org/10.7910/DVN/9KKB3W,doi,10.7910,/,Harvard Dataverse,2016-04-07,s3://10.7910/DVN/9KKB3W,dataset,dataset
2801205,DVN/FR0IWP,https://doi.org/10.7910/DVN/FR0IWP,doi,10.7910,/,Harvard Dataverse,2016-05-25,s3://10.7910/DVN/FR0IWP,dataset,dataset
2801253,DVN/CP3FYH,https://doi.org/10.7910/DVN/CP3FYH,doi,10.7910,/,Harvard Dataverse,2016-04-08,s3://10.7910/DVN/CP3FYH,dataset,dataset
2801762,DVN/72C3NP,https://doi.org/10.7910/DVN/72C3NP,doi,10.7910,/,Harvard Dataverse,2016-04-11,s3://10.7910/DVN/72C3NP,dataset,dataset
2804442,DVN/IUJ3VZ,https://doi.org/10.7910/DVN/IUJ3VZ,doi,10.7910,/,Harvard Dataverse,2016-05-04,s3://10.7910/DVN/IUJ3VZ,dataset,dataset
2804456,DVN/PJ4JZ2,https://doi.org/10.7910/DVN/PJ4JZ2,doi,10.7910,/,Harvard Dataverse,2016-05-04,s3://10.7910/DVN/PJ4JZ2,dataset,dataset
2808865,DVN/UNXRHW,https://doi.org/10.7910/DVN/UNXRHW,doi,10.7910,/,Harvard Dataverse,2016-05-04,s3://10.7910/DVN/UNXRHW,dataset,dataset
2808921,DVN/U6KFOC,https://doi.org/10.7910/DVN/U6KFOC,doi,10.7910,/,Harvard Dataverse,2016-05-04,s3://10.7910/DVN/U6KFOC,dataset,dataset
2825985,DVN/Q9VQIU,https://doi.org/10.7910/DVN/Q9VQIU,doi,10.7910,/,Harvard Dataverse,2016-05-09,s3://10.7910/DVN/Q9VQIU,dataset,dataset
2826347,DVN/UZLJXR,https://doi.org/10.7910/DVN/UZLJXR,doi,10.7910,/,Harvard Dataverse,2016-05-12,s3://10.7910/DVN/UZLJXR,dataset,dataset
2827425,DVN/Z0HZW9,https://doi.org/10.7910/DVN/Z0HZW9,doi,10.7910,/,Harvard Dataverse,2016-05-12,s3://10.7910/DVN/Z0HZW9,dataset,dataset
2832757,DVN/1NKJO3,https://doi.org/10.7910/DVN/1NKJO3,doi,10.7910,/,Harvard Dataverse,2016-05-23,s3://10.7910/DVN/1NKJO3,dataset,dataset
2836557,DVN/WHID9V,https://doi.org/10.7910/DVN/WHID9V,doi,10.7910,/,Harvard Dataverse,2016-06-08,s3://10.7910/DVN/WHID9V,dataset,dataset
2836733,DVN/JZKKZB,https://doi.org/10.7910/DVN/JZKKZB,doi,10.7910,/,Harvard Dataverse,2016-06-08,s3://10.7910/DVN/JZKKZB,dataset,dataset
2839032,DVN/XSYPO2,https://doi.org/10.7910/DVN/XSYPO2,doi,10.7910,/,Harvard Dataverse,2016-06-22,s3://10.7910/DVN/XSYPO2,dataset,dataset
2839183,DVN/TDSNDK,https://doi.org/10.7910/DVN/TDSNDK,doi,10.7910,/,Harvard Dataverse,2016-06-15,s3://10.7910/DVN/TDSNDK,dataset,dataset
2841480,DVN/Z1COLP,https://doi.org/10.7910/DVN/Z1COLP,doi,10.7910,/,Harvard Dataverse,2016-06-20,s3://10.7910/DVN/Z1COLP,dataset,dataset
2841849,DVN/S2HWCS,https://doi.org/10.7910/DVN/S2HWCS,doi,10.7910,/,Harvard Dataverse,2016-06-20,s3://10.7910/DVN/S2HWCS,dataset,dataset
2842188,DVN/0YALNP,https://doi.org/10.7910/DVN/0YALNP,doi,10.7910,/,Harvard Dataverse,2016-06-20,s3://10.7910/DVN/0YALNP,dataset,dataset
2842545,DVN/D5OPR9,https://doi.org/10.7910/DVN/D5OPR9,doi,10.7910,/,Harvard Dataverse,2016-06-22,s3://10.7910/DVN/D5OPR9,dataset,dataset
2842656,DVN/XS029A,https://doi.org/10.7910/DVN/XS029A,doi,10.7910,/,Harvard Dataverse,2016-06-22,s3://10.7910/DVN/XS029A,dataset,dataset
2843190,DVN/A7FXQU,https://doi.org/10.7910/DVN/A7FXQU,doi,10.7910,/,Harvard Dataverse,2018-08-30,s3://10.7910/DVN/A7FXQU,dataset,dataset
2846976,DVN/PUV4L0,https://doi.org/10.7910/DVN/PUV4L0,doi,10.7910,/,Harvard Dataverse,2016-07-06,s3://10.7910/DVN/PUV4L0,dataset,dataset
2848241,DVN/GXUZ6X,https://doi.org/10.7910/DVN/GXUZ6X,doi,10.7910,/,Harvard Dataverse,2016-07-05,s3://10.7910/DVN/GXUZ6X,dataset,dataset
2848457,DVN/KEASZR,https://doi.org/10.7910/DVN/KEASZR,doi,10.7910,/,Harvard Dataverse,2016-07-21,s3://10.7910/DVN/KEASZR,dataset,dataset
2851387,DVN/N2IA8K,https://doi.org/10.7910/DVN/N2IA8K,doi,10.7910,/,Harvard Dataverse,2016-08-26,s3://10.7910/DVN/N2IA8K,dataset,dataset
2851454,DVN/QQYHQS,https://doi.org/10.7910/DVN/QQYHQS,doi,10.7910,/,Harvard Dataverse,2016-07-11,s3://10.7910/DVN/QQYHQS,dataset,dataset
2853126,DVN/YT45AO,https://doi.org/10.7910/DVN/YT45AO,doi,10.7910,/,Harvard Dataverse,2016-07-27,s3://10.7910/DVN/YT45AO,dataset,dataset
2857183,DVN/FAZJE4,https://doi.org/10.7910/DVN/FAZJE4,doi,10.7910,/,Harvard Dataverse,2016-10-14,s3://10.7910/DVN/FAZJE4,dataset,dataset
2861358,DVN/FDEHZY,https://doi.org/10.7910/DVN/FDEHZY,doi,10.7910,/,Harvard Dataverse,2016-07-28,s3://10.7910/DVN/FDEHZY,dataset,dataset
2862415,DVN/4LAELO,https://doi.org/10.7910/DVN/4LAELO,doi,10.7910,/,Harvard Dataverse,2016-08-03,s3://10.7910/DVN/4LAELO,dataset,dataset
2862560,DVN/FR9JMK,https://doi.org/10.7910/DVN/FR9JMK,doi,10.7910,/,Harvard Dataverse,2016-08-15,s3://10.7910/DVN/FR9JMK,dataset,dataset
2862767,DVN/R7RYIV,https://doi.org/10.7910/DVN/R7RYIV,doi,10.7910,/,Harvard Dataverse,2016-08-04,s3://10.7910/DVN/R7RYIV,dataset,dataset
2863512,DVN/ZVWOCH,https://doi.org/10.7910/DVN/ZVWOCH,doi,10.7910,/,Harvard Dataverse,2016-08-11,s3://10.7910/DVN/ZVWOCH,dataset,dataset
2865505,DVN/RQOCKS,https://doi.org/10.7910/DVN/RQOCKS,doi,10.7910,/,Harvard Dataverse,2016-08-24,s3://10.7910/DVN/RQOCKS,dataset,dataset
2865534,DVN/021GV6,https://doi.org/10.7910/DVN/021GV6,doi,10.7910,/,Harvard Dataverse,2016-08-24,s3://10.7910/DVN/021GV6,dataset,dataset
2865787,DVN/JMWMWW,https://doi.org/10.7910/DVN/JMWMWW,doi,10.7910,/,Harvard Dataverse,2016-09-09,s3://10.7910/DVN/JMWMWW,dataset,dataset
2867344,DVN/7YJE1Z,https://doi.org/10.7910/DVN/7YJE1Z,doi,10.7910,/,Harvard Dataverse,2016-09-09,s3://10.7910/DVN/7YJE1Z,dataset,dataset
2886602,DVN/39RCOG,https://doi.org/10.7910/DVN/39RCOG,doi,10.7910,/,Harvard Dataverse,2016-09-28,s3://10.7910/DVN/39RCOG,dataset,dataset
2886609,DVN/EOFVTU,https://doi.org/10.7910/DVN/EOFVTU,doi,10.7910,/,Harvard Dataverse,2016-09-21,s3://dvn-cloud:10.7910/DVN/EOFVTU,dataset,dataset
2887539,DVN/BO2REL,https://doi.org/10.7910/DVN/BO2REL,doi,10.7910,/,Harvard Dataverse,2016-09-28,s3://10.7910/DVN/BO2REL,dataset,dataset
2889352,DVN/GJFTDC,https://doi.org/10.7910/DVN/GJFTDC,doi,10.7910,/,Harvard Dataverse,2019-02-25,s3://10.7910/DVN/GJFTDC,dataset,dataset
2889999,DVN/L1PJNW,https://doi.org/10.7910/DVN/L1PJNW,doi,10.7910,/,Harvard Dataverse,2016-10-05,s3://10.7910/DVN/L1PJNW,dataset,dataset
2903697,DVN/2DO8QP,https://doi.org/10.7910/DVN/2DO8QP,doi,10.7910,/,Harvard Dataverse,2016-10-24,file,dataset,dataset
2903908,DVN/3SLMJY,https://doi.org/10.7910/DVN/3SLMJY,doi,10.7910,/,Harvard Dataverse,2016-10-24,s3://10.7910/DVN/3SLMJY,dataset,dataset
2905676,DVN/OWKX5N,https://doi.org/10.7910/DVN/OWKX5N,doi,10.7910,/,Harvard Dataverse,2016-10-26,s3://10.7910/DVN/OWKX5N,dataset,dataset
2913998,DVN/MCAVFP,https://doi.org/10.7910/DVN/MCAVFP,doi,10.7910,/,Harvard Dataverse,2016-11-07,s3://10.7910/DVN/MCAVFP,dataset,dataset
2962271,DVN/QVNQL4,https://doi.org/10.7910/DVN/QVNQL4,doi,10.7910,/,Harvard Dataverse,2016-11-30,s3://10.7910/DVN/QVNQL4,dataset,dataset
2962789,DVN/PXAFCW,https://doi.org/10.7910/DVN/PXAFCW,doi,10.7910,/,Harvard Dataverse,2016-12-07,s3://10.7910/DVN/PXAFCW,dataset,dataset
2964072,DVN/OERHSC,https://doi.org/10.7910/DVN/OERHSC,doi,10.7910,/,Harvard Dataverse,2016-12-14,s3://10.7910/DVN/OERHSC,dataset,dataset
2964249,DVN/PDHMHF,https://doi.org/10.7910/DVN/PDHMHF,doi,10.7910,/,Harvard Dataverse,2016-12-14,s3://10.7910/DVN/PDHMHF,dataset,dataset
2964334,DVN/JS3AVM,https://doi.org/10.7910/DVN/JS3AVM,doi,10.7910,/,Harvard Dataverse,2016-12-14,s3://10.7910/DVN/JS3AVM,dataset,dataset
2964352,DVN/YKOTXF,https://doi.org/10.7910/DVN/YKOTXF,doi,10.7910,/,Harvard Dataverse,2016-12-14,s3://10.7910/DVN/YKOTXF,dataset,dataset
2970229,DVN/RZU4WX,https://doi.org/10.7910/DVN/RZU4WX,doi,10.7910,/,Harvard Dataverse,2017-01-13,s3://10.7910/DVN/RZU4WX,dataset,dataset
2970988,DVN/LAC9ZB,https://doi.org/10.7910/DVN/LAC9ZB,doi,10.7910,/,Harvard Dataverse,2017-01-25,s3://10.7910/DVN/LAC9ZB,dataset,dataset
2972316,DVN/GJB5F1,https://doi.org/10.7910/DVN/GJB5F1,doi,10.7910,/,Harvard Dataverse,2017-02-07,s3://10.7910/DVN/GJB5F1,dataset,dataset
2972440,DVN/BSJHXZ,https://doi.org/10.7910/DVN/BSJHXZ,doi,10.7910,/,Harvard Dataverse,2017-02-08,s3://10.7910/DVN/BSJHXZ,dataset,dataset
2976578,DVN/IJH0GT,https://doi.org/10.7910/DVN/IJH0GT,doi,10.7910,/,Harvard Dataverse,2019-02-15,s3://10.7910/DVN/IJH0GT,dataset,dataset
2994999,DVN/1PC3LO,https://doi.org/10.7910/DVN/1PC3LO,doi,10.7910,/,Harvard Dataverse,2019-03-01,s3://10.7910/DVN/1PC3LO,dataset,dataset
2998673,DVN/SDUGGM,https://doi.org/10.7910/DVN/SDUGGM,doi,10.7910,/,Harvard Dataverse,2017-02-10,s3://10.7910/DVN/SDUGGM,dataset,dataset
3000278,DVN/P8EZKH,https://doi.org/10.7910/DVN/P8EZKH,doi,10.7910,/,Harvard Dataverse,2017-02-10,s3://10.7910/DVN/P8EZKH,dataset,dataset
3000332,DVN/MRIWOI,https://doi.org/10.7910/DVN/MRIWOI,doi,10.7910,/,Harvard Dataverse,2019-02-25,s3://10.7910/DVN/MRIWOI,dataset,dataset
3000867,DVN/JXQETW,https://doi.org/10.7910/DVN/JXQETW,doi,10.7910,/,Harvard Dataverse,2017-02-15,s3://10.7910/DVN/JXQETW,dataset,dataset
3001196,DVN/Z1WVWW,https://doi.org/10.7910/DVN/Z1WVWW,doi,10.7910,/,Harvard Dataverse,2017-02-21,s3://10.7910/DVN/Z1WVWW,dataset,dataset
3001591,DVN/PNMOXB,https://doi.org/10.7910/DVN/PNMOXB,doi,10.7910,/,Harvard Dataverse,2017-02-23,s3://10.7910/DVN/PNMOXB,dataset,dataset
3002412,DVN/3GOXDP,https://doi.org/10.7910/DVN/3GOXDP,doi,10.7910,/,Harvard Dataverse,2017-03-07,s3://10.7910/DVN/3GOXDP,dataset,dataset
3002463,DVN/NSKGM7,https://doi.org/10.7910/DVN/NSKGM7,doi,10.7910,/,Harvard Dataverse,2017-02-28,s3://10.7910/DVN/NSKGM7,dataset,dataset
3003458,DVN/FZWOMK,https://doi.org/10.7910/DVN/FZWOMK,doi,10.7910,/,Harvard Dataverse,2017-03-03,s3://10.7910/DVN/FZWOMK,dataset,dataset
3003839,DVN/GSR1LK,https://doi.org/10.7910/DVN/GSR1LK,doi,10.7910,/,Harvard Dataverse,2017-03-01,s3://10.7910/DVN/GSR1LK,dataset,dataset
3004171,DVN/FHJ86Q,https://doi.org/10.7910/DVN/FHJ86Q,doi,10.7910,/,Harvard Dataverse,2017-03-07,s3://10.7910/DVN/FHJ86Q,dataset,dataset
3004383,DVN/A9DLQQ,https://doi.org/10.7910/DVN/A9DLQQ,doi,10.7910,/,Harvard Dataverse,2017-03-03,s3://10.7910/DVN/A9DLQQ,dataset,dataset
3005920,DVN/KKGA79,https://doi.org/10.7910/DVN/KKGA79,doi,10.7910,/,Harvard Dataverse,2017-03-20,s3://10.7910/DVN/KKGA79,dataset,dataset
3006164,DVN/S8KRRM,https://doi.org/10.7910/DVN/S8KRRM,doi,10.7910,/,Harvard Dataverse,2017-03-22,s3://10.7910/DVN/S8KRRM,dataset,dataset
3006441,DVN/44EDZW,https://doi.org/10.7910/DVN/44EDZW,doi,10.7910,/,Harvard Dataverse,2017-03-20,s3://10.7910/DVN/44EDZW,dataset,dataset
3007366,DVN/UC2ENJ,https://doi.org/10.7910/DVN/UC2ENJ,doi,10.7910,/,Harvard Dataverse,2017-04-05,s3://10.7910/DVN/UC2ENJ,dataset,dataset
3008248,DVN/SIGIPU,https://doi.org/10.7910/DVN/SIGIPU,doi,10.7910,/,Harvard Dataverse,2017-04-07,s3://10.7910/DVN/SIGIPU,dataset,dataset
3008900,DVN/4DLSI3,https://doi.org/10.7910/DVN/4DLSI3,doi,10.7910,/,Harvard Dataverse,2017-04-05,s3://10.7910/DVN/4DLSI3,dataset,dataset
3010257,DVN/WIQBCR,https://doi.org/10.7910/DVN/WIQBCR,doi,10.7910,/,Harvard Dataverse,2017-04-07,s3://10.7910/DVN/WIQBCR,dataset,dataset
3011218,DVN/UUPZ6Z,https://doi.org/10.7910/DVN/UUPZ6Z,doi,10.7910,/,Harvard Dataverse,2019-02-15,s3://10.7910/DVN/UUPZ6Z,dataset,dataset
3013269,DVN/ID6SYF,https://doi.org/10.7910/DVN/ID6SYF,doi,10.7910,/,Harvard Dataverse,2017-05-10,s3://10.7910/DVN/ID6SYF,dataset,dataset
3014820,DVN/ENTXDD,https://doi.org/10.7910/DVN/ENTXDD,doi,10.7910,/,Harvard Dataverse,2017-05-03,s3://10.7910/DVN/ENTXDD,dataset,dataset
3015888,DVN/YTEELK,https://doi.org/10.7910/DVN/YTEELK,doi,10.7910,/,Harvard Dataverse,2017-05-03,s3://10.7910/DVN/YTEELK,dataset,dataset
3015984,DVN/NNRVNC,https://doi.org/10.7910/DVN/NNRVNC,doi,10.7910,/,Harvard Dataverse,2017-05-10,s3://10.7910/DVN/NNRVNC,dataset,dataset
3016302,DVN/8EPWQF,https://doi.org/10.7910/DVN/8EPWQF,doi,10.7910,/,Harvard Dataverse,2017-05-12,s3://10.7910/DVN/8EPWQF,dataset,dataset
3016326,DVN/QKP9EJ,https://doi.org/10.7910/DVN/QKP9EJ,doi,10.7910,/,Harvard Dataverse,2017-05-16,s3://10.7910/DVN/QKP9EJ,dataset,dataset
3019194,DVN/5TGIWC,https://doi.org/10.7910/DVN/5TGIWC,doi,10.7910,/,Harvard Dataverse,2019-02-27,s3://10.7910/DVN/5TGIWC,dataset,dataset
3020504,DVN/SS0AA5,https://doi.org/10.7910/DVN/SS0AA5,doi,10.7910,/,Harvard Dataverse,2017-05-31,s3://10.7910/DVN/SS0AA5,dataset,dataset
3021637,DVN/Z8WHEO,https://doi.org/10.7910/DVN/Z8WHEO,doi,10.7910,/,Harvard Dataverse,2017-06-08,s3://10.7910/DVN/Z8WHEO,dataset,dataset
3022018,DVN/DZUVZG,https://doi.org/10.7910/DVN/DZUVZG,doi,10.7910,/,Harvard Dataverse,2017-06-02,s3://10.7910/DVN/DZUVZG,dataset,dataset
3028002,DVN/QNKHZQ,https://doi.org/10.7910/DVN/QNKHZQ,doi,10.7910,/,Harvard Dataverse,2017-06-29,s3://10.7910/DVN/QNKHZQ,dataset,dataset
3030238,DVN/UJE1UY,https://doi.org/10.7910/DVN/UJE1UY,doi,10.7910,/,Harvard Dataverse,2017-06-29,s3://10.7910/DVN/UJE1UY,dataset,dataset
3031255,DVN/PODEN5,https://doi.org/10.7910/DVN/PODEN5,doi,10.7910,/,Harvard Dataverse,2017-07-27,s3://10.7910/DVN/PODEN5,dataset,dataset
3031282,DVN/51OD5A,https://doi.org/10.7910/DVN/51OD5A,doi,10.7910,/,Harvard Dataverse,2017-06-29,s3://10.7910/DVN/51OD5A,dataset,dataset
3031595,DVN/FPJHJ2,https://doi.org/10.7910/DVN/FPJHJ2,doi,10.7910,/,Harvard Dataverse,2017-06-28,s3://10.7910/DVN/FPJHJ2,dataset,dataset
3035531,DVN/RA1WEY,https://doi.org/10.7910/DVN/RA1WEY,doi,10.7910,/,Harvard Dataverse,2017-07-13,s3://10.7910/DVN/RA1WEY,dataset,dataset
3036085,DVN/F26FNK,https://doi.org/10.7910/DVN/F26FNK,doi,10.7910,/,Harvard Dataverse,2017-08-21,s3://10.7910/DVN/F26FNK,dataset,dataset
3036344,DVN/GEI4YW,https://doi.org/10.7910/DVN/GEI4YW,doi,10.7910,/,Harvard Dataverse,2017-07-17,s3://10.7910/DVN/GEI4YW,dataset,dataset
3037571,DVN/P1MIQP,https://doi.org/10.7910/DVN/P1MIQP,doi,10.7910,/,Harvard Dataverse,2019-02-27,s3://10.7910/DVN/P1MIQP,dataset,dataset
3037635,DVN/KSTT2Q,https://doi.org/10.7910/DVN/KSTT2Q,doi,10.7910,/,Harvard Dataverse,2017-07-27,s3://10.7910/DVN/KSTT2Q,dataset,dataset
3042908,DVN/5DLNMA,https://doi.org/10.7910/DVN/5DLNMA,doi,10.7910,/,Harvard Dataverse,2017-08-23,s3://10.7910/DVN/5DLNMA,dataset,dataset
3050513,DVN/I4LUQG,https://doi.org/10.7910/DVN/I4LUQG,doi,10.7910,/,Harvard Dataverse,2017-09-11,s3://10.7910/DVN/I4LUQG,dataset,dataset
3051421,DVN/KKMRXB,https://doi.org/10.7910/DVN/KKMRXB,doi,10.7910,/,Harvard Dataverse,2019-02-27,s3://10.7910/DVN/KKMRXB,dataset,dataset
3052686,DVN/HVONZL,https://doi.org/10.7910/DVN/HVONZL,doi,10.7910,/,Harvard Dataverse,2017-10-25,s3://10.7910/DVN/HVONZL,dataset,dataset
3053446,DVN/JZYACJ,https://doi.org/10.7910/DVN/JZYACJ,doi,10.7910,/,Harvard Dataverse,2017-10-04,s3://10.7910/DVN/JZYACJ,dataset,dataset
3055505,DVN/MHIAIA,https://doi.org/10.7910/DVN/MHIAIA,doi,10.7910,/,Harvard Dataverse,2017-10-05,s3://10.7910/DVN/MHIAIA,dataset,dataset
3055864,DVN/LK86SC,https://doi.org/10.7910/DVN/LK86SC,doi,10.7910,/,Harvard Dataverse,2017-10-25,s3://10.7910/DVN/LK86SC,dataset,dataset
3055887,DVN/GBBB2J,https://doi.org/10.7910/DVN/GBBB2J,doi,10.7910,/,Harvard Dataverse,2017-10-25,s3://10.7910/DVN/GBBB2J,dataset,dataset
3059061,DVN/IGD4BN,https://doi.org/10.7910/DVN/IGD4BN,doi,10.7910,/,Harvard Dataverse,2017-10-25,s3://10.7910/DVN/IGD4BN,dataset,dataset
3059644,DVN/M3YGAI,https://doi.org/10.7910/DVN/M3YGAI,doi,10.7910,/,Harvard Dataverse,2017-10-25,s3://10.7910/DVN/M3YGAI,dataset,dataset
3074373,DVN/YKRD5N,https://doi.org/10.7910/DVN/YKRD5N,doi,10.7910,/,Harvard Dataverse,2017-11-22,s3://10.7910/DVN/YKRD5N,dataset,dataset
3074546,DVN/ZRGEPA,https://doi.org/10.7910/DVN/ZRGEPA,doi,10.7910,/,Harvard Dataverse,2017-11-22,s3://10.7910/DVN/ZRGEPA,dataset,dataset
3078002,DVN/GPGLEM,https://doi.org/10.7910/DVN/GPGLEM,doi,10.7910,/,Harvard Dataverse,2017-11-22,s3://10.7910/DVN/GPGLEM,dataset,dataset
3079244,DVN/V50EKE,https://doi.org/10.7910/DVN/V50EKE,doi,10.7910,/,Harvard Dataverse,2017-11-22,s3://10.7910/DVN/V50EKE,dataset,dataset
3081995,DVN/SWRYPL,https://doi.org/10.7910/DVN/SWRYPL,doi,10.7910,/,Harvard Dataverse,2017-12-13,s3://10.7910/DVN/SWRYPL,dataset,dataset
3084630,DVN/8PTX1L,https://doi.org/10.7910/DVN/8PTX1L,doi,10.7910,/,Harvard Dataverse,2017-12-18,s3://10.7910/DVN/8PTX1L,dataset,dataset
3085645,DVN/WCS9PO,https://doi.org/10.7910/DVN/WCS9PO,doi,10.7910,/,Harvard Dataverse,2017-12-15,s3://10.7910/DVN/WCS9PO,dataset,dataset
3090871,DVN/DMJREU,https://doi.org/10.7910/DVN/DMJREU,doi,10.7910,/,Harvard Dataverse,2017-12-18,s3://10.7910/DVN/DMJREU,dataset,dataset
3092968,DVN/FFPAXW,https://doi.org/10.7910/DVN/FFPAXW,doi,10.7910,/,Harvard Dataverse,2017-12-23,s3://10.7910/DVN/FFPAXW,dataset,dataset
3094455,DVN/OST8NQ,https://doi.org/10.7910/DVN/OST8NQ,doi,10.7910,/,Harvard Dataverse,2018-01-17,s3://10.7910/DVN/OST8NQ,dataset,dataset
3095052,DVN/IOOCOE,https://doi.org/10.7910/DVN/IOOCOE,doi,10.7910,/,Harvard Dataverse,2018-01-17,s3://10.7910/DVN/IOOCOE,dataset,dataset
3097260,DVN/GUMVSS,https://doi.org/10.7910/DVN/GUMVSS,doi,10.7910,/,Harvard Dataverse,2018-01-24,s3://10.7910/DVN/GUMVSS,dataset,dataset
3097644,DVN/Q99FI0,https://doi.org/10.7910/DVN/Q99FI0,doi,10.7910,/,Harvard Dataverse,2018-01-24,s3://10.7910/DVN/Q99FI0,dataset,dataset
3101930,DVN/1JNPUA,https://doi.org/10.7910/DVN/1JNPUA,doi,10.7910,/,Harvard Dataverse,2018-01-24,s3://10.7910/DVN/1JNPUA,dataset,dataset
3101953,DVN/GL5CCD,https://doi.org/10.7910/DVN/GL5CCD,doi,10.7910,/,Harvard Dataverse,2018-01-10,s3://10.7910/DVN/GL5CCD,dataset,dataset
3102106,DVN/DX6YLE,https://doi.org/10.7910/DVN/DX6YLE,doi,10.7910,/,Harvard Dataverse,2018-01-24,s3://10.7910/DVN/DX6YLE,dataset,dataset
3107267,DVN/CZ7URJ,https://doi.org/10.7910/DVN/CZ7URJ,doi,10.7910,/,Harvard Dataverse,2018-01-31,s3://10.7910/DVN/CZ7URJ,dataset,dataset
3109417,DVN/BHIUHV,https://doi.org/10.7910/DVN/BHIUHV,doi,10.7910,/,Harvard Dataverse,2018-02-05,s3://10.7910/DVN/BHIUHV,dataset,dataset
3117190,DVN/00IT1L,https://doi.org/10.7910/DVN/00IT1L,doi,10.7910,/,Harvard Dataverse,2018-02-05,s3://10.7910/DVN/00IT1L,dataset,dataset
3122766,DVN/ABT3OE,https://doi.org/10.7910/DVN/ABT3OE,doi,10.7910,/,Harvard Dataverse,2018-02-28,s3://10.7910/DVN/ABT3OE,dataset,dataset
3123329,DVN/MMK2NZ,https://doi.org/10.7910/DVN/MMK2NZ,doi,10.7910,/,Harvard Dataverse,2018-02-09,s3://10.7910/DVN/MMK2NZ,dataset,dataset
3124297,DVN/FGBZCK,https://doi.org/10.7910/DVN/FGBZCK,doi,10.7910,/,Harvard Dataverse,2018-02-16,s3://10.7910/DVN/FGBZCK,dataset,dataset
3124307,DVN/5JWBXU,https://doi.org/10.7910/DVN/5JWBXU,doi,10.7910,/,Harvard Dataverse,2018-02-23,s3://10.7910/DVN/5JWBXU,dataset,dataset
3125573,DVN/TOYGWR,https://doi.org/10.7910/DVN/TOYGWR,doi,10.7910,/,Harvard Dataverse,2018-03-23,s3://10.7910/DVN/TOYGWR,dataset,dataset
3126509,DVN/37ZBCF,https://doi.org/10.7910/DVN/37ZBCF,doi,10.7910,/,Harvard Dataverse,2018-02-23,s3://10.7910/DVN/37ZBCF,dataset,dataset
3128124,DVN/9C4TPV,https://doi.org/10.7910/DVN/9C4TPV,doi,10.7910,/,Harvard Dataverse,2018-02-26,s3://10.7910/DVN/9C4TPV,dataset,dataset
3130801,DVN/BM54JY,https://doi.org/10.7910/DVN/BM54JY,doi,10.7910,/,Harvard Dataverse,2018-03-23,s3://10.7910/DVN/BM54JY,dataset,dataset
3132505,DVN/H6IPNT,https://doi.org/10.7910/DVN/H6IPNT,doi,10.7910,/,Harvard Dataverse,2018-03-23,s3://10.7910/DVN/H6IPNT,dataset,dataset
3138646,DVN/JOBFPK,https://doi.org/10.7910/DVN/JOBFPK,doi,10.7910,/,Harvard Dataverse,2018-04-02,s3://10.7910/DVN/JOBFPK,dataset,dataset
3142224,DVN/L0Z0K6,https://doi.org/10.7910/DVN/L0Z0K6,doi,10.7910,/,Harvard Dataverse,2018-04-27,s3://10.7910/DVN/L0Z0K6,dataset,dataset
3143670,DVN/IEFKZX,https://doi.org/10.7910/DVN/IEFKZX,doi,10.7910,/,Harvard Dataverse,2018-04-16,s3://10.7910/DVN/IEFKZX,dataset,dataset
3147082,DVN/EJ0NF7,https://doi.org/10.7910/DVN/EJ0NF7,doi,10.7910,/,Harvard Dataverse,2018-05-11,s3://10.7910/DVN/EJ0NF7,dataset,dataset
3150119,DVN/PIAZWN,https://doi.org/10.7910/DVN/PIAZWN,doi,10.7910,/,Harvard Dataverse,2018-05-11,s3://10.7910/DVN/PIAZWN,dataset,dataset
3151855,DVN/UYHHFS,https://doi.org/10.7910/DVN/UYHHFS,doi,10.7910,/,Harvard Dataverse,2018-05-11,s3://10.7910/DVN/UYHHFS,dataset,dataset
3152035,DVN/LPZLBF,https://doi.org/10.7910/DVN/LPZLBF,doi,10.7910,/,Harvard Dataverse,2018-05-08,s3://10.7910/DVN/LPZLBF,dataset,dataset
3152740,DVN/PYWQYU,https://doi.org/10.7910/DVN/PYWQYU,doi,10.7910,/,Harvard Dataverse,2018-05-21,s3://10.7910/DVN/PYWQYU,dataset,dataset
3152878,DVN/0QJQGM,https://doi.org/10.7910/DVN/0QJQGM,doi,10.7910,/,Harvard Dataverse,2018-05-13,s3://10.7910/DVN/0QJQGM,dataset,dataset
3154184,DVN/NOHDM7,https://doi.org/10.7910/DVN/NOHDM7,doi,10.7910,/,Harvard Dataverse,2018-05-18,s3://10.7910/DVN/NOHDM7,dataset,dataset
3154255,DVN/T70TLT,https://doi.org/10.7910/DVN/T70TLT,doi,10.7910,/,Harvard Dataverse,2018-05-18,s3://10.7910/DVN/T70TLT,dataset,dataset
3156253,DVN/66DM1I,https://doi.org/10.7910/DVN/66DM1I,doi,10.7910,/,Harvard Dataverse,2018-05-23,s3://10.7910/DVN/66DM1I,dataset,dataset
3157402,DVN/GVOBTP,https://doi.org/10.7910/DVN/GVOBTP,doi,10.7910,/,Harvard Dataverse,2018-05-29,s3://10.7910/DVN/GVOBTP,dataset,dataset
3174745,DVN/8SATPR,https://doi.org/10.7910/DVN/8SATPR,doi,10.7910,/,Harvard Dataverse,2018-09-26,s3://10.7910/DVN/8SATPR,dataset,dataset
3175846,DVN/KFMHJ2,https://doi.org/10.7910/DVN/KFMHJ2,doi,10.7910,/,Harvard Dataverse,2018-06-12,s3://10.7910/DVN/KFMHJ2,dataset,dataset
3176169,DVN/X3P3WR,https://doi.org/10.7910/DVN/X3P3WR,doi,10.7910,/,Harvard Dataverse,2018-06-25,s3://10.7910/DVN/X3P3WR,dataset,dataset
3178072,DVN/V65YUM,https://doi.org/10.7910/DVN/V65YUM,doi,10.7910,/,Harvard Dataverse,2018-06-25,s3://10.7910/DVN/V65YUM,dataset,dataset
3178105,DVN/DHZUOT,https://doi.org/10.7910/DVN/DHZUOT,doi,10.7910,/,Harvard Dataverse,2018-06-21,s3://10.7910/DVN/DHZUOT,dataset,dataset
3179278,DVN/YGTU5T,https://doi.org/10.7910/DVN/YGTU5T,doi,10.7910,/,Harvard Dataverse,2018-06-21,s3://10.7910/DVN/YGTU5T,dataset,dataset
3179511,DVN/WSHXJR,https://doi.org/10.7910/DVN/WSHXJR,doi,10.7910,/,Harvard Dataverse,2018-06-28,s3://10.7910/DVN/WSHXJR,dataset,dataset
3181015,DVN/O7BAYF,https://doi.org/10.7910/DVN/O7BAYF,doi,10.7910,/,Harvard Dataverse,2018-06-28,s3://10.7910/DVN/O7BAYF,dataset,dataset
3181449,DVN/R8SGBQ,https://doi.org/10.7910/DVN/R8SGBQ,doi,10.7910,/,Harvard Dataverse,2018-07-16,s3://10.7910/DVN/R8SGBQ,dataset,dataset
3182180,DVN/CMNO3P,https://doi.org/10.7910/DVN/CMNO3P,doi,10.7910,/,Harvard Dataverse,2018-07-23,s3://10.7910/DVN/CMNO3P,dataset,dataset
3183571,DVN/CRESIS,https://doi.org/10.7910/DVN/CRESIS,doi,10.7910,/,Harvard Dataverse,2018-07-23,s3://10.7910/DVN/CRESIS,dataset,dataset
3183650,DVN/STFNPY,https://doi.org/10.7910/DVN/STFNPY,doi,10.7910,/,Harvard Dataverse,2018-07-16,s3://10.7910/DVN/STFNPY,dataset,dataset
3184025,DVN/DS1JYM,https://doi.org/10.7910/DVN/DS1JYM,doi,10.7910,/,Harvard Dataverse,2018-07-18,s3://10.7910/DVN/DS1JYM,dataset,dataset
3185012,DVN/Z3EESV,https://doi.org/10.7910/DVN/Z3EESV,doi,10.7910,/,Harvard Dataverse,2018-07-16,s3://10.7910/DVN/Z3EESV,dataset,dataset
3193473,DVN/OUI4P2,https://doi.org/10.7910/DVN/OUI4P2,doi,10.7910,/,Harvard Dataverse,2018-07-19,s3://10.7910/DVN/OUI4P2,dataset,dataset
3194370,DVN/DZI33N,https://doi.org/10.7910/DVN/DZI33N,doi,10.7910,/,Harvard Dataverse,2018-07-23,s3://10.7910/DVN/DZI33N,dataset,dataset
3194525,DVN/8KQJBJ,https://doi.org/10.7910/DVN/8KQJBJ,doi,10.7910,/,Harvard Dataverse,2018-07-25,s3://10.7910/DVN/8KQJBJ,dataset,dataset
3194696,DVN/HNNMQT,https://doi.org/10.7910/DVN/HNNMQT,doi,10.7910,/,Harvard Dataverse,2018-07-25,s3://10.7910/DVN/HNNMQT,dataset,dataset
3195569,DVN/YPFY0J,https://doi.org/10.7910/DVN/YPFY0J,doi,10.7910,/,Harvard Dataverse,2018-09-26,s3://10.7910/DVN/YPFY0J,dataset,dataset
3196634,DVN/KIXXKS,https://doi.org/10.7910/DVN/KIXXKS,doi,10.7910,/,Harvard Dataverse,2018-08-13,s3://10.7910/DVN/KIXXKS,dataset,dataset
3201343,DVN/EHASPS,https://doi.org/10.7910/DVN/EHASPS,doi,10.7910,/,Harvard Dataverse,2018-08-13,s3://10.7910/DVN/EHASPS,dataset,dataset
3201962,DVN/N1BIJA,https://doi.org/10.7910/DVN/N1BIJA,doi,10.7910,/,Harvard Dataverse,2018-08-13,s3://10.7910/DVN/N1BIJA,dataset,dataset
3206959,DVN/WMUGC4,https://doi.org/10.7910/DVN/WMUGC4,doi,10.7910,/,Harvard Dataverse,2018-08-16,s3://10.7910/DVN/WMUGC4,dataset,dataset
3207027,DVN/TNGJ6E,https://doi.org/10.7910/DVN/TNGJ6E,doi,10.7910,/,Harvard Dataverse,2018-08-16,s3://10.7910/DVN/TNGJ6E,dataset,dataset
3208139,DVN/ETS5LV,https://doi.org/10.7910/DVN/ETS5LV,doi,10.7910,/,Harvard Dataverse,2018-08-30,s3://10.7910/DVN/ETS5LV,dataset,dataset
3208177,DVN/LEZCZ6,https://doi.org/10.7910/DVN/LEZCZ6,doi,10.7910,/,Harvard Dataverse,2018-08-30,s3://10.7910/DVN/LEZCZ6,dataset,dataset
3209320,DVN/G1JEV3,https://doi.org/10.7910/DVN/G1JEV3,doi,10.7910,/,Harvard Dataverse,2018-08-30,s3://10.7910/DVN/G1JEV3,dataset,dataset
3209832,DVN/W4B8MB,https://doi.org/10.7910/DVN/W4B8MB,doi,10.7910,/,Harvard Dataverse,2018-08-30,s3://10.7910/DVN/W4B8MB,dataset,dataset
3210469,DVN/RJ7VUQ,https://doi.org/10.7910/DVN/RJ7VUQ,doi,10.7910,/,Harvard Dataverse,2018-09-28,s3://10.7910/DVN/RJ7VUQ,dataset,dataset
3210692,DVN/VWRHQK,https://doi.org/10.7910/DVN/VWRHQK,doi,10.7910,/,Harvard Dataverse,2020-02-05,s3://10.7910/DVN/VWRHQK,dataset,dataset
3213203,DVN/RUQQYM,https://doi.org/10.7910/DVN/RUQQYM,doi,10.7910,/,Harvard Dataverse,2018-09-28,s3://10.7910/DVN/RUQQYM,dataset,dataset
3224819,DVN/DHKQ7B,https://doi.org/10.7910/DVN/DHKQ7B,doi,10.7910,/,Harvard Dataverse,2018-09-28,s3://10.7910/DVN/DHKQ7B,dataset,dataset
3230214,DVN/C0VSJ0,https://doi.org/10.7910/DVN/C0VSJ0,doi,10.7910,/,Harvard Dataverse,2018-10-12,s3://10.7910/DVN/C0VSJ0,dataset,dataset
3230623,DVN/R35B2J,https://doi.org/10.7910/DVN/R35B2J,doi,10.7910,/,Harvard Dataverse,2018-10-12,s3://10.7910/DVN/R35B2J,dataset,dataset
3230797,DVN/5A69IZ,https://doi.org/10.7910/DVN/5A69IZ,doi,10.7910,/,Harvard Dataverse,2018-10-12,s3://10.7910/DVN/5A69IZ,dataset,dataset
3234705,DVN/VV5I5E,https://doi.org/10.7910/DVN/VV5I5E,doi,10.7910,/,Harvard Dataverse,2018-10-22,s3://10.7910/DVN/VV5I5E,dataset,dataset
3234941,DVN/8SPXEQ,https://doi.org/10.7910/DVN/8SPXEQ,doi,10.7910,/,Harvard Dataverse,2018-10-12,s3://10.7910/DVN/8SPXEQ,dataset,dataset
3246775,DVN/RCZN4X,https://doi.org/10.7910/DVN/RCZN4X,doi,10.7910,/,Harvard Dataverse,2018-10-26,s3://10.7910/DVN/RCZN4X,dataset,dataset
3298478,DVN/082YQD,https://doi.org/10.7910/DVN/082YQD,doi,10.7910,/,Harvard Dataverse,2018-10-29,s3://10.7910/DVN/082YQD,dataset,dataset
3298721,DVN/OS7LCY,https://doi.org/10.7910/DVN/OS7LCY,doi,10.7910,/,Harvard Dataverse,2018-11-05,s3://10.7910/DVN/OS7LCY,dataset,dataset
3300702,DVN/ZQ5YCL,https://doi.org/10.7910/DVN/ZQ5YCL,doi,10.7910,/,Harvard Dataverse,2018-11-05,s3://10.7910/DVN/ZQ5YCL,dataset,dataset
3301046,DVN/RCLBOF,https://doi.org/10.7910/DVN/RCLBOF,doi,10.7910,/,Harvard Dataverse,2018-11-05,s3://10.7910/DVN/RCLBOF,dataset,dataset
3312445,DVN/X7RZTO,https://doi.org/10.7910/DVN/X7RZTO,doi,10.7910,/,Harvard Dataverse,2018-11-19,s3://10.7910/DVN/X7RZTO,dataset,dataset
3317059,DVN/JIYDQT,https://doi.org/10.7910/DVN/JIYDQT,doi,10.7910,/,Harvard Dataverse,2018-11-21,s3://10.7910/DVN/JIYDQT,dataset,dataset
3317192,DVN/CAASNH,https://doi.org/10.7910/DVN/CAASNH,doi,10.7910,/,Harvard Dataverse,2018-12-07,s3://10.7910/DVN/CAASNH,dataset,dataset
3323443,DVN/3MJ7IR,https://doi.org/10.7910/DVN/3MJ7IR,doi,10.7910,/,Harvard Dataverse,2018-12-07,s3://10.7910/DVN/3MJ7IR,dataset,dataset
3324434,DVN/AA03ZL,https://doi.org/10.7910/DVN/AA03ZL,doi,10.7910,/,Harvard Dataverse,2018-12-13,s3://10.7910/DVN/AA03ZL,dataset,dataset
3329168,DVN/1RRYTT,https://doi.org/10.7910/DVN/1RRYTT,doi,10.7910,/,Harvard Dataverse,2018-12-13,s3://10.7910/DVN/1RRYTT,dataset,dataset
3330398,DVN/BDGGCZ,https://doi.org/10.7910/DVN/BDGGCZ,doi,10.7910,/,Harvard Dataverse,2019-01-09,s3://10.7910/DVN/BDGGCZ,dataset,dataset
3330744,DVN/YUI2BC,https://doi.org/10.7910/DVN/YUI2BC,doi,10.7910,/,Harvard Dataverse,2019-01-09,s3://10.7910/DVN/YUI2BC,dataset,dataset
3330775,DVN/6WNSN7,https://doi.org/10.7910/DVN/6WNSN7,doi,10.7910,/,Harvard Dataverse,2019-01-07,s3://10.7910/DVN/6WNSN7,dataset,dataset
3333088,DVN/STB8AJ,https://doi.org/10.7910/DVN/STB8AJ,doi,10.7910,/,Harvard Dataverse,2019-01-09,s3://10.7910/DVN/STB8AJ,dataset,dataset
3333298,DVN/8AGDN8,https://doi.org/10.7910/DVN/8AGDN8,doi,10.7910,/,Harvard Dataverse,2019-01-09,s3://10.7910/DVN/8AGDN8,dataset,dataset
3336025,DVN/C8JKBM,https://doi.org/10.7910/DVN/C8JKBM,doi,10.7910,/,Harvard Dataverse,2019-01-09,s3://10.7910/DVN/C8JKBM,dataset,dataset
3341420,DVN/OK5PUL,https://doi.org/10.7910/DVN/OK5PUL,doi,10.7910,/,Harvard Dataverse,2019-02-04,s3://10.7910/DVN/OK5PUL,dataset,dataset
3344129,DVN/MZUYN3,https://doi.org/10.7910/DVN/MZUYN3,doi,10.7910,/,Harvard Dataverse,2019-01-14,s3://10.7910/DVN/MZUYN3,dataset,dataset
3344789,DVN/QZY3JR,https://doi.org/10.7910/DVN/QZY3JR,doi,10.7910,/,Harvard Dataverse,2019-02-04,s3://10.7910/DVN/QZY3JR,dataset,dataset
3344791,DVN/WBH8KW,https://doi.org/10.7910/DVN/WBH8KW,doi,10.7910,/,Harvard Dataverse,2019-02-04,s3://10.7910/DVN/WBH8KW,dataset,dataset
3346731,DVN/YUDEVH,https://doi.org/10.7910/DVN/YUDEVH,doi,10.7910,/,Harvard Dataverse,2019-02-04,s3://10.7910/DVN/YUDEVH,dataset,dataset
3346927,DVN/DPMTHY,https://doi.org/10.7910/DVN/DPMTHY,doi,10.7910,/,Harvard Dataverse,2019-02-11,s3://10.7910/DVN/DPMTHY,dataset,dataset
3349042,DVN/BZYEIY,https://doi.org/10.7910/DVN/BZYEIY,doi,10.7910,/,Harvard Dataverse,2019-01-29,s3://10.7910/DVN/BZYEIY,dataset,dataset
3354895,DVN/A4QA9I,https://doi.org/10.7910/DVN/A4QA9I,doi,10.7910,/,Harvard Dataverse,2019-02-11,s3://10.7910/DVN/A4QA9I,dataset,dataset
3355801,DVN/6AXHGT,https://doi.org/10.7910/DVN/6AXHGT,doi,10.7910,/,Harvard Dataverse,2019-02-11,s3://10.7910/DVN/6AXHGT,dataset,dataset
3357576,DVN/3WQ6YH,https://doi.org/10.7910/DVN/3WQ6YH,doi,10.7910,/,Harvard Dataverse,2019-02-15,s3://10.7910/DVN/3WQ6YH,dataset,dataset
3357632,DVN/LIGQUA,https://doi.org/10.7910/DVN/LIGQUA,doi,10.7910,/,Harvard Dataverse,2019-02-25,s3://10.7910/DVN/LIGQUA,dataset,dataset
3376531,DVN/13K1WQ,https://doi.org/10.7910/DVN/13K1WQ,doi,10.7910,/,Harvard Dataverse,2019-03-13,s3://10.7910/DVN/13K1WQ,dataset,dataset
3381863,DVN/ZKQPK7,https://doi.org/10.7910/DVN/ZKQPK7,doi,10.7910,/,Harvard Dataverse,2019-03-29,s3://10.7910/DVN/ZKQPK7,dataset,dataset
3391585,DVN/35PIZO,https://doi.org/10.7910/DVN/35PIZO,doi,10.7910,/,Harvard Dataverse,2019-04-05,s3://10.7910/DVN/35PIZO,dataset,dataset
3408375,DVN/QAGZZ7,https://doi.org/10.7910/DVN/QAGZZ7,doi,10.7910,/,Harvard Dataverse,2019-04-17,s3://10.7910/DVN/QAGZZ7,dataset,dataset
3409502,DVN/ULULMJ,https://doi.org/10.7910/DVN/ULULMJ,doi,10.7910,/,Harvard Dataverse,2020-12-15,s3://10.7910/DVN/ULULMJ,dataset,dataset
3409556,DVN/KRUVIQ,https://doi.org/10.7910/DVN/KRUVIQ,doi,10.7910,/,Harvard Dataverse,2019-04-17,s3://10.7910/DVN/KRUVIQ,dataset,dataset
3411037,DVN/AKQN5B,https://doi.org/10.7910/DVN/AKQN5B,doi,10.7910,/,Harvard Dataverse,2019-05-06,s3://10.7910/DVN/AKQN5B,dataset,dataset
3411130,DVN/574HZE,https://doi.org/10.7910/DVN/574HZE,doi,10.7910,/,Harvard Dataverse,2019-05-01,s3://10.7910/DVN/574HZE,dataset,dataset
3411156,DVN/6BZZ3Z,https://doi.org/10.7910/DVN/6BZZ3Z,doi,10.7910,/,Harvard Dataverse,2019-05-01,s3://10.7910/DVN/6BZZ3Z,dataset,dataset
3417394,DVN/7BCE4A,https://doi.org/10.7910/DVN/7BCE4A,doi,10.7910,/,Harvard Dataverse,2019-05-03,s3://10.7910/DVN/7BCE4A,dataset,dataset
3417710,DVN/KEIMA9,https://doi.org/10.7910/DVN/KEIMA9,doi,10.7910,/,Harvard Dataverse,2019-05-03,s3://10.7910/DVN/KEIMA9,dataset,dataset
3419105,DVN/WYTSSD,https://doi.org/10.7910/DVN/WYTSSD,doi,10.7910,/,Harvard Dataverse,2019-05-03,s3://10.7910/DVN/WYTSSD,dataset,dataset
3423700,DVN/YG3VTR,https://doi.org/10.7910/DVN/YG3VTR,doi,10.7910,/,Harvard Dataverse,2019-05-03,s3://10.7910/DVN/YG3VTR,dataset,dataset
3424560,DVN/9SUPHG,https://doi.org/10.7910/DVN/9SUPHG,doi,10.7910,/,Harvard Dataverse,2019-05-03,s3://10.7910/DVN/9SUPHG,dataset,dataset
3424817,DVN/KY9AWG,https://doi.org/10.7910/DVN/KY9AWG,doi,10.7910,/,Harvard Dataverse,2019-05-13,s3://10.7910/DVN/KY9AWG,dataset,dataset
3427670,DVN/FSN6ZY,https://doi.org/10.7910/DVN/FSN6ZY,doi,10.7910,/,Harvard Dataverse,2019-05-15,s3://10.7910/DVN/FSN6ZY,dataset,dataset
3429473,DVN/JGTHXF,https://doi.org/10.7910/DVN/JGTHXF,doi,10.7910,/,Harvard Dataverse,2019-05-17,s3://10.7910/DVN/JGTHXF,dataset,dataset
3439992,DVN/DIH2BZ,https://doi.org/10.7910/DVN/DIH2BZ,doi,10.7910,/,Harvard Dataverse,2019-05-28,s3://10.7910/DVN/DIH2BZ,dataset,dataset
3440006,DVN/6JSH69,https://doi.org/10.7910/DVN/6JSH69,doi,10.7910,/,Harvard Dataverse,2019-05-29,s3://10.7910/DVN/6JSH69,dataset,dataset
3440700,DVN/BLEBHI,https://doi.org/10.7910/DVN/BLEBHI,doi,10.7910,/,Harvard Dataverse,2019-08-05,s3://10.7910/DVN/BLEBHI,dataset,dataset
3442907,DVN/AHDBLV,https://doi.org/10.7910/DVN/AHDBLV,doi,10.7910,/,Harvard Dataverse,2019-06-05,s3://10.7910/DVN/AHDBLV,dataset,dataset
3451054,DVN/IO8NQU,https://doi.org/10.7910/DVN/IO8NQU,doi,10.7910,/,Harvard Dataverse,2019-07-17,s3://10.7910/DVN/IO8NQU,dataset,dataset
3451103,DVN/HFCHNF,https://doi.org/10.7910/DVN/HFCHNF,doi,10.7910,/,Harvard Dataverse,2019-06-19,s3://10.7910/DVN/HFCHNF,dataset,dataset
3452242,DVN/JYNKF8,https://doi.org/10.7910/DVN/JYNKF8,doi,10.7910,/,Harvard Dataverse,2020-04-08,s3://10.7910/DVN/JYNKF8,dataset,dataset
3452593,DVN/VDGSX8,https://doi.org/10.7910/DVN/VDGSX8,doi,10.7910,/,Harvard Dataverse,2019-07-17,s3://10.7910/DVN/VDGSX8,dataset,dataset
3453710,DVN/1NWXKD,https://doi.org/10.7910/DVN/1NWXKD,doi,10.7910,/,Harvard Dataverse,2019-06-24,s3://10.7910/DVN/1NWXKD,dataset,dataset
3457456,DVN/GXDIBE,https://doi.org/10.7910/DVN/GXDIBE,doi,10.7910,/,Harvard Dataverse,2019-07-17,s3://10.7910/DVN/GXDIBE,dataset,dataset
3457577,DVN/LAK5DC,https://doi.org/10.7910/DVN/LAK5DC,doi,10.7910,/,Harvard Dataverse,2019-07-17,s3://10.7910/DVN/LAK5DC,dataset,dataset
3462630,DVN/15KKQX,https://doi.org/10.7910/DVN/15KKQX,doi,10.7910,/,Harvard Dataverse,2019-07-17,s3://10.7910/DVN/15KKQX,dataset,dataset
3464796,DVN/N3TUEA,https://doi.org/10.7910/DVN/N3TUEA,doi,10.7910,/,Harvard Dataverse,2019-07-22,s3://10.7910/DVN/N3TUEA,dataset,dataset
3465347,DVN/DCA9QW,https://doi.org/10.7910/DVN/DCA9QW,doi,10.7910,/,Harvard Dataverse,2019-07-24,s3://10.7910/DVN/DCA9QW,dataset,dataset
3466006,DVN/EH3JBW,https://doi.org/10.7910/DVN/EH3JBW,doi,10.7910,/,Harvard Dataverse,2019-07-22,s3://10.7910/DVN/EH3JBW,dataset,dataset
3474525,DVN/PWO85V,https://doi.org/10.7910/DVN/PWO85V,doi,10.7910,/,Harvard Dataverse,2019-08-14,s3://10.7910/DVN/PWO85V,dataset,dataset
3474882,DVN/H9EQ05,https://doi.org/10.7910/DVN/H9EQ05,doi,10.7910,/,Harvard Dataverse,2019-07-24,s3://10.7910/DVN/H9EQ05,dataset,dataset
3475081,DVN/CZQWBG,https://doi.org/10.7910/DVN/CZQWBG,doi,10.7910,/,Harvard Dataverse,2019-07-24,s3://10.7910/DVN/CZQWBG,dataset,dataset
3475352,DVN/DEDOUB,https://doi.org/10.7910/DVN/DEDOUB,doi,10.7910,/,Harvard Dataverse,2019-07-24,s3://10.7910/DVN/DEDOUB,dataset,dataset
3477621,DVN/PUXK8C,https://doi.org/10.7910/DVN/PUXK8C,doi,10.7910,/,Harvard Dataverse,2021-01-27,s3://10.7910/DVN/PUXK8C,dataset,dataset
3481739,DVN/UVUXDR,https://doi.org/10.7910/DVN/UVUXDR,doi,10.7910,/,Harvard Dataverse,2019-08-07,s3://10.7910/DVN/UVUXDR,dataset,dataset
3491922,DVN/A0ZC97,https://doi.org/10.7910/DVN/A0ZC97,doi,10.7910,/,Harvard Dataverse,2019-08-07,s3://10.7910/DVN/A0ZC97,dataset,dataset
3539052,DVN/EISFTL,https://doi.org/10.7910/DVN/EISFTL,doi,10.7910,/,Harvard Dataverse,2019-08-19,s3://10.7910/DVN/EISFTL,dataset,dataset
3550267,DVN/J84H5M,https://doi.org/10.7910/DVN/J84H5M,doi,10.7910,/,Harvard Dataverse,2019-08-30,s3://10.7910/DVN/J84H5M,dataset,dataset
3550735,DVN/CL6XJ9,https://doi.org/10.7910/DVN/CL6XJ9,doi,10.7910,/,Harvard Dataverse,2019-08-30,s3://10.7910/DVN/CL6XJ9,dataset,dataset
3564247,DVN/BE2JAD,https://doi.org/10.7910/DVN/BE2JAD,doi,10.7910,/,Harvard Dataverse,2019-09-18,s3://10.7910/DVN/BE2JAD,dataset,dataset
3572240,DVN/9E0TS1,https://doi.org/10.7910/DVN/9E0TS1,doi,10.7910,/,Harvard Dataverse,2019-10-21,s3://10.7910/DVN/9E0TS1,dataset,dataset
3583013,DVN/FHXGDK,https://doi.org/10.7910/DVN/FHXGDK,doi,10.7910,/,Harvard Dataverse,2019-10-02,s3://10.7910/DVN/FHXGDK,dataset,dataset
3594639,DVN/GIASIB,https://doi.org/10.7910/DVN/GIASIB,doi,10.7910,/,Harvard Dataverse,2019-09-30,s3://10.7910/DVN/GIASIB,dataset,dataset
3595716,DVN/A4MIJR,https://doi.org/10.7910/DVN/A4MIJR,doi,10.7910,/,Harvard Dataverse,2019-10-09,s3://10.7910/DVN/A4MIJR,dataset,dataset
3595751,DVN/MV25MZ,https://doi.org/10.7910/DVN/MV25MZ,doi,10.7910,/,Harvard Dataverse,2019-10-02,s3://10.7910/DVN/MV25MZ,dataset,dataset
3596469,DVN/SU5E5S,https://doi.org/10.7910/DVN/SU5E5S,doi,10.7910,/,Harvard Dataverse,2019-10-04,s3://10.7910/DVN/SU5E5S,dataset,dataset
3609407,DVN/XRZVED,https://doi.org/10.7910/DVN/XRZVED,doi,10.7910,/,Harvard Dataverse,2019-11-04,s3://10.7910/DVN/XRZVED,dataset,dataset
3610903,DVN/OLKHD7,https://doi.org/10.7910/DVN/OLKHD7,doi,10.7910,/,Harvard Dataverse,2019-11-04,s3://10.7910/DVN/OLKHD7,dataset,dataset
3615589,DVN/IGYXEF,https://doi.org/10.7910/DVN/IGYXEF,doi,10.7910,/,Harvard Dataverse,2019-11-06,s3://10.7910/DVN/IGYXEF,dataset,dataset
3621593,DVN/WNHJV9,https://doi.org/10.7910/DVN/WNHJV9,doi,10.7910,/,Harvard Dataverse,2020-01-17,s3://10.7910/DVN/WNHJV9,dataset,dataset
3624933,DVN/CDFU0K,https://doi.org/10.7910/DVN/CDFU0K,doi,10.7910,/,Harvard Dataverse,2019-11-15,s3://10.7910/DVN/CDFU0K,dataset,dataset
3636399,DVN/4UN7CS,https://doi.org/10.7910/DVN/4UN7CS,doi,10.7910,/,Harvard Dataverse,2019-11-25,s3://10.7910/DVN/4UN7CS,dataset,dataset
3639720,DVN/TQ4VLM,https://doi.org/10.7910/DVN/TQ4VLM,doi,10.7910,/,Harvard Dataverse,2019-12-02,s3://10.7910/DVN/TQ4VLM,dataset,dataset
3644877,DVN/Z6XX7Q,https://doi.org/10.7910/DVN/Z6XX7Q,doi,10.7910,/,Harvard Dataverse,2019-12-13,s3://10.7910/DVN/Z6XX7Q,dataset,dataset
3644931,DVN/SNETL6,https://doi.org/10.7910/DVN/SNETL6,doi,10.7910,/,Harvard Dataverse,2019-12-19,s3://10.7910/DVN/SNETL6,dataset,dataset
3645405,DVN/VBH5SJ,https://doi.org/10.7910/DVN/VBH5SJ,doi,10.7910,/,Harvard Dataverse,2020-06-30,s3://10.7910/DVN/VBH5SJ,dataset,dataset
3645687,DVN/LZOGOB,https://doi.org/10.7910/DVN/LZOGOB,doi,10.7910,/,Harvard Dataverse,2019-12-19,s3://10.7910/DVN/LZOGOB,dataset,dataset
3645735,DVN/HG1I8B,https://doi.org/10.7910/DVN/HG1I8B,doi,10.7910,/,Harvard Dataverse,2020-01-08,s3://10.7910/DVN/HG1I8B,dataset,dataset
3653406,DVN/XFJ5GW,https://doi.org/10.7910/DVN/XFJ5GW,doi,10.7910,/,Harvard Dataverse,2020-01-17,s3://10.7910/DVN/XFJ5GW,dataset,dataset
3654270,DVN/8Z0LIV,https://doi.org/10.7910/DVN/8Z0LIV,doi,10.7910,/,Harvard Dataverse,2020-01-27,s3://10.7910/DVN/8Z0LIV,dataset,dataset
3656766,DVN/DL4S2M,https://doi.org/10.7910/DVN/DL4S2M,doi,10.7910,/,Harvard Dataverse,2020-01-10,s3://10.7910/DVN/DL4S2M,dataset,dataset
3656848,DVN/ZXC6XH,https://doi.org/10.7910/DVN/ZXC6XH,doi,10.7910,/,Harvard Dataverse,2020-01-10,s3://10.7910/DVN/ZXC6XH,dataset,dataset
3657873,DVN/ITH04F,https://doi.org/10.7910/DVN/ITH04F,doi,10.7910,/,Harvard Dataverse,2020-01-22,s3://10.7910/DVN/ITH04F,dataset,dataset
3658031,DVN/3AXSLI,https://doi.org/10.7910/DVN/3AXSLI,doi,10.7910,/,Harvard Dataverse,2020-01-19,s3://10.7910/DVN/3AXSLI,dataset,dataset
3660513,DVN/ELQNSN,https://doi.org/10.7910/DVN/ELQNSN,doi,10.7910,/,Harvard Dataverse,2020-01-17,s3://10.7910/DVN/ELQNSN,dataset,dataset
3664667,DVN/MTCDFC,https://doi.org/10.7910/DVN/MTCDFC,doi,10.7910,/,Harvard Dataverse,2020-01-22,s3://10.7910/DVN/MTCDFC,dataset,dataset
3664687,DVN/WPTLQP,https://doi.org/10.7910/DVN/WPTLQP,doi,10.7910,/,Harvard Dataverse,2020-01-22,s3://10.7910/DVN/WPTLQP,dataset,dataset
3670533,DVN/JP1ZT0,https://doi.org/10.7910/DVN/JP1ZT0,doi,10.7910,/,Harvard Dataverse,2020-01-27,s3://10.7910/DVN/JP1ZT0,dataset,dataset
3670559,DVN/K6QU2J,https://doi.org/10.7910/DVN/K6QU2J,doi,10.7910,/,Harvard Dataverse,2020-01-27,s3://10.7910/DVN/K6QU2J,dataset,dataset
3674435,DVN/4GT3U3,https://doi.org/10.7910/DVN/4GT3U3,doi,10.7910,/,Harvard Dataverse,2020-02-03,s3://10.7910/DVN/4GT3U3,dataset,dataset
3674764,DVN/MCRSVD,https://doi.org/10.7910/DVN/MCRSVD,doi,10.7910,/,Harvard Dataverse,2020-01-31,s3://10.7910/DVN/MCRSVD,dataset,dataset
3675115,DVN/KSPAQI,https://doi.org/10.7910/DVN/KSPAQI,doi,10.7910,/,Harvard Dataverse,2020-01-31,s3://10.7910/DVN/KSPAQI,dataset,dataset
3677108,DVN/ODIYMX,https://doi.org/10.7910/DVN/ODIYMX,doi,10.7910,/,Harvard Dataverse,2020-04-23,s3://10.7910/DVN/ODIYMX,dataset,dataset
3678904,DVN/RGIUEV,https://doi.org/10.7910/DVN/RGIUEV,doi,10.7910,/,Harvard Dataverse,2020-02-10,s3://10.7910/DVN/RGIUEV,dataset,dataset
3680298,DVN/XDO6LF,https://doi.org/10.7910/DVN/XDO6LF,doi,10.7910,/,Harvard Dataverse,2020-02-24,s3://10.7910/DVN/XDO6LF,dataset,dataset
3725718,DVN/6M1W9F,https://doi.org/10.7910/DVN/6M1W9F,doi,10.7910,/,Harvard Dataverse,2020-02-19,s3://10.7910/DVN/6M1W9F,dataset,dataset
3732436,DVN/DOQPNK,https://doi.org/10.7910/DVN/DOQPNK,doi,10.7910,/,Harvard Dataverse,2020-02-19,s3://10.7910/DVN/DOQPNK,dataset,dataset
3732537,DVN/14K229,https://doi.org/10.7910/DVN/14K229,doi,10.7910,/,Harvard Dataverse,2020-04-15,s3://10.7910/DVN/14K229,dataset,dataset
3737211,DVN/YOIHIM,https://doi.org/10.7910/DVN/YOIHIM,doi,10.7910,/,Harvard Dataverse,2020-02-24,s3://10.7910/DVN/YOIHIM,dataset,dataset
3743428,DVN/7QQ6GK,https://doi.org/10.7910/DVN/7QQ6GK,doi,10.7910,/,Harvard Dataverse,2020-03-06,s3://10.7910/DVN/7QQ6GK,dataset,dataset
3746231,DVN/BNOUBY,https://doi.org/10.7910/DVN/BNOUBY,doi,10.7910,/,Harvard Dataverse,2021-10-26,s3://10.7910/DVN/BNOUBY,dataset,dataset
3783091,DVN/MWN45S,https://doi.org/10.7910/DVN/MWN45S,doi,10.7910,/,Harvard Dataverse,2020-03-30,s3://10.7910/DVN/MWN45S,dataset,dataset
3787462,DVN/6ME9UJ,https://doi.org/10.7910/DVN/6ME9UJ,doi,10.7910,/,Harvard Dataverse,2020-04-06,s3://10.7910/DVN/6ME9UJ,dataset,dataset
3792807,DVN/YETJIS,https://doi.org/10.7910/DVN/YETJIS,doi,10.7910,/,Harvard Dataverse,2022-02-17,s3://10.7910/DVN/YETJIS,dataset,dataset
3797886,DVN/67CUSW,https://doi.org/10.7910/DVN/67CUSW,doi,10.7910,/,Harvard Dataverse,2020-04-08,s3://10.7910/DVN/67CUSW,dataset,dataset
3800725,DVN/IILJ4B,https://doi.org/10.7910/DVN/IILJ4B,doi,10.7910,/,Harvard Dataverse,2020-04-15,s3://10.7910/DVN/IILJ4B,dataset,dataset
3806224,DVN/KRQDAG,https://doi.org/10.7910/DVN/KRQDAG,doi,10.7910,/,Harvard Dataverse,2020-04-16,s3://10.7910/DVN/KRQDAG,dataset,dataset
3810722,DVN/2QZHPA,https://doi.org/10.7910/DVN/2QZHPA,doi,10.7910,/,Harvard Dataverse,2020-04-20,s3://10.7910/DVN/2QZHPA,dataset,dataset
3813822,DVN/6LPBJF,https://doi.org/10.7910/DVN/6LPBJF,doi,10.7910,/,Harvard Dataverse,2020-04-28,s3://10.7910/DVN/6LPBJF,dataset,dataset
3820415,DVN/ZUGSFZ,https://doi.org/10.7910/DVN/ZUGSFZ,doi,10.7910,/,Harvard Dataverse,2020-04-28,s3://10.7910/DVN/ZUGSFZ,dataset,dataset
3821637,DVN/CCZ82I,https://doi.org/10.7910/DVN/CCZ82I,doi,10.7910,/,Harvard Dataverse,2020-05-11,s3://10.7910/DVN/CCZ82I,dataset,dataset
3821864,DVN/3KTD2W,https://doi.org/10.7910/DVN/3KTD2W,doi,10.7910,/,Harvard Dataverse,2020-05-04,s3://10.7910/DVN/3KTD2W,dataset,dataset
3822502,DVN/M1PFKO,https://doi.org/10.7910/DVN/M1PFKO,doi,10.7910,/,Harvard Dataverse,2020-05-12,s3://10.7910/DVN/M1PFKO,dataset,dataset
3830398,DVN/OJWRWM,https://doi.org/10.7910/DVN/OJWRWM,doi,10.7910,/,Harvard Dataverse,2020-05-11,s3://10.7910/DVN/OJWRWM,dataset,dataset
3831443,DVN/E6HKJZ,https://doi.org/10.7910/DVN/E6HKJZ,doi,10.7910,/,Harvard Dataverse,2020-05-11,s3://10.7910/DVN/E6HKJZ,dataset,dataset
3833476,DVN/OKPT56,https://doi.org/10.7910/DVN/OKPT56,doi,10.7910,/,Harvard Dataverse,2020-05-13,s3://10.7910/DVN/OKPT56,dataset,dataset
3833667,DVN/0SWOOA,https://doi.org/10.7910/DVN/0SWOOA,doi,10.7910,/,Harvard Dataverse,2022-02-17,s3://10.7910/DVN/0SWOOA,dataset,dataset
3840512,DVN/KYZ6JR,https://doi.org/10.7910/DVN/KYZ6JR,doi,10.7910,/,Harvard Dataverse,2020-05-18,s3://10.7910/DVN/KYZ6JR,dataset,dataset
3841464,DVN/3XQLAG,https://doi.org/10.7910/DVN/3XQLAG,doi,10.7910,/,Harvard Dataverse,2020-05-18,s3://10.7910/DVN/3XQLAG,dataset,dataset
3852268,DVN/QADILD,https://doi.org/10.7910/DVN/QADILD,doi,10.7910,/,Harvard Dataverse,2020-05-29,s3://10.7910/DVN/QADILD,dataset,dataset
3852780,DVN/ISD0TW,https://doi.org/10.7910/DVN/ISD0TW,doi,10.7910,/,Harvard Dataverse,2020-06-16,s3://10.7910/DVN/ISD0TW,dataset,dataset
3853030,DVN/MKRCFU,https://doi.org/10.7910/DVN/MKRCFU,doi,10.7910,/,Harvard Dataverse,2020-05-29,s3://10.7910/DVN/MKRCFU,dataset,dataset
3861649,DVN/JIYR8A,https://doi.org/10.7910/DVN/JIYR8A,doi,10.7910,/,Harvard Dataverse,2020-06-08,s3://10.7910/DVN/JIYR8A,dataset,dataset
3864812,DVN/NGHYPI,https://doi.org/10.7910/DVN/NGHYPI,doi,10.7910,/,Harvard Dataverse,2020-06-08,s3://10.7910/DVN/NGHYPI,dataset,dataset
3869512,DVN/W2FWN0,https://doi.org/10.7910/DVN/W2FWN0,doi,10.7910,/,Harvard Dataverse,2020-06-15,s3://10.7910/DVN/W2FWN0,dataset,dataset
3869929,DVN/DDNOOW,https://doi.org/10.7910/DVN/DDNOOW,doi,10.7910,/,Harvard Dataverse,2020-06-12,s3://10.7910/DVN/DDNOOW,dataset,dataset
3870552,DVN/K3PRYB,https://doi.org/10.7910/DVN/K3PRYB,doi,10.7910,/,Harvard Dataverse,2020-06-15,s3://10.7910/DVN/K3PRYB,dataset,dataset
3892096,DVN/FKDN0S,https://doi.org/10.7910/DVN/FKDN0S,doi,10.7910,/,Harvard Dataverse,2020-06-25,s3://10.7910/DVN/FKDN0S,dataset,dataset
3892173,DVN/MFAHOX,https://doi.org/10.7910/DVN/MFAHOX,doi,10.7910,/,Harvard Dataverse,2020-06-30,s3://10.7910/DVN/MFAHOX,dataset,dataset
3904017,DVN/ZIC6PW,https://doi.org/10.7910/DVN/ZIC6PW,doi,10.7910,/,Harvard Dataverse,2020-06-30,s3://10.7910/DVN/ZIC6PW,dataset,dataset
3904024,DVN/NKJNUN,https://doi.org/10.7910/DVN/NKJNUN,doi,10.7910,/,Harvard Dataverse,2020-07-27,s3://10.7910/DVN/NKJNUN,dataset,dataset
3904451,DVN/AD79UA,https://doi.org/10.7910/DVN/AD79UA,doi,10.7910,/,Harvard Dataverse,2020-06-27,s3://10.7910/DVN/AD79UA,dataset,dataset
3907973,DVN/EF9I1W,https://doi.org/10.7910/DVN/EF9I1W,doi,10.7910,/,Harvard Dataverse,2022-03-10,s3://10.7910/DVN/EF9I1W,dataset,dataset
3908028,DVN/HM7AZC,https://doi.org/10.7910/DVN/HM7AZC,doi,10.7910,/,Harvard Dataverse,2020-06-30,s3://10.7910/DVN/HM7AZC,dataset,dataset
3910603,DVN/JEGTBX,https://doi.org/10.7910/DVN/JEGTBX,doi,10.7910,/,Harvard Dataverse,2020-07-14,s3://10.7910/DVN/JEGTBX,dataset,dataset
3910928,DVN/WV2UYI,https://doi.org/10.7910/DVN/WV2UYI,doi,10.7910,/,Harvard Dataverse,2020-07-08,s3://10.7910/DVN/WV2UYI,dataset,dataset
3973413,DVN/U5X65H,https://doi.org/10.7910/DVN/U5X65H,doi,10.7910,/,Harvard Dataverse,2020-07-08,s3://10.7910/DVN/U5X65H,dataset,dataset
3979635,DVN/VVR1SX,https://doi.org/10.7910/DVN/VVR1SX,doi,10.7910,/,Harvard Dataverse,2020-07-14,s3://10.7910/DVN/VVR1SX,dataset,dataset
3983851,DVN/TJMVBS,https://doi.org/10.7910/DVN/TJMVBS,doi,10.7910,/,Harvard Dataverse,2020-07-14,s3://10.7910/DVN/TJMVBS,dataset,dataset
3987347,DVN/3OJ5KA,https://doi.org/10.7910/DVN/3OJ5KA,doi,10.7910,/,Harvard Dataverse,2020-07-22,s3://10.7910/DVN/3OJ5KA,dataset,dataset
3987407,DVN/NI53ZL,https://doi.org/10.7910/DVN/NI53ZL,doi,10.7910,/,Harvard Dataverse,2020-07-22,s3://10.7910/DVN/NI53ZL,dataset,dataset
3994261,DVN/8D9EQ6,https://doi.org/10.7910/DVN/8D9EQ6,doi,10.7910,/,Harvard Dataverse,2020-07-28,s3://10.7910/DVN/8D9EQ6,dataset,dataset
3994273,DVN/PXYDZU,https://doi.org/10.7910/DVN/PXYDZU,doi,10.7910,/,Harvard Dataverse,2020-07-28,s3://10.7910/DVN/PXYDZU,dataset,dataset
3997683,DVN/T1VWCH,https://doi.org/10.7910/DVN/T1VWCH,doi,10.7910,/,Harvard Dataverse,2022-05-19,s3://10.7910/DVN/T1VWCH,dataset,dataset
4002911,DVN/J7LTLI,https://doi.org/10.7910/DVN/J7LTLI,doi,10.7910,/,Harvard Dataverse,2020-08-05,s3://10.7910/DVN/J7LTLI,dataset,dataset
4023233,DVN/74EI9T,https://doi.org/10.7910/DVN/74EI9T,doi,10.7910,/,Harvard Dataverse,2020-08-17,s3://10.7910/DVN/74EI9T,dataset,dataset
4026236,DVN/YH7WKF,https://doi.org/10.7910/DVN/YH7WKF,doi,10.7910,/,Harvard Dataverse,2020-08-15,s3://10.7910/DVN/YH7WKF,dataset,dataset
4026531,DVN/YH0VGY,https://doi.org/10.7910/DVN/YH0VGY,doi,10.7910,/,Harvard Dataverse,2020-08-18,s3://10.7910/DVN/YH0VGY,dataset,dataset
4027677,DVN/1YY2SH,https://doi.org/10.7910/DVN/1YY2SH,doi,10.7910,/,Harvard Dataverse,2020-09-11,s3://10.7910/DVN/1YY2SH,dataset,dataset
4030298,DVN/BYVP7L,https://doi.org/10.7910/DVN/BYVP7L,doi,10.7910,/,Harvard Dataverse,2020-08-24,s3://10.7910/DVN/BYVP7L,dataset,dataset
4030653,DVN/RTQTZ4,https://doi.org/10.7910/DVN/RTQTZ4,doi,10.7910,/,Harvard Dataverse,2020-08-24,s3://10.7910/DVN/RTQTZ4,dataset,dataset
4031460,DVN/KTWYZ6,https://doi.org/10.7910/DVN/KTWYZ6,doi,10.7910,/,Harvard Dataverse,2020-08-31,s3://10.7910/DVN/KTWYZ6,dataset,dataset
4031920,DVN/XYZ1NA,https://doi.org/10.7910/DVN/XYZ1NA,doi,10.7910,/,Harvard Dataverse,2020-08-26,s3://10.7910/DVN/XYZ1NA,dataset,dataset
4032963,DVN/IER6EF,https://doi.org/10.7910/DVN/IER6EF,doi,10.7910,/,Harvard Dataverse,2020-08-24,s3://10.7910/DVN/IER6EF,dataset,dataset
4033760,DVN/M6AGWJ,https://doi.org/10.7910/DVN/M6AGWJ,doi,10.7910,/,Harvard Dataverse,2020-08-26,s3://10.7910/DVN/M6AGWJ,dataset,dataset
4034289,DVN/G2IKPH,https://doi.org/10.7910/DVN/G2IKPH,doi,10.7910,/,Harvard Dataverse,2020-08-26,s3://10.7910/DVN/G2IKPH,dataset,dataset
4057233,DVN/RMIBIW,https://doi.org/10.7910/DVN/RMIBIW,doi,10.7910,/,Harvard Dataverse,2020-09-08,s3://10.7910/DVN/RMIBIW,dataset,dataset
4057700,DVN/AJY6QR,https://doi.org/10.7910/DVN/AJY6QR,doi,10.7910,/,Harvard Dataverse,2020-09-15,s3://10.7910/DVN/AJY6QR,dataset,dataset
4066766,DVN/V789QF,https://doi.org/10.7910/DVN/V789QF,doi,10.7910,/,Harvard Dataverse,2020-09-15,s3://10.7910/DVN/V789QF,dataset,dataset
4073185,DVN/CPNSGW,https://doi.org/10.7910/DVN/CPNSGW,doi,10.7910,/,Harvard Dataverse,2020-09-17,s3://10.7910/DVN/CPNSGW,dataset,dataset
4077705,DVN/RKPFLB,https://doi.org/10.7910/DVN/RKPFLB,doi,10.7910,/,Harvard Dataverse,2020-09-21,s3://10.7910/DVN/RKPFLB,dataset,dataset
4080421,DVN/LWVAKX,https://doi.org/10.7910/DVN/LWVAKX,doi,10.7910,/,Harvard Dataverse,2020-09-21,s3://10.7910/DVN/LWVAKX,dataset,dataset
4095538,DVN/82ZWRP,https://doi.org/10.7910/DVN/82ZWRP,doi,10.7910,/,Harvard Dataverse,2020-09-30,s3://10.7910/DVN/82ZWRP,dataset,dataset
4097913,DVN/FRYUA9,https://doi.org/10.7910/DVN/FRYUA9,doi,10.7910,/,Harvard Dataverse,2020-09-30,s3://10.7910/DVN/FRYUA9,dataset,dataset
4099825,DVN/B2OMH2,https://doi.org/10.7910/DVN/B2OMH2,doi,10.7910,/,Harvard Dataverse,2020-10-05,s3://10.7910/DVN/B2OMH2,dataset,dataset
4099885,DVN/YYNAA8,https://doi.org/10.7910/DVN/YYNAA8,doi,10.7910,/,Harvard Dataverse,2020-10-05,s3://10.7910/DVN/YYNAA8,dataset,dataset
4099995,DVN/BGW6LO,https://doi.org/10.7910/DVN/BGW6LO,doi,10.7910,/,Harvard Dataverse,2020-10-05,s3://10.7910/DVN/BGW6LO,dataset,dataset
4104069,DVN/BIRIRI,https://doi.org/10.7910/DVN/BIRIRI,doi,10.7910,/,Harvard Dataverse,2020-10-13,s3://10.7910/DVN/BIRIRI,dataset,dataset
4104990,DVN/JCP8CM,https://doi.org/10.7910/DVN/JCP8CM,doi,10.7910,/,Harvard Dataverse,2020-10-08,s3://10.7910/DVN/JCP8CM,dataset,dataset
4105261,DVN/GGW9CH,https://doi.org/10.7910/DVN/GGW9CH,doi,10.7910,/,Harvard Dataverse,2020-10-08,s3://10.7910/DVN/GGW9CH,dataset,dataset
4105415,DVN/UMRDI3,https://doi.org/10.7910/DVN/UMRDI3,doi,10.7910,/,Harvard Dataverse,2020-10-08,s3://10.7910/DVN/UMRDI3,dataset,dataset
4105769,DVN/TBXVB3,https://doi.org/10.7910/DVN/TBXVB3,doi,10.7910,/,Harvard Dataverse,2020-10-09,s3://10.7910/DVN/TBXVB3,dataset,dataset
4142239,DVN/FRJOXO,https://doi.org/10.7910/DVN/FRJOXO,doi,10.7910,/,Harvard Dataverse,2020-10-19,s3://10.7910/DVN/FRJOXO,dataset,dataset
4143656,DVN/TQESTH,https://doi.org/10.7910/DVN/TQESTH,doi,10.7910,/,Harvard Dataverse,2020-10-19,s3://10.7910/DVN/TQESTH,dataset,dataset
4145332,DVN/QLFCKO,https://doi.org/10.7910/DVN/QLFCKO,doi,10.7910,/,Harvard Dataverse,2020-10-21,s3://10.7910/DVN/QLFCKO,dataset,dataset
4146862,DVN/EMY6LO,https://doi.org/10.7910/DVN/EMY6LO,doi,10.7910,/,Harvard Dataverse,2020-10-26,s3://10.7910/DVN/EMY6LO,dataset,dataset
4150349,DVN/KPHTAI,https://doi.org/10.7910/DVN/KPHTAI,doi,10.7910,/,Harvard Dataverse,2020-10-26,s3://10.7910/DVN/KPHTAI,dataset,dataset
4150421,DVN/QSEPXE,https://doi.org/10.7910/DVN/QSEPXE,doi,10.7910,/,Harvard Dataverse,2020-10-26,s3://10.7910/DVN/QSEPXE,dataset,dataset
4151508,DVN/UWXULC,https://doi.org/10.7910/DVN/UWXULC,doi,10.7910,/,Harvard Dataverse,2020-10-26,s3://10.7910/DVN/UWXULC,dataset,dataset
4160886,DVN/GSXAWW,https://doi.org/10.7910/DVN/GSXAWW,doi,10.7910,/,Harvard Dataverse,2020-11-04,s3://10.7910/DVN/GSXAWW,dataset,dataset
4160992,DVN/RRHANS,https://doi.org/10.7910/DVN/RRHANS,doi,10.7910,/,Harvard Dataverse,2020-11-04,s3://10.7910/DVN/RRHANS,dataset,dataset
4165754,DVN/ZPLSBR,https://doi.org/10.7910/DVN/ZPLSBR,doi,10.7910,/,Harvard Dataverse,2020-11-09,s3://10.7910/DVN/ZPLSBR,dataset,dataset
4169484,DVN/HXZOCG,https://doi.org/10.7910/DVN/HXZOCG,doi,10.7910,/,Harvard Dataverse,2020-11-09,s3://10.7910/DVN/HXZOCG,dataset,dataset
4172815,DVN/5LB20Z,https://doi.org/10.7910/DVN/5LB20Z,doi,10.7910,/,Harvard Dataverse,2020-11-16,s3://10.7910/DVN/5LB20Z,dataset,dataset
4183200,DVN/EIN1MN,https://doi.org/10.7910/DVN/EIN1MN,doi,10.7910,/,Harvard Dataverse,2020-11-24,s3://10.7910/DVN/EIN1MN,dataset,dataset
4191429,DVN/0GP4IQ,https://doi.org/10.7910/DVN/0GP4IQ,doi,10.7910,/,Harvard Dataverse,2020-11-25,s3://10.7910/DVN/0GP4IQ,dataset,dataset
4195048,DVN/RHZDPF,https://doi.org/10.7910/DVN/RHZDPF,doi,10.7910,/,Harvard Dataverse,2020-11-30,s3://10.7910/DVN/RHZDPF,dataset,dataset
4195602,DVN/P7RH9B,https://doi.org/10.7910/DVN/P7RH9B,doi,10.7910,/,Harvard Dataverse,2021-03-30,s3://10.7910/DVN/P7RH9B,dataset,dataset
4196102,DVN/2CRT3U,https://doi.org/10.7910/DVN/2CRT3U,doi,10.7910,/,Harvard Dataverse,2020-12-02,s3://10.7910/DVN/2CRT3U,dataset,dataset
4201769,DVN/Z6YULW,https://doi.org/10.7910/DVN/Z6YULW,doi,10.7910,/,Harvard Dataverse,2020-12-01,s3://10.7910/DVN/Z6YULW,dataset,dataset
4202617,DVN/XP63F9,https://doi.org/10.7910/DVN/XP63F9,doi,10.7910,/,Harvard Dataverse,2020-12-02,s3://10.7910/DVN/XP63F9,dataset,dataset
4203615,DVN/FWVDD3,https://doi.org/10.7910/DVN/FWVDD3,doi,10.7910,/,Harvard Dataverse,2022-11-16,s3://10.7910/DVN/FWVDD3,dataset,dataset
4209532,DVN/JJV7SM,https://doi.org/10.7910/DVN/JJV7SM,doi,10.7910,/,Harvard Dataverse,2020-12-15,s3://10.7910/DVN/JJV7SM,dataset,dataset
4213860,DVN/TB5D5J,https://doi.org/10.7910/DVN/TB5D5J,doi,10.7910,/,Harvard Dataverse,2020-12-10,s3://10.7910/DVN/TB5D5J,dataset,dataset
4260736,DVN/5JILCG,https://doi.org/10.7910/DVN/5JILCG,doi,10.7910,/,Harvard Dataverse,2020-12-15,s3://10.7910/DVN/5JILCG,dataset,dataset
4274721,DVN/7A2GHQ,https://doi.org/10.7910/DVN/7A2GHQ,doi,10.7910,/,Harvard Dataverse,2021-01-12,s3://10.7910/DVN/7A2GHQ,dataset,dataset
4287874,DVN/XRVEZJ,https://doi.org/10.7910/DVN/XRVEZJ,doi,10.7910,/,Harvard Dataverse,2021-01-12,s3://10.7910/DVN/XRVEZJ,dataset,dataset
4288801,DVN/1H3CPO,https://doi.org/10.7910/DVN/1H3CPO,doi,10.7910,/,Harvard Dataverse,2021-01-12,s3://10.7910/DVN/1H3CPO,dataset,dataset
4288890,DVN/USYJLG,https://doi.org/10.7910/DVN/USYJLG,doi,10.7910,/,Harvard Dataverse,2021-01-12,s3://10.7910/DVN/USYJLG,dataset,dataset
4303541,DVN/VOUXOS,https://doi.org/10.7910/DVN/VOUXOS,doi,10.7910,/,Harvard Dataverse,2021-01-17,s3://10.7910/DVN/VOUXOS,dataset,dataset
4306761,DVN/3DTLQX,https://doi.org/10.7910/DVN/3DTLQX,doi,10.7910,/,Harvard Dataverse,2021-01-22,s3://10.7910/DVN/3DTLQX,dataset,dataset
4307962,DVN/XE7YVI,https://doi.org/10.7910/DVN/XE7YVI,doi,10.7910,/,Harvard Dataverse,2021-01-22,s3://10.7910/DVN/XE7YVI,dataset,dataset
4325167,DVN/DDVBFE,https://doi.org/10.7910/DVN/DDVBFE,doi,10.7910,/,Harvard Dataverse,2021-01-26,s3://10.7910/DVN/DDVBFE,dataset,dataset
4326619,DVN/QLU59Z,https://doi.org/10.7910/DVN/QLU59Z,doi,10.7910,/,Harvard Dataverse,2021-01-28,s3://10.7910/DVN/QLU59Z,dataset,dataset
4329240,DVN/DGYKYJ,https://doi.org/10.7910/DVN/DGYKYJ,doi,10.7910,/,Harvard Dataverse,2021-01-27,s3://10.7910/DVN/DGYKYJ,dataset,dataset
4364959,DVN/W5H2KD,https://doi.org/10.7910/DVN/W5H2KD,doi,10.7910,/,Harvard Dataverse,2021-02-03,s3://10.7910/DVN/W5H2KD,dataset,dataset
4365511,DVN/M67AIP,https://doi.org/10.7910/DVN/M67AIP,doi,10.7910,/,Harvard Dataverse,2021-02-03,s3://10.7910/DVN/M67AIP,dataset,dataset
4367340,DVN/J1IBDI,https://doi.org/10.7910/DVN/J1IBDI,doi,10.7910,/,Harvard Dataverse,2021-02-04,s3://10.7910/DVN/J1IBDI,dataset,dataset
4367427,DVN/COHBLD,https://doi.org/10.7910/DVN/COHBLD,doi,10.7910,/,Harvard Dataverse,2021-02-10,s3://10.7910/DVN/COHBLD,dataset,dataset
4373094,DVN/RGMV5E,https://doi.org/10.7910/DVN/RGMV5E,doi,10.7910,/,Harvard Dataverse,2021-02-17,s3://10.7910/DVN/RGMV5E,dataset,dataset
4375073,DVN/HQMZEM,https://doi.org/10.7910/DVN/HQMZEM,doi,10.7910,/,Harvard Dataverse,2021-02-11,s3://10.7910/DVN/HQMZEM,dataset,dataset
4375945,DVN/FO9PLR,https://doi.org/10.7910/DVN/FO9PLR,doi,10.7910,/,Harvard Dataverse,2021-02-12,s3://10.7910/DVN/FO9PLR,dataset,dataset
4376075,DVN/BIASID,https://doi.org/10.7910/DVN/BIASID,doi,10.7910,/,Harvard Dataverse,2021-02-11,s3://10.7910/DVN/BIASID,dataset,dataset
4378309,DVN/WTQMNQ,https://doi.org/10.7910/DVN/WTQMNQ,doi,10.7910,/,Harvard Dataverse,2021-02-12,s3://10.7910/DVN/WTQMNQ,dataset,dataset
4404426,DVN/NL1NHS,https://doi.org/10.7910/DVN/NL1NHS,doi,10.7910,/,Harvard Dataverse,2021-02-17,s3://10.7910/DVN/NL1NHS,dataset,dataset
4411998,DVN/URN2LW,https://doi.org/10.7910/DVN/URN2LW,doi,10.7910,/,Harvard Dataverse,2021-02-19,s3://10.7910/DVN/URN2LW,dataset,dataset
4417699,DVN/C8UDDL,https://doi.org/10.7910/DVN/C8UDDL,doi,10.7910,/,Harvard Dataverse,2021-02-24,s3://10.7910/DVN/C8UDDL,dataset,dataset
4423813,DVN/WJ6ETP,https://doi.org/10.7910/DVN/WJ6ETP,doi,10.7910,/,Harvard Dataverse,2021-02-26,s3://10.7910/DVN/WJ6ETP,dataset,dataset
4434188,DVN/YUMTH5,https://doi.org/10.7910/DVN/YUMTH5,doi,10.7910,/,Harvard Dataverse,2021-03-09,s3://10.7910/DVN/YUMTH5,dataset,dataset
4436522,DVN/EEHUME,https://doi.org/10.7910/DVN/EEHUME,doi,10.7910,/,Harvard Dataverse,2021-03-08,s3://10.7910/DVN/EEHUME,dataset,dataset
4436804,DVN/AFEJAT,https://doi.org/10.7910/DVN/AFEJAT,doi,10.7910,/,Harvard Dataverse,2021-03-10,s3://10.7910/DVN/AFEJAT,dataset,dataset
4440292,DVN/16NCG3,https://doi.org/10.7910/DVN/16NCG3,doi,10.7910,/,Harvard Dataverse,2021-03-08,s3://10.7910/DVN/16NCG3,dataset,dataset
4441486,DVN/R32MC3,https://doi.org/10.7910/DVN/R32MC3,doi,10.7910,/,Harvard Dataverse,2021-03-17,s3://10.7910/DVN/R32MC3,dataset,dataset
4441939,DVN/RUTN7X,https://doi.org/10.7910/DVN/RUTN7X,doi,10.7910,/,Harvard Dataverse,2021-03-11,s3://10.7910/DVN/RUTN7X,dataset,dataset
4443671,DVN/IUFTLZ,https://doi.org/10.7910/DVN/IUFTLZ,doi,10.7910,/,Harvard Dataverse,2021-03-16,s3://10.7910/DVN/IUFTLZ,dataset,dataset
4446131,DVN/XQBGEY,https://doi.org/10.7910/DVN/XQBGEY,doi,10.7910,/,Harvard Dataverse,2021-03-18,s3://10.7910/DVN/XQBGEY,dataset,dataset
4459747,DVN/U3QAGB,https://doi.org/10.7910/DVN/U3QAGB,doi,10.7910,/,Harvard Dataverse,2021-03-17,s3://10.7910/DVN/U3QAGB,dataset,dataset
4460710,DVN/XL4LZU,https://doi.org/10.7910/DVN/XL4LZU,doi,10.7910,/,Harvard Dataverse,2021-03-22,s3://10.7910/DVN/XL4LZU,dataset,dataset
4461119,DVN/HZFSGD,https://doi.org/10.7910/DVN/HZFSGD,doi,10.7910,/,Harvard Dataverse,2021-03-22,s3://10.7910/DVN/HZFSGD,dataset,dataset
4467880,DVN/VSAQQI,https://doi.org/10.7910/DVN/VSAQQI,doi,10.7910,/,Harvard Dataverse,2021-03-25,s3://10.7910/DVN/VSAQQI,dataset,dataset
4491891,DVN/SGJDLC,https://doi.org/10.7910/DVN/SGJDLC,doi,10.7910,/,Harvard Dataverse,2021-03-31,s3://10.7910/DVN/SGJDLC,dataset,dataset
4494111,DVN/3IBT5Y,https://doi.org/10.7910/DVN/3IBT5Y,doi,10.7910,/,Harvard Dataverse,2021-04-07,s3://10.7910/DVN/3IBT5Y,dataset,dataset
4495768,DVN/JDLNSY,https://doi.org/10.7910/DVN/JDLNSY,doi,10.7910,/,Harvard Dataverse,2021-04-05,s3://10.7910/DVN/JDLNSY,dataset,dataset
4513513,DVN/WF0G3I,https://doi.org/10.7910/DVN/WF0G3I,doi,10.7910,/,Harvard Dataverse,2021-04-13,s3://10.7910/DVN/WF0G3I,dataset,dataset
4550796,DVN/5OA7MU,https://doi.org/10.7910/DVN/5OA7MU,doi,10.7910,/,Harvard Dataverse,2021-04-14,s3://10.7910/DVN/5OA7MU,dataset,dataset
4550862,DVN/ZQZ1MF,https://doi.org/10.7910/DVN/ZQZ1MF,doi,10.7910,/,Harvard Dataverse,2021-04-14,s3://10.7910/DVN/ZQZ1MF,dataset,dataset
4551977,DVN/6NK8GV,https://doi.org/10.7910/DVN/6NK8GV,doi,10.7910,/,Harvard Dataverse,2021-07-06,s3://10.7910/DVN/6NK8GV,dataset,dataset
4554011,DVN/EPZOIM,https://doi.org/10.7910/DVN/EPZOIM,doi,10.7910,/,Harvard Dataverse,2021-04-21,s3://10.7910/DVN/EPZOIM,dataset,dataset
4554246,DVN/MONEID,https://doi.org/10.7910/DVN/MONEID,doi,10.7910,/,Harvard Dataverse,2021-04-19,s3://10.7910/DVN/MONEID,dataset,dataset
4571671,DVN/AGHAM2,https://doi.org/10.7910/DVN/AGHAM2,doi,10.7910,/,Harvard Dataverse,2021-05-18,s3://10.7910/DVN/AGHAM2,dataset,dataset
4585077,DVN/BG3V8P,https://doi.org/10.7910/DVN/BG3V8P,doi,10.7910,/,Harvard Dataverse,2021-04-26,s3://10.7910/DVN/BG3V8P,dataset,dataset
4596528,DVN/UGMXUQ,https://doi.org/10.7910/DVN/UGMXUQ,doi,10.7910,/,Harvard Dataverse,2021-06-02,s3://10.7910/DVN/UGMXUQ,dataset,dataset
4598002,DVN/ZQDPTB,https://doi.org/10.7910/DVN/ZQDPTB,doi,10.7910,/,Harvard Dataverse,2021-04-28,s3://10.7910/DVN/ZQDPTB,dataset,dataset
4607454,DVN/EK8SDB,https://doi.org/10.7910/DVN/EK8SDB,doi,10.7910,/,Harvard Dataverse,2021-05-03,s3://10.7910/DVN/EK8SDB,dataset,dataset
4621418,DVN/MCYZDO,https://doi.org/10.7910/DVN/MCYZDO,doi,10.7910,/,Harvard Dataverse,2021-05-10,s3://10.7910/DVN/MCYZDO,dataset,dataset
4621654,DVN/TGBRZO,https://doi.org/10.7910/DVN/TGBRZO,doi,10.7910,/,Harvard Dataverse,2021-05-06,s3://10.7910/DVN/TGBRZO,dataset,dataset
4639342,DVN/BMBDFC,https://doi.org/10.7910/DVN/BMBDFC,doi,10.7910,/,Harvard Dataverse,2021-05-12,s3://10.7910/DVN/BMBDFC,dataset,dataset
4641407,DVN/DHI3LF,https://doi.org/10.7910/DVN/DHI3LF,doi,10.7910,/,Harvard Dataverse,2021-05-17,s3://10.7910/DVN/DHI3LF,dataset,dataset
4641499,DVN/ZFC44M,https://doi.org/10.7910/DVN/ZFC44M,doi,10.7910,/,Harvard Dataverse,2021-05-18,s3://10.7910/DVN/ZFC44M,dataset,dataset
4656147,DVN/SZIXGN,https://doi.org/10.7910/DVN/SZIXGN,doi,10.7910,/,Harvard Dataverse,2021-06-23,s3://10.7910/DVN/SZIXGN,dataset,dataset
4730461,DVN/HE9H8U,https://doi.org/10.7910/DVN/HE9H8U,doi,10.7910,/,Harvard Dataverse,2021-05-26,s3://10.7910/DVN/HE9H8U,dataset,dataset
4750252,DVN/IQAKLC,https://doi.org/10.7910/DVN/IQAKLC,doi,10.7910,/,Harvard Dataverse,2021-06-02,s3://10.7910/DVN/IQAKLC,dataset,dataset
4751053,DVN/AK4IBY,https://doi.org/10.7910/DVN/AK4IBY,doi,10.7910,/,Harvard Dataverse,2021-06-03,s3://10.7910/DVN/AK4IBY,dataset,dataset
4773534,DVN/CPJUP3,https://doi.org/10.7910/DVN/CPJUP3,doi,10.7910,/,Harvard Dataverse,2021-06-16,s3://10.7910/DVN/CPJUP3,dataset,dataset
4786679,DVN/XONETC,https://doi.org/10.7910/DVN/XONETC,doi,10.7910,/,Harvard Dataverse,2021-06-07,s3://10.7910/DVN/XONETC,dataset,dataset
4786854,DVN/Y07FJ8,https://doi.org/10.7910/DVN/Y07FJ8,doi,10.7910,/,Harvard Dataverse,2021-06-09,s3://10.7910/DVN/Y07FJ8,dataset,dataset
4789938,DVN/QA1IDU,https://doi.org/10.7910/DVN/QA1IDU,doi,10.7910,/,Harvard Dataverse,2023-10-31,s3://10.7910/DVN/QA1IDU,dataset,dataset
4790005,DVN/H7G1QQ,https://doi.org/10.7910/DVN/H7G1QQ,doi,10.7910,/,Harvard Dataverse,2021-06-14,s3://10.7910/DVN/H7G1QQ,dataset,dataset
4790289,DVN/L1RVJC,https://doi.org/10.7910/DVN/L1RVJC,doi,10.7910,/,Harvard Dataverse,2021-06-16,s3://10.7910/DVN/L1RVJC,dataset,dataset
4792590,DVN/GKCGPD,https://doi.org/10.7910/DVN/GKCGPD,doi,10.7910,/,Harvard Dataverse,2021-06-14,s3://10.7910/DVN/GKCGPD,dataset,dataset
4806555,DVN/MM4G30,https://doi.org/10.7910/DVN/MM4G30,doi,10.7910,/,Harvard Dataverse,2021-06-17,s3://10.7910/DVN/MM4G30,dataset,dataset
4807623,DVN/JDWBWF,https://doi.org/10.7910/DVN/JDWBWF,doi,10.7910,/,Harvard Dataverse,2021-06-23,s3://10.7910/DVN/JDWBWF,dataset,dataset
4808247,DVN/0BGBPA,https://doi.org/10.7910/DVN/0BGBPA,doi,10.7910,/,Harvard Dataverse,2021-06-23,s3://10.7910/DVN/0BGBPA,dataset,dataset
4810315,DVN/HBQLA6,https://doi.org/10.7910/DVN/HBQLA6,doi,10.7910,/,Harvard Dataverse,2021-06-23,s3://10.7910/DVN/HBQLA6,dataset,dataset
4821833,DVN/C8YCXJ,https://doi.org/10.7910/DVN/C8YCXJ,doi,10.7910,/,Harvard Dataverse,2021-06-23,s3://10.7910/DVN/C8YCXJ,dataset,dataset
4821960,DVN/2L2TTB,https://doi.org/10.7910/DVN/2L2TTB,doi,10.7910,/,Harvard Dataverse,2021-06-23,s3://10.7910/DVN/2L2TTB,dataset,dataset
4822979,DVN/MHARGO,https://doi.org/10.7910/DVN/MHARGO,doi,10.7910,/,Harvard Dataverse,2021-06-23,s3://10.7910/DVN/MHARGO,dataset,dataset
4824663,DVN/U2HYDI,https://doi.org/10.7910/DVN/U2HYDI,doi,10.7910,/,Harvard Dataverse,2021-06-23,s3://10.7910/DVN/U2HYDI,dataset,dataset
4864817,DVN/N1PYRP,https://doi.org/10.7910/DVN/N1PYRP,doi,10.7910,/,Harvard Dataverse,2021-07-01,s3://10.7910/DVN/N1PYRP,dataset,dataset
4867920,DVN/XVGGNR,https://doi.org/10.7910/DVN/XVGGNR,doi,10.7910,/,Harvard Dataverse,2021-07-06,s3://10.7910/DVN/XVGGNR,dataset,dataset
4868608,DVN/RD8M8A,https://doi.org/10.7910/DVN/RD8M8A,doi,10.7910,/,Harvard Dataverse,2024-05-14,s3://10.7910/DVN/RD8M8A,dataset,dataset
4883404,DVN/ZFEBRV,https://doi.org/10.7910/DVN/ZFEBRV,doi,10.7910,/,Harvard Dataverse,2021-07-09,s3://10.7910/DVN/ZFEBRV,dataset,dataset
4883617,DVN/ZRSPMT,https://doi.org/10.7910/DVN/ZRSPMT,doi,10.7910,/,Harvard Dataverse,2021-07-09,s3://10.7910/DVN/ZRSPMT,dataset,dataset
4887769,DVN/2VHAYX,https://doi.org/10.7910/DVN/2VHAYX,doi,10.7910,/,Harvard Dataverse,2021-07-13,s3://10.7910/DVN/2VHAYX,dataset,dataset
4888942,DVN/5XJFHS,https://doi.org/10.7910/DVN/5XJFHS,doi,10.7910,/,Harvard Dataverse,2021-07-13,s3://10.7910/DVN/5XJFHS,dataset,dataset
4888964,DVN/RVJAZF,https://doi.org/10.7910/DVN/RVJAZF,doi,10.7910,/,Harvard Dataverse,2021-08-02,s3://10.7910/DVN/RVJAZF,dataset,dataset
4901655,DVN/S6HOGF,https://doi.org/10.7910/DVN/S6HOGF,doi,10.7910,/,Harvard Dataverse,2021-07-23,s3://10.7910/DVN/S6HOGF,dataset,dataset
4913240,DVN/YYPKCI,https://doi.org/10.7910/DVN/YYPKCI,doi,10.7910,/,Harvard Dataverse,2021-07-23,s3://10.7910/DVN/YYPKCI,dataset,dataset
4915340,DVN/D1UOGN,https://doi.org/10.7910/DVN/D1UOGN,doi,10.7910,/,Harvard Dataverse,2021-07-27,s3://10.7910/DVN/D1UOGN,dataset,dataset
4917116,DVN/MCGOCJ,https://doi.org/10.7910/DVN/MCGOCJ,doi,10.7910,/,Harvard Dataverse,2021-07-23,s3://10.7910/DVN/MCGOCJ,dataset,dataset
4931141,DVN/UXSPYH,https://doi.org/10.7910/DVN/UXSPYH,doi,10.7910,/,Harvard Dataverse,2021-07-28,s3://10.7910/DVN/UXSPYH,dataset,dataset
4935278,DVN/5U8VQY,https://doi.org/10.7910/DVN/5U8VQY,doi,10.7910,/,Harvard Dataverse,2021-08-03,s3://10.7910/DVN/5U8VQY,dataset,dataset
4949377,DVN/DEYXOG,https://doi.org/10.7910/DVN/DEYXOG,doi,10.7910,/,Harvard Dataverse,2021-08-04,s3://10.7910/DVN/DEYXOG,dataset,dataset
4968012,DVN/SWCGSP,https://doi.org/10.7910/DVN/SWCGSP,doi,10.7910,/,Harvard Dataverse,2021-08-10,s3://10.7910/DVN/SWCGSP,dataset,dataset
4969984,DVN/AQYQ5G,https://doi.org/10.7910/DVN/AQYQ5G,doi,10.7910,/,Harvard Dataverse,2023-03-17,s3://10.7910/DVN/AQYQ5G,dataset,dataset
4971369,DVN/BTJAVM,https://doi.org/10.7910/DVN/BTJAVM,doi,10.7910,/,Harvard Dataverse,2021-08-11,s3://10.7910/DVN/BTJAVM,dataset,dataset
4977715,DVN/O55EYQ,https://doi.org/10.7910/DVN/O55EYQ,doi,10.7910,/,Harvard Dataverse,2021-08-18,s3://10.7910/DVN/O55EYQ,dataset,dataset
4984752,DVN/9SRRLX,https://doi.org/10.7910/DVN/9SRRLX,doi,10.7910,/,Harvard Dataverse,2021-08-19,s3://10.7910/DVN/9SRRLX,dataset,dataset
5003447,DVN/XWO9OT,https://doi.org/10.7910/DVN/XWO9OT,doi,10.7910,/,Harvard Dataverse,2021-08-23,s3://10.7910/DVN/XWO9OT,dataset,dataset
5005089,DVN/AZS9KD,https://doi.org/10.7910/DVN/AZS9KD,doi,10.7910,/,Harvard Dataverse,2021-08-23,s3://10.7910/DVN/AZS9KD,dataset,dataset
5005574,DVN/D0NO6V,https://doi.org/10.7910/DVN/D0NO6V,doi,10.7910,/,Harvard Dataverse,2021-08-23,s3://10.7910/DVN/D0NO6V,dataset,dataset
5014218,DVN/9RO4OM,https://doi.org/10.7910/DVN/9RO4OM,doi,10.7910,/,Harvard Dataverse,2025-03-06,s3://10.7910/DVN/9RO4OM,dataset,dataset
5017728,DVN/4VR1EI,https://doi.org/10.7910/DVN/4VR1EI,doi,10.7910,/,Harvard Dataverse,2021-08-30,s3://10.7910/DVN/4VR1EI,dataset,dataset
5020922,DVN/Z8IEAE,https://doi.org/10.7910/DVN/Z8IEAE,doi,10.7910,/,Harvard Dataverse,2021-08-30,s3://10.7910/DVN/Z8IEAE,dataset,dataset
5022344,DVN/6G6KJI,https://doi.org/10.7910/DVN/6G6KJI,doi,10.7910,/,Harvard Dataverse,2021-09-01,s3://10.7910/DVN/6G6KJI,dataset,dataset
5027916,DVN/V1ZYPY,https://doi.org/10.7910/DVN/V1ZYPY,doi,10.7910,/,Harvard Dataverse,2021-09-07,s3://10.7910/DVN/V1ZYPY,dataset,dataset
5110300,DVN/8ZZCAN,https://doi.org/10.7910/DVN/8ZZCAN,doi,10.7910,/,Harvard Dataverse,2021-09-09,s3://10.7910/DVN/8ZZCAN,dataset,dataset
5110410,DVN/L3WZXS,https://doi.org/10.7910/DVN/L3WZXS,doi,10.7910,/,Harvard Dataverse,2021-09-13,s3://10.7910/DVN/L3WZXS,dataset,dataset
5115921,DVN/QY5TOO,https://doi.org/10.7910/DVN/QY5TOO,doi,10.7910,/,Harvard Dataverse,2021-09-09,s3://10.7910/DVN/QY5TOO,dataset,dataset
5123175,DVN/GYTVXH,https://doi.org/10.7910/DVN/GYTVXH,doi,10.7910,/,Harvard Dataverse,2021-09-13,s3://10.7910/DVN/GYTVXH,dataset,dataset
5130694,DVN/67PJF4,https://doi.org/10.7910/DVN/67PJF4,doi,10.7910,/,Harvard Dataverse,2021-09-13,s3://10.7910/DVN/67PJF4,dataset,dataset
5135979,DVN/OJRERL,https://doi.org/10.7910/DVN/OJRERL,doi,10.7910,/,Harvard Dataverse,2021-09-13,s3://10.7910/DVN/OJRERL,dataset,dataset
5148760,DVN/KZIDUB,https://doi.org/10.7910/DVN/KZIDUB,doi,10.7910,/,Harvard Dataverse,2021-09-14,s3://10.7910/DVN/KZIDUB,dataset,dataset
5149143,DVN/JQXZET,https://doi.org/10.7910/DVN/JQXZET,doi,10.7910,/,Harvard Dataverse,2021-09-15,s3://10.7910/DVN/JQXZET,dataset,dataset
5149738,DVN/MUD8GF,https://doi.org/10.7910/DVN/MUD8GF,doi,10.7910,/,Harvard Dataverse,2021-09-23,s3://10.7910/DVN/MUD8GF,dataset,dataset
5149803,DVN/I7WLOV,https://doi.org/10.7910/DVN/I7WLOV,doi,10.7910,/,Harvard Dataverse,2021-09-15,s3://10.7910/DVN/I7WLOV,dataset,dataset
5194045,DVN/AMYQ5K,https://doi.org/10.7910/DVN/AMYQ5K,doi,10.7910,/,Harvard Dataverse,2021-09-23,s3://10.7910/DVN/AMYQ5K,dataset,dataset
5195198,DVN/LN0ELC,https://doi.org/10.7910/DVN/LN0ELC,doi,10.7910,/,Harvard Dataverse,2021-09-27,s3://10.7910/DVN/LN0ELC,dataset,dataset
5196154,DVN/AFWOU2,https://doi.org/10.7910/DVN/AFWOU2,doi,10.7910,/,Harvard Dataverse,2021-09-29,s3://10.7910/DVN/AFWOU2,dataset,dataset
5206531,DVN/9IHB5S,https://doi.org/10.7910/DVN/9IHB5S,doi,10.7910,/,Harvard Dataverse,2021-09-29,s3://10.7910/DVN/9IHB5S,dataset,dataset
5210024,DVN/8JT51R,https://doi.org/10.7910/DVN/8JT51R,doi,10.7910,/,Harvard Dataverse,2021-10-04,s3://10.7910/DVN/8JT51R,dataset,dataset
5244700,DVN/OBOLXQ,https://doi.org/10.7910/DVN/OBOLXQ,doi,10.7910,/,Harvard Dataverse,2021-10-12,s3://10.7910/DVN/OBOLXQ,dataset,dataset
5253374,DVN/2RSIXB,https://doi.org/10.7910/DVN/2RSIXB,doi,10.7910,/,Harvard Dataverse,2022-02-14,s3://10.7910/DVN/2RSIXB,dataset,dataset
5254483,DVN/1IY2KS,https://doi.org/10.7910/DVN/1IY2KS,doi,10.7910,/,Harvard Dataverse,2022-02-14,s3://10.7910/DVN/1IY2KS,dataset,dataset
5256474,DVN/1FWZ7O,https://doi.org/10.7910/DVN/1FWZ7O,doi,10.7910,/,Harvard Dataverse,2022-01-18,s3://10.7910/DVN/1FWZ7O,dataset,dataset
5259515,DVN/E3MAGL,https://doi.org/10.7910/DVN/E3MAGL,doi,10.7910,/,Harvard Dataverse,2021-10-27,s3://10.7910/DVN/E3MAGL,dataset,dataset
5342402,DVN/ZNOX0G,https://doi.org/10.7910/DVN/ZNOX0G,doi,10.7910,/,Harvard Dataverse,2021-10-25,s3://10.7910/DVN/ZNOX0G,dataset,dataset
5342445,DVN/QLTKXC,https://doi.org/10.7910/DVN/QLTKXC,doi,10.7910,/,Harvard Dataverse,2021-10-26,s3://10.7910/DVN/QLTKXC,dataset,dataset
5344417,DVN/CUJNMQ,https://doi.org/10.7910/DVN/CUJNMQ,doi,10.7910,/,Harvard Dataverse,2021-11-01,s3://10.7910/DVN/CUJNMQ,dataset,dataset
5370534,DVN/FTFGTW,https://doi.org/10.7910/DVN/FTFGTW,doi,10.7910,/,Harvard Dataverse,2021-12-08,s3://10.7910/DVN/FTFGTW,dataset,dataset
5370539,DVN/SXOD39,https://doi.org/10.7910/DVN/SXOD39,doi,10.7910,/,Harvard Dataverse,2021-11-23,s3://10.7910/DVN/SXOD39,dataset,dataset
5373834,DVN/GVZL5V,https://doi.org/10.7910/DVN/GVZL5V,doi,10.7910,/,Harvard Dataverse,2025-03-06,s3://10.7910/DVN/GVZL5V,dataset,dataset
5377920,DVN/TDYFSY,https://doi.org/10.7910/DVN/TDYFSY,doi,10.7910,/,Harvard Dataverse,2021-11-10,s3://10.7910/DVN/TDYFSY,dataset,dataset
5378825,DVN/FSQ6DS,https://doi.org/10.7910/DVN/FSQ6DS,doi,10.7910,/,Harvard Dataverse,2021-11-10,s3://10.7910/DVN/FSQ6DS,dataset,dataset
5408539,DVN/KVSG8J,https://doi.org/10.7910/DVN/KVSG8J,doi,10.7910,/,Harvard Dataverse,2021-11-12,s3://10.7910/DVN/KVSG8J,dataset,dataset
5414195,DVN/YTKR6B,https://doi.org/10.7910/DVN/YTKR6B,doi,10.7910,/,Harvard Dataverse,2021-11-15,s3://10.7910/DVN/YTKR6B,dataset,dataset
5414310,DVN/XIHRVW,https://doi.org/10.7910/DVN/XIHRVW,doi,10.7910,/,Harvard Dataverse,2021-11-17,s3://10.7910/DVN/XIHRVW,dataset,dataset
5426027,DVN/UQRKJF,https://doi.org/10.7910/DVN/UQRKJF,doi,10.7910,/,Harvard Dataverse,2021-11-23,s3://10.7910/DVN/UQRKJF,dataset,dataset
5426564,DVN/BXFWE5,https://doi.org/10.7910/DVN/BXFWE5,doi,10.7910,/,Harvard Dataverse,2021-11-23,s3://10.7910/DVN/BXFWE5,dataset,dataset
5432935,DVN/JOMOPR,https://doi.org/10.7910/DVN/JOMOPR,doi,10.7910,/,Harvard Dataverse,2021-11-29,s3://10.7910/DVN/JOMOPR,dataset,dataset
5588321,DVN/Z1H2FC,https://doi.org/10.7910/DVN/Z1H2FC,doi,10.7910,/,Harvard Dataverse,2021-11-29,s3://10.7910/DVN/Z1H2FC,dataset,dataset
5592984,DVN/7MBDYO,https://doi.org/10.7910/DVN/7MBDYO,doi,10.7910,/,Harvard Dataverse,2021-12-02,s3://10.7910/DVN/7MBDYO,dataset,dataset
5597479,DVN/49GVIF,https://doi.org/10.7910/DVN/49GVIF,doi,10.7910,/,Harvard Dataverse,2021-12-06,s3://10.7910/DVN/49GVIF,dataset,dataset
5597764,DVN/HPLRPE,https://doi.org/10.7910/DVN/HPLRPE,doi,10.7910,/,Harvard Dataverse,2022-01-25,s3://10.7910/DVN/HPLRPE,dataset,dataset
5612758,DVN/DLII84,https://doi.org/10.7910/DVN/DLII84,doi,10.7910,/,Harvard Dataverse,2021-12-06,s3://10.7910/DVN/DLII84,dataset,dataset
5613307,DVN/85KC2A,https://doi.org/10.7910/DVN/85KC2A,doi,10.7910,/,Harvard Dataverse,2021-12-07,s3://10.7910/DVN/85KC2A,dataset,dataset
5614274,DVN/IU3EJ0,https://doi.org/10.7910/DVN/IU3EJ0,doi,10.7910,/,Harvard Dataverse,2021-12-07,s3://10.7910/DVN/IU3EJ0,dataset,dataset
5618224,DVN/9568AJ,https://doi.org/10.7910/DVN/9568AJ,doi,10.7910,/,Harvard Dataverse,2021-12-14,s3://10.7910/DVN/9568AJ,dataset,dataset
5658207,DVN/IBCAKF,https://doi.org/10.7910/DVN/IBCAKF,doi,10.7910,/,Harvard Dataverse,2021-12-17,s3://10.7910/DVN/IBCAKF,dataset,dataset
5676638,DVN/2PCYI6,https://doi.org/10.7910/DVN/2PCYI6,doi,10.7910,/,Harvard Dataverse,2022-01-11,s3://10.7910/DVN/2PCYI6,dataset,dataset
5676954,DVN/Z9I0CL,https://doi.org/10.7910/DVN/Z9I0CL,doi,10.7910,/,Harvard Dataverse,2022-01-11,s3://10.7910/DVN/Z9I0CL,dataset,dataset
5678386,DVN/E8Q4BX,https://doi.org/10.7910/DVN/E8Q4BX,doi,10.7910,/,Harvard Dataverse,2022-01-31,s3://10.7910/DVN/E8Q4BX,dataset,dataset
5703259,DVN/ZMWCFJ,https://doi.org/10.7910/DVN/ZMWCFJ,doi,10.7910,/,Harvard Dataverse,2022-01-13,s3://10.7910/DVN/ZMWCFJ,dataset,dataset
5706777,DVN/QO8S5L,https://doi.org/10.7910/DVN/QO8S5L,doi,10.7910,/,Harvard Dataverse,2022-01-11,s3://10.7910/DVN/QO8S5L,dataset,dataset
5707262,DVN/VO6FKW,https://doi.org/10.7910/DVN/VO6FKW,doi,10.7910,/,Harvard Dataverse,2022-01-05,s3://10.7910/DVN/VO6FKW,dataset,dataset
5741499,DVN/WPAQNJ,https://doi.org/10.7910/DVN/WPAQNJ,doi,10.7910,/,Harvard Dataverse,2022-01-13,s3://10.7910/DVN/WPAQNJ,dataset,dataset
5741660,DVN/MC2AOT,https://doi.org/10.7910/DVN/MC2AOT,doi,10.7910,/,Harvard Dataverse,2022-01-18,s3://10.7910/DVN/MC2AOT,dataset,dataset
5744012,DVN/RAXNSH,https://doi.org/10.7910/DVN/RAXNSH,doi,10.7910,/,Harvard Dataverse,2025-07-31,s3://10.7910/DVN/RAXNSH,dataset,dataset
5744016,DVN/WCTVTA,https://doi.org/10.7910/DVN/WCTVTA,doi,10.7910,/,Harvard Dataverse,2022-01-18,s3://10.7910/DVN/WCTVTA,dataset,dataset
5745447,DVN/WG9KVF,https://doi.org/10.7910/DVN/WG9KVF,doi,10.7910,/,Harvard Dataverse,2022-01-18,s3://10.7910/DVN/WG9KVF,dataset,dataset
5745528,DVN/RU4RS0,https://doi.org/10.7910/DVN/RU4RS0,doi,10.7910,/,Harvard Dataverse,2022-01-18,s3://10.7910/DVN/RU4RS0,dataset,dataset
5746959,DVN/S6QR5N,https://doi.org/10.7910/DVN/S6QR5N,doi,10.7910,/,Harvard Dataverse,2022-01-21,s3://10.7910/DVN/S6QR5N,dataset,dataset
5792599,DVN/RT1SAX,https://doi.org/10.7910/DVN/RT1SAX,doi,10.7910,/,Harvard Dataverse,2022-01-31,s3://10.7910/DVN/RT1SAX,dataset,dataset
5794971,DVN/STI1L7,https://doi.org/10.7910/DVN/STI1L7,doi,10.7910,/,Harvard Dataverse,2022-01-31,s3://10.7910/DVN/STI1L7,dataset,dataset
5799040,DVN/DO8ZS4,https://doi.org/10.7910/DVN/DO8ZS4,doi,10.7910,/,Harvard Dataverse,2022-02-01,s3://10.7910/DVN/DO8ZS4,dataset,dataset
5803863,DVN/LQJ7I0,https://doi.org/10.7910/DVN/LQJ7I0,doi,10.7910,/,Harvard Dataverse,2022-01-31,s3://10.7910/DVN/LQJ7I0,dataset,dataset
5805584,DVN/FMDFYU,https://doi.org/10.7910/DVN/FMDFYU,doi,10.7910,/,Harvard Dataverse,2024-05-14,s3://10.7910/DVN/FMDFYU,dataset,dataset
5841615,DVN/HG6X7N,https://doi.org/10.7910/DVN/HG6X7N,doi,10.7910,/,Harvard Dataverse,2022-02-14,s3://10.7910/DVN/HG6X7N,dataset,dataset
5841619,DVN/MVMR3I,https://doi.org/10.7910/DVN/MVMR3I,doi,10.7910,/,Harvard Dataverse,2022-02-24,s3://10.7910/DVN/MVMR3I,dataset,dataset
5857068,DVN/VLJMH4,https://doi.org/10.7910/DVN/VLJMH4,doi,10.7910,/,Harvard Dataverse,2022-02-16,s3://10.7910/DVN/VLJMH4,dataset,dataset
5859859,DVN/QGLYYT,https://doi.org/10.7910/DVN/QGLYYT,doi,10.7910,/,Harvard Dataverse,2022-02-16,s3://10.7910/DVN/QGLYYT,dataset,dataset
6023412,DVN/VAOEHQ,https://doi.org/10.7910/DVN/VAOEHQ,doi,10.7910,/,Harvard Dataverse,2022-02-22,s3://10.7910/DVN/VAOEHQ,dataset,dataset
6039374,DVN/EYZH8T,https://doi.org/10.7910/DVN/EYZH8T,doi,10.7910,/,Harvard Dataverse,2022-02-22,s3://10.7910/DVN/EYZH8T,dataset,dataset
6039588,DVN/N0WLWC,https://doi.org/10.7910/DVN/N0WLWC,doi,10.7910,/,Harvard Dataverse,2022-02-25,s3://10.7910/DVN/N0WLWC,dataset,dataset
6045988,DVN/YTOX8Q,https://doi.org/10.7910/DVN/YTOX8Q,doi,10.7910,/,Harvard Dataverse,2025-07-31,s3://10.7910/DVN/YTOX8Q,dataset,dataset
6045990,DVN/HAGWN1,https://doi.org/10.7910/DVN/HAGWN1,doi,10.7910,/,Harvard Dataverse,2022-02-28,s3://10.7910/DVN/HAGWN1,dataset,dataset
6047232,DVN/WO0U6C,https://doi.org/10.7910/DVN/WO0U6C,doi,10.7910,/,Harvard Dataverse,2022-03-02,s3://10.7910/DVN/WO0U6C,dataset,dataset
6079699,DVN/EF3AMU,https://doi.org/10.7910/DVN/EF3AMU,doi,10.7910,/,Harvard Dataverse,2022-03-10,s3://10.7910/DVN/EF3AMU,dataset,dataset
6079790,DVN/FLGN9P,https://doi.org/10.7910/DVN/FLGN9P,doi,10.7910,/,Harvard Dataverse,2022-03-10,s3://10.7910/DVN/FLGN9P,dataset,dataset
6081080,DVN/GDIFBK,https://doi.org/10.7910/DVN/GDIFBK,doi,10.7910,/,Harvard Dataverse,2022-03-10,s3://10.7910/DVN/GDIFBK,dataset,dataset
6094590,DVN/MUREET,https://doi.org/10.7910/DVN/MUREET,doi,10.7910,/,Harvard Dataverse,2022-03-16,s3://10.7910/DVN/MUREET,dataset,dataset
6096076,DVN/PG6GQS,https://doi.org/10.7910/DVN/PG6GQS,doi,10.7910,/,Harvard Dataverse,2022-03-17,s3://10.7910/DVN/PG6GQS,dataset,dataset
6103466,DVN/ZT6RUW,https://doi.org/10.7910/DVN/ZT6RUW,doi,10.7910,/,Harvard Dataverse,2022-03-23,s3://10.7910/DVN/ZT6RUW,dataset,dataset
6150368,DVN/XZRZ7K,https://doi.org/10.7910/DVN/XZRZ7K,doi,10.7910,/,Harvard Dataverse,2022-03-21,s3://10.7910/DVN/XZRZ7K,dataset,dataset
6151913,DVN/OXBYO7,https://doi.org/10.7910/DVN/OXBYO7,doi,10.7910,/,Harvard Dataverse,2022-03-25,s3://10.7910/DVN/OXBYO7,dataset,dataset
6153923,DVN/TKILQK,https://doi.org/10.7910/DVN/TKILQK,doi,10.7910,/,Harvard Dataverse,2022-03-28,s3://10.7910/DVN/TKILQK,dataset,dataset
6155426,DVN/FRZRM9,https://doi.org/10.7910/DVN/FRZRM9,doi,10.7910,/,Harvard Dataverse,2022-03-30,s3://10.7910/DVN/FRZRM9,dataset,dataset
6157125,DVN/VLODHM,https://doi.org/10.7910/DVN/VLODHM,doi,10.7910,/,Harvard Dataverse,2022-04-04,s3://10.7910/DVN/VLODHM,dataset,dataset
6157232,DVN/RSKS3L,https://doi.org/10.7910/DVN/RSKS3L,doi,10.7910,/,Harvard Dataverse,2022-04-12,s3://10.7910/DVN/RSKS3L,dataset,dataset
6166141,DVN/K2WPSL,https://doi.org/10.7910/DVN/K2WPSL,doi,10.7910,/,Harvard Dataverse,2022-04-21,s3://10.7910/DVN/K2WPSL,dataset,dataset
6166525,DVN/VK18MT,https://doi.org/10.7910/DVN/VK18MT,doi,10.7910,/,Harvard Dataverse,2022-04-12,s3://10.7910/DVN/VK18MT,dataset,dataset
6166562,DVN/SEAEEM,https://doi.org/10.7910/DVN/SEAEEM,doi,10.7910,/,Harvard Dataverse,2022-04-10,s3://10.7910/DVN/SEAEEM,dataset,dataset
6174218,DVN/JD5ZHT,https://doi.org/10.7910/DVN/JD5ZHT,doi,10.7910,/,Harvard Dataverse,2022-04-13,s3://10.7910/DVN/JD5ZHT,dataset,dataset
6174312,DVN/AD1QS1,https://doi.org/10.7910/DVN/AD1QS1,doi,10.7910,/,Harvard Dataverse,2022-04-13,s3://10.7910/DVN/AD1QS1,dataset,dataset
6175590,DVN/D3KJFT,https://doi.org/10.7910/DVN/D3KJFT,doi,10.7910,/,Harvard Dataverse,2022-04-13,s3://10.7910/DVN/D3KJFT,dataset,dataset
6175727,DVN/FQQRJP,https://doi.org/10.7910/DVN/FQQRJP,doi,10.7910,/,Harvard Dataverse,2022-04-18,s3://10.7910/DVN/FQQRJP,dataset,dataset
6176085,DVN/4QZLJV,https://doi.org/10.7910/DVN/4QZLJV,doi,10.7910,/,Harvard Dataverse,2025-10-28,s3://10.7910/DVN/4QZLJV,dataset,dataset
6176218,DVN/YL87YD,https://doi.org/10.7910/DVN/YL87YD,doi,10.7910,/,Harvard Dataverse,2022-04-18,s3://10.7910/DVN/YL87YD,dataset,dataset
6183163,DVN/YPPOCT,https://doi.org/10.7910/DVN/YPPOCT,doi,10.7910,/,Harvard Dataverse,2022-04-28,s3://10.7910/DVN/YPPOCT,dataset,dataset
6285656,DVN/5JJ6OE,https://doi.org/10.7910/DVN/5JJ6OE,doi,10.7910,/,Harvard Dataverse,2022-06-24,s3://10.7910/DVN/5JJ6OE,dataset,dataset
6289260,DVN/ZOTA28,https://doi.org/10.7910/DVN/ZOTA28,doi,10.7910,/,Harvard Dataverse,2022-05-11,s3://10.7910/DVN/ZOTA28,dataset,dataset
6290500,DVN/DYHNYK,https://doi.org/10.7910/DVN/DYHNYK,doi,10.7910,/,Harvard Dataverse,2022-05-16,s3://10.7910/DVN/DYHNYK,dataset,dataset
6297242,DVN/1N9GMT,https://doi.org/10.7910/DVN/1N9GMT,doi,10.7910,/,Harvard Dataverse,2022-09-26,s3://10.7910/DVN/1N9GMT,dataset,dataset
6297531,DVN/MGYHRC,https://doi.org/10.7910/DVN/MGYHRC,doi,10.7910,/,Harvard Dataverse,2025-07-31,s3://10.7910/DVN/MGYHRC,dataset,dataset
6300454,DVN/XRVCVG,https://doi.org/10.7910/DVN/XRVCVG,doi,10.7910,/,Harvard Dataverse,2022-05-24,s3://10.7910/DVN/XRVCVG,dataset,dataset
6314564,DVN/PSOYNM,https://doi.org/10.7910/DVN/PSOYNM,doi,10.7910,/,Harvard Dataverse,2022-06-07,s3://10.7910/DVN/PSOYNM,dataset,dataset
6315768,DVN/2UFWXH,https://doi.org/10.7910/DVN/2UFWXH,doi,10.7910,/,Harvard Dataverse,2022-06-03,s3://10.7910/DVN/2UFWXH,dataset,dataset
6316429,DVN/KZB7CS,https://doi.org/10.7910/DVN/KZB7CS,doi,10.7910,/,Harvard Dataverse,2022-06-06,s3://10.7910/DVN/KZB7CS,dataset,dataset
6322697,DVN/FFXAT5,https://doi.org/10.7910/DVN/FFXAT5,doi,10.7910,/,Harvard Dataverse,2025-04-16,s3://10.7910/DVN/FFXAT5,dataset,dataset
6328677,DVN/WZXPDW,https://doi.org/10.7910/DVN/WZXPDW,doi,10.7910,/,Harvard Dataverse,2022-06-15,s3://10.7910/DVN/WZXPDW,dataset,dataset
6332191,DVN/JNPSYQ,https://doi.org/10.7910/DVN/JNPSYQ,doi,10.7910,/,Harvard Dataverse,2025-07-31,s3://10.7910/DVN/JNPSYQ,dataset,dataset
6343504,DVN/XS8LWC,https://doi.org/10.7910/DVN/XS8LWC,doi,10.7910,/,Harvard Dataverse,2022-06-23,s3://10.7910/DVN/XS8LWC,dataset,dataset
6348351,DVN/U1GN7U,https://doi.org/10.7910/DVN/U1GN7U,doi,10.7910,/,Harvard Dataverse,2022-06-24,s3://10.7910/DVN/U1GN7U,dataset,dataset
6356834,DVN/I3DQMY,https://doi.org/10.7910/DVN/I3DQMY,doi,10.7910,/,Harvard Dataverse,2022-06-28,s3://10.7910/DVN/I3DQMY,dataset,dataset
6357306,DVN/NRHYPE,https://doi.org/10.7910/DVN/NRHYPE,doi,10.7910,/,Harvard Dataverse,2022-06-30,s3://10.7910/DVN/NRHYPE,dataset,dataset
6357732,DVN/MIWSW2,https://doi.org/10.7910/DVN/MIWSW2,doi,10.7910,/,Harvard Dataverse,2022-07-18,s3://10.7910/DVN/MIWSW2,dataset,dataset
6358418,DVN/L28UAQ,https://doi.org/10.7910/DVN/L28UAQ,doi,10.7910,/,Harvard Dataverse,2022-06-30,s3://10.7910/DVN/L28UAQ,dataset,dataset
6359553,DVN/OPW2YH,https://doi.org/10.7910/DVN/OPW2YH,doi,10.7910,/,Harvard Dataverse,2022-07-11,s3://10.7910/DVN/OPW2YH,dataset,dataset
6359570,DVN/OTUQUB,https://doi.org/10.7910/DVN/OTUQUB,doi,10.7910,/,Harvard Dataverse,2022-08-01,s3://10.7910/DVN/OTUQUB,dataset,dataset
6359705,DVN/6FS8HY,https://doi.org/10.7910/DVN/6FS8HY,doi,10.7910,/,Harvard Dataverse,2022-07-11,s3://10.7910/DVN/6FS8HY,dataset,dataset
6360675,DVN/Y4HXIV,https://doi.org/10.7910/DVN/Y4HXIV,doi,10.7910,/,Harvard Dataverse,2022-07-11,s3://10.7910/DVN/Y4HXIV,dataset,dataset
6362877,DVN/XEOZDD,https://doi.org/10.7910/DVN/XEOZDD,doi,10.7910,/,Harvard Dataverse,2022-07-11,s3://10.7910/DVN/XEOZDD,dataset,dataset
6362956,DVN/XIPWVS,https://doi.org/10.7910/DVN/XIPWVS,doi,10.7910,/,Harvard Dataverse,2022-07-11,s3://10.7910/DVN/XIPWVS,dataset,dataset
6377879,DVN/S5DWHC,https://doi.org/10.7910/DVN/S5DWHC,doi,10.7910,/,Harvard Dataverse,2022-07-14,s3://10.7910/DVN/S5DWHC,dataset,dataset
6380375,DVN/7J8ZJX,https://doi.org/10.7910/DVN/7J8ZJX,doi,10.7910,/,Harvard Dataverse,2022-07-18,s3://10.7910/DVN/7J8ZJX,dataset,dataset
6388386,DVN/27FLUG,https://doi.org/10.7910/DVN/27FLUG,doi,10.7910,/,Harvard Dataverse,2022-07-21,s3://10.7910/DVN/27FLUG,dataset,dataset
6390316,DVN/NDDWHJ,https://doi.org/10.7910/DVN/NDDWHJ,doi,10.7910,/,Harvard Dataverse,2022-07-23,s3://10.7910/DVN/NDDWHJ,dataset,dataset
6390937,DVN/UOSWDI,https://doi.org/10.7910/DVN/UOSWDI,doi,10.7910,/,Harvard Dataverse,2022-08-01,s3://10.7910/DVN/UOSWDI,dataset,dataset
6392395,DVN/MR3MTE,https://doi.org/10.7910/DVN/MR3MTE,doi,10.7910,/,Harvard Dataverse,2022-08-19,s3://10.7910/DVN/MR3MTE,dataset,dataset
6402550,DVN/CFVXNH,https://doi.org/10.7910/DVN/CFVXNH,doi,10.7910,/,Harvard Dataverse,2022-08-02,s3://10.7910/DVN/CFVXNH,dataset,dataset
6405666,DVN/TXDGZK,https://doi.org/10.7910/DVN/TXDGZK,doi,10.7910,/,Harvard Dataverse,2022-08-22,s3://10.7910/DVN/TXDGZK,dataset,dataset
6412817,DVN/RBTKTN,https://doi.org/10.7910/DVN/RBTKTN,doi,10.7910,/,Harvard Dataverse,2025-12-11,s3://10.7910/DVN/RBTKTN,dataset,dataset
6415311,DVN/QRQNCF,https://doi.org/10.7910/DVN/QRQNCF,doi,10.7910,/,Harvard Dataverse,2022-08-19,s3://10.7910/DVN/QRQNCF,dataset,dataset
6417129,DVN/0AALDE,https://doi.org/10.7910/DVN/0AALDE,doi,10.7910,/,Harvard Dataverse,2022-08-23,s3://10.7910/DVN/0AALDE,dataset,dataset
6419224,DVN/9IL4FN,https://doi.org/10.7910/DVN/9IL4FN,doi,10.7910,/,Harvard Dataverse,2022-08-19,s3://10.7910/DVN/9IL4FN,dataset,dataset
6420381,DVN/VSAZZF,https://doi.org/10.7910/DVN/VSAZZF,doi,10.7910,/,Harvard Dataverse,2022-09-22,s3://10.7910/DVN/VSAZZF,dataset,dataset
6420651,DVN/I67BTE,https://doi.org/10.7910/DVN/I67BTE,doi,10.7910,/,Harvard Dataverse,2022-08-19,s3://10.7910/DVN/I67BTE,dataset,dataset
6421133,DVN/AYBK2E,https://doi.org/10.7910/DVN/AYBK2E,doi,10.7910,/,Harvard Dataverse,2022-10-24,s3://10.7910/DVN/AYBK2E,dataset,dataset
6421629,DVN/8AAPIH,https://doi.org/10.7910/DVN/8AAPIH,doi,10.7910,/,Harvard Dataverse,2022-08-22,s3://10.7910/DVN/8AAPIH,dataset,dataset
6421639,DVN/UMLWGW,https://doi.org/10.7910/DVN/UMLWGW,doi,10.7910,/,Harvard Dataverse,2022-08-31,s3://10.7910/DVN/UMLWGW,dataset,dataset
6424840,DVN/XOGT8R,https://doi.org/10.7910/DVN/XOGT8R,doi,10.7910,/,Harvard Dataverse,2022-08-22,s3://10.7910/DVN/XOGT8R,dataset,dataset
6424976,DVN/CSGEJI,https://doi.org/10.7910/DVN/CSGEJI,doi,10.7910,/,Harvard Dataverse,2022-08-23,s3://10.7910/DVN/CSGEJI,dataset,dataset
6431621,DVN/ELORNT,https://doi.org/10.7910/DVN/ELORNT,doi,10.7910,/,Harvard Dataverse,2022-09-13,s3://10.7910/DVN/ELORNT,dataset,dataset
6432422,DVN/97W7H3,https://doi.org/10.7910/DVN/97W7H3,doi,10.7910,/,Harvard Dataverse,2022-08-26,s3://10.7910/DVN/97W7H3,dataset,dataset
6452954,DVN/WMHM8G,https://doi.org/10.7910/DVN/WMHM8G,doi,10.7910,/,Harvard Dataverse,2022-09-07,s3://10.7910/DVN/WMHM8G,dataset,dataset
6477849,DVN/V9APBJ,https://doi.org/10.7910/DVN/V9APBJ,doi,10.7910,/,Harvard Dataverse,2022-09-13,s3://10.7910/DVN/V9APBJ,dataset,dataset
6485836,DVN/UGQCL6,https://doi.org/10.7910/DVN/UGQCL6,doi,10.7910,/,Harvard Dataverse,2022-09-13,s3://10.7910/DVN/UGQCL6,dataset,dataset
6491222,DVN/8UZCC4,https://doi.org/10.7910/DVN/8UZCC4,doi,10.7910,/,Harvard Dataverse,2022-09-15,s3://10.7910/DVN/8UZCC4,dataset,dataset
6492522,DVN/WDBENQ,https://doi.org/10.7910/DVN/WDBENQ,doi,10.7910,/,Harvard Dataverse,2022-09-15,s3://10.7910/DVN/WDBENQ,dataset,dataset
6528181,DVN/KBWIFW,https://doi.org/10.7910/DVN/KBWIFW,doi,10.7910,/,Harvard Dataverse,2022-09-28,s3://10.7910/DVN/KBWIFW,dataset,dataset
6544202,DVN/YQ177E,https://doi.org/10.7910/DVN/YQ177E,doi,10.7910,/,Harvard Dataverse,2022-10-21,s3://10.7910/DVN/YQ177E,dataset,dataset
6545546,DVN/KPUOAC,https://doi.org/10.7910/DVN/KPUOAC,doi,10.7910,/,Harvard Dataverse,2022-09-26,s3://10.7910/DVN/KPUOAC,dataset,dataset
6550069,DVN/QI5Y6Z,https://doi.org/10.7910/DVN/QI5Y6Z,doi,10.7910,/,Harvard Dataverse,2022-10-03,s3://10.7910/DVN/QI5Y6Z,dataset,dataset
6550483,DVN/IIBLL0,https://doi.org/10.7910/DVN/IIBLL0,doi,10.7910,/,Harvard Dataverse,2022-10-05,s3://10.7910/DVN/IIBLL0,dataset,dataset
6550771,DVN/N3KNUK,https://doi.org/10.7910/DVN/N3KNUK,doi,10.7910,/,Harvard Dataverse,2022-10-03,s3://10.7910/DVN/N3KNUK,dataset,dataset
6552877,DVN/J0VYD9,https://doi.org/10.7910/DVN/J0VYD9,doi,10.7910,/,Harvard Dataverse,2022-10-03,s3://10.7910/DVN/J0VYD9,dataset,dataset
6554202,DVN/IVA3KA,https://doi.org/10.7910/DVN/IVA3KA,doi,10.7910,/,Harvard Dataverse,2022-10-17,s3://10.7910/DVN/IVA3KA,dataset,dataset
6554555,DVN/IF2ROQ,https://doi.org/10.7910/DVN/IF2ROQ,doi,10.7910,/,Harvard Dataverse,2022-10-31,s3://10.7910/DVN/IF2ROQ,dataset,dataset
6563731,DVN/NWR5HJ,https://doi.org/10.7910/DVN/NWR5HJ,doi,10.7910,/,Harvard Dataverse,2022-10-18,s3://10.7910/DVN/NWR5HJ,dataset,dataset
6574538,DVN/E4AJ17,https://doi.org/10.7910/DVN/E4AJ17,doi,10.7910,/,Harvard Dataverse,2022-10-19,s3://10.7910/DVN/E4AJ17,dataset,dataset
6574573,DVN/XSPIAO,https://doi.org/10.7910/DVN/XSPIAO,doi,10.7910,/,Harvard Dataverse,2022-10-18,s3://10.7910/DVN/XSPIAO,dataset,dataset
6574993,DVN/WBUJ5Q,https://doi.org/10.7910/DVN/WBUJ5Q,doi,10.7910,/,Harvard Dataverse,2022-10-20,s3://10.7910/DVN/WBUJ5Q,dataset,dataset
6576998,DVN/WEPZWG,https://doi.org/10.7910/DVN/WEPZWG,doi,10.7910,/,Harvard Dataverse,2022-10-26,s3://10.7910/DVN/WEPZWG,dataset,dataset
6580476,DVN/GEIUN7,https://doi.org/10.7910/DVN/GEIUN7,doi,10.7910,/,Harvard Dataverse,2022-11-21,s3://10.7910/DVN/GEIUN7,dataset,dataset
6632681,DVN/5M9BXV,https://doi.org/10.7910/DVN/5M9BXV,doi,10.7910,/,Harvard Dataverse,2022-10-27,s3://10.7910/DVN/5M9BXV,dataset,dataset
6642819,DVN/BSRMPB,https://doi.org/10.7910/DVN/BSRMPB,doi,10.7910,/,Harvard Dataverse,2022-11-01,s3://10.7910/DVN/BSRMPB,dataset,dataset
6646042,DVN/MTXZCV,https://doi.org/10.7910/DVN/MTXZCV,doi,10.7910,/,Harvard Dataverse,2022-11-08,s3://10.7910/DVN/MTXZCV,dataset,dataset
6646628,DVN/0TNZBQ,https://doi.org/10.7910/DVN/0TNZBQ,doi,10.7910,/,Harvard Dataverse,2022-11-02,s3://10.7910/DVN/0TNZBQ,dataset,dataset
6689243,DVN/G4FOWA,https://doi.org/10.7910/DVN/G4FOWA,doi,10.7910,/,Harvard Dataverse,2022-11-01,s3://10.7910/DVN/G4FOWA,dataset,dataset
6689393,DVN/KDY5JW,https://doi.org/10.7910/DVN/KDY5JW,doi,10.7910,/,Harvard Dataverse,2022-11-01,s3://10.7910/DVN/KDY5JW,dataset,dataset
6696293,DVN/MM6ZCV,https://doi.org/10.7910/DVN/MM6ZCV,doi,10.7910,/,Harvard Dataverse,2022-11-09,s3://10.7910/DVN/MM6ZCV,dataset,dataset
6697782,DVN/PGKCU7,https://doi.org/10.7910/DVN/PGKCU7,doi,10.7910,/,Harvard Dataverse,2022-11-08,s3://10.7910/DVN/PGKCU7,dataset,dataset
6699268,DVN/YTOKIG,https://doi.org/10.7910/DVN/YTOKIG,doi,10.7910,/,Harvard Dataverse,2025-12-09,s3://10.7910/DVN/YTOKIG,dataset,dataset
6709144,DVN/6CT254,https://doi.org/10.7910/DVN/6CT254,doi,10.7910,/,Harvard Dataverse,2023-01-10,s3://10.7910/DVN/6CT254,dataset,dataset
6710163,DVN/YEKB95,https://doi.org/10.7910/DVN/YEKB95,doi,10.7910,/,Harvard Dataverse,2022-11-21,s3://10.7910/DVN/YEKB95,dataset,dataset
6752081,DVN/I9NTUC,https://doi.org/10.7910/DVN/I9NTUC,doi,10.7910,/,Harvard Dataverse,2023-01-10,s3://10.7910/DVN/I9NTUC,dataset,dataset
6768369,DVN/ZRJA12,https://doi.org/10.7910/DVN/ZRJA12,doi,10.7910,/,Harvard Dataverse,2023-01-06,s3://10.7910/DVN/ZRJA12,dataset,dataset
6790833,DVN/CGV4AN,https://doi.org/10.7910/DVN/CGV4AN,doi,10.7910,/,Harvard Dataverse,2023-01-10,s3://10.7910/DVN/CGV4AN,dataset,dataset
6808740,DVN/Y59ZGT,https://doi.org/10.7910/DVN/Y59ZGT,doi,10.7910,/,Harvard Dataverse,2023-01-25,s3://10.7910/DVN/Y59ZGT,dataset,dataset
6822145,DVN/1B5KF1,https://doi.org/10.7910/DVN/1B5KF1,doi,10.7910,/,Harvard Dataverse,2023-01-04,s3://10.7910/DVN/1B5KF1,dataset,dataset
6823148,DVN/QJ8VA1,https://doi.org/10.7910/DVN/QJ8VA1,doi,10.7910,/,Harvard Dataverse,2023-01-10,s3://10.7910/DVN/QJ8VA1,dataset,dataset
6827170,DVN/LTQFM7,https://doi.org/10.7910/DVN/LTQFM7,doi,10.7910,/,Harvard Dataverse,2022-12-21,s3://10.7910/DVN/LTQFM7,dataset,dataset
6829993,DVN/JCQMHK,https://doi.org/10.7910/DVN/JCQMHK,doi,10.7910,/,Harvard Dataverse,2023-01-06,s3://10.7910/DVN/JCQMHK,dataset,dataset
6881847,DVN/NBL4I5,https://doi.org/10.7910/DVN/NBL4I5,doi,10.7910,/,Harvard Dataverse,2023-01-10,s3://10.7910/DVN/NBL4I5,dataset,dataset
6881885,DVN/XG6U9H,https://doi.org/10.7910/DVN/XG6U9H,doi,10.7910,/,Harvard Dataverse,2023-01-20,s3://10.7910/DVN/XG6U9H,dataset,dataset
6885456,DVN/PSO21N,https://doi.org/10.7910/DVN/PSO21N,doi,10.7910,/,Harvard Dataverse,2023-01-19,s3://10.7910/DVN/PSO21N,dataset,dataset
6892644,DVN/OEZR4T,https://doi.org/10.7910/DVN/OEZR4T,doi,10.7910,/,Harvard Dataverse,2023-02-16,s3://10.7910/DVN/OEZR4T,dataset,dataset
6901047,DVN/COOOVI,https://doi.org/10.7910/DVN/COOOVI,doi,10.7910,/,Harvard Dataverse,2023-01-21,s3://10.7910/DVN/COOOVI,dataset,dataset
6904465,DVN/RVRCAP,https://doi.org/10.7910/DVN/RVRCAP,doi,10.7910,/,Harvard Dataverse,2023-01-26,s3://10.7910/DVN/RVRCAP,dataset,dataset
6906392,DVN/FIZXAC,https://doi.org/10.7910/DVN/FIZXAC,doi,10.7910,/,Harvard Dataverse,2023-01-31,s3://10.7910/DVN/FIZXAC,dataset,dataset
6906469,DVN/H48SJY,https://doi.org/10.7910/DVN/H48SJY,doi,10.7910,/,Harvard Dataverse,2023-01-31,s3://10.7910/DVN/H48SJY,dataset,dataset
6908058,DVN/TORLVE,https://doi.org/10.7910/DVN/TORLVE,doi,10.7910,/,Harvard Dataverse,2023-02-01,s3://10.7910/DVN/TORLVE,dataset,dataset
6909141,DVN/WCGYI2,https://doi.org/10.7910/DVN/WCGYI2,doi,10.7910,/,Harvard Dataverse,2023-02-02,s3://10.7910/DVN/WCGYI2,dataset,dataset
6919112,DVN/KB6IRZ,https://doi.org/10.7910/DVN/KB6IRZ,doi,10.7910,/,Harvard Dataverse,2023-04-25,s3://10.7910/DVN/KB6IRZ,dataset,dataset
6921611,DVN/TDP8QG,https://doi.org/10.7910/DVN/TDP8QG,doi,10.7910,/,Harvard Dataverse,2023-02-07,s3://10.7910/DVN/TDP8QG,dataset,dataset
6926633,DVN/P1ZZY1,https://doi.org/10.7910/DVN/P1ZZY1,doi,10.7910,/,Harvard Dataverse,2023-02-08,s3://10.7910/DVN/P1ZZY1,dataset,dataset
6926648,DVN/RNFFK8,https://doi.org/10.7910/DVN/RNFFK8,doi,10.7910,/,Harvard Dataverse,2023-02-13,s3://10.7910/DVN/RNFFK8,dataset,dataset
6926706,DVN/BCBUCE,https://doi.org/10.7910/DVN/BCBUCE,doi,10.7910,/,Harvard Dataverse,2023-02-22,s3://10.7910/DVN/BCBUCE,dataset,dataset
6926748,DVN/U8COG3,https://doi.org/10.7910/DVN/U8COG3,doi,10.7910,/,Harvard Dataverse,2023-02-15,s3://10.7910/DVN/U8COG3,dataset,dataset
6934270,DVN/00ZPO1,https://doi.org/10.7910/DVN/00ZPO1,doi,10.7910,/,Harvard Dataverse,2023-02-14,s3://10.7910/DVN/00ZPO1,dataset,dataset
6935513,DVN/NDICX4,https://doi.org/10.7910/DVN/NDICX4,doi,10.7910,/,Harvard Dataverse,2023-02-14,s3://10.7910/DVN/NDICX4,dataset,dataset
6935638,DVN/SMQFGS,https://doi.org/10.7910/DVN/SMQFGS,doi,10.7910,/,Harvard Dataverse,2023-02-13,s3://10.7910/DVN/SMQFGS,dataset,dataset
6935651,DVN/7JYFBP,https://doi.org/10.7910/DVN/7JYFBP,doi,10.7910,/,Harvard Dataverse,2023-02-14,s3://10.7910/DVN/7JYFBP,dataset,dataset
6935788,DVN/GOFDVL,https://doi.org/10.7910/DVN/GOFDVL,doi,10.7910,/,Harvard Dataverse,2023-02-16,s3://10.7910/DVN/GOFDVL,dataset,dataset
6940763,DVN/QD1XOM,https://doi.org/10.7910/DVN/QD1XOM,doi,10.7910,/,Harvard Dataverse,2023-02-17,s3://10.7910/DVN/QD1XOM,dataset,dataset
6944170,DVN/ZZLKSD,https://doi.org/10.7910/DVN/ZZLKSD,doi,10.7910,/,Harvard Dataverse,2023-02-21,s3://10.7910/DVN/ZZLKSD,dataset,dataset
6949054,DVN/4RDM7T,https://doi.org/10.7910/DVN/4RDM7T,doi,10.7910,/,Harvard Dataverse,2023-02-24,s3://10.7910/DVN/4RDM7T,dataset,dataset
6963115,DVN/PWJ9LH,https://doi.org/10.7910/DVN/PWJ9LH,doi,10.7910,/,Harvard Dataverse,2023-03-07,s3://10.7910/DVN/PWJ9LH,dataset,dataset
6968205,DVN/K8TNAZ,https://doi.org/10.7910/DVN/K8TNAZ,doi,10.7910,/,Harvard Dataverse,2023-03-08,s3://10.7910/DVN/K8TNAZ,dataset,dataset
6981374,DVN/8NLR4I,https://doi.org/10.7910/DVN/8NLR4I,doi,10.7910,/,Harvard Dataverse,2023-03-14,s3://10.7910/DVN/8NLR4I,dataset,dataset
6981917,DVN/OMAYRB,https://doi.org/10.7910/DVN/OMAYRB,doi,10.7910,/,Harvard Dataverse,2023-03-16,s3://10.7910/DVN/OMAYRB,dataset,dataset
6986956,DVN/C6XWVL,https://doi.org/10.7910/DVN/C6XWVL,doi,10.7910,/,Harvard Dataverse,2023-03-20,s3://10.7910/DVN/C6XWVL,dataset,dataset
6987733,DVN/X6D4DS,https://doi.org/10.7910/DVN/X6D4DS,doi,10.7910,/,Harvard Dataverse,2023-03-22,s3://10.7910/DVN/X6D4DS,dataset,dataset
7019134,DVN/HYVOBX,https://doi.org/10.7910/DVN/HYVOBX,doi,10.7910,/,Harvard Dataverse,2023-03-30,s3://10.7910/DVN/HYVOBX,dataset,dataset
7028602,DVN/RCBVNM,https://doi.org/10.7910/DVN/RCBVNM,doi,10.7910,/,Harvard Dataverse,2023-04-03,s3://10.7910/DVN/RCBVNM,dataset,dataset
7046519,DVN/5KKFOZ,https://doi.org/10.7910/DVN/5KKFOZ,doi,10.7910,/,Harvard Dataverse,2023-04-07,s3://10.7910/DVN/5KKFOZ,dataset,dataset
7053485,DVN/POZYPM,https://doi.org/10.7910/DVN/POZYPM,doi,10.7910,/,Harvard Dataverse,2023-04-10,s3://10.7910/DVN/POZYPM,dataset,dataset
7053881,DVN/KLAVNE,https://doi.org/10.7910/DVN/KLAVNE,doi,10.7910,/,Harvard Dataverse,2023-04-13,s3://10.7910/DVN/KLAVNE,dataset,dataset
7059438,DVN/2I9YCM,https://doi.org/10.7910/DVN/2I9YCM,doi,10.7910,/,Harvard Dataverse,2023-04-10,s3://10.7910/DVN/2I9YCM,dataset,dataset
7060216,DVN/0LADWK,https://doi.org/10.7910/DVN/0LADWK,doi,10.7910,/,Harvard Dataverse,2023-04-14,s3://10.7910/DVN/0LADWK,dataset,dataset
7062556,DVN/UO368B,https://doi.org/10.7910/DVN/UO368B,doi,10.7910,/,Harvard Dataverse,2023-04-25,s3://10.7910/DVN/UO368B,dataset,dataset
7077022,DVN/S1PRMM,https://doi.org/10.7910/DVN/S1PRMM,doi,10.7910,/,Harvard Dataverse,2023-04-25,s3://10.7910/DVN/S1PRMM,dataset,dataset
7077189,DVN/RN0PBL,https://doi.org/10.7910/DVN/RN0PBL,doi,10.7910,/,Harvard Dataverse,2023-04-26,s3://10.7910/DVN/RN0PBL,dataset,dataset
7084788,DVN/MA31ZM,https://doi.org/10.7910/DVN/MA31ZM,doi,10.7910,/,Harvard Dataverse,2023-05-16,s3://10.7910/DVN/MA31ZM,dataset,dataset
7085200,DVN/FP1Y6A,https://doi.org/10.7910/DVN/FP1Y6A,doi,10.7910,/,Harvard Dataverse,2023-05-05,s3://10.7910/DVN/FP1Y6A,dataset,dataset
7092371,DVN/EXP6IL,https://doi.org/10.7910/DVN/EXP6IL,doi,10.7910,/,Harvard Dataverse,2023-05-06,s3://10.7910/DVN/EXP6IL,dataset,dataset
7099396,DVN/XDKAJA,https://doi.org/10.7910/DVN/XDKAJA,doi,10.7910,/,Harvard Dataverse,2023-05-09,s3://10.7910/DVN/XDKAJA,dataset,dataset
7100933,DVN/QEJCGF,https://doi.org/10.7910/DVN/QEJCGF,doi,10.7910,/,Harvard Dataverse,2023-05-12,s3://10.7910/DVN/QEJCGF,dataset,dataset
7103607,DVN/3VNBNS,https://doi.org/10.7910/DVN/3VNBNS,doi,10.7910,/,Harvard Dataverse,2023-05-17,s3://10.7910/DVN/3VNBNS,dataset,dataset
7103703,DVN/RFMLD3,https://doi.org/10.7910/DVN/RFMLD3,doi,10.7910,/,Harvard Dataverse,2023-05-19,s3://10.7910/DVN/RFMLD3,dataset,dataset
7103743,DVN/JA7LWT,https://doi.org/10.7910/DVN/JA7LWT,doi,10.7910,/,Harvard Dataverse,2023-05-18,s3://10.7910/DVN/JA7LWT,dataset,dataset
7109773,DVN/OPPYLH,https://doi.org/10.7910/DVN/OPPYLH,doi,10.7910,/,Harvard Dataverse,2023-05-23,s3://10.7910/DVN/OPPYLH,dataset,dataset
7123758,DVN/9CTPJW,https://doi.org/10.7910/DVN/9CTPJW,doi,10.7910,/,Harvard Dataverse,2023-06-02,s3://10.7910/DVN/9CTPJW,dataset,dataset
7128475,DVN/DFBV7K,https://doi.org/10.7910/DVN/DFBV7K,doi,10.7910,/,Harvard Dataverse,2023-06-21,s3://10.7910/DVN/DFBV7K,dataset,dataset
7143015,DVN/SU0VJ2,https://doi.org/10.7910/DVN/SU0VJ2,doi,10.7910,/,Harvard Dataverse,2023-06-07,s3://10.7910/DVN/SU0VJ2,dataset,dataset
7162302,DVN/PRPCWY,https://doi.org/10.7910/DVN/PRPCWY,doi,10.7910,/,Harvard Dataverse,2023-06-09,s3://10.7910/DVN/PRPCWY,dataset,dataset
7174588,DVN/LW3LAH,https://doi.org/10.7910/DVN/LW3LAH,doi,10.7910,/,Harvard Dataverse,2023-06-14,s3://10.7910/DVN/LW3LAH,dataset,dataset
7188209,DVN/DDL8ZI,https://doi.org/10.7910/DVN/DDL8ZI,doi,10.7910,/,Harvard Dataverse,2023-06-21,s3://10.7910/DVN/DDL8ZI,dataset,dataset
7191125,DVN/ZSLOHJ,https://doi.org/10.7910/DVN/ZSLOHJ,doi,10.7910,/,Harvard Dataverse,2023-06-21,s3://10.7910/DVN/ZSLOHJ,dataset,dataset
7204366,DVN/DHEJUS,https://doi.org/10.7910/DVN/DHEJUS,doi,10.7910,/,Harvard Dataverse,2023-06-21,s3://10.7910/DVN/DHEJUS,dataset,dataset
7209070,DVN/A63PZX,https://doi.org/10.7910/DVN/A63PZX,doi,10.7910,/,Harvard Dataverse,2023-06-21,s3://10.7910/DVN/A63PZX,dataset,dataset
7215893,DVN/MMA4XL,https://doi.org/10.7910/DVN/MMA4XL,doi,10.7910,/,Harvard Dataverse,2023-06-26,s3://10.7910/DVN/MMA4XL,dataset,dataset
7219645,DVN/FJUJQR,https://doi.org/10.7910/DVN/FJUJQR,doi,10.7910,/,Harvard Dataverse,2023-06-27,s3://10.7910/DVN/FJUJQR,dataset,dataset
7225820,DVN/DCKKLW,https://doi.org/10.7910/DVN/DCKKLW,doi,10.7910,/,Harvard Dataverse,2023-07-10,s3://10.7910/DVN/DCKKLW,dataset,dataset
7237329,DVN/IH5WTC,https://doi.org/10.7910/DVN/IH5WTC,doi,10.7910,/,Harvard Dataverse,2023-07-10,s3://10.7910/DVN/IH5WTC,dataset,dataset
7243077,DVN/WHOPIM,https://doi.org/10.7910/DVN/WHOPIM,doi,10.7910,/,Harvard Dataverse,2023-07-26,s3://10.7910/DVN/WHOPIM,dataset,dataset
7244743,DVN/CJUWRL,https://doi.org/10.7910/DVN/CJUWRL,doi,10.7910,/,Harvard Dataverse,2023-07-24,s3://10.7910/DVN/CJUWRL,dataset,dataset
7246359,DVN/X3W9MK,https://doi.org/10.7910/DVN/X3W9MK,doi,10.7910,/,Harvard Dataverse,2023-07-26,s3://10.7910/DVN/X3W9MK,dataset,dataset
7273819,DVN/PZKLIN,https://doi.org/10.7910/DVN/PZKLIN,doi,10.7910,/,Harvard Dataverse,2023-08-07,s3://10.7910/DVN/PZKLIN,dataset,dataset
7276329,DVN/QM7GZ5,https://doi.org/10.7910/DVN/QM7GZ5,doi,10.7910,/,Harvard Dataverse,2023-08-14,s3://10.7910/DVN/QM7GZ5,dataset,dataset
7279839,DVN/GSCELX,https://doi.org/10.7910/DVN/GSCELX,doi,10.7910,/,Harvard Dataverse,2023-08-07,s3://10.7910/DVN/GSCELX,dataset,dataset
7290402,DVN/HKSOK8,https://doi.org/10.7910/DVN/HKSOK8,doi,10.7910,/,Harvard Dataverse,2023-08-14,s3://10.7910/DVN/HKSOK8,dataset,dataset
7299245,DVN/ZXNDJM,https://doi.org/10.7910/DVN/ZXNDJM,doi,10.7910,/,Harvard Dataverse,2023-08-15,s3://10.7910/DVN/ZXNDJM,dataset,dataset
7311670,DVN/MHDNI4,https://doi.org/10.7910/DVN/MHDNI4,doi,10.7910,/,Harvard Dataverse,2023-08-30,s3://10.7910/DVN/MHDNI4,dataset,dataset
7312698,DVN/L0BCW6,https://doi.org/10.7910/DVN/L0BCW6,doi,10.7910,/,Harvard Dataverse,2023-08-29,s3://10.7910/DVN/L0BCW6,dataset,dataset
7338705,DVN/O1I2XH,https://doi.org/10.7910/DVN/O1I2XH,doi,10.7910,/,Harvard Dataverse,2023-11-20,s3://10.7910/DVN/O1I2XH,dataset,dataset
7345979,DVN/HPDULZ,https://doi.org/10.7910/DVN/HPDULZ,doi,10.7910,/,Harvard Dataverse,2023-08-29,s3://10.7910/DVN/HPDULZ,dataset,dataset
7350962,DVN/QDY9XQ,https://doi.org/10.7910/DVN/QDY9XQ,doi,10.7910,/,Harvard Dataverse,2023-09-18,s3://10.7910/DVN/QDY9XQ,dataset,dataset
7352057,DVN/R0SNRC,https://doi.org/10.7910/DVN/R0SNRC,doi,10.7910,/,Harvard Dataverse,2023-09-12,s3://10.7910/DVN/R0SNRC,dataset,dataset
7354734,DVN/KDERGV,https://doi.org/10.7910/DVN/KDERGV,doi,10.7910,/,Harvard Dataverse,2023-09-25,s3://10.7910/DVN/KDERGV,dataset,dataset
7356097,DVN/LALW0S,https://doi.org/10.7910/DVN/LALW0S,doi,10.7910,/,Harvard Dataverse,2023-09-07,s3://10.7910/DVN/LALW0S,dataset,dataset
7366737,DVN/JQJO5O,https://doi.org/10.7910/DVN/JQJO5O,doi,10.7910,/,Harvard Dataverse,2023-09-13,s3://10.7910/DVN/JQJO5O,dataset,dataset
7374606,DVN/W90WVL,https://doi.org/10.7910/DVN/W90WVL,doi,10.7910,/,Harvard Dataverse,2023-09-14,s3://10.7910/DVN/W90WVL,dataset,dataset
7423724,DVN/PSIDIV,https://doi.org/10.7910/DVN/PSIDIV,doi,10.7910,/,Harvard Dataverse,2023-09-25,s3://10.7910/DVN/PSIDIV,dataset,dataset
7424996,DVN/UUXXSE,https://doi.org/10.7910/DVN/UUXXSE,doi,10.7910,/,Harvard Dataverse,2023-09-25,s3://10.7910/DVN/UUXXSE,dataset,dataset
7425756,DVN/GZWFAU,https://doi.org/10.7910/DVN/GZWFAU,doi,10.7910,/,Harvard Dataverse,2023-10-16,s3://10.7910/DVN/GZWFAU,dataset,dataset
7425988,DVN/8HNU55,https://doi.org/10.7910/DVN/8HNU55,doi,10.7910,/,Harvard Dataverse,2023-09-27,s3://10.7910/DVN/8HNU55,dataset,dataset
7426824,DVN/UOIODS,https://doi.org/10.7910/DVN/UOIODS,doi,10.7910,/,Harvard Dataverse,2023-09-28,s3://10.7910/DVN/UOIODS,dataset,dataset
7429935,DVN/E5D3F8,https://doi.org/10.7910/DVN/E5D3F8,doi,10.7910,/,Harvard Dataverse,2023-09-27,s3://10.7910/DVN/E5D3F8,dataset,dataset
7430082,DVN/DMJQCB,https://doi.org/10.7910/DVN/DMJQCB,doi,10.7910,/,Harvard Dataverse,2023-09-28,s3://10.7910/DVN/DMJQCB,dataset,dataset
7441048,DVN/3FXA0V,https://doi.org/10.7910/DVN/3FXA0V,doi,10.7910,/,Harvard Dataverse,2023-10-04,s3://10.7910/DVN/3FXA0V,dataset,dataset
7441158,DVN/M2KSXB,https://doi.org/10.7910/DVN/M2KSXB,doi,10.7910,/,Harvard Dataverse,2023-10-04,s3://10.7910/DVN/M2KSXB,dataset,dataset
7451412,DVN/XWIS3H,https://doi.org/10.7910/DVN/XWIS3H,doi,10.7910,/,Harvard Dataverse,2023-10-10,s3://10.7910/DVN/XWIS3H,dataset,dataset
7451462,DVN/GLMYNB,https://doi.org/10.7910/DVN/GLMYNB,doi,10.7910,/,Harvard Dataverse,2023-10-10,s3://10.7910/DVN/GLMYNB,dataset,dataset
7451490,DVN/TVHSON,https://doi.org/10.7910/DVN/TVHSON,doi,10.7910,/,Harvard Dataverse,2023-10-19,s3://10.7910/DVN/TVHSON,dataset,dataset
7452306,DVN/YAS0F5,https://doi.org/10.7910/DVN/YAS0F5,doi,10.7910,/,Harvard Dataverse,2023-11-06,s3://10.7910/DVN/YAS0F5,dataset,dataset
7464109,DVN/D5HSP3,https://doi.org/10.7910/DVN/D5HSP3,doi,10.7910,/,Harvard Dataverse,2023-10-23,s3://10.7910/DVN/D5HSP3,dataset,dataset
7464657,DVN/0MO7D1,https://doi.org/10.7910/DVN/0MO7D1,doi,10.7910,/,Harvard Dataverse,2023-10-17,s3://10.7910/DVN/0MO7D1,dataset,dataset
7498104,DVN/SZEW8N,https://doi.org/10.7910/DVN/SZEW8N,doi,10.7910,/,Harvard Dataverse,2023-10-30,s3://10.7910/DVN/SZEW8N,dataset,dataset
7518919,DVN/JQJ6FZ,https://doi.org/10.7910/DVN/JQJ6FZ,doi,10.7910,/,Harvard Dataverse,2023-11-06,s3://10.7910/DVN/JQJ6FZ,dataset,dataset
7523602,DVN/FFMT75,https://doi.org/10.7910/DVN/FFMT75,doi,10.7910,/,Harvard Dataverse,2023-11-05,s3://10.7910/DVN/FFMT75,dataset,dataset
7534795,DVN/8UNT8Q,https://doi.org/10.7910/DVN/8UNT8Q,doi,10.7910,/,Harvard Dataverse,2023-11-14,s3://10.7910/DVN/8UNT8Q,dataset,dataset
7537949,DVN/9RRH28,https://doi.org/10.7910/DVN/9RRH28,doi,10.7910,/,Harvard Dataverse,2023-11-08,s3://10.7910/DVN/9RRH28,dataset,dataset
7573682,DVN/VPF6HI,https://doi.org/10.7910/DVN/VPF6HI,doi,10.7910,/,Harvard Dataverse,2023-11-28,s3://10.7910/DVN/VPF6HI,dataset,dataset
7574130,DVN/YF7C5W,https://doi.org/10.7910/DVN/YF7C5W,doi,10.7910,/,Harvard Dataverse,2023-11-14,s3://10.7910/DVN/YF7C5W,dataset,dataset
7574983,DVN/I9IYWY,https://doi.org/10.7910/DVN/I9IYWY,doi,10.7910,/,Harvard Dataverse,2023-11-16,s3://10.7910/DVN/I9IYWY,dataset,dataset
7577408,DVN/DNF4QC,https://doi.org/10.7910/DVN/DNF4QC,doi,10.7910,/,Harvard Dataverse,2023-11-27,s3://10.7910/DVN/DNF4QC,dataset,dataset
7580448,DVN/F8RFXE,https://doi.org/10.7910/DVN/F8RFXE,doi,10.7910,/,Harvard Dataverse,2023-11-20,s3://10.7910/DVN/F8RFXE,dataset,dataset
7610518,DVN/750PNH,https://doi.org/10.7910/DVN/750PNH,doi,10.7910,/,Harvard Dataverse,2023-11-30,s3://10.7910/DVN/750PNH,dataset,dataset
7659891,DVN/7KWOOX,https://doi.org/10.7910/DVN/7KWOOX,doi,10.7910,/,Harvard Dataverse,2023-12-11,s3://10.7910/DVN/7KWOOX,dataset,dataset
7674974,DVN/IBSPOH,https://doi.org/10.7910/DVN/IBSPOH,doi,10.7910,/,Harvard Dataverse,2024-01-09,s3://10.7910/DVN/IBSPOH,dataset,dataset
7675423,DVN/RCWCPE,https://doi.org/10.7910/DVN/RCWCPE,doi,10.7910,/,Harvard Dataverse,2024-01-11,s3://10.7910/DVN/RCWCPE,dataset,dataset
7677547,DVN/VQT8TH,https://doi.org/10.7910/DVN/VQT8TH,doi,10.7910,/,Harvard Dataverse,2023-12-18,s3://10.7910/DVN/VQT8TH,dataset,dataset
7878773,DVN/ZDZBH0,https://doi.org/10.7910/DVN/ZDZBH0,doi,10.7910,/,Harvard Dataverse,2023-12-20,s3://10.7910/DVN/ZDZBH0,dataset,dataset
7882808,DVN/DMDCHM,https://doi.org/10.7910/DVN/DMDCHM,doi,10.7910,/,Harvard Dataverse,2024-01-11,s3://10.7910/DVN/DMDCHM,dataset,dataset
7884608,DVN/OJVUQG,https://doi.org/10.7910/DVN/OJVUQG,doi,10.7910,/,Harvard Dataverse,2024-01-05,s3://10.7910/DVN/OJVUQG,dataset,dataset
7887973,DVN/8FLBZO,https://doi.org/10.7910/DVN/8FLBZO,doi,10.7910,/,Harvard Dataverse,2024-01-05,s3://10.7910/DVN/8FLBZO,dataset,dataset
8071898,DVN/GDV9UM,https://doi.org/10.7910/DVN/GDV9UM,doi,10.7910,/,Harvard Dataverse,2024-01-08,s3://10.7910/DVN/GDV9UM,dataset,dataset
8071918,DVN/TBUGVA,https://doi.org/10.7910/DVN/TBUGVA,doi,10.7910,/,Harvard Dataverse,2024-01-08,s3://10.7910/DVN/TBUGVA,dataset,dataset
8072510,DVN/8IPDGC,https://doi.org/10.7910/DVN/8IPDGC,doi,10.7910,/,Harvard Dataverse,2024-01-10,s3://10.7910/DVN/8IPDGC,dataset,dataset
8072565,DVN/FQEYSA,https://doi.org/10.7910/DVN/FQEYSA,doi,10.7910,/,Harvard Dataverse,2024-01-08,s3://10.7910/DVN/FQEYSA,dataset,dataset
8088556,DVN/DZBURR,https://doi.org/10.7910/DVN/DZBURR,doi,10.7910,/,Harvard Dataverse,2024-01-08,s3://10.7910/DVN/DZBURR,dataset,dataset
8098946,DVN/E7HAPA,https://doi.org/10.7910/DVN/E7HAPA,doi,10.7910,/,Harvard Dataverse,2024-02-12,s3://10.7910/DVN/E7HAPA,dataset,dataset
8103274,DVN/ZLUBEE,https://doi.org/10.7910/DVN/ZLUBEE,doi,10.7910,/,Harvard Dataverse,2024-01-16,s3://10.7910/DVN/ZLUBEE,dataset,dataset
8103339,DVN/SQFG9J,https://doi.org/10.7910/DVN/SQFG9J,doi,10.7910,/,Harvard Dataverse,2024-01-16,s3://10.7910/DVN/SQFG9J,dataset,dataset
8103412,DVN/TMYUPY,https://doi.org/10.7910/DVN/TMYUPY,doi,10.7910,/,Harvard Dataverse,2024-01-17,s3://10.7910/DVN/TMYUPY,dataset,dataset
8122482,DVN/FAVKSI,https://doi.org/10.7910/DVN/FAVKSI,doi,10.7910,/,Harvard Dataverse,2024-03-14,s3://10.7910/DVN/FAVKSI,dataset,dataset
8134344,DVN/IPWCES,https://doi.org/10.7910/DVN/IPWCES,doi,10.7910,/,Harvard Dataverse,2024-01-24,s3://10.7910/DVN/IPWCES,dataset,dataset
8135496,DVN/URJMRF,https://doi.org/10.7910/DVN/URJMRF,doi,10.7910,/,Harvard Dataverse,2024-01-24,s3://10.7910/DVN/URJMRF,dataset,dataset
8140127,DVN/VJP82S,https://doi.org/10.7910/DVN/VJP82S,doi,10.7910,/,Harvard Dataverse,2024-01-29,s3://10.7910/DVN/VJP82S,dataset,dataset
8144639,DVN/G4HDCF,https://doi.org/10.7910/DVN/G4HDCF,doi,10.7910,/,Harvard Dataverse,2024-02-12,s3://10.7910/DVN/G4HDCF,dataset,dataset
8154171,DVN/PGOLWR,https://doi.org/10.7910/DVN/PGOLWR,doi,10.7910,/,Harvard Dataverse,2024-03-04,s3://10.7910/DVN/PGOLWR,dataset,dataset
8220858,DVN/0KVKGA,https://doi.org/10.7910/DVN/0KVKGA,doi,10.7910,/,Harvard Dataverse,2024-02-12,s3://10.7910/DVN/0KVKGA,dataset,dataset
8543682,DVN/JKPD0L,https://doi.org/10.7910/DVN/JKPD0L,doi,10.7910,/,Harvard Dataverse,2024-03-04,s3://10.7910/DVN/JKPD0L,dataset,dataset
8550381,DVN/3TZSY3,https://doi.org/10.7910/DVN/3TZSY3,doi,10.7910,/,Harvard Dataverse,2024-02-20,s3://10.7910/DVN/3TZSY3,dataset,dataset
8557477,DVN/OXZ0SD,https://doi.org/10.7910/DVN/OXZ0SD,doi,10.7910,/,Harvard Dataverse,2024-02-21,s3://10.7910/DVN/OXZ0SD,dataset,dataset
8557824,DVN/BAFXDB,https://doi.org/10.7910/DVN/BAFXDB,doi,10.7910,/,Harvard Dataverse,2024-02-26,s3://10.7910/DVN/BAFXDB,dataset,dataset
8558620,DVN/FCENJS,https://doi.org/10.7910/DVN/FCENJS,doi,10.7910,/,Harvard Dataverse,2024-02-23,s3://10.7910/DVN/FCENJS,dataset,dataset
8559813,DVN/XQOFQN,https://doi.org/10.7910/DVN/XQOFQN,doi,10.7910,/,Harvard Dataverse,2024-02-23,s3://10.7910/DVN/XQOFQN,dataset,dataset
8569354,DVN/S7SO3O,https://doi.org/10.7910/DVN/S7SO3O,doi,10.7910,/,Harvard Dataverse,2024-02-28,s3://10.7910/DVN/S7SO3O,dataset,dataset
8569696,DVN/RE2FIL,https://doi.org/10.7910/DVN/RE2FIL,doi,10.7910,/,Harvard Dataverse,2024-02-29,s3://10.7910/DVN/RE2FIL,dataset,dataset
8939632,DVN/FZSTJF,https://doi.org/10.7910/DVN/FZSTJF,doi,10.7910,/,Harvard Dataverse,2024-03-01,s3://10.7910/DVN/FZSTJF,dataset,dataset
8956415,DVN/P4WHAG,https://doi.org/10.7910/DVN/P4WHAG,doi,10.7910,/,Harvard Dataverse,2024-03-07,s3://10.7910/DVN/P4WHAG,dataset,dataset
8958254,DVN/R0WN9H,https://doi.org/10.7910/DVN/R0WN9H,doi,10.7910,/,Harvard Dataverse,2024-03-12,s3://10.7910/DVN/R0WN9H,dataset,dataset
9261996,DVN/D5FUKF,https://doi.org/10.7910/DVN/D5FUKF,doi,10.7910,/,Harvard Dataverse,2024-03-12,s3://10.7910/DVN/D5FUKF,dataset,dataset
9268895,DVN/1VBRPR,https://doi.org/10.7910/DVN/1VBRPR,doi,10.7910,/,Harvard Dataverse,2024-03-18,s3://10.7910/DVN/1VBRPR,dataset,dataset
9653151,DVN/EDQTTB,https://doi.org/10.7910/DVN/EDQTTB,doi,10.7910,/,Harvard Dataverse,2024-03-21,s3://10.7910/DVN/EDQTTB,dataset,dataset
9659453,DVN/TYVVY2,https://doi.org/10.7910/DVN/TYVVY2,doi,10.7910,/,Harvard Dataverse,2024-03-26,s3://10.7910/DVN/TYVVY2,dataset,dataset
9847697,DVN/G03ZJH,https://doi.org/10.7910/DVN/G03ZJH,doi,10.7910,/,Harvard Dataverse,2024-03-26,s3://10.7910/DVN/G03ZJH,dataset,dataset
10085727,DVN/YUDMG5,https://doi.org/10.7910/DVN/YUDMG5,doi,10.7910,/,Harvard Dataverse,2024-04-08,s3://10.7910/DVN/YUDMG5,dataset,dataset
10088095,DVN/2KHG2I,https://doi.org/10.7910/DVN/2KHG2I,doi,10.7910,/,Harvard Dataverse,2024-04-09,s3://10.7910/DVN/2KHG2I,dataset,dataset
10100289,DVN/I1KOQF,https://doi.org/10.7910/DVN/I1KOQF,doi,10.7910,/,Harvard Dataverse,2024-04-19,s3://10.7910/DVN/I1KOQF,dataset,dataset
10100462,DVN/CEFHPP,https://doi.org/10.7910/DVN/CEFHPP,doi,10.7910,/,Harvard Dataverse,2024-04-19,s3://10.7910/DVN/CEFHPP,dataset,dataset
10119639,DVN/QDFDKE,https://doi.org/10.7910/DVN/QDFDKE,doi,10.7910,/,Harvard Dataverse,2024-04-24,s3://10.7910/DVN/QDFDKE,dataset,dataset
10120710,DVN/S5YGGK,https://doi.org/10.7910/DVN/S5YGGK,doi,10.7910,/,Harvard Dataverse,2024-04-19,s3://10.7910/DVN/S5YGGK,dataset,dataset
10123897,DVN/TZKPTF,https://doi.org/10.7910/DVN/TZKPTF,doi,10.7910,/,Harvard Dataverse,2024-04-24,s3://10.7910/DVN/TZKPTF,dataset,dataset
10124578,DVN/HYIDT9,https://doi.org/10.7910/DVN/HYIDT9,doi,10.7910,/,Harvard Dataverse,2024-04-30,s3://10.7910/DVN/HYIDT9,dataset,dataset
10143783,DVN/XHVR1L,https://doi.org/10.7910/DVN/XHVR1L,doi,10.7910,/,Harvard Dataverse,2024-04-30,s3://10.7910/DVN/XHVR1L,dataset,dataset
10161716,DVN/9TWG7D,https://doi.org/10.7910/DVN/9TWG7D,doi,10.7910,/,Harvard Dataverse,2024-05-13,s3://10.7910/DVN/9TWG7D,dataset,dataset
10162063,DVN/BQ7IMR,https://doi.org/10.7910/DVN/BQ7IMR,doi,10.7910,/,Harvard Dataverse,2024-05-13,s3://10.7910/DVN/BQ7IMR,dataset,dataset
10163590,DVN/DQJHDH,https://doi.org/10.7910/DVN/DQJHDH,doi,10.7910,/,Harvard Dataverse,2024-05-01,s3://10.7910/DVN/DQJHDH,dataset,dataset
10192077,DVN/H9FJHY,https://doi.org/10.7910/DVN/H9FJHY,doi,10.7910,/,Harvard Dataverse,2024-05-09,s3://10.7910/DVN/H9FJHY,dataset,dataset
10199087,DVN/CMRTZU,https://doi.org/10.7910/DVN/CMRTZU,doi,10.7910,/,Harvard Dataverse,2024-05-15,s3://10.7910/DVN/CMRTZU,dataset,dataset
10210671,DVN/PXDEPG,https://doi.org/10.7910/DVN/PXDEPG,doi,10.7910,/,Harvard Dataverse,2024-05-20,s3://10.7910/DVN/PXDEPG,dataset,dataset
10212026,DVN/JFT9I2,https://doi.org/10.7910/DVN/JFT9I2,doi,10.7910,/,Harvard Dataverse,2024-06-03,s3://10.7910/DVN/JFT9I2,dataset,dataset
10229636,DVN/ZF6NUJ,https://doi.org/10.7910/DVN/ZF6NUJ,doi,10.7910,/,Harvard Dataverse,2024-05-28,s3://10.7910/DVN/ZF6NUJ,dataset,dataset
10230089,DVN/CE4EAZ,https://doi.org/10.7910/DVN/CE4EAZ,doi,10.7910,/,Harvard Dataverse,2024-05-28,s3://10.7910/DVN/CE4EAZ,dataset,dataset
10231251,DVN/2FQ6KG,https://doi.org/10.7910/DVN/2FQ6KG,doi,10.7910,/,Harvard Dataverse,2024-05-28,s3://10.7910/DVN/2FQ6KG,dataset,dataset
10238778,DVN/WKOICH,https://doi.org/10.7910/DVN/WKOICH,doi,10.7910,/,Harvard Dataverse,2024-05-29,s3://10.7910/DVN/WKOICH,dataset,dataset
10243078,DVN/LBJ0BH,https://doi.org/10.7910/DVN/LBJ0BH,doi,10.7910,/,Harvard Dataverse,2024-05-31,s3xl://10.7910/DVN/LBJ0BH,dataset,dataset
10246804,DVN/CGQOTA,https://doi.org/10.7910/DVN/CGQOTA,doi,10.7910,/,Harvard Dataverse,2024-06-06,s3xl://10.7910/DVN/CGQOTA,dataset,dataset
10249894,DVN/MJ2WT0,https://doi.org/10.7910/DVN/MJ2WT0,doi,10.7910,/,Harvard Dataverse,2024-06-03,s3://10.7910/DVN/MJ2WT0,dataset,dataset
10254945,DVN/ZXWXYX,https://doi.org/10.7910/DVN/ZXWXYX,doi,10.7910,/,Harvard Dataverse,2024-06-03,s3://10.7910/DVN/ZXWXYX,dataset,dataset
10258705,DVN/JXUMLQ,https://doi.org/10.7910/DVN/JXUMLQ,doi,10.7910,/,Harvard Dataverse,2024-06-13,s3://10.7910/DVN/JXUMLQ,dataset,dataset
10259640,DVN/6ZFAFP,https://doi.org/10.7910/DVN/6ZFAFP,doi,10.7910,/,Harvard Dataverse,2024-06-17,s3xxl://10.7910/DVN/6ZFAFP,dataset,dataset
10260785,DVN/LZWVK3,https://doi.org/10.7910/DVN/LZWVK3,doi,10.7910,/,Harvard Dataverse,2024-06-10,s3xxl://10.7910/DVN/LZWVK3,dataset,dataset
10263439,DVN/EEIHFK,https://doi.org/10.7910/DVN/EEIHFK,doi,10.7910,/,Harvard Dataverse,2024-06-10,s3mit://10.7910/DVN/EEIHFK,dataset,dataset
10272989,DVN/DLV1UU,https://doi.org/10.7910/DVN/DLV1UU,doi,10.7910,/,Harvard Dataverse,2024-06-17,s3xl://10.7910/DVN/DLV1UU,dataset,dataset
10274158,DVN/3ZWJLB,https://doi.org/10.7910/DVN/3ZWJLB,doi,10.7910,/,Harvard Dataverse,2024-06-17,s3xl://10.7910/DVN/3ZWJLB,dataset,dataset
10274283,DVN/19D6PT,https://doi.org/10.7910/DVN/19D6PT,doi,10.7910,/,Harvard Dataverse,2024-06-20,s3xl://10.7910/DVN/19D6PT,dataset,dataset
10287322,DVN/YZTMUD,https://doi.org/10.7910/DVN/YZTMUD,doi,10.7910,/,Harvard Dataverse,2024-06-21,s3xl://10.7910/DVN/YZTMUD,dataset,dataset
10361257,DVN/0AILQP,https://doi.org/10.7910/DVN/0AILQP,doi,10.7910,/,Harvard Dataverse,2024-08-22,s3xl://10.7910/DVN/0AILQP,dataset,dataset
10381103,DVN/4IO1JV,https://doi.org/10.7910/DVN/4IO1JV,doi,10.7910,/,Harvard Dataverse,2024-07-15,s3xl://10.7910/DVN/4IO1JV,dataset,dataset
10392824,DVN/PQ7QNG,https://doi.org/10.7910/DVN/PQ7QNG,doi,10.7910,/,Harvard Dataverse,2024-10-16,s3xl://10.7910/DVN/PQ7QNG,dataset,dataset
10393649,DVN/QIF7JP,https://doi.org/10.7910/DVN/QIF7JP,doi,10.7910,/,Harvard Dataverse,2024-07-29,s3xl://10.7910/DVN/QIF7JP,dataset,dataset
10402749,DVN/N6F3WU,https://doi.org/10.7910/DVN/N6F3WU,doi,10.7910,/,Harvard Dataverse,2024-07-29,s3xl://10.7910/DVN/N6F3WU,dataset,dataset
10404463,DVN/MTUG2N,https://doi.org/10.7910/DVN/MTUG2N,doi,10.7910,/,Harvard Dataverse,2024-07-29,s3xl://10.7910/DVN/MTUG2N,dataset,dataset
10408490,DVN/ZVSHZE,https://doi.org/10.7910/DVN/ZVSHZE,doi,10.7910,/,Harvard Dataverse,2024-07-29,s3://10.7910/DVN/ZVSHZE,dataset,dataset
10411329,DVN/WTO2V2,https://doi.org/10.7910/DVN/WTO2V2,doi,10.7910,/,Harvard Dataverse,2024-07-30,s3://10.7910/DVN/WTO2V2,dataset,dataset
10415468,DVN/IZAH5W,https://doi.org/10.7910/DVN/IZAH5W,doi,10.7910,/,Harvard Dataverse,2024-08-05,s3xl://10.7910/DVN/IZAH5W,dataset,dataset
10424124,DVN/GGJZMW,https://doi.org/10.7910/DVN/GGJZMW,doi,10.7910,/,Harvard Dataverse,2024-08-22,s3xl://10.7910/DVN/GGJZMW,dataset,dataset
10425739,DVN/6BGJCT,https://doi.org/10.7910/DVN/6BGJCT,doi,10.7910,/,Harvard Dataverse,2024-08-06,s3xl://10.7910/DVN/6BGJCT,dataset,dataset
10427320,DVN/MEWTDH,https://doi.org/10.7910/DVN/MEWTDH,doi,10.7910,/,Harvard Dataverse,2024-11-06,s3xl://10.7910/DVN/MEWTDH,dataset,dataset
10444810,DVN/OITIFH,https://doi.org/10.7910/DVN/OITIFH,doi,10.7910,/,Harvard Dataverse,2024-08-23,s3xl://10.7910/DVN/OITIFH,dataset,dataset
10450318,DVN/VVV4NA,https://doi.org/10.7910/DVN/VVV4NA,doi,10.7910,/,Harvard Dataverse,2024-08-22,s3xl://10.7910/DVN/VVV4NA,dataset,dataset
10454250,DVN/H5CWEP,https://doi.org/10.7910/DVN/H5CWEP,doi,10.7910,/,Harvard Dataverse,2024-08-23,s3xl://10.7910/DVN/H5CWEP,dataset,dataset
10461840,DVN/8BF0QB,https://doi.org/10.7910/DVN/8BF0QB,doi,10.7910,/,Harvard Dataverse,2024-08-23,s3xl://10.7910/DVN/8BF0QB,dataset,dataset
10467038,DVN/GZ5ATX,https://doi.org/10.7910/DVN/GZ5ATX,doi,10.7910,/,Harvard Dataverse,2024-08-23,s3xl://10.7910/DVN/GZ5ATX,dataset,dataset
10467088,DVN/NTYMVY,https://doi.org/10.7910/DVN/NTYMVY,doi,10.7910,/,Harvard Dataverse,2024-09-23,s3xl://10.7910/DVN/NTYMVY,dataset,dataset
10468057,DVN/NUDHEA,https://doi.org/10.7910/DVN/NUDHEA,doi,10.7910,/,Harvard Dataverse,2024-08-23,s3xl://10.7910/DVN/NUDHEA,dataset,dataset
10479547,DVN/5DASMW,https://doi.org/10.7910/DVN/5DASMW,doi,10.7910,/,Harvard Dataverse,2024-08-29,s3xl://10.7910/DVN/5DASMW,dataset,dataset
10482712,DVN/ZQMVGX,https://doi.org/10.7910/DVN/ZQMVGX,doi,10.7910,/,Harvard Dataverse,2024-09-03,s3xl://10.7910/DVN/ZQMVGX,dataset,dataset
10485013,DVN/CVEELC,https://doi.org/10.7910/DVN/CVEELC,doi,10.7910,/,Harvard Dataverse,2024-08-30,s3://10.7910/DVN/CVEELC,dataset,dataset
10490702,DVN/AFCZV0,https://doi.org/10.7910/DVN/AFCZV0,doi,10.7910,/,Harvard Dataverse,2024-09-02,s3://10.7910/DVN/AFCZV0,dataset,dataset
10491476,DVN/YACODR,https://doi.org/10.7910/DVN/YACODR,doi,10.7910,/,Harvard Dataverse,2024-09-05,s3://10.7910/DVN/YACODR,dataset,dataset
10491619,DVN/HTC12M,https://doi.org/10.7910/DVN/HTC12M,doi,10.7910,/,Harvard Dataverse,2024-10-08,s3://10.7910/DVN/HTC12M,dataset,dataset
10494368,DVN/RZG8QK,https://doi.org/10.7910/DVN/RZG8QK,doi,10.7910,/,Harvard Dataverse,2024-09-03,s3://10.7910/DVN/RZG8QK,dataset,dataset
10509207,DVN/0FWS7C,https://doi.org/10.7910/DVN/0FWS7C,doi,10.7910,/,Harvard Dataverse,2024-09-11,s3://10.7910/DVN/0FWS7C,dataset,dataset
10519495,DVN/CQ708D,https://doi.org/10.7910/DVN/CQ708D,doi,10.7910,/,Harvard Dataverse,2024-10-08,s3xl://10.7910/DVN/CQ708D,dataset,dataset
10520202,DVN/BEW1GO,https://doi.org/10.7910/DVN/BEW1GO,doi,10.7910,/,Harvard Dataverse,2024-10-07,s3xl://10.7910/DVN/BEW1GO,dataset,dataset
10520677,DVN/IAYQ0Y,https://doi.org/10.7910/DVN/IAYQ0Y,doi,10.7910,/,Harvard Dataverse,2024-10-08,s3xl://10.7910/DVN/IAYQ0Y,dataset,dataset
10527234,DVN/SXRVYF,https://doi.org/10.7910/DVN/SXRVYF,doi,10.7910,/,Harvard Dataverse,2024-09-16,s3xl://10.7910/DVN/SXRVYF,dataset,dataset
10536824,DVN/XLJGUI,https://doi.org/10.7910/DVN/XLJGUI,doi,10.7910,/,Harvard Dataverse,2024-09-17,s3xl://10.7910/DVN/XLJGUI,dataset,dataset
10538609,DVN/8FOAEF,https://doi.org/10.7910/DVN/8FOAEF,doi,10.7910,/,Harvard Dataverse,2024-09-18,s3xl://10.7910/DVN/8FOAEF,dataset,dataset
10547550,DVN/73P3H5,https://doi.org/10.7910/DVN/73P3H5,doi,10.7910,/,Harvard Dataverse,2024-09-23,s3xl://10.7910/DVN/73P3H5,dataset,dataset
10547928,DVN/7MBEPB,https://doi.org/10.7910/DVN/7MBEPB,doi,10.7910,/,Harvard Dataverse,2024-09-23,s3xl://10.7910/DVN/7MBEPB,dataset,dataset
10553777,DVN/RXZWK4,https://doi.org/10.7910/DVN/RXZWK4,doi,10.7910,/,Harvard Dataverse,2024-09-26,s3://10.7910/DVN/RXZWK4,dataset,dataset
10559310,DVN/28KXCS,https://doi.org/10.7910/DVN/28KXCS,doi,10.7910,/,Harvard Dataverse,2024-09-30,s3xl://10.7910/DVN/28KXCS,dataset,dataset
10569231,DVN/5HFDZI,https://doi.org/10.7910/DVN/5HFDZI,doi,10.7910,/,Harvard Dataverse,2024-10-24,s3xl://10.7910/DVN/5HFDZI,dataset,dataset
10596701,DVN/IXPM1B,https://doi.org/10.7910/DVN/IXPM1B,doi,10.7910,/,Harvard Dataverse,2024-10-17,s3xl://10.7910/DVN/IXPM1B,dataset,dataset
10622068,DVN/JHHVJU,https://doi.org/10.7910/DVN/JHHVJU,doi,10.7910,/,Harvard Dataverse,2024-10-17,s3xl://10.7910/DVN/JHHVJU,dataset,dataset
10638352,DVN/WPZF3T,https://doi.org/10.7910/DVN/WPZF3T,doi,10.7910,/,Harvard Dataverse,2024-10-28,s3://10.7910/DVN/WPZF3T,dataset,dataset
10649534,DVN/OG88EU,https://doi.org/10.7910/DVN/OG88EU,doi,10.7910,/,Harvard Dataverse,2024-10-31,s3xl://10.7910/DVN/OG88EU,dataset,dataset
10650764,DVN/M3EPPH,https://doi.org/10.7910/DVN/M3EPPH,doi,10.7910,/,Harvard Dataverse,2024-11-04,s3xl://10.7910/DVN/M3EPPH,dataset,dataset
10680589,DVN/VZDBQF,https://doi.org/10.7910/DVN/VZDBQF,doi,10.7910,/,Harvard Dataverse,2024-11-06,s3xl://10.7910/DVN/VZDBQF,dataset,dataset
10689898,DVN/87M91U,https://doi.org/10.7910/DVN/87M91U,doi,10.7910,/,Harvard Dataverse,2024-11-07,s3xl://10.7910/DVN/87M91U,dataset,dataset
10709621,DVN/SXADJN,https://doi.org/10.7910/DVN/SXADJN,doi,10.7910,/,Harvard Dataverse,2024-11-20,s3xl://10.7910/DVN/SXADJN,dataset,dataset
10714369,DVN/V5VKRG,https://doi.org/10.7910/DVN/V5VKRG,doi,10.7910,/,Harvard Dataverse,2024-11-20,s3xl://10.7910/DVN/V5VKRG,dataset,dataset
10722037,DVN/FNTRQI,https://doi.org/10.7910/DVN/FNTRQI,doi,10.7910,/,Harvard Dataverse,2024-12-02,s3xl://10.7910/DVN/FNTRQI,dataset,dataset
10740596,DVN/DSWKIJ,https://doi.org/10.7910/DVN/DSWKIJ,doi,10.7910,/,Harvard Dataverse,2024-12-02,s3xl://10.7910/DVN/DSWKIJ,dataset,dataset
10740700,DVN/PCN3FP,https://doi.org/10.7910/DVN/PCN3FP,doi,10.7910,/,Harvard Dataverse,2024-12-02,s3xl://10.7910/DVN/PCN3FP,dataset,dataset
10740869,DVN/GCRZBA,https://doi.org/10.7910/DVN/GCRZBA,doi,10.7910,/,Harvard Dataverse,2024-12-09,s3xl://10.7910/DVN/GCRZBA,dataset,dataset
10755507,DVN/NUEPZU,https://doi.org/10.7910/DVN/NUEPZU,doi,10.7910,/,Harvard Dataverse,2024-12-12,s3xl://10.7910/DVN/NUEPZU,dataset,dataset
10757622,DVN/F7M8UX,https://doi.org/10.7910/DVN/F7M8UX,doi,10.7910,/,Harvard Dataverse,2024-12-10,s3xl://10.7910/DVN/F7M8UX,dataset,dataset
10761582,DVN/UXN4VF,https://doi.org/10.7910/DVN/UXN4VF,doi,10.7910,/,Harvard Dataverse,2024-12-16,s3xl://10.7910/DVN/UXN4VF,dataset,dataset
10762293,DVN/HIT56P,https://doi.org/10.7910/DVN/HIT56P,doi,10.7910,/,Harvard Dataverse,2024-12-09,s3xl://10.7910/DVN/HIT56P,dataset,dataset
10763172,DVN/XSVITM,https://doi.org/10.7910/DVN/XSVITM,doi,10.7910,/,Harvard Dataverse,2024-12-10,s3xl://10.7910/DVN/XSVITM,dataset,dataset
10782005,DVN/GHLGSW,https://doi.org/10.7910/DVN/GHLGSW,doi,10.7910,/,Harvard Dataverse,2024-12-20,s3://10.7910/DVN/GHLGSW,dataset,dataset
10784692,DVN/QRWQUO,https://doi.org/10.7910/DVN/QRWQUO,doi,10.7910,/,Harvard Dataverse,2025-01-06,s3xl://10.7910/DVN/QRWQUO,dataset,dataset
10787756,DVN/OUNQTQ,https://doi.org/10.7910/DVN/OUNQTQ,doi,10.7910,/,Harvard Dataverse,2025-01-06,s3xl://10.7910/DVN/OUNQTQ,dataset,dataset
10792190,DVN/PPMUSK,https://doi.org/10.7910/DVN/PPMUSK,doi,10.7910,/,Harvard Dataverse,2025-01-06,s3xl://10.7910/DVN/PPMUSK,dataset,dataset
10803729,DVN/VYGD8T,https://doi.org/10.7910/DVN/VYGD8T,doi,10.7910,/,Harvard Dataverse,2025-01-08,s3xl://10.7910/DVN/VYGD8T,dataset,dataset
10806523,DVN/VYLU3M,https://doi.org/10.7910/DVN/VYLU3M,doi,10.7910,/,Harvard Dataverse,2025-01-07,s3xl://10.7910/DVN/VYLU3M,dataset,dataset
10818699,DVN/TS1BUU,https://doi.org/10.7910/DVN/TS1BUU,doi,10.7910,/,Harvard Dataverse,2025-02-13,s3xl://10.7910/DVN/TS1BUU,dataset,dataset
10828418,DVN/VUCWUM,https://doi.org/10.7910/DVN/VUCWUM,doi,10.7910,/,Harvard Dataverse,2025-01-21,s3xl://10.7910/DVN/VUCWUM,dataset,dataset
10832214,DVN/MNCIDW,https://doi.org/10.7910/DVN/MNCIDW,doi,10.7910,/,Harvard Dataverse,2025-01-21,s3xl://10.7910/DVN/MNCIDW,dataset,dataset
10832544,DVN/JZ4VYY,https://doi.org/10.7910/DVN/JZ4VYY,doi,10.7910,/,Harvard Dataverse,2025-01-30,s3xl://10.7910/DVN/JZ4VYY,dataset,dataset
10838106,DVN/E38EUS,https://doi.org/10.7910/DVN/E38EUS,doi,10.7910,/,Harvard Dataverse,2025-01-23,s3xl://10.7910/DVN/E38EUS,dataset,dataset
10838127,DVN/4XZMHY,https://doi.org/10.7910/DVN/4XZMHY,doi,10.7910,/,Harvard Dataverse,2025-01-29,s3xl://10.7910/DVN/4XZMHY,dataset,dataset
10844879,DVN/HP9FIQ,https://doi.org/10.7910/DVN/HP9FIQ,doi,10.7910,/,Harvard Dataverse,2025-01-27,s3xl://10.7910/DVN/HP9FIQ,dataset,dataset
10845114,DVN/TMGUPN,https://doi.org/10.7910/DVN/TMGUPN,doi,10.7910,/,Harvard Dataverse,2025-01-27,s3xl://10.7910/DVN/TMGUPN,dataset,dataset
10846360,DVN/JCNOHR,https://doi.org/10.7910/DVN/JCNOHR,doi,10.7910,/,Harvard Dataverse,2025-02-06,s3xl://10.7910/DVN/JCNOHR,dataset,dataset
10851952,DVN/RDTN4L,https://doi.org/10.7910/DVN/RDTN4L,doi,10.7910,/,Harvard Dataverse,2025-01-30,s3://10.7910/DVN/RDTN4L,dataset,dataset
10864541,DVN/UVSLIN,https://doi.org/10.7910/DVN/UVSLIN,doi,10.7910,/,Harvard Dataverse,2025-02-18,s3xl://10.7910/DVN/UVSLIN,dataset,dataset
10875596,DVN/YZCXOK,https://doi.org/10.7910/DVN/YZCXOK,doi,10.7910,/,Harvard Dataverse,2025-02-10,s3://10.7910/DVN/YZCXOK,dataset,dataset
10876486,DVN/SMXVOQ,https://doi.org/10.7910/DVN/SMXVOQ,doi,10.7910,/,Harvard Dataverse,2025-02-11,s3xl://10.7910/DVN/SMXVOQ,dataset,dataset
10877120,DVN/BF4W3E,https://doi.org/10.7910/DVN/BF4W3E,doi,10.7910,/,Harvard Dataverse,2025-02-11,s3xl://10.7910/DVN/BF4W3E,dataset,dataset
10882703,DVN/KBVB9F,https://doi.org/10.7910/DVN/KBVB9F,doi,10.7910,/,Harvard Dataverse,2025-02-21,s3xl://10.7910/DVN/KBVB9F,dataset,dataset
10886837,DVN/HFWW9L,https://doi.org/10.7910/DVN/HFWW9L,doi,10.7910,/,Harvard Dataverse,2025-02-18,s3xl://10.7910/DVN/HFWW9L,dataset,dataset
10888495,DVN/WFLPUA,https://doi.org/10.7910/DVN/WFLPUA,doi,10.7910,/,Harvard Dataverse,2025-02-18,s3xl://10.7910/DVN/WFLPUA,dataset,dataset
10897310,DVN/GDSUEC,https://doi.org/10.7910/DVN/GDSUEC,doi,10.7910,/,Harvard Dataverse,2025-02-21,s3xl://10.7910/DVN/GDSUEC,dataset,dataset
10898590,DVN/AQDEXY,https://doi.org/10.7910/DVN/AQDEXY,doi,10.7910,/,Harvard Dataverse,2025-03-13,s3xl://10.7910/DVN/AQDEXY,dataset,dataset
10899551,DVN/PXXVHA,https://doi.org/10.7910/DVN/PXXVHA,doi,10.7910,/,Harvard Dataverse,2025-02-21,s3://10.7910/DVN/PXXVHA,dataset,dataset
10948840,DVN/0SLRWA,https://doi.org/10.7910/DVN/0SLRWA,doi,10.7910,/,Harvard Dataverse,2025-03-05,s3xl://10.7910/DVN/0SLRWA,dataset,dataset
10950494,DVN/EIPOFB,https://doi.org/10.7910/DVN/EIPOFB,doi,10.7910,/,Harvard Dataverse,2025-04-09,s3xl://10.7910/DVN/EIPOFB,dataset,dataset
10952337,DVN/9M3TTL,https://doi.org/10.7910/DVN/9M3TTL,doi,10.7910,/,Harvard Dataverse,2025-03-10,s3xl://10.7910/DVN/9M3TTL,dataset,dataset
10961886,DVN/81II8S,https://doi.org/10.7910/DVN/81II8S,doi,10.7910,/,Harvard Dataverse,2025-03-10,s3xl://10.7910/DVN/81II8S,dataset,dataset
10976262,DVN/4TDOT9,https://doi.org/10.7910/DVN/4TDOT9,doi,10.7910,/,Harvard Dataverse,2025-03-25,s3xl://10.7910/DVN/4TDOT9,dataset,dataset
10980367,DVN/GHJ67Q,https://doi.org/10.7910/DVN/GHJ67Q,doi,10.7910,/,Harvard Dataverse,2025-03-11,s3xl://10.7910/DVN/GHJ67Q,dataset,dataset
11035322,DVN/ZWM1BL,https://doi.org/10.7910/DVN/ZWM1BL,doi,10.7910,/,Harvard Dataverse,2025-09-03,s3xl://10.7910/DVN/ZWM1BL,dataset,dataset
11058410,DVN/BKKE6Z,https://doi.org/10.7910/DVN/BKKE6Z,doi,10.7910,/,Harvard Dataverse,2025-04-09,s3xl://10.7910/DVN/BKKE6Z,dataset,dataset
11080894,DVN/DNE7IX,https://doi.org/10.7910/DVN/DNE7IX,doi,10.7910,/,Harvard Dataverse,2025-04-17,s3xl://10.7910/DVN/DNE7IX,dataset,dataset
11085748,DVN/RAVJMD,https://doi.org/10.7910/DVN/RAVJMD,doi,10.7910,/,Harvard Dataverse,2025-04-16,s3xl://10.7910/DVN/RAVJMD,dataset,dataset
11094493,DVN/VEZTKG,https://doi.org/10.7910/DVN/VEZTKG,doi,10.7910,/,Harvard Dataverse,2025-04-29,s3xl://10.7910/DVN/VEZTKG,dataset,dataset
11112429,DVN/ZJYWTG,https://doi.org/10.7910/DVN/ZJYWTG,doi,10.7910,/,Harvard Dataverse,2025-04-23,s3://10.7910/DVN/ZJYWTG,dataset,dataset
11112507,DVN/CLPGTP,https://doi.org/10.7910/DVN/CLPGTP,doi,10.7910,/,Harvard Dataverse,2025-04-30,s3xl://10.7910/DVN/CLPGTP,dataset,dataset
11113201,DVN/XW4TQH,https://doi.org/10.7910/DVN/XW4TQH,doi,10.7910,/,Harvard Dataverse,2025-04-24,s3://10.7910/DVN/XW4TQH,dataset,dataset
11160640,DVN/TCFMWJ,https://doi.org/10.7910/DVN/TCFMWJ,doi,10.7910,/,Harvard Dataverse,2025-05-05,s3xl://10.7910/DVN/TCFMWJ,dataset,dataset
11290648,DVN/23VBVQ,https://doi.org/10.7910/DVN/23VBVQ,doi,10.7910,/,Harvard Dataverse,2025-07-28,s3xl://10.7910/DVN/23VBVQ,dataset,dataset
11362234,DVN/REXLPS,https://doi.org/10.7910/DVN/REXLPS,doi,10.7910,/,Harvard Dataverse,2025-05-15,s3xl://10.7910/DVN/REXLPS,dataset,dataset
11562330,DVN/I5MIIC,https://doi.org/10.7910/DVN/I5MIIC,doi,10.7910,/,Harvard Dataverse,2025-05-27,s3xl://10.7910/DVN/I5MIIC,dataset,dataset
11563315,DVN/YEZKUQ,https://doi.org/10.7910/DVN/YEZKUQ,doi,10.7910,/,Harvard Dataverse,2025-05-24,s3://10.7910/DVN/YEZKUQ,dataset,dataset
11567140,DVN/7X8SMP,https://doi.org/10.7910/DVN/7X8SMP,doi,10.7910,/,Harvard Dataverse,2025-05-26,s3://10.7910/DVN/7X8SMP,dataset,dataset
11567459,DVN/I457VS,https://doi.org/10.7910/DVN/I457VS,doi,10.7910,/,Harvard Dataverse,2025-05-27,s3xl://10.7910/DVN/I457VS,dataset,dataset
11581413,DVN/RROWVW,https://doi.org/10.7910/DVN/RROWVW,doi,10.7910,/,Harvard Dataverse,2025-06-01,s3://10.7910/DVN/RROWVW,dataset,dataset
11595092,DVN/CCRZPN,https://doi.org/10.7910/DVN/CCRZPN,doi,10.7910,/,Harvard Dataverse,2025-06-05,s3xl://10.7910/DVN/CCRZPN,dataset,dataset
11596216,DVN/6JUQUW,https://doi.org/10.7910/DVN/6JUQUW,doi,10.7910,/,Harvard Dataverse,2025-06-06,s3://10.7910/DVN/6JUQUW,dataset,dataset
11602119,DVN/2NOOLT,https://doi.org/10.7910/DVN/2NOOLT,doi,10.7910,/,Harvard Dataverse,2025-06-09,s3xl://10.7910/DVN/2NOOLT,dataset,dataset
11620344,DVN/JLSL54,https://doi.org/10.7910/DVN/JLSL54,doi,10.7910,/,Harvard Dataverse,2025-06-27,s3://10.7910/DVN/JLSL54,dataset,dataset
11629733,DVN/60YMMB,https://doi.org/10.7910/DVN/60YMMB,doi,10.7910,/,Harvard Dataverse,2025-06-12,s3xl://10.7910/DVN/60YMMB,dataset,dataset
11633369,DVN/TVLJFL,https://doi.org/10.7910/DVN/TVLJFL,doi,10.7910,/,Harvard Dataverse,2025-06-25,s3xl://10.7910/DVN/TVLJFL,dataset,dataset
11660627,DVN/QP8HEN,https://doi.org/10.7910/DVN/QP8HEN,doi,10.7910,/,Harvard Dataverse,2025-06-19,s3://10.7910/DVN/QP8HEN,dataset,dataset
11689055,DVN/WUT9AM,https://doi.org/10.7910/DVN/WUT9AM,doi,10.7910,/,Harvard Dataverse,2025-07-07,s3xl://10.7910/DVN/WUT9AM,dataset,dataset
11692110,DVN/DPI7GD,https://doi.org/10.7910/DVN/DPI7GD,doi,10.7910,/,Harvard Dataverse,2025-07-08,s3://10.7910/DVN/DPI7GD,dataset,dataset
11697254,DVN/UVPPAK,https://doi.org/10.7910/DVN/UVPPAK,doi,10.7910,/,Harvard Dataverse,2025-07-03,s3://10.7910/DVN/UVPPAK,dataset,dataset
11702457,DVN/EJPSR5,https://doi.org/10.7910/DVN/EJPSR5,doi,10.7910,/,Harvard Dataverse,2025-07-04,s3://10.7910/DVN/EJPSR5,dataset,dataset
11704612,DVN/SR8CRB,https://doi.org/10.7910/DVN/SR8CRB,doi,10.7910,/,Harvard Dataverse,2025-07-07,s3xl://10.7910/DVN/SR8CRB,dataset,dataset
11705398,DVN/1N8BDR,https://doi.org/10.7910/DVN/1N8BDR,doi,10.7910,/,Harvard Dataverse,2025-07-07,s3xl://10.7910/DVN/1N8BDR,dataset,dataset
11714553,DVN/SVVULN,https://doi.org/10.7910/DVN/SVVULN,doi,10.7910,/,Harvard Dataverse,2025-09-05,s3xl://10.7910/DVN/SVVULN,dataset,dataset
11714967,DVN/LT4QSR,https://doi.org/10.7910/DVN/LT4QSR,doi,10.7910,/,Harvard Dataverse,2025-07-09,s3xl://10.7910/DVN/LT4QSR,dataset,dataset
11720191,DVN/XV9XRC,https://doi.org/10.7910/DVN/XV9XRC,doi,10.7910,/,Harvard Dataverse,2025-07-14,s3xl://10.7910/DVN/XV9XRC,dataset,dataset
11756439,DVN/NOGOH7,https://doi.org/10.7910/DVN/NOGOH7,doi,10.7910,/,Harvard Dataverse,2025-07-14,s3xl://10.7910/DVN/NOGOH7,dataset,dataset
11799954,DVN/RRSJZ4,https://doi.org/10.7910/DVN/RRSJZ4,doi,10.7910,/,Harvard Dataverse,2025-07-31,s3xl://10.7910/DVN/RRSJZ4,dataset,dataset
11825145,DVN/QBFQRH,https://doi.org/10.7910/DVN/QBFQRH,doi,10.7910,/,Harvard Dataverse,2025-07-28,s3xl://10.7910/DVN/QBFQRH,dataset,dataset
11845732,DVN/VYYD8W,https://doi.org/10.7910/DVN/VYYD8W,doi,10.7910,/,Harvard Dataverse,2025-08-04,s3xl://10.7910/DVN/VYYD8W,dataset,dataset
11848280,DVN/JNPNNN,https://doi.org/10.7910/DVN/JNPNNN,doi,10.7910,/,Harvard Dataverse,2025-08-04,s3xl://10.7910/DVN/JNPNNN,dataset,dataset
11856126,DVN/J0QFKB,https://doi.org/10.7910/DVN/J0QFKB,doi,10.7910,/,Harvard Dataverse,2025-08-06,s3xl://10.7910/DVN/J0QFKB,dataset,dataset
11867086,DVN/24WM4F,https://doi.org/10.7910/DVN/24WM4F,doi,10.7910,/,Harvard Dataverse,2025-08-18,s3xl://10.7910/DVN/24WM4F,dataset,dataset
11870387,DVN/UJRBVN,https://doi.org/10.7910/DVN/UJRBVN,doi,10.7910,/,Harvard Dataverse,2025-11-06,s3xl://10.7910/DVN/UJRBVN,dataset,dataset
11941653,DVN/NVR4D9,https://doi.org/10.7910/DVN/NVR4D9,doi,10.7910,/,Harvard Dataverse,2025-08-25,s3xl://10.7910/DVN/NVR4D9,dataset,dataset
11969254,DVN/O4MF9P,https://doi.org/10.7910/DVN/O4MF9P,doi,10.7910,/,Harvard Dataverse,2025-08-25,s3xl://10.7910/DVN/O4MF9P,dataset,dataset
11971096,DVN/HADXW1,https://doi.org/10.7910/DVN/HADXW1,doi,10.7910,/,Harvard Dataverse,2025-09-05,s3xl://10.7910/DVN/HADXW1,dataset,dataset
12023873,DVN/RKPYLX,https://doi.org/10.7910/DVN/RKPYLX,doi,10.7910,/,Harvard Dataverse,2025-09-02,s3xl://10.7910/DVN/RKPYLX,dataset,dataset
12025042,DVN/H98UDW,https://doi.org/10.7910/DVN/H98UDW,doi,10.7910,/,Harvard Dataverse,2025-09-03,s3xl://10.7910/DVN/H98UDW,dataset,dataset
12035779,DVN/5RKSRE,https://doi.org/10.7910/DVN/5RKSRE,doi,10.7910,/,Harvard Dataverse,2025-09-05,s3xl://10.7910/DVN/5RKSRE,dataset,dataset
12037388,DVN/TVBSQE,https://doi.org/10.7910/DVN/TVBSQE,doi,10.7910,/,Harvard Dataverse,2025-09-05,s3xl://10.7910/DVN/TVBSQE,dataset,dataset
12053238,DVN/CXD91W,https://doi.org/10.7910/DVN/CXD91W,doi,10.7910,/,Harvard Dataverse,2025-09-08,s3xl://10.7910/DVN/CXD91W,dataset,dataset
12060879,DVN/BI6L0B,https://doi.org/10.7910/DVN/BI6L0B,doi,10.7910,/,Harvard Dataverse,2025-09-10,s3xl://10.7910/DVN/BI6L0B,dataset,dataset
12067660,DVN/GFUZLC,https://doi.org/10.7910/DVN/GFUZLC,doi,10.7910,/,Harvard Dataverse,2025-09-11,s3xl://10.7910/DVN/GFUZLC,dataset,dataset
12080890,DVN/5RYXKR,https://doi.org/10.7910/DVN/5RYXKR,doi,10.7910,/,Harvard Dataverse,2025-10-02,s3://10.7910/DVN/5RYXKR,dataset,dataset
12089988,DVN/EI4H9L,https://doi.org/10.7910/DVN/EI4H9L,doi,10.7910,/,Harvard Dataverse,2025-09-23,s3xl://10.7910/DVN/EI4H9L,dataset,dataset
12139668,DVN/QVSWBX,https://doi.org/10.7910/DVN/QVSWBX,doi,10.7910,/,Harvard Dataverse,2025-10-12,s3://10.7910/DVN/QVSWBX,dataset,dataset
12325297,DVN/TSJZGV,https://doi.org/10.7910/DVN/TSJZGV,doi,10.7910,/,Harvard Dataverse,2025-12-16,s3xl://10.7910/DVN/TSJZGV,dataset,dataset
12548867,DVN/1GUCMQ,https://doi.org/10.7910/DVN/1GUCMQ,doi,10.7910,/,Harvard Dataverse,2025-10-23,s3xl://10.7910/DVN/1GUCMQ,dataset,dataset
13091299,DVN/MDGA0J,https://doi.org/10.7910/DVN/MDGA0J,doi,10.7910,/,Harvard Dataverse,2025-10-28,s3://10.7910/DVN/MDGA0J,dataset,dataset
13091390,DVN/RZOY26,https://doi.org/10.7910/DVN/RZOY26,doi,10.7910,/,Harvard Dataverse,2025-11-19,s3xl://10.7910/DVN/RZOY26,dataset,dataset
13091701,DVN/JOJNTP,https://doi.org/10.7910/DVN/JOJNTP,doi,10.7910,/,Harvard Dataverse,2025-10-28,s3xl://10.7910/DVN/JOJNTP,dataset,dataset
13091832,DVN/0FTWNU,https://doi.org/10.7910/DVN/0FTWNU,doi,10.7910,/,Harvard Dataverse,2025-10-28,s3xl://10.7910/DVN/0FTWNU,dataset,dataset
13107874,DVN/3XTGBS,https://doi.org/10.7910/DVN/3XTGBS,doi,10.7910,/,Harvard Dataverse,2025-11-03,s3xl://10.7910/DVN/3XTGBS,dataset,dataset
13109349,DVN/IRIWHX,https://doi.org/10.7910/DVN/IRIWHX,doi,10.7910,/,Harvard Dataverse,2025-11-04,s3xl://10.7910/DVN/IRIWHX,dataset,dataset
13109404,DVN/HW9OST,https://doi.org/10.7910/DVN/HW9OST,doi,10.7910,/,Harvard Dataverse,2025-11-04,s3xl://10.7910/DVN/HW9OST,dataset,dataset
13109772,DVN/BGVIHX,https://doi.org/10.7910/DVN/BGVIHX,doi,10.7910,/,Harvard Dataverse,2025-11-06,s3xl://10.7910/DVN/BGVIHX,dataset,dataset
13134642,DVN/MYETXM,https://doi.org/10.7910/DVN/MYETXM,doi,10.7910,/,Harvard Dataverse,2025-11-10,s3xl://10.7910/DVN/MYETXM,dataset,dataset
13156625,DVN/FZWIMT,https://doi.org/10.7910/DVN/FZWIMT,doi,10.7910,/,Harvard Dataverse,2025-11-20,s3xl://10.7910/DVN/FZWIMT,dataset,dataset
13172329,DVN/7SE1CQ,https://doi.org/10.7910/DVN/7SE1CQ,doi,10.7910,/,Harvard Dataverse,2025-11-24,s3xl://10.7910/DVN/7SE1CQ,dataset,dataset
13173479,DVN/EZ7LBL,https://doi.org/10.7910/DVN/EZ7LBL,doi,10.7910,/,Harvard Dataverse,2025-11-24,s3xl://10.7910/DVN/EZ7LBL,dataset,dataset
13186286,DVN/WCTAIJ,https://doi.org/10.7910/DVN/WCTAIJ,doi,10.7910,/,Harvard Dataverse,2025-12-01,s3xl://10.7910/DVN/WCTAIJ,dataset,dataset
13198378,DVN/YVBKWT,https://doi.org/10.7910/DVN/YVBKWT,doi,10.7910,/,Harvard Dataverse,2025-12-02,s3xl://10.7910/DVN/YVBKWT,dataset,dataset
13224625,DVN/P9YW0Y,https://doi.org/10.7910/DVN/P9YW0Y,doi,10.7910,/,Harvard Dataverse,2025-12-09,s3://10.7910/DVN/P9YW0Y,dataset,dataset
